sign_norm,Akkademia_df,CDLI_df,Cuneiml_df,Nuolenna_df,TextFabric_df,osl_df,wiki_df,oslIDs
mulab₂ 𒀯𒀖,,mulxab₂ 𒀯𒀖,,mulxab₂ 𒀯𒀖,,,,
x,n。x,n。x,,,,,,
x.𒃲,uszumgalₓ。ušumgalₓ,uszumgalₓ。ušumgalₓ,,,,,,
x𒁻x,,šubtum₄,,šubtum₄,,,,
x𒋓,,su.lu.ub₂.gar&su.lu.ub₂.gar.šir,,su.lu.ub₂.gar&su.lu.ub₂.gar.šir,,None,,
,,lu₂~v,,lu₂~v,,,,
,::,p₅,,::。p₅,,,,
𒀀,"'u4。a。aia2。aia₂。aya2。aya₂。dur5。duru5。duru₅。dur₅。e4。ea。ebir3。ebir₃。emₓ。epir3。epir₃。esz10。eš₁₀。e₄。ia10。ia₁₀。id5。id₅。me5。me₅。mu14。mu₁₄。t,ur5。ya10。ya₁₀。ŋa10。ŋa₁₀。ʾu₄。ṭur₅","'u4。aia2。aya2。dur5。duru5。e4。ebir3。epir3。esz10。ia10。id5。me5。mu14。t,ur5。ya10。ŋa10", a。A。[A]。[a。[a]。_a。_e4。a。a!。a#。a]。a_。aia2。aya2。a–。dur5。duru5。duru₅。e4。ea。eš10。id5,a。aia₂。aya₂。duru₅。dur₅。ea。ebir₃。emₓ。epir₃。eš₁₀。e₄。ia₁₀。id₅。me₅。mu₁₄。ya₁₀。ŋa₁₀。ʾu₄。ṭur₅,A。AIA2。AŠA2。DU23。DUR5。DURU5。E4。EA。EBIR3。EPIR3。EŠ10。IA10。ID5。ME5。MU14。ZE6。ṬUR5。’A4。’E4。’I4。’U4,a。aia₂。aya₂。barₓ。buniŋₓ。burₓ。duru₅。dur₅。ea。ebir₃。emₓ。epir₃。eš₁₀。e₄。ia₁₀。id₅?。me₅。mu₁₄。sedₓ。ya₁₀。ŋa₁₀。šegₓ。ʾu₄。ṭur₅,a,o0000087
𒀀𒀀,ai。aia。aya。aye。ayi。ayu。ayya。ayye。ayyi。ayyu。iya。iyi。iyu。iyya。iyyi。iyyu,a.a。|a.a|,ai。aia,a.a。ai。aia。aya。aye。ayi。ayu。ayya。ayye。ayyi。ayyu。iya。iyi。iyu。iyya。iyyi。iyyu。|a.a|,A.A。AI。AIA。AIE。AII。AIIA。AIIE。AIII。AIIU。AIU。AJA。AJE。AJI。AJJA。AJJE。AJJI。AJJU。AJU。AYA。AYE。AYI。AYU。AYYA。AYYE。AYYI。AYYU。IJA。IJE。IJI。IJJA。IJJE。IJJI。IJJU。IJU。IYA。IYE。IYI。IYU。IYYA。IYYE。IYYI。IYYU,ai。aia。aya。aye。ayi。ayu。ayya。ayye。ayyi。ayyu。iya。iyi。iyu。iyya。iyyi。iyyu。yaₓ,,
𒀀𒀀𒀀,ayayaₓ,a.a.a。|a.a.a|,,a.a.a。ayayaₓ。|a.a.a|,,ayayaₓ,,
𒀀𒀭,a4。am3。am₃。a₄。sze7。szeg3。szeŋ3。šeg₃。šeŋ₃。še₇,a.an。a4。am3。sze7。szeg3。szeŋ3。|a.an|,AM3。a4。am3。am3#。am₃。ÀM。àm。šèĝ,a.an。am₃。a₄。|a.an|。šeg₃。šeŋ₃。še₇,A.AN。A4。AM3。ŠE7。ŠEG3,am₃。a₄。emₓ。šeg₃。šemₓ。šeŋ₃。še₇,,
𒀀𒁁,,,,,A.BAD。AGAM,agam,,
𒀀𒁺,a-ra2。a-ra₂。tusze。tuszszuru。tuše。tuššuru,a-ra2。a.du。tusze。tuszszuru。|a.du|,,a-ra₂。a.du。tuše。tuššuru。|a.du|,A.DU。TUŠE,a-ra₂。tuše。tuššuru,,
𒀀𒂔,eru4。erua。erum4。erum₄。eru₄,a.edin。eru4。erum4。|a.edin|,erum4,a.edin。erua。erum₄。eru₄。|a.edin|,A.EDIN。ERU4。ERUA。ERUM4,None。eribₓ。erua。erum₄。eru₄。ummudₓ。ummuₓ,,
𒀀𒂔𒀀𒇲,,a.edin.a.lal。|a.edin.a.lal|,ummu,a.edin.a.lal。|a.edin.a.lal|,,ummu,,
𒀀𒂔𒇲,ummu。ummu3。ummud。ummudₓ。ummu₃。ummuₓ,a.edin.lal。ummu3。|a.edin.lal|,ummu3。ummud,a.edin.lal。ummu。ummud。ummudₓ。ummu₃。ummuₓ。|a.edin.lal|,A.EDIN.LAL。UMMU。UMMU3。UMMUD,ummud?。ummu₃,,
𒀀𒃮𒇺𒌅,,a.gaba.liš.tu。|a.gaba.liš.tu|,,a.gaba.liš.tu。|a.gaba.liš.tu|,,None,,
𒀀𒃼,a-gar3。ugar,a.gar₃。|a.gar₃|,,a-gar3。a.gar₃。ugar。|a.gar₃|,A.GAR3。AGAR。UGAR,a-gar₃。ugar,,
𒀀𒄑𒌅𒃮𒇺,,a.giš.tu.gaba.liš。|a.giš.tu.gaba.liš|,,a.giš.tu.gaba.liš。|a.giš.tu.gaba.liš|,,None,,
𒀀𒄠,adar。ildagₓ,a.gud×kur。|a.gud×kur|,,a.gud×kur。adar。ildagₓ。|a.gud×kur|,A.AM。ADAR。ILDAG2,None,,
𒀀𒄩,[...]ri。kuar2。kuara2。kuara₂。kuar₂。tuba2。tuba₂,[...]ri。a.ha。kuar2。kuara2。tuba2。|a.ha|,,a.ha。kuara₂。kuar₂。tuba₂。|a.ha|,A.ḪA。KUAR2。KUARA2。TUBA2,None。kuara₂。kuar₂。sahₓ。tuba₂。urumₓ。xriₓ。zahₓ,,
𒀀𒄩𒀀,,a.ha.a。|a.ha.a|,,a.ha.a。|a.ha.a|,,sahₓ。zahₓ,,
𒀀𒄩𒋻𒁺,girim3。girima3。girima₃。girimma3。girimma₃。girim₃。girin2。girin₂。nun2。nun₂,a.ha.tar.du。girim3。girima3。girimma3。girin2。nun2。|a.ha.tar.du|,girim3,a.ha.tar.du。girima₃。girimma₃。girim₃。girin₂。nun₂。|a.ha.tar.du|,A.ḪA.TAR.DU。GIRIM3。GIRIMA3。GIRIMMA3。NUN2,girima₃。girimma₃。girim₃。girin₂。nun₂,,
𒀀𒄷𒋛,liq3。liq₃,a.hu.si。liq3。|a.hu.si|,,a.hu.si。liq₃。|a.hu.si|,A.U5。LIQ3,liq₃,,
𒀀𒅆,er2。era2。era₂。er₂。esesz。eseš。esisz3。esiš₃。esz9。eš₉。ir2。ira2。ira₂。ir₂。isisz2。isiš₂。szeszₓ。šešₓ,a.igi。er2。era2。esesz。esisz3。esz9。ir2。ira2。isisz2。szeszₓ。|a.igi|,ER2。ER₂。er2。ir2。ér。ír,a.igi。era₂。er₂。eseš。esiš₃。eš₉。ira₂。ir₂。isiš₂。|a.igi|。šešₓ,A.IGI。ER2。ESEŠ。EŠ9。IR2。IRA2。ISIŠ2。ŠEŠ5,era₂。er₂。eseš。esiš₃。eš₉。ira₂。ir₂。isiš₂。šešₓ。šeₓ,,
𒀀𒅗,uga2。uga₂。ugu2。ugu₂,a.ka。uga2。ugu2。|a.ka|,UGA2。UGU2。ugu2,a.ka。uga₂。ugu₂。|a.ka|,A.KA。UGA2。UGU2,uga₂。ugu₂,,
𒀀𒆗,ela。ella。illu,a.kal。|a.kal|,,a.kal。ela。ella。illu。|a.kal|,,ela。ella。eribₓ。illu,,
𒀀𒆪,,,,,A.KU。EGU,guninₓ,,
𒀀𒆵,akszak2。akšak₂,a.kušu₂。akszak2。|a.kušu₂|,,a.kušu₂。akšak₂。|a.kušu₂|,A.KUŠU2。AKŠAK2,akšak₂,,
𒀀𒆸𒆸,enigin,a.lagab.lagab。|a.lagab.lagab|,,a.lagab.lagab。enigin。|a.lagab.lagab|,A.LAGAB+LAGAB。ENIGIN,enigin,,
𒀀𒆹,,a.lagab×a。|a.lagab×a|,,a.lagab×a。|a.lagab×a|,,buninₓ。buniŋₓ。guninₓ。idₓ。iₓ,,
𒀀𒇉,i7。id2。ida2。ida₂。id₂。it2。ita5。ita₅。iti5。iti₅。itu5。itu₅。it₂。i₇,a.lagab×hal。a.lagab×hal.x。i7。id2。ida2。it2。ita5。iti5。itu5。|a.lagab×hal.x|。|a.lagab×hal|,ID2。_i7_。i7。id2。it2。ÍD。íd,a.lagab×hal。a.lagab×hal.x。ida₂。id₂。ita₅。iti₅。itu₅。it₂。i₇。|a.lagab×hal.x|。|a.lagab×hal|,A.ENGUR。A.ENGUR.DIMGUL。A.LAGABxḪAL。I7。ID2。IT2。ITA5。ITI5。ITU5。TARGUL,buniŋₓ。guninₓ。ida₂。id₂。ita₅。iti₅。itu₅。it₂。i₇。narₓ,,
𒀀𒇉𒁲,id7。id₇,a.lagab×hal.di。id7。|a.lagab×hal.di|,id7,a.lagab×hal.di。id₇。|a.lagab×hal.di|,A.ENGUR.DI。ID7,id₇,,
𒀀𒇉𒃲,id6。id₆,a.lagab×hal.gal。id6。|a.lagab×hal.gal|,id6,a.lagab×hal.gal。id₆。|a.lagab×hal.gal|,A.ENGUR.GAL。ID6,id₆,,
𒀀𒇉𒋙,,a.lagab×hal.šu₂。|a.lagab×hal.šu₂|,,a.lagab×hal.šu₂。|a.lagab×hal.šu₂|,,azadₓ,,
𒀀𒇉𒌓𒉣𒆠,iszuruengal。išuruengal。surengal。surgal,a.lagab×hal.ud.nun.ki。iszuruengal。|a.lagab×hal.ud.nun.ki|,,a.lagab×hal.ud.nun.ki。išuruengal。surengal。surgal。|a.lagab×hal.ud.nun.ki|,,darengalₓ。idarengalₓ。isurugalₓ。išuruengal。surengal。surgal。turungalₓ,,
𒀀𒇒,esir。eszer。ešer,a.lagab×kul。eszer。|a.lagab×kul|,ESIR。esir,a.lagab×kul。esir。ešer。|a.lagab×kul|,A.ESIR2。ESIR,buniŋₓ。esir。ešer。kuninₓ。sarₓ,,
𒀀𒇒𒈣𒋙𒀀,azad。azadₓ,a.lagab×kul.ma₂.šu₂.a。|a.lagab×kul.ma₂.šu₂.a|,,a.lagab×kul.ma₂.šu₂.a。azad。azadₓ。|a.lagab×kul.ma₂.šu₂.a|,,azad,,
𒀀𒈕𒈾,a-rin4-na。a-rin₄-na,a-rin4-na。a.lu₂@s.na。|a.lu₂@s.na|,,a-rin₄-na。a.lu₂@s.na。|a.lu₂@s.na|,,a-rin₄-na。arinaₓ,,
𒀀𒈖,a-gar5。a-gar₅。kunigara5。kunigara₅,a-gar5。a.lu₃。kunigara5。|a.lu₃|,,a-gar₅。a.lu₃。kunigara₅。|a.lu₃|,A.GUG2。AGAR5。KUNIGARA5,a-gar₅。kunigara₅,,
𒀀𒈝,,a.lum。|a.lum|,,a.lum。|a.lum|,,aslumₓ,,
𒀀𒈪𒀀,ega,a.mi.a。|a.mi.a|,,a.mi.a。ega。|a.mi.a|,A.MI.A。EGA,ega,,
𒀀𒈲,,a.muš。|a.muš|,,a.muš。|a.muš|,,šeₓ,,
𒀀𒈹,,a.muš₃。|a.muš₃|,se24。sze12。še12,a.muš₃。|a.muš₃|,A.MUŠ3。SE24。SED3。ŠE12,sedi₃。sed₃。se₂₄。šed₉。še₁₂,,
𒀀𒈹𒀀𒁲,,a.muš₃.a.di。|a.muš₃.a.di|,,a.muš₃.a.di。|a.muš₃.a.di|,,amagiₓ,,
𒀀𒈹𒁲,,a.muš₃.di。|a.muš₃.di|,mabi2。se26,a.muš₃.di。|a.muš₃.di|,A.MUŠ3.DI。AMAGI。AMAGI2。MABI2。MAMMI2。SE26。SED5。ŠE18。ŠED11。ḪALBA6。ḪALBI6。ḪALBU6,amagea。amagi₂。halba₆。halbi₆。halbu₆。mabi₂。mammi₂。sedi₅。sed₅。se₂₆。šed₁₁。še₁₈,,
𒀀𒈺𒁲,,a.muš₃×a.di。|a.muš₃×a.di|,,a.muš₃×a.di。|a.muš₃×a.di|,,amagiₓ。halbaₓ。halbiₓ。mabiₓ。mammiₓ。šeₓ,,
𒀀𒉺𒁉𒋛𒀀𒂵,,a.pa.bi.si.a.ga。|a.pa.bi.si.a.ga|,,a.pa.bi.si.a.ga。|a.pa.bi.si.a.ga|,,samanₓ,,
𒀀𒉺𒄐𒉻𒋛𒀀,a'u'u。addir。au。aʾuʾu。iddir,a'u'u。a.pa.gisal.pad.si.a。|a.pa.gisal.pad.si.a|,addir。au,a.pa.gisal.pad.si.a。addir。au。aʾuʾu。iddir。|a.pa.gisal.pad.si.a|,A.PA.GISAL.PAD.DIR。ADDIR。A’U’U。IDDIR,addir。au。aʾuʾu。iddir?。samanₓ,,
𒀀𒊕,ugu3。ugu₃,a.sag。ugu3。|a.sag|,ugu3,a.sag。ugu₃。|a.sag|,A.SAG。UGU3,muhₓ。ugu₃,,
𒀀𒊺𒉪,asi。esza。esze4。eša。eše₄,a.še.nun&nun。esza。esze4。|a.še.nun&nun|,eša,a.še.nun&nun。asi。eša。eše₄。|a.še.nun&nun|,,,,
𒀀𒋗𒉀,tu17。tu₁₇,a.šu.naga。tu17。|a.šu.naga|,tu17,a.šu.naga。tu₁₇。|a.šu.naga|,A.ŠU.NAGA。TU17,tu₁₇,,
𒀀𒋙𒉀,szeg4。šeg₄,a.šu₂.naga。szeg4。|a.šu₂.naga|,,a.šu₂.naga。|a.šu₂.naga|。šeg₄,A.ŠEG8。ŠEG4,šeg₄,,
𒀀𒋝,epigₓ,a.sig。|a.sig|,,a.sig。epigₓ。|a.sig|,,epigₓ,,
𒀀𒋢,aktum,a.su。|a.su|,aktum,a.su。aktum。|a.su|,A.SU。AKTUM,aktum。sudₓ。zuₓ,,
𒀀𒋤,bir8。bir₈。kaszbirₓ。kašbirₓ,a.sud。bir8。kaszbirₓ。kašbirₓ。|a.sud|,bir8,a.sud。bir₈。|a.sud|,A.SUD。BIR8,bir₈。kašbirₓ,,
𒀀𒋻𒀀𒀭,ebla,a.tar.a.an。|a.tar.a.an|,,a.tar.a.an。ebla。|a.tar.a.an|,A.TAR.A.AN。EBLA,ebla,,
𒀀𒌁,,,,,A.TIR。ASI。EŠA。EŠE4。ŠE16,asi。eša。eše₄,,
𒀀𒌅,,a.tu。|a.tu|,,a.tu。|a.tu|,,None,,
𒀀𒌅𒃮,,a.tu.gaba。|a.tu.gaba|,,a.tu.gaba。|a.tu.gaba|,,None,,
𒀀𒌅𒃮𒇺,asal2。asal₂。asar2。asar₂。aszalₓ。aszar2。azalₓ。ašalₓ。ašar₂,a.tu.gaba.liš。asal2。asar2。aszalₓ。aszar2。|a.tu.gaba.liš|,asal2,a.tu.gaba.liš。asal₂。asar₂。azalₓ。ašalₓ。ašar₂。|a.tu.gaba.liš|,,asal₂。asar₂。azalₓ。ašalₓ。ašar₂,,
𒀀𒌅𒃮𒋝𒃻,,a.tu.gaba.sig.gar。|a.tu.gaba.sig.gar|,,a.tu.gaba.sig.gar。|a.tu.gaba.sig.gar|,,None,,
𒀀𒌅𒉪𒇺,,lak212,,lak212,,None,,
𒀀𒌉,edamu,a.tur。|a.tur|,,a.tur。edamu。|a.tur|,A.TUR。DAMU。EDAMU,edamu,,
𒀀𒌋𒂔𒇲,,a.u.edin.lal。|a.u.edin.lal|,,a.u.edin.lal。|a.u.edin.lal|,,ummudₓ。ummuₓ,,
𒀀𒌋𒅗,,a.u.ka。|a.u.ka|,,a.u.ka。|a.u.ka|,,uguₓ,,
𒀀𒍝𒀭𒈹,,a₂.za.an.muš₃。|a₂.za.an.muš₃|,,a₂.za.an.muš₃。|a₂.za.an.muš₃|,,,,
𒀀𒍤,suluhuₓ。zukumₓ,a.zi&zi。|a.zi&zi|,,a.zi&zi。suluhuₓ。zukumₓ。|a.zi&zi|,,aškiₓ。ginₓ。gugₓ。lamahušₓ。mudₓ。numunₓ。suluhuₓ。zukumₓ。šubₓ,,
𒀀𒍤𒂠,,a.zi&zi.eš₂。|a.zi&zi.eš₂|,,a.zi&zi.eš₂。|a.zi&zi.eš₂|,,None,,
𒀁,aya2-aya2。aya₂-aya₂。edur。eduru,aya2-aya2。a×a。|a×a|,EDURU。eduru,aya₂-aya₂。a×a。edur。eduru。|a×a|,,aya₂-aya₂。edur。eduru,eduru,o0000845
𒀂,agam,a×bad。|a×bad|,AGAM。agam,agam。a×bad。|a×bad|,AGAM。AxBAD,agam,agam,o0000846
𒀃,,a.bad。|a.bad|,,a.bad。|a.bad|,AxGAN2tenû,None,nan,o0000847
𒀄,sah7。saha7。saha₇。sah₇。zah3。zaha3。zaha₃。zah₃,a×ha。sah7。saha7。zah3。zaha3。|a×ha|,ZÀḪ。sah7。zah3。zàḫ,a×ha。saha₇。sah₇。zaha₃。zah₃。|a×ha|,AxḪA。SAḪ7。SAḪA7。ZAḪ3。ZAḪA3,saha₇。sah₇。zaha₃。zah₃,sah₇,o0000848
𒀅,er6。er₆。ir6。ir₆。isisz3。isiš₃。szesz3。šeš₃,a×igi。er6。ir6。isisz3。szesz3。|a×igi|,ir6,a×igi。er₆。ir₆。isiš₃。|a×igi|。šeš₃,AxIGI。ER6。IR6。ISIŠ3。ŠEŠ3,er₆。ir₆。isiš₃。šeš₃,er₆,o0000849
𒀆,szedu3。šedu₃,a×du₆。a×lagar@g。szedu3。|a×lagar@g|,(šedu3)。šedu3,a×du₆。a×lagar@g。|a×lagar@g|。šedu₃,AxDU6。AxLAGARgunû。ŠEDU3,šedu₃,šedu₃,o0000850
𒀇,amusz。amusza。amuš。amuša。emusz。emuš,amusz。amusza。a×muš。emusz。|a×muš|,,amuš。amuša。a×muš。emuš。|a×muš|,AMUŠ。AMUŠA。AxMUŠ,amuš。amuša。emuš,amuš,o0000851
𒀈,esag。esaŋ,a×sag。|a×sag|,(esag)。esag,a×sag。esag。esaŋ。|a×sag|,AxSAG。ESAG,esag。esaŋ,esag,o0000852
𒀉,"a2。ah5。ahi2。ahi₂。ah₅。a₂。ed。et。et,。eṭ。id。idi2。idi₂。it。it,。iṭ。te8。te₈。ti8。ti₈","a2。ah5。ahi2。a₂⁻。et,。idi2。it,。te8。te₈⁻。ti8"," a2。<it>。A2。ID。TI8。TI₈。[it。[iṭ。a2。a2!。a₂。ed。et。et,。eṭ。i[t?。i[t]。id。it。it,。iṭ。te8。ti8。ti₈。Á。á",ahi₂。ah₅。a₂。a₂⁻。ed。et。eṭ。id。idi₂。it。iṭ。te₈。te₈⁻。ti₈,A2。AḪ5。AḪI。AḪI2。ED。ET。EṬ。ID。IDI2。IT。IṬ。SUKU5。SUKU6。TE8。TI8,ahi₂。ah₅。a₂。a₂⁻。ed。et。eṭ。id。idi₂。it。iṭ。te₈。te₈⁻。ti₈,et,o0000112
𒀉𒀸,liri5。liri₅。liru5。lirum5。lirum₅。liru₅,a₂.aš。liri5。liru5。lirum5。|a₂.aš|,,a₂.aš。liri₅。lirum₅。liru₅。|a₂.aš|,A2.AŠ。LIRI5。LIRU5。LIRUM5,liri₅。lirum₅。liru₅,,
𒀉𒃣,arhusz7。arhuš₇,arhusz7。a₂.ga₂×sal。|a₂.ga₂×sal|,,arhuš₇。a₂.ga₂×sal。|a₂.ga₂×sal|,,arhuš₇,,
𒀉𒄷,,,,,A2.ḪU。TE8。TI8,ti₈~v,,
𒀉𒆗,liri4。liri₄。liru4。lirum4。lirum₄。liru₄。usu。uszszuₓ。uššuₓ,a₂.kal。liri4。liru4。lirum4。uszszuₓ。|a₂.kal|, usu。usu,a₂.kal。liri₄。lirum₄。liru₄。usu。uššuₓ。|a₂.kal|,,liri₄。lirum₄。liru₄。usu。uššuₓ,,
𒀉𒈹,aszkud2。aškud₂,aszkud2。a₂.muš₃。|a₂.muš₃|,,aškud₂。a₂.muš₃。|a₂.muš₃|,A2.MUŠ3。A2.SUKU6。A2.SUKUD3。AŠKUD2,aškud₂,,
𒀉𒈽,aszkud。aškud,aszkud。a₂.muš₃@g。|a₂.muš₃@g|,,aškud。a₂.muš₃@g。|a₂.muš₃@g|,A2.MUŠ2。A2.SUKU5。A2.SUKUD。AŠKUD,aškud,,
𒀉𒉺,azag2。azag₂,azag2。a₂.pa。|a₂.pa|,azag2,azag₂。a₂.pa。|a₂.pa|,A2.PA。A2.ZAG2。AZAG2,azag₂,,
𒀉𒊩,arhusz6。arhuš₆,arhusz6。a₂.sal。|a₂.sal|,arhuš6,arhuš₆。a₂.sal。|a₂.sal|,A2.MUNUS。ARḪUŠ6,arhuš₆,,
𒀉𒌉,arhusz5。arhuš₅,arhusz5。a₂.tur。|a₂.tur|,arhuš5,arhuš₅。a₂.tur。|a₂.tur|,A2.TUR。ARḪUŠ5,arhuš₅,,
𒀉𒌋𒆤,aszita。aszte。ašita。ašte,aszita。aszte。a₂.u.kid。|a₂.u.kid|,,ašita。ašte。a₂.u.kid。|a₂.u.kid|,A2.U.KID。A2.ŠITA4。AŠTE,ašita。ašte,,
𒀉𒌓𒁺,ehe。ehi,a₂.ud.du。|a₂.ud.du|,,a₂.ud.du。ehe。ehi。|a₂.ud.du|,A2.UD.DU。EḪE。EḪI,ehe。ehi,,
𒀉𒍝𒈽,aszkudₓ。aškudₓ,aszkudₓ。a₂.za.muš₃@g。|a₂.za.muš₃@g|,,aškudₓ。a₂.za.muš₃@g。|a₂.za.muš₃@g|,,aškudₓ,,
𒀊,"ab。aba。abba。agarinₓ。ap。aszₓ。ašₓ。eri12。eri₁₂。es,3。es3。esa3。esa₃。esz3。esza3。eszeₓ。es₃。ez3。ez₃。eša₃。ešeₓ。eš₃。eṣ₃。giraba。iri12。iri₁₂。is,3。is3。isz7。is₃。iz3。iz₃。iš₇。iṣ₃。unu5。unu₅","aszₓ。eri12。erigal₃。es,3。es3。esa3。esz3。esza3。eszeₓ。ez3。iri12。irigal₃。is,3。is3。isz7。iz3。unu5"," ab。 eš3。AB。ABa。Ab。EŠ3。aB。ab。aba。ap。es,3。esz3。eš3。eš₃。is3。isz7。ÈŠ。èš",ab。aba。abba。agarinₓ。ap。ašₓ。erigal₃。eri₁₂。esa₃。es₃。ez₃。eša₃。ešeₓ。eš₃。eṣ₃。giraba。irigal₃。iri₁₂。is₃。iz₃。iš₇。iṣ₃。unu₅,AB。ABA。ABBA。AP。AŠ6。ERI12。ES3。EZ3。EŠ3。EṢ3。IRI12。IS3。IZ3。IŚ7。IŠ7。IṢ3。UNU5,ab。aba。abba。agarinₓ。ap。ašₓ。erigal₃。eri₁₂。esa₃。es₃。ez₃。eša₃。ešeₓ。eš₃。eṣ₃。giraba。irigal₃。iri₁₂。is₃。iz₃。iš₇。iṣ₃。unu₅,ab,o0000088
𒀊  𒌋,,ab×u,,ab×u,,,,
𒀊𒄩𒍠𒃮𒄷,essadu。eszsadu。ešsadu,ab.ha.zag.gaba.hu。eszsadu。|ab.ha.zag.gaba.hu|,,ab.ha.zag.gaba.hu。essadu。ešsadu。|ab.ha.zag.gaba.hu|,AB.ḪA.ZAG.DU8.ḪU。AB.ḪA.ZAG.GAB.ḪU。ESSADU。EŠSADU,essadu。ešsadu,,
𒀊𒄫,girabaₓ,ab.ha@g。|ab.ha@g|,,ab.ha@g。girabaₓ。|ab.ha@g|,,girabaₓ,,
𒀊𒈹,sugal6。sugal₆。zabala6。zabalam6。zabalam₆。zabala₆,ab.muš₃。sugal6。zabala6。zabalam6。|ab.muš₃|,,ab.muš₃。sugal₆。zabalam₆。zabala₆。|ab.muš₃|,AB.MUŠ3。ZABALA6。ZABALAM6,sugal₆。zabalam₆。zabala₆,,
𒀊𒉆,absin2。absin₂,ab.nam。absin2。|ab.nam|,,ab.nam。absin₂。|ab.nam|,AB.NAM。ABSIN2,absin₂,,
𒀋,abba2。abba₂,abba2。ab×aš₂。|ab×aš₂|,abba2,abba₂。ab×aš₂。|ab×aš₂|,ABBA2。ABxAŠ2,abba₂,abba₂,o0000745
𒀌,agarin。aŋarin,ab×dun₃@g。|ab×dun₃@g|,(agarin)。agarin。aĝarin,ab×dun₃@g。agarin。aŋarin。|ab×dun₃@g|,ABxGIN2。AGARIN,agarin。aŋarin,agarin,o0000746
𒀍,erigal。eszgal。ešgal。irigal。unugi2。unugi₂。urugal,ab×gal。eszgal。unugi2。|ab×gal|,(ešgal)。URUGAL。eszgal。ešgal。irigal。urugal,ab×gal。erigal。ešgal。irigal。unugi₂。urugal。|ab×gal|,ABxGAL。EŠGAL。UNUGI2。URUGAL,erigal。ešgal。irigal。unugi₂。urugal,ešgal,o0000747
𒀎,agarin2。agarin₂。aŋarin2。aŋarin₂,ab×gan₂@t。agarin2。aŋarin2。|ab×gan₂@t|,(agarin2)。agarin2。aĝarin2,ab×gan₂@t。agarin₂。aŋarin₂。|ab×gan₂@t|,ABxGAN2tenû。ABxKAR2。AGARIN2,agarin₂。aŋarin₂,agarin₂,o0000748
𒀏,nansze。nanše。naszsze。nazi。našše。nigin6。nigin₆。nina。niŋin6。niŋin₆。sirara。siraran,ab×ha。nansze。naszsze。nigin6。niŋen₆。niŋin6。|ab×ha|,NINA。nansze。nanše。naszsze。nigin6。nina。niĝin6。niĝin₆,ab×ha。nanše。nazi。našše。nigin₆。nina。niŋen₆。niŋin₆。sirara。siraran。|ab×ha|,ABxḪA。NANŠE。NAZI。NAŠŠE。NINA。NINUA。SIRARA。SIRARAN,agarinₓ。aŋarinₓ。nanše。nazi。našše。nigin₆。nina。niŋemₓ。niŋen₆。niŋin₆。sirara。siraran,nina,o0000749
𒀐,unugi,ab×igi@g。|ab×igi@g|,unugi,ab×igi@g。unugi。|ab×igi@g|,ABxIGIgunû。ABxSIG7。UNUGI,unugi,unugi,o0000750
𒀑,eszemen4。eszemin4。ešemen₄。ešemin₄,ab×imin。eszemen4。eszemin4。|ab×imin|,(ešemin4)。ešemin4,ab×imin。ešemen₄。ešemin₄。|ab×imin|,ABxIMIN。EŠEMEN4。EŠEMIN4,ešemen₄。ešemin₄,ešemen₄,o0000751
𒀒,,ab×lagab。|ab×lagab|,,ab×lagab。|ab×lagab|,ABxLAGAB。NIGIN6。NIMGIN6。NIMIN2。NINGIN6,niginₓ?,nan,o0000752
𒀓,ze4。ze₄。zi4。zi₄,ab×šeš。ze4。ze₄。zi4。|ab×šeš|,(zi4)。ze4。zi4,ab×šeš。zi₄。|ab×šeš|,ABxŠEŠ。ZI4,zeₓ。zi₄,zi₄,o0000755
𒀔,siraraₓ。unugₓ。urukₓ,ab×(u.u.u)。|ab×(u.u.u)|,,ab×(u.u.u)。siraraₓ。unugₓ。urukₓ。|ab×(u.u.u)|,,erimₓ。ešgunaₓ。ešgunuₓ。eškunuₓ。gunuₓ。gunₓ。nuₓ。siraraₓ。unugₓ。unuₓ。urugalₓ。urukₓ,siraraₓ,o0000743
𒀕,ab4。aba4。aba₄。ab₄。eri11。erim5。erim₅。erin5。erin₅。eri₁₁。gun4。guna4。guna₄。gunu4。gunu₄。gun₄。iri11。irigal2。irigal₂。iri₁₁。nu7。nu₇。sirara5。sirara₅。unu。unug。urugal2。urugal₂。uruk,ab4。ab@g。aba4。eri11。erigal₂。erim5。erin5。gun4。guna4。gunu4。iri11。irigal2。nu7。sirara5。unug⁻。unu⁻。urugal2, unug。AB@g。UNUG。Unug。aba4。eri11。gun4。guna4。unu。unug,ab@g。aba₄。ab₄。erigal₂。erim₅。erin₅。eri₁₁。guna₄。gunu₄。gun₄。irigal₂。iri₁₁。nu₇。sirara₅。unu。unug。unug⁻。unu⁻。urugal₂。uruk,ABgunû。UNUG,aba₄。ab₄。erigal₂。erim₅。erin₅。eri₁₁。guna₄。gunu₄。gun₄。irigal₂。iri₁₁。nu₇。sirara₅。unu。unug。unug⁻。unu⁻。urugal₂。uruk,uruk,o0000089
𒀕𒈹𒍝,,ab@g.muš₃.za。|ab@g.muš₃.za|,,ab@g.muš₃.za。|ab@g.muš₃.za|,,zabalaₓ,,
𒀖,"ab2。ab₂。ap2。ap₂。le8。let。le₈。li8。lid。lit。lit,。lit,i。liti。liṭ。liṭi。li₈。rem2。reme2。reme₂。rem₂。rim2。rimu2。rimu₂。rim₂","ab2。ap2。le8。li8。lit,。lit,i。rem2。reme2。rim2。rimu2","AB2。AB₂。LID。RIM2。_ab2。ab2。ab₂。ap2。let。lid。lit。lit,。liṭ。reme2。rim2。ÁB。áb",ab₂。ap₂。let。le₈。lid。lit。liti。liṭ。liṭi。li₈。reme₂。rem₂。rimu₂。rim₂,AB2。AP2。LE8。LI8。LID。LIT。LITI。LIṬ。LIṬI。REM2。REME2。RIM2。RIMI2,ab₂。ap₂。let。le₈。lid。lit。liti。liṭ。liṭi。li₈。mulₓ。reme₂。rem₂。rimu₂。rim₂,lit,o0000090
𒀖𒆪,nagadₓ。udul。unu3。unud。unudₓ。unu₃。utul,ab₂.ku。unu3。|ab₂.ku|,udul。unu3。unud,ab₂.ku。nagadₓ。udul。unud。unudₓ。unu₃。utul。|ab₂.ku|,AB2.KU。UDUL。UNU3。UTUL,munuₓ。nagadₓ。udul。unud。unu₃。utul,,
𒀖𒇻,udul10。udul₁₀。utul10。utul₁₀,ab₂.lu。udul10。utul10。|ab₂.lu|,,ab₂.lu。udul₁₀。utul₁₀。|ab₂.lu|,AB2.DIB。AB2.LU。UDUL10。UTUL10,udul₁₀。utul₁₀,,
𒀖𒉣𒈨𒁺,,ab₂.nun.me.du。|ab₂.nun.me.du|,abrig2,ab₂.nun.me.du。|ab₂.nun.me.du|,AB2.ABRIG。AB2.NUN.ME.DU。ABRIG2,abrig₂。{+ab₂}abrig,,
𒀖𒊮,lipiszₓ。lipišₓ,ab₂.ša₃。lak386。lipiszₓ。|ab₂.ša₃|,,ab₂.ša₃。lak386。lipišₓ。|ab₂.ša₃|,,girₓ。kirₓ。libišₓ。lipišₓ。ubₓ。zeₓ。šagₓ。šemₓ,,
𒀖𒋺,,,,,AB2.KID2。UB5。UBA5。ŠEM6,None,,
𒀗,lilis。liliz,ab₂×balag。|ab₂×balag|,LILIZ。lilis。liliz,ab₂×balag。lilis。liliz。|ab₂×balag|,AB2xBALAG。AB2xDUB2。LILIS。LILIZ,lilis。liliz,liliz,o0000765
𒀘,kir6。kir₆。qir6。qir₆。szem5。šem₅,ab₂×gan₂@t。kir6。qir6。sem₅。szem5。ub₇。|ab₂×gan₂@t|,KIR6。kir6,ab₂×gan₂@t。kir₆。qir₆。sem₅。ub₇。|ab₂×gan₂@t|。šem₅,AB2xGAN2tenû。AB2xKAR2。KER6。KIR6。QIR6。ŠEM5,kir₆。mezeₓ。qir₆。sem₅。ub₇。šem₅,šem₅,o0000767
𒀙,meze。szem4。ub6。ub₆。šem₄,ab₂×(me.en)。szem4。ub6。|ab₂×(me.en)|,(meze)。MEZE。meze,ab₂×(me.en)。meze。ub₆。|ab₂×(me.en)|。šem₄,AB2xME.EN。MEZE。UB6。ŠEM4,lilisₓ。meze。ub₆。šem₄,meze,o0000764
𒀚,gir9。gir₉。kir2。kiri9。kiri₉。kir₂。libisz。libiš。lipisz。lipiš。szem3。ub3。ub₃。šem₃,ab₂×ša₃。gir9。kir2。kiri9。libisz。lipisz。sem₃。szem3。ub3。|ab₂×ša₃|,GIR9。LIBIŠ。kir2。libisz。libiš。lipisz。szem3。ub3。šem3,ab₂×ša₃。gir₉。kiri₉。kir₂。libiš。lipiš。sem₃。ub₃。|ab₂×ša₃|。šem₃,AB2xŠA3。GIR9。KIR2。LIBIŠ。LIPIŠ。UB3。UBA3。ŠAG6。ŠEM3,gir₉。kiri₉。kir₂。libiš。lipiš。sem₃。ub₃。šagₓ。šem₃,šem₃,o0000771
𒀛,kirₓ。libiszₓ。libišₓ。szem6。ub5。uba5。uba₅。ub₅。šem₆,ab₂×tak₄。libiszₓ。szem6。ub5。uba5。|ab₂×tak₄|,,ab₂×tak₄。kirₓ。libišₓ。uba₅。ub₅。|ab₂×tak₄|。šem₆,AB2xKID2。AB2xTAK4。UB5。UBA5。ŠEM6,girₓ。kirₓ。libišₓ。uba₅。ub₅。šagₓ。šem₆,kirₓ,o0000770
𒀜,"ab3。aba3。aba₃。ab₃。ad。ada。ap3。ap₃。at。at,。aṭ","ab3。aba3。ap3。at,","AD。At。ad。ap3。at。at,。aṭ",aba₃。ab₃。ad。ada。ap₃。at。aṭ,AB3。ABA3。AD。ADA。AP3。AT。AṬ,aba₃。ab₃。ad。ada。ap₃。at。aṭ,ad,o0000092
𒀜𒂍,ad-kidₓ,ad.e₂。|ad.e₂|,,ad-kidₓ。ad.e₂。|ad.e₂|,,ad-kidₓ。akkilₓ,,
𒀜𒆤,ad-kid。akkil2。akkil₂,ad.kid。adgub。akkil2。|ad.kid|,akkil2,ad-kid。ad.kid。adgub。akkil₂。|ad.kid|,AD.KID。AKKIL2。GUB5,ad-kid。adgub。akkil₂,,
𒀜𒆪,akkilₓ,ad.ku。|ad.ku|,,ad.ku。akkilₓ。|ad.ku|,,akkilₓ,,
𒀝,a5。ag。ak。aka。akiₓ。aq。aqa。aŋ。a₅。ke3。ke₃。ki3。kid3。kid₃。ki₃。na3。na₃。ra6。ra₆。sza5。ša₅,a5。ke3。ki3。kid3。na3。ra6。sza5, ag。AG。AK。AKa。Ak。NA3。a5。a5]。a]k。ag。aj。ak。ak?。aka。aq。aĝ。ke3。kid3。kìd。na3,ag。ak。aka。akiₓ。aq。aqa。aŋ。a₅。ke₃。kid₃。ki₃。na₃。ra₆。ša₅,A5。AG。AK。AKA。AQ。AQA。KE3。KI3。KID3。ME6。NA3。RA6。ŠA5,ag。ak。aka。akiₓ。aq。aqa。aŋ。a₅。ke₃。kid₃。ki₃。me₆。na₃。ra₆。ša₅,ak,o0000093
𒀞,me11。me3。me6。me₁₁。me₃。me₆,ak×erin₂。me11。me3。me6。|ak×erin₂|,ME3。MÈ。me3。me6。me₃。mè,ak×erin₂。me₁₁。me₃。me₆。|ak×erin₂|,AGxERIM。ME3,me₃,me₃,o0000777
𒀟,,ak×(šita.giš)。|ak×(šita.giš)|,,ak×(šita.giš)。|ak×(šita.giš)|,AGxŠITA2。AKxŠITA.GIŠ。ME11,me₁₁,nan,o0000777
𒀠,al。ala3。ala₃。il10。il₁₀。mah2。maha2。maha₂。mah₂,ala3。il10。mah2。maha2, al。AL。Al。al。maḫ₂,al。ala₃。il₁₀。maha₂。mah₂,AL。ALA3。IL10。MAḪ2,al。ala₃。il₁₀。maha₂。mah₂,al,o0000094
𒀠𒊺,,al.še。|al.še|,,al.še。|al.še|,,ilₓ,,
𒀡,bal3。bal₃,al×al。bal3。|al×al|,bal3,al×al。bal₃。|al×al|,ALxAL。BAL3,bal₃,bal₃,o0000782
𒀢,lidim,al×dim₂。|al×dim₂|,(lidim)。lidim,al×dim₂。lidim。|al×dim₂|,ALxDIM2。ALxGIM。LIDIM,lidim,lidim,o0000783
𒀣,giszbar。giszmasz。gišbar。gišmaš。ŋeszmasz。ŋešmaš,al×giš。giszbar。giszmasz。|al×giš|。ŋeszmasz,(gišbar)。gišbar,al×giš。gišbar。gišmaš。|al×giš|。ŋešmaš,ALxGIŠ。GIŠBAR。GIŠMAŠ,gišbar。gišmaš。ŋešmaš,gišbar,o0000784
𒀤,hibira,al×ha。|al×ha|,(hibira)。hibira,al×ha。hibira。|al×ha|,ALxḪA。ḪIBIRA,hibira,hibira,o0000785
𒀥,dubal,al×kad₃。|al×kad₃|,,al×kad₃。dubal。|al×kad₃|,ALxKID2。DUBAL,dubal,dubal,o0000786
𒀦,bal4。bal₄。dubal2。dubal₂,al×ki。bal4。dubal2。|al×ki|,bal4,al×ki。bal₄。dubal₂。|al×ki|,ALxKI。BAL4。DUBAL2,bal₄。dubal₂,bal₄,o0000787
𒀧,il6。il₆,al×še。il6。|al×še|,,al×še。il₆。|al×še|,ALxŠE。IL。IL6,il₆,il₆,o0000790
𒀨,hibis2。hibis₂。hibiz2。hibiz₂。szuszbar。szuszmasz。šušbar。šušmaš,al×uš。hibis2。hibiz2。szuszbar。szuszmasz。|al×uš|,(hibis2)。hibis2,al×uš。hibis₂。hibiz₂。|al×uš|。šušbar。šušmaš,ALxUŠ。ŠUŠBAR。ŠUŠMAŠ。ḪIBIS2。ḪIBIZ2,hibis₂。hibiz₂。šušbar。šušmaš,šušmaš,o0000789
𒀩,al2。alag。alala。alam。alan。alaŋ。al₂。belili。biszeba2。biszebi2。bišeba₂。bišebi₂。kaszszeba2。kaszszebi2。kaššeba₂。kaššebi₂,al2。biszeba2。biszebi2。kaszszeba2。kaszszebi2,ALAM。ALAN。Alam。al2。alam。alan,alag。alala。alam。alan。alaŋ。al₂。belili。bišeba₂。bišebi₂。kaššeba₂。kaššebi₂,AL2。ALAG。ALALA。ALAM。ALAN。BELILI。BIŠEBA2。BIŠEBI2。GU4overGU4.NA2。KAŠŠEBA2。KAŠŠEBI2。TIMUA。ŠERBA,alag。alala。alam。alan。alaŋ。al₂。belili。bišeba₂?。bišebi₂?。kaššeba₂?。kaššebi₂?,alan,o0000095
𒀪,'。'a。'e。'i。'u。a'。ah4。ah₄。aʾ。e'。eh2。eh₂。eʾ。i'。ih2。ih₂。iʾ。u'。uh5。uh₅。umun4。umun₄。uʾ。ʾ。ʾa。ʾe。ʾi。ʾu,'。'a。'e。'i。'u。a'。ah4。aleph。e'。eh2。i'。ih2。u'。uh5。umun4,'。'a。'e。'i。'u。Aʾ。a'。aʾ。a’。e'。i'。iʾ。u'。uʾ。ʾ。ʾa。ʾe。ʾi。ʾu。’。’i。’u,ah₄。aleph。aʾ。eh₂。eʾ。ih₂。iʾ。uh₅。umun₄。uʾ。ʾ。ʾa。ʾe。ʾi。ʾu,AḪ4。A’。EḪ2。E’。IḪ2。I’。UMUN4。UḪ5。U’。aleph。’A。’E。’I。’U,ah₄。aʾ。eh₂。eʾ。ih₂。iʾ。uh₅。umun₄。uʾ。ʾ。ʾa。ʾe。ʾi。ʾu,ʾ,o0000096
𒀫,"amar。mar2。mara2。marad。mara₂。mar₂。s,ar2。s,ur。s,uru。zur。ṣar₂。ṣur。ṣuru","mar2。mara2。s,ar2。s,ur。s,uru","AMAR。Amar。ZUR。amar。s,ur。zur。ṣur",amar。marad。mara₂。mar₂。zur。ṣar₂。ṣur。ṣuru,AMAR。MAR2。MARA2。MARAD。ZUR。ZURU。ṢAR2。ṢUR。ṢURU,amar。marad。mara₂。mar₂。surₓ。zur。ṣar₂。ṣur。ṣuru,amar,o0000097
𒀫𒁕,marad2。marad₂,amar.da。marad2。|amar.da|,,amar.da。marad₂。|amar.da|,AMAR.DA。MARAD2,marad₂,,
𒀫𒌓,marduk,amar.ud。|amar.ud|,marduk,amar.ud。marduk。|amar.ud|,AMAR.UD。MARDUK,marduk,,
𒀬,disgur。siskur。siszkur。sizkur。siškur,amar×še。siszkur。|amar×še|,SISKUR。siskur。siszkur,amar×še。disgur。siskur。sizkur。siškur。|amar×še|,AMARxŠE。DISKUR。DIZKUR。SISKUR。SIZKUR,disgur。siskur。sizkur。siškur,disgur,o0000795
𒀬𒀬,siskur2。siskur₂。siszkur2。sizkur2。sizkur₂。siškur₂,amar×še.amar×še。siskur2。siszkur2。sizkur2。|amar×še.amar×še|,siskur2。siszkur2。sizkur2。siškur2。sískur,amar×še.amar×še。siskur₂。sizkur₂。siškur₂。|amar×še.amar×še|,SISKUR.SISKUR,siskur₂。sizkur₂。siškur₂。tiškurₓ,,
𒀭,"/dimer/。a11。am6。am₆。an。ana2。ana₂。anu。a₁₁。d。der。dibur。digir。dimer。dimir。dimmer。diner。dingir。dingira。dinir。dir3。dir₃。diŋir。el3。el₃。eszszu2。eššu₂。il3。ila。ili。ilu。il₃。le4。le₄。s,a3。sa8。sa₈。szubul。za5。za₅。šubul。ṣa₃","a11。am6。ana2。dir3。el3。eszszu2。il3。le4。s,a3。sa8。szubul。za5", an。 d。 dijir。 diĝir。AN。ANU。An。D。DIGIR。DINGIR。DINgIR。Dingir。ILA。[an。[d。[d]。]d。_an。_an_。_dingir。_dingir_。a[n。am6。an。an#。an]。ana2。anu。d。der。digir。dijir。dingir。dingir_。diĝir。dìr。el3。il3。ila。ilu。ìl。⸢AN⸣,/dimer/。am₆。an。ana₂。anu。a₁₁。d。der。dibur。digir。dimer。dimir。dimmer。diner。dingir。dingira。dinir。dir₃。diŋir。el₃。eššu₂。ila。ili。ilu。il₃。le₄。sa₈。za₅。šubul。ṣa₃,A11。AL7。AM6。AN。ANA2。ANU。DIBUR。DIGIR。DIMIR。DINGIR。DIR3。EL3。EŠŠU。EŠŠUx。IL3。ILA。ILI。ILI3。ILU。ILU3。LE4。LI4。SA8。UGUR2。UL11。ZA5。ŠUBUL。ṢA3,alₓ。am₆。an。ana₂。anu。a₁₁?。d。dalhamunₓ。der。dibur。digir。dimer。dimir。dimmer。diner。dingir。dingira。dinir。dir₃。diŋir。el₃。eššu₂。ila。ili。ilu。il₃。le₄。mulₓ。naₓ。sagₓ。sa₈。ulₓ。usanₓ。uₓ。za₅。šeganₓ。šubul。ṣa₃,an,o0000099
𒀭𒀀𒇉,ita4。ita₄。iti4。iti₄。itu4。itu₄,an.a.lagab×hal。ita4。iti4。itu4。|an.a.lagab×hal|,,an.a.lagab×hal。ita₄。iti₄。itu₄。|an.a.lagab×hal|,AN.A.ENGUR。ITA4。ITI4。ITU4。dID2,ita₄。iti₄。itu₄,,
𒀭𒀭,nab3。nab₃,an.an。nab3。|an.an|,nab3,an.an。nab₃。|an.an|,AN.AN。NAB3,abₓ。mulₓ。nab₃。namₓ,,
𒀭𒀯,szuhubₓ。šuhubₓ,an.3×an。szuhubₓ。|an.3×an|,,an.3×an。|an.3×an|。šuhubₓ,,šuhubₓ,,
𒀭𒀸,,an&aš,,an&aš,,,,
𒀭𒀸𒀀𒀭,tilla4。tilla₄,an.aš.a.an。tilla4。|an.aš.a.an|,,an.aš.a.an。tilla₄。|an.aš.a.an|,AN.AŠ.A.AN。TILLA4,tilla₄?,,
𒀭𒀸𒀭,barzil。tilla2。tilla₂,an.aš.an。tilla2。|an.aš.an|,TILLA₂。tilla2,an.aš.an。barzil。tilla₂。|an.aš.an|,AN.AŠ.AN。TILLA2,barzil。tilla₂。tillaₓ,,
𒀭𒀹𒀭,tilla5。tilla₅,an.aš@z.an。tilla5。|an.aš@z.an|,,an.aš@z.an。tilla₅。|an.aš@z.an|,,tilla₅,,
𒀭𒁈,kunigara,an.bara₂。|an.bara₂|,,an.bara₂。kunigara。|an.bara₂|,AN.BARA2。KUNIGARA,kunigara,,
𒀭𒁹𒀭,tilla3。tilla₃,an.diš.an。tilla3。|an.diš.an|,,an.diš.an。tilla₃。|an.diš.an|,AN.DIŠ.AN。TILLA3,tilla₃?,,
𒀭𒁺𒀭,aszszan。aššan,an.du.an。aszszan。|an.du.an|,,an.du.an。aššan。|an.du.an|,,aššan,,
𒀭𒄙,,an.gu₂×kak。|an.gu₂×kak|,,an.gu₂×kak。|an.gu₂×kak|,,usanₓ,,
𒀭𒄛,,an.gu₂×nun。|an.gu₂×nun|,,an.gu₂×nun。|an.gu₂×nun|,,usanₓ,,
𒀭𒄷𒈪𒅎,gunₓ,an.hu.mi.im。|an.hu.mi.im|,,an.hu.mi.im。gunₓ。|an.hu.mi.im|,,anzuₓ。gunₓ,,
𒀭𒅎,kutraₓ。qutraₓ,an.im。|an.im|,,an.im。kutraₓ。qutraₓ。|an.im|,,kutraₓ。qutraₓ,,
𒀭𒅎𒂂,anzu。anzud,an.im.dugud。|an.im.dugud|,anzu,an.im.dugud。anzu。anzud。|an.im.dugud|,AN.IM.DUGUD。dANZU。dANZUD,anzu。anzud,,
𒀭𒅎𒈪,anzu2。anzud2。anzud₂。anzu₂,an.im.mi。anzu2。anzud2。|an.im.mi|,anzu2,an.im.mi。anzud₂。anzu₂。|an.im.mi|,AN.IM.MI。dANZU2。dANZUD2,anzud₂。anzu₂,,
𒀭𒈨𒌍,ili7。ili₇,an.me.u.u.u。ili7。|an.me.u.u.u|,,an.me.u.u.u。ili₇。|an.me.u.u.u|,AN.ME.EŠ。AN.MEŠ。ILI7,,,
𒀭𒈲,kunigara2。kunigara₂,an.muš。kunigara2。|an.muš|,,an.muš。kunigara₂。|an.muš|,AN.MUŠ。KUNIGARA2,kunigara₂,,
𒀭𒈹𒀊,,an.muš₃.ab。|an.muš₃.ab|,,an.muš₃.ab。|an.muš₃.ab|,,zabalaₓ,,
𒀭𒈹𒀕,,an.muš₃.ab@g。|an.muš₃.ab@g|,,an.muš₃.ab@g。|an.muš₃.ab@g|,,zabalaₓ,,
𒀭𒈾,an-na。nagga。nanga5。nanga₅。niggi。niggin,an.na。nanga5。|an.na|,nagga,an-na。an.na。nagga。nanga₅。niggi。niggin。|an.na|,AN.NA。NAGGA。NANGA5。NIGGI,an-na。nagga。nanga₅?。niggi。niggin,,
𒀭𒉀,nanibgal,an.naga。|an.naga|,,an.naga。nanibgal。|an.naga|,AN.NAGA。NANIBGAL,nanibgal,,
𒀭𒊨,"s,il3。s,illu。ṣillu。ṣil₃","an.sag@g。s,il3。s,illu。|an.sag@g|",,an.sag@g。|an.sag@g|。ṣillu。ṣil₃,AN.DUL3。SIL3,%akk ṣillu。ṣil₃,,
𒀭𒊩𒌆𒅁,ligidbaₓ,an.sal.tug₂.ib。|an.sal.tug₂.ib|,,an.sal.tug₂.ib。ligidbaₓ。|an.sal.tug₂.ib|,,,,
𒀭𒊺𒉀,nanibgal2。nanibgal₂,an.še.naga。nanibgal2。|an.še.naga|,,an.še.naga。nanibgal₂。|an.še.naga|,AN.ŠE.NAGA。NANIBGAL2,nanibgal₂,,
𒀭𒋀𒆠,nanna2。nanna₂,an.šeš.ki。nanna2。|an.šeš.ki|,nanna2,an.šeš.ki。nanna₂。|an.šeš.ki|,AN.ŠEŠ.KI。NANNA2。dNANNA。dNANNAR,nanna₂,,
𒀭𒌅,kunigara3。kunigara₃,an.tu。kunigara3。|an.tu|,,an.tu。kunigara₃。|an.tu|,AN.TU。KUNIGARA3,kunigara₃,,
𒀭𒍠,,an.zag。|an.zag|,,an.zag。|an.zag|,,uzugₓ,,
𒀮,nab。nap。tillaₓ,an&an。|an&an|,AN&AN。NAB。na[p。nab。nap,an&an。nab。nap。tillaₓ。|an&an|,ANoverAN。NAB。NAB3。NAP。NIB2。NIP2,malₓ。mulₓ。nab。nap。nubₓ。tillaₓ,nap,o0000796
𒀯,mul。mulu。nap2。nap₂。szun2。šun₂,3×an。nap2。szun2。|3×an|,MUL。Mul。mul,3×an。mul。mulu。nap₂。|3×an|。šun₂,ANoverAN.AN。KUNGA3。KUNGI3。MUL。MULU。NAB2。NAP2。NAP3。SUGUB。SUḪUB。UL10。ŠUN2。ŠUḪUB2,kunga₂。kunga₃。kungi₂。kungi₃。mul。mulu。munₓ。nap₂。suhub₂。suhubₓ。šuhub₂。šun₂,mul,o0000642
𒀯𒁇,,3×an.bar。|3×an.bar|,,3×an.bar。|3×an.bar|,,suhub。šuhub,,
𒀰,dalhamun5。dalhamun₅,(an.naga)@(an.naga)。dalhamun5。|(an.naga)@(an.naga)|,dalhamun₅,(an.naga)@(an.naga)。dalhamun₅。|(an.naga)@(an.naga)|,AN.NAGA.AN.NAGAinversum。AN.NAGAopposingAN.NAGA。DALḪAMUN5,dalhamun₅。dalhamunₓ,dalhamun₅,o0000620
𒀱,dalhamun4。dalhamun₄,4×(an.naga)。dalhamun4。|4×(an.naga)|,,4×(an.naga)。dalhamun₄。|4×(an.naga)|,4xAN.NAGAformingacross。AN.NAGAsquared。DALḪAMUN4。RIḪAMUN4,dalhamun₄,dalhamun₄,o0000643
𒀲,ansze。ansze@d。anszi。anszu。anše。anše@d。anši。anšu。szakan3。šakan₃,ansze。ansze@d。anszi。anszu。anše⁻。lak248。szakan3。šagan₂,ANSZE。ANŠE。ANŠE?。_ansze_。ansze。anŠE。anše,anše。anše@d。anše⁻。anši。anšu。lak248。šagan₂。šakan₃,,%elx anše@d。amaraₓ。anše。anše⁻。anši。anšu。sumuganₓ。šagan₂。šakan₃,anše,o0000101
𒀲𒀭,szakan4。šakan₄,anše.an。szakan4。|anše.an|,,anše.an。|anše.an|。šakan₄,ANŠE.AN。ŠAKAN4,šakan₄,,
𒀲𒀴,du25。dur3。duru3。duru₃。dur₃。du₂₅。szagginₓ。szakkan6。šagginₓ。šakkan₆,anše.arad。du25。dur3。duru3。szagginₓ。szakkan6。|anše.arad|,dur3。dùr,anše.arad。duru₃。dur₃。du₂₅。|anše.arad|。šagginₓ。šakkan₆,ANŠE.ARAD。ANŠE.NITA2。DU25。DUR3。ŠAGUB,duru₃。dur₃。du₂₅,,
𒀲𒅆𒁳,,anše.igi.dib。|anše.igi.dib|,,anše.igi.dib。|anše.igi.dib|,,,,
𒀲𒅆𒂠,dusi2。dusi₂。dussa2。dussa₂。dusu2。dusu₂,anše.igi.eš₂。dusi2。dussa2。dusu2。|anše.igi.eš₂|,dusi2。dusu2,anše.igi.eš₂。dusi₂。dussa₂。dusu₂。|anše.igi.eš₂|,,dusi₂。dussa₂。dusu₂,,
𒀲𒅇,,,,,ANŠE.LIBIR。DUSI2。DUSSA2。DUSU2,dusuₓ,,
𒀲𒆳,sisiₓ,anše.kur。sisiₓ。|anše.kur|,,anše.kur。|anše.kur|,,None,,
𒀲𒆳𒊏,sisi,anše.kur.ra。zizi。|anše.kur.ra|,sisi,anše.kur.ra。sisi。zizi。|anše.kur.ra|,ANŠE.KUR.RA。SISI,sisi。zizi,,
𒀲𒉺,anszuₓ。anšuₓ。sumuganₓ。szakanₓ。šakanₓ,anszuₓ。anše.pa。szakanₓ。|anše.pa|,,anše.pa。anšuₓ。sumuganₓ。|anše.pa|。šakanₓ,,anšeₓ。anšuₓ。sumuganₓ。šakanₓ,,
𒀲𒊩,eme6。eme₆,anše.sal。eme6。|anše.sal|,eme6,anše.sal。eme₆。|anše.sal|,ANŠE.MUNUS。EME6,eme₆,,
𒀲𒍑,,anše.uš。|anše.uš|,,anše.uš。|anše.uš|,,durₓ,,
𒀳,absin3。absin₃。abszin3。abšin₃。apin。apina。bin。engar。engara。eresz4。ereš₄。erisz4。eriš₄。pin。ur11。uru4。uru₄。ur₁₁。usz8。uš₈,absin3。abszin3。eresz4。erisz4。ur11。uru4。usz8,APIN。Apin。ENGAR。absin3。apin。engar。pin。uru4。usz8,absin₃。abšin₃。apin。apina。bin。engar。engara。ereš₄。eriš₄。pin。uru₄。ur₁₁。uš₈,ABSIN3。APIN。BIN。ENGAR。EREŠ4。ERIŠ4。PIN。UR11。URU4。UŠ8,absin₃。abšin₃。apin。apina。bin。engar。engara。ereš₄。eriš₄。pin。uru₄。ur₁₁。uš₈,pin,o0000102
𒀴,...ki。arad。arda。er3。erad。eri3。eri₃。eru。erum。er₃。ir3。irda。ir₃。nintah2。nintah₂。nintaₓ。nita2。nitah2。nitah₂。nita₂。subarrumₓ。suburₓ。szubur2。urda。urdu。war3。wardu。war₃。šubur₂,er3。eri3。ir3。nintah2。ninta₂。nintaₓ。nita2。nitah2。suburₓ。szubur2。war3,(ARAD)。(arad)。ARAD。Arad。IR3。Ir3。NITA2。NÍTA。arad。er3。ir3。nita2。nita2_。níta。urdu。ÌR。ìr,...ki。arad。arda。erad。eri₃。eru。erum。er₃。irda。ir₃。nintah₂。ninta₂。nitah₂。nita₂。subarrumₓ。urda。urdu。wardu。war₃。šubur₂,ARAD。ARDA。ER3。ERAD。ERI3。ERU。ERUM。IR3。NINTAḪ2。NIT2。NITA2。NITAḪ2。URDA。URDU。URUM4。WAR3。ŠUBUR2,%akk wardu。arad。arda。erad?。eri₃。eru。erum。er₃。galaₓ。irda。ir₃。nintah₂。ninta₂。nitah₂。nita₂。subarrumₓ。suburₓ。urda。urdu。war₃。xkiₓ。šubur₂?,arda,o0000103
𒀴𒀲,durₓ,arad.anše。|arad.anše|,,arad.anše。durₓ。|arad.anše|,,None。durₓ,,
𒀴𒆪,,arad.ku。|arad.ku|,,arad.ku。|arad.ku|,ARAD.KU。GALAX,galaₓ,,
𒀴𒊏,era,arad.ra。|arad.ra|,,arad.ra。era。|arad.ra|,ARAD.RA。ER3.RA。ERA,era?,,
𒀵,/ŋeresz/。/ŋereš/。arad2。arad₂。er11。er₁₁。ge24。geme3。geme₃。geresz3。gereš₃。ge₂₄。girisz3。giriš₃。ir11。ir₁₁。kirasz。kiraš。urda2。urda₂。urdu2。urdu₂,/ŋeresz/。arad2。arad×kur。er11。ge24。geme3。geresz3。girisz3。ir11。kirasz。urda2。urdu2。|arad×kur|, arad2。(ARAD2)。(arad2)。ARAD2。ARAD2_。ARÁD。Arad2。_ARAD2。_ARAD2_。arad2。arad₂。geme3。ir11。urdu2。ÁRAD。árad,/ŋereš/。arad×kur。arad₂。er₁₁。geme₃。gereš₃。ge₂₄。giriš₃。ir₁₁。kiraš。urda₂。urdu₂。|arad×kur|,AMME。ARAD2。ARADxKUR。GE24。GEME3。GEREŠ3。GIREŠ3。GIRIŠ3。IR11。KIBAŠ。KIRAŠ。URDA。URDA2。URDU2,arad₂。er₁₁。geme₃。gereš₃。ge₂₄。giriš₃。ir₁₁。kiraš。nitaₓ。urda₂。urdu₂,arad₂,o0000843
𒀶,arkab2。arkab₂,arkab2,arkab₂,arkab₂,ARGAB。ARKAB。IRKAB。NIG2.IB,arkab₂,arkab₂,o0000104
𒀶𒅁,,arkab₂.ib。|arkab₂.ib|,,arkab₂.ib。|arkab₂.ib|,,arkabₓ,,
𒀷,,asal₂~a,,asal₂~a,,None,asal₂~a,o0028284
𒀸,"1(asz)。1(asz@c)。1(aš)。1(aš@c)。1(iku)。ana3。ana₃。as,3。as3。asz。asz@c。asza。aszsza。as₃。az3。az₃。aš。aš@c。aša。ašša。aṣ₃。dal3。dal₃。del。dele。deli。desz2。deš₂。dil。dili。disz2。diš₂。esz20。eš₂₀。ge15。gesz4。geš₄。ge₁₅。iku@c。in6。ina。in₆。liri2。liri₂。liru2。lirum2。lirum₂。liru₂。makasz2。makaš₂。makkasz2。makkaš₂。ram2。ram₂。rim5。rim₅。ru3。rum。ru₃。sagtag。sagtak。salugub。santa。santag。santak。saŋtak。simed。szup2。t,il。tal3。tal₃。tesz。teš。til4。til₄。šup₂。ṭil","1(asz)。1(asz@c)。1(iku)。ana3。as,3。as3。asz。asz@c。asza。aszsza。az3。aš@c@90。aš@c@v。aš@v。dal3。desz2。disz2。esz20。ge15。gesz4。iku@c。in6。liri2。liru2。lirum2。makasz2。makkasz2。ram2。rim5。ru3。szup2。t,il。tal3。tesz。til4"," dili。(aš)。1(asz)。ASZ。Asz。AŠ。Aš。Ina。RUM。[ina。[ina]。as3。asz。asz@c。aš。dil。dili。ina。ina]。ru3。rum。t,il。tal3。ŠUP2",1(aš)。1(aš@c)。ana₃。as₃。az₃。aš。aš@c。aš@c@90。aš@c@v。aš@v。aša。ašša。aṣ₃。dal₃。del。dele。deli。deš₂。dil。dili。diš₂。eš₂₀。geš₄。ge₁₅。ina。in₆。liri₂。lirum₂。liru₂。makaš₂。makkaš₂。ram₂。rim₅。rum。ru₃。sagtag。sagtak。salugub。santa。santag。santak。saŋtak。simed。tal₃。teš。til₄。šup₂。ṭil,1。ANA3。AS3。AZ3。AŠ。AŠA。AŠŠA。AṢ3。DAL3。DEL。DELE。DEŠ2。DIL。DILI。DIŠ2。EŠ20。GE15。GEŠ4。GUBRU2。IN6。INA。LIRI2。LIRU2。LIRUM2。MAKAŠ2。MAKKAŠ2。RAM2。RIM5。RU3。RUM。SAGTAG。SAGTAK。SALUGUB。SANTA。SANTAG。SANTAK。SIMED。TAL3。TIL4。UBU。UTAK。ŠUP2。ŠUP3。ḪIL2。ṬIL,1(aš)。1(aš@c)。1(iku)。1(iku@c)。ana₃。as₃。az₃。aš。aš@c。aš@c@90。aš@c@v。aš@f。aša。ašša。aṣ₃。dal₃。del。dele。deli。deš₂。dil。dili。diš₂。duliₓ。eš₂₀。geš₄。ge₁₅。ina。in₆。liri₂。lirum₂。liru₂。makaš₂。makkaš₂。ram₂。rim₅。rum。ru₃。sagtag。sagtak。salugub。santa。santag。santak。saŋtak。simed。tal₃。teš。til₄。zuₓ。šup₂。ṭil,dil,o0000104
𒀸𒀀𒀭,,,,,AŠ.A.AN。TILLA5,tillaₓ,,
𒀸𒀸,didli。man3。man₃。min5。min₅,aš.aš。man3。min5。|aš.aš|,didli,aš.aš。didli。man₃。min₅。|aš.aš|,,didli。man₃。min₅。tillaₓ,,
𒀸𒀸𒀸,esz6。eš₆,aš.aš.aš。esz6。|aš.aš.aš|,ESZ6。EŠ6。eš6,aš.aš.aš。eš₆。|aš.aš.aš|,,,,
𒀸𒄱𒄄,aski,aš.hi×diš.gi₄。|aš.hi×diš.gi₄|,,aski。aš.hi×diš.gi₄。|aš.hi×diš.gi₄|,,aski。ašgi,,
𒀸𒋩,asz-szur。aš-šur,asz-szur。aš+sur。|aš+sur|,,aš+sur。aš-šur。|aš+sur|,AŠ+SUR。AŠ.ŠUR,aš-šur,,
𒀹,1(asz@t)。1(asz@t@c)。1(aš@t)。1(aš@t@c)。1/2(iku)。asz11。asz@t。aš@t。aš₁₁。del4。dele4。dele₄。del₄。desz5。deš₅。dil4。dili4。dili₄。dil₄。esz18。eš₁₈。ge23。ge₂₃。isz8。iš₈。sagtag3。sagtag₃。sagtak3。sagtak₃。santa3。santag3。santag₃。santak3。santak₃。santa₃。saŋtak3。saŋtak₃。ubu。upuₓ。uzaglal,1(asz@t)。1(asz@t@c)。asz11。asz@t。aš@z。del4。dele4。desz5。dil4。dili4。esz18。ge23。ge₂₂。isz8。sagtag3。sagtak3。santa3。santag3。santak3。saŋtak3,GE23。Isz8。ge23。isz8。iš8,1(aš@t)。1(aš@t@c)。1/2(iku)。aš@t。aš@z。aš₁₁。dele₄。del₄。deš₅。dili₄。dil₄。eš₁₈。ge₂₂。ge₂₃。iš₈。sagtag₃。sagtak₃。santag₃。santak₃。santa₃。saŋtak₃。ubu。upuₓ。uzaglal,AŠ11。AŠZIDAtenû。DELE4。DEŠ5。DILI4。DIŠ5。DIŠtenû。EŠ18。GE22。GE23。IŠ8。SAGTAG3。SAGTAK3。SANTA3。SANTAG3。SANTAK3。UBU。UZAGLAL,1(aš@t)。1(aš@t@c)。1(diš@t)。1(iku@t)。1/2(iku)。aš@t。aš₁₁。dele₄。del₄。deš₅。dili₄。dil₄。diš@t。eš₁₈。ge₂₃。iš₈。sagtag₃。sagtak₃。santag₃。santak₃。santa₃。saŋtak₃。saŋtaₓ。ubu。uburaₓ。upaₓ。upuₓ。uzaglal。uzaraₓ,ubu,o0000108
𒀹𒁯,,,,,GE23.DAR,ašdar。eš₁₈-dar,,
𒀺,ulilₓ。utaqaₓ。uzalagₓ。uzalakₓ,aš@k。uzalag,,aš@k。ulilₓ。utaqaₓ。uzalag。uzalagₓ。uzalakₓ,AŠkabatenû,ulilₓ。utaqaₓ。uzalagₓ。uzalakₓ,ulilₓ,o0000107
𒀻,gaszmu。gašmu,aš&aš.tug₂&tug₂.tug₂&tug₂.pap。gaszmu。|aš&aš.tug₂&tug₂.tug₂&tug₂.pap|,,aš&aš.tug₂&tug₂.tug₂&tug₂.pap。gašmu。|aš&aš.tug₂&tug₂.tug₂&tug₂.pap|,AŠoverAŠ.TUG2overTUG2.TUG2overTUG2.PAP,gašmu,gašmu,o0000860
𒀼,szuszur。šušur,aš&aš&aš。aš&aš&aš%。szuszur。|aš&aš&aš|,(šušur)。AŠ&AŠ&AŠ。šušur,aš&aš&aš。aš&aš&aš%。|aš&aš&aš|。šušur,,3(aš@v)。3(aš@v@c)。3(aš~a)。eš₁₆。šušur,šušur,o0000859
𒀼𒀸,limu4。limu₄,aš&aš&aš.aš。limu4。|aš&aš&aš.aš|,,aš&aš&aš.aš。limu₄。|aš&aš&aš.aš|,,limmu₄。limu₄,,
𒀼𒀼,,aš&aš&aš.aš&aš&aš。|aš&aš&aš.aš&aš&aš|,,aš&aš&aš.aš&aš&aš。|aš&aš&aš.aš&aš&aš|,,aš₉,,
𒀼𒀼𒀸,imina3。imina₃。umun9。umun₉,aš&aš&aš.aš&aš&aš.aš。imina3。umun9。|aš&aš&aš.aš&aš&aš.aš|,,aš&aš&aš.aš&aš&aš.aš。imina₃。umun₉。|aš&aš&aš.aš&aš&aš.aš|,,imina₃。imin₃。umun₉,,
𒀼𒀼𒋰,ussa3。ussa₃,aš&aš&aš.aš&aš&aš.tab。ussa3。|aš&aš&aš.aš&aš&aš.tab|,,aš&aš&aš.aš&aš&aš.tab。ussa₃。|aš&aš&aš.aš&aš&aš.tab|,,ussa₃。ussu₃,,
𒀼𒋰,ia9。ia₉,aš&aš&aš.tab。ia9。|aš&aš&aš.tab|,IA9。ia9,aš&aš&aš.tab。ia₉。|aš&aš&aš.tab|,,ia₉,,
𒀽,kad8。kad₈。szuszur2。šušur₂,aš&aš&aš%aš&aš&aš。kad8。szuszur2。|aš&aš&aš%aš&aš&aš|,(šušur2)。ŠÚŠUR。šušur2。šúšur,aš&aš&aš%aš&aš&aš。kad₈。|aš&aš&aš%aš&aš&aš|。šušur₂,AŠ/AŠ/AŠcrossingAŠ/AŠ/AŠ。KAD8。ŠUŠUR2,kad₈。šušur₂,kad₈,o0000853
𒀾,"as,2。as2。asa2。asa₂。asz2。asza2。as₂。az2。az₂。aś。aša₂。aš₂。aṣ₂。baesz。baeš。banesz。baneš。dasz3。daš₃。deszszu。deššu。tasz3。taš₃。ud2。udeszszu。udeššu。ud₂。ut2。utu5。utu₅。ut₂","as,2。as2。asa2。asz2。asza2。az2。baesz。banesz。dasz3。deszszu。tasz3。ud2。udeszszu。ut2。utu5",BANEŠ。[áš。as2。asz2。as₂。az2。aš2。aš₂。banesz。baneš。ud2。ÁŠ。á[š。á[š]。ás。áš,asa₂。as₂。az₂。aś。aša₂。aš₂。aṣ₂。baeš。baneš。daš₃。deššu。taš₃。udeššu。ud₂。utu₅。ut₂,AS2。AZ2。AŚ。AŠ2。AŠA2。AṢ2。DAŠ3。DEŠŠU。ES4。IS4。TAŠ3。UD2。UT2UDEŠŠU。UTU5。ZIZ2,%akk aś。asa₂。as₂。az₂。aša₂。aš₂。aṣ₂。baeš。baneš。daš₃。deššu。taš₃。udeššu。ud₂。utu₅。ut₂,aš₂,o0000110
𒀾𒃼,eszgar。ešgar,aš₂.gar₃。eszgar。|aš₂.gar₃|,ešgar,aš₂.gar₃。ešgar。|aš₂.gar₃|,,ešgar,,
𒀾𒌋,banlimmu,aš₂.u。|aš₂.u|,(banlimmu)。BANLIMMU。banlimmu,aš₂.u。banlimmu。|aš₂.u|,,banlimmu,,
𒀿,aszgab。ašgab。erib。irib。szigagu。szikangu。šigagu。šikangu,aszgab。szigagu。szikangu,AŠGAB。aszgab。ašgab,ašgab。erib。irib。šigagu。šikangu,AŠGAB。ERIB。IRIB。ŠIGAGU。ŠIKANGA。ŠIKANGU,ašgab。erib。irib。šigagu。šikangu。šikinₓ,ašgab,o0000109
𒁀,ba。be4。be₄。bi6。bi₆。libit。pa2。pa₂。wa2。wa₂,be4。bi6。pa2。wa2, ba。BA。Ba。b[a。ba。ba!。ba?。ba]。pa2。pá,ba。be₄。bi₆。libit。pa₂。wa₂,BA。BE4。BI6。LIBIT。PA2。WA。WA2,ba。be₄。bi₆。libit。pa₂。wa₂,ba,o0000113
𒁀𒊑𒂵,,barig,,barig,,,,
𒁁,"ba9。bad。bada。bara4。bara₄。bat。bat,。bata。baṭ。ba₉。be。bi4。bid2。bid₂。bit2。bit₂。bi₄。dihi。dim7。dim₇。edim。esz7。eš₇。idin。mat2。mat₂。me4。med。met。met,。meṭ。me₄。mit。mit,。miti。mitu。miṭ。mud2。mud₂。mut2。mut₂。pad2。pad₂。pat,2。pat2。pat₂。paṭ₂。pe3。pet2。pet₂。pe₃。pi3。pid2。pid₂。pit2。pit₂。pi₃。qit3。qit₃。s,is,。sugin。sungin。t,il2。ti5。tile。ti₅。ulal。zar5。zara5。zara₅。zar₅。zaz。zis。ziz。zu4。zuru9。zuru₉。zu₄。ṣiṣ。ṭil₂","agaš。ba9。bad.x。bara4。bat,。bi4。bid2。bit2。dim7。enlil。esz7。mat2。me4。met,。mit,。mud2。mut2。pad2。pat,2。pat2。pe3。pet2。pi3。pid2。pit2。qit3。s,is,。t,il2。ti5。zar5。zara5。zu4。zuru9。|bad.x|","BAD。BE。Bad。Be。PÁD。[b]ad。[b]e。ba9。bad。bara4。bat。bat,。be。bi4。bit2。dim7。m[e]d。me4。med。mit。mit,。miṭ。mud2。pat2。pi3。pát。ti5。ziz。zu4",agaš。bad。bad.x。bada。bara₄。bat。bata。baṭ。ba₉。be。bid₂。bit₂。bi₄。dihi。dim₇。edim。enlil。eš₇。idin。mat₂。med。met。meṭ。me₄。mit。miti。mitu。miṭ。mud₂。mut₂。pad₂。pat₂。paṭ₂。pet₂。pe₃。pid₂。pit₂。pi₃。qit₃。sugin。sungin。tile。ti₅。ulal。zara₅。zar₅。zaz。zis。ziz。zuru₉。zu₄。|bad.x|。ṣiṣ。ṭil₂,ARI2。BA9。BAD。BANDA4。BARA2。BARA4。BAT。BATA。BAṬ。BA’。BE。BI4。BID2。BIT2。BIṬ2。DEḪI4。DIM7。DIḪI。EDIM。GAM5。IDIM。IDIN。IRI8。KIR5。MAT2。ME4。MET。MEṬ。MID。MIT。MIṬ。MUD2。MUT2。MĪTU。PAD2。PAT2。PAṬ2。PE3。PET2。PI3。PID2。PIT2。QID3。QIT3。RAPIQU2。SUGIN。SULLAT。SUMUN。SUN。SUNGIN。TEL。TEḪI2。TEḪI4。TI5。TI6。TIL。UG7。ULAL。URI4。UŠ2。ZAR5。ZARA2。ZARA5。ZAZ。ZEZ。ZIS。ZIZ。ZU4。ZURU9。ŠULLAT。ŠUM4。ŠUMA。ŠUMMA。ŠUMUN。ḪANIŠ。ṢIṢ。ṬIL2,bad。bada。baragₓ。bara₄。bat。bata。baṭ。ba₉。be。bid₂。bit₂。bi₄。dihi。dim₇。edim?。enlilₓ。eš₇。idin。mat₂。med。met。meṭ。me₄。mit。miti。mitu。miṭ。mud₂。mut₂。pad₂。pat₂。paṭ₂。paₓ。pet₂。pe₃。pid₂。pit₂。piṭₓ。pi₃。qit₃。sugin。sungin。teₓ。tile。ti₅。ulal。zara₅。zar₅。zaz。zis。ziz。zuru₉。zu₄。šumuₓ。ṣiṣ。ṭel。ṭil₂,be,o0000114
𒁁.x,agasz。agaš,agasz。agaš,,,,,,
𒁁𒀸,zar6。zara6。zara₆。zar₆。zuru10。zuru₁₀,bad.aš。zar6。zara6。zuru10。|bad.aš|,zara₆,bad.aš。zara₆。zar₆。zuru₁₀。|bad.aš|,BAD.AŠ。ZAR6。ZARA3。ZARA6。ZURU10,zara₆。zar₆。zuru₁₀,,
𒁁𒁁,dabda2。dabda₂,bad.bad。dabda2。|bad.bad|,,bad.bad。dabda₂。|bad.bad|,BAD.BAD。DABDA2,dabda₂。ugₓ,,
𒁁𒅆𒁁,gurun2。gurun₂,bad.igi.bad。gurun2。|bad.igi.bad|,,bad.igi.bad。gurun₂。|bad.igi.bad|,BAD.IGI.BAD。GURUN2,buruₓ。burₓ。gurinₓ。gurun₂。kurunₓ,,
𒁁𒆜,sagmasz。sagmaš。saŋmasz。saŋmaš。zanbur,bad.kaskal。sagmasz。saŋmasz。|bad.kaskal|,,bad.kaskal。sagmaš。saŋmaš。zanbur。|bad.kaskal|,BAD.KASKAL。SAGMAŠ。ZANBUR,sagmaš。saŋmaš。zanbur,,
𒁁𒇽,,bad.lu₂。|bad.lu₂|,,bad.lu₂。|bad.lu₂|,,addaₓ。adₓ,,
𒁁𒈪,adama。adamu。mudgi,bad.mi。|bad.mi|,,adama。adamu。bad.mi。mudgi。|bad.mi|,ADAMA。ADAMU。BAD.MI,adama。adamu。mudgi,,
𒁁𒌓,lugud,bad.ud。|bad.ud|,,bad.ud。lugud。|bad.ud|,BAD.UD。LUGUD,lugud,,
𒁂,bag3。bag₃。bak3。bak₃,bag3。bak3,,bag₃。bak₃,BAG3,bag₃。bak₃,bag₃,o0000116
𒁃,/allura/。alurₓ。bahar2。bahar₂。lil7。lillu。lil₇。musztaptin。muštaptin。nunurra。nunurru,bahar2。lil7。musztaptin,BAḪAR₂。bahar2。baḫar₂,/allura/。alurₓ。bahar₂。lillu。lil₇。muštaptin。nunurra。nunurru,,aluraₓ。alurₓ。bahar₂。haraₓ。lillu。lil₇。muštaptin。nunurra。nunurru。urₓ,/allura/,o0000117
𒁄,bal。bala。balak。bul3。bul₃。pal。pala4。pala₄。pul3。pul₃,bul3。kulₓ。pala4。pul3,BAL。BALA。bAla。b]al。bal。bala。pa]l。pal,bal。bala。balak。bul₃。kulₓ。pal。pala₄。pul₃,BAL。BALA。BUL3。PAL。PALA4。PUL3,bal。bala。balak。bul₃。kulₓ。pal。pala₄。pul₃,bal,o0000118
𒁅,,bal&bal。|bal&bal|,,bal&bal。|bal&bal|,BALoverBAL,minbulugₓ,nan,o0000901
𒁆,balag。balaŋ。bulug5。bulug₅。buluŋ5。buluŋ₅。bum2。bum₂。gud10。gudu10。gudu₁₀。gud₁₀。lumha,bulug5。buluŋ5。bum2。gud10。gudu10,BALAG。balag。balaj。balaĝ。gud10,balag。balaŋ。bulug₅。buluŋ₅。bum₂。gudu₁₀。gud₁₀。lumha,BALAG。BU11BULUG5。BUM2。DIM5。GUD10。GUDU10,balag。balaŋ。bulug₅。bulunₓ。buluŋ₅。bum₂。bunₓ。dimₓ。gudunₓ。gudu₁₀。gud₁₀。hurinₓ。hurₓ。lumha。pumₓ。takaₓ,balag,o0000119
𒁆𒀀,hurinₓ,balag.a。|balag.a|,,balag.a。hurinₓ。|balag.a|,,hurinₓ,,
𒁆𒈜,tegi。tigi。tigu,balag.lul。|balag.lul|,,balag.lul。tegi。tigi。tigu。|balag.lul|,BALAG.LUL。TEGI。TIGI。TIGU,tegi。tigi。tigu,,
𒁆𒌉,zabitum,balag.tur。|balag.tur|,,balag.tur。zabitum。|balag.tur|,,zabitum,,
𒁇,ba15。bar。bara。bare。ba₁₅。par2。para2。para₂。par₂。war,ba15。par2。para2,BAR。[bar。bar。bara。par2。pár。war,bar。bara。bare。ba₁₅。para₂。par₂。war,BA15。BAR。BARA。PAR2。PARA。PARA2。PI6。WAR,1/2(diš)@v。bar。bara。bare。ba₁₅。para₂。par₂。sutu。war,bar,o0000120
𒁇𒀭,kunga3。kunga₃。kungi3。kungi₃,bar.an。kunga3。kungi3。|bar.an|,,bar.an。kunga₃。kungi₃。|bar.an|,BAR.AN。KUNGA2。KUNGI2。alsoŠU2.AN,None。kunga₂。kungi₂,,
𒁇𒀮𒀭,,bar.3×an。|bar.3×an|,,bar.3×an。|bar.3×an|,,,,
𒁇𒂔,bahar4。bahar₄,bahar4。bar.edin。|bar.edin|,bahar4,bahar₄。bar.edin。|bar.edin|,BAR.EDIN。BAḪAR4,bahar₄,,
𒁇𒄷𒆕,nunmeli,bar.hu.kak。|bar.hu.kak|,,bar.hu.kak。nunmeli。|bar.hu.kak|,BAR.ḪU.GAG。NUNMELI,nunmeli,,
𒁈,bar2。bara2。barag。bara₂。bar₂。par6。para10。parag。para₁₀。par₆。sza23。szar6。szara。šara。šar₆。ša₂₃,bar2。bara2。par6。para10。sza23。szar6。szara,BARA2。BARAG。BÁRA。[ša]ra。bar2。bara2。barag。bára。para10。šara,barag。bara₂。bar₂。parag。para₁₀。par₆。šara。šar₆。ša₂₃,BAR2。BARA2。BARAG。PAR6。PARA10。PARA2。PARAG。SIPA2。ŠA23。ŠAR6。ŠARA,barag。bara₂。bar₂。parag。para₁₀。par₆?。šara。šar₆。ša₂₃,parag,o0000121
𒁈𒉽𒉽,bara2-munu5。bara₂-munu₅。titab。titab2。titab₂,bara2-munu5。bara₂.pap.pap。lu₃.pap.pap。titab2。|bara₂.pap.pap|。|lu₃.pap.pap|,,bara₂-munu₅。bara₂.pap.pap。lu₃.pap.pap。titab。titab₂。|bara₂.pap.pap|。|lu₃.pap.pap|,,bara₂-munu₅。titab,,
𒁈𒉽𒊺𒉽,,bara₂.pap.še.pap。|bara₂.pap.še.pap|,,bara₂.pap.še.pap。|bara₂.pap.še.pap|,BARA2.MUNU5。BARA2.PAB.ŠE.PAP。TIDAB。TITAB,None,,
𒁉,"be2。be₂。bi。biz。ebirₓ。epir2。epir₂。eszemen5。eszemin5。ešemen₅。ešemin₅。gasz。gaš。ka8。kas,2。kas2。kasz。kas₂。kaš。kaṣ₂。ka₈。pe2。pe₂。pi2。pi₂。sa18。sa₁₈。siris4。siris₄。su15。su₁₅。sza21。szu13。ša₂₁。šu₁₃","be2。epir2。eszemen5。eszemin5。gasz。huburₓ。ka8。kas,2。kas2。kasz。pe2。pi2。sa18。siris4。su15。sza21。szu13",<pi2>。BI。EŠEMIN5。GU4!(BI)。GU4(BI)。Gaš。KAŠ。[b]i。[bé]。_kasz。b[i。b[i]。b]i。b]é。be2。be₂。bi。bi#。bi#?。bi]。biz。bé。ešemen5。ešemin5。gasz。gaš。kas2。kasz。kaš。pe2。pi2。pé。pí。⸢bi⸣,be₂。bi。biz。ebirₓ。epir₂。ešemen₅。ešemin₅。gaš。huburₓ。kas₂。kaš。kaṣ₂。ka₈。pe₂。pi₂。sa₁₈。siris₄。su₁₅。ša₂₁。šu₁₃,BE2。BI。BIZ。EBIR2。EPIR2。GAŠ。KA8。KAS2。KAŠ。KAṢ2。PE2。PI2。SA18。SIRIS4。SU15。ŠA21。ŠU13,batₓ。be₂。bi。biz。dugₓ。ebirₓ。epir₂。gaš。huburₓ。kas₂。kaš。kaṣ₂。ka₈?。pe₂。pi₂。sa₁₈。siris₄。su₁₅。ša₂₁。šu₁₃,bi,o0000122
𒁉𒀀𒋤,kasz-bir8。kaszbir。kaš-bir₈。kašbir。uluszinₓ。ulušinₓ,bi.a.sud。kasz-bir8。kaszbir。kašbirₓ。uluszinₓ。|bi.a.sud|,,bi.a.sud。kaš-bir₈。kašbir。kašbirₓ。ulušinₓ。|bi.a.sud|,BI.A.SUD。KAŠ.A.SUD。KAŠBIR,kaš-bir₈。kašbir。ulušinₓ,,
𒁉𒀾,{kasz}uluszinₓ。{kaš}ulušinₓ,bi.ziz₂。{kasz}uluszinₓ。|bi.ziz₂|,,bi.ziz₂。{kaš}ulušinₓ。|bi.ziz₂|,,,,
𒁉𒀾𒀀𒀭,{kasz}uluszin。{kaš}ulušin,bi.ziz₂.a.an。{kasz}uluszin。|bi.ziz₂.a.an|,,bi.ziz₂.a.an。{kaš}ulušin。|bi.ziz₂.a.an|,BI.AŠ2.A.AN。BI.ZIZ2.A.AN。KAŠ.AŠ2.A.AN。KAŠ.ZIZ2.A.AN。ULUŠIN,,,
𒁉𒀾𒀭,{kasz}uluszin3。{kaš}ulušin₃,bi.ziz₂.an。{kasz}uluszin3。|bi.ziz₂.an|,,bi.ziz₂.an。{kaš}ulušin₃。|bi.ziz₂.an|,BI.AŠ2.AN。BI.ZIZ2.AN。KAŠ.AŠ2.AN。KAŠ.ZIZ2.AN。ULUŠIN3,,,
𒁉𒀾𒀭𒈾,{kasz}uluszin2。{kaš}ulušin₂,bi.ziz₂.an.na。{kasz}uluszin2。|bi.ziz₂.an.na|,,bi.ziz₂.an.na。{kaš}ulušin₂。|bi.ziz₂.an.na|,BI.AŠ2.AN.NA。BI.ZIZ2.AN.NA。KAŠ.AŠ2.AN.NA。KAŠ.ZIZ2.AN.NA。ULUŠIN2,,,
𒁉𒁯,,bi.dar。|bi.dar|,,bi.dar。|bi.dar|,,lungaₓ,,
𒁉𒁷,kurun,bi.din。|bi.din|, kurun。KURUN。kurun,bi.din。kurun。|bi.din|,BI.DIN。KURUN,kurun,,
𒁉𒈜,kuszum。kušum。szaqa。szaqu。szaqum。šaqa。šaqu。šaqum,bi.lul。kuszum。szaqa。szaqu。szaqum。|bi.lul|,,bi.lul。kušum。|bi.lul|。šaqa。šaqu。šaqum,BI.LUL。KUŠUM。ŠAQA。ŠAQU,kušum。šaqa。šaqu。šaqum,,
𒁉𒈪,kurun5。kurun₅。siris5。siris₅,bi.mi。kurun5。siris5。|bi.mi|,,bi.mi。kurun₅。siris₅。|bi.mi|,BI.MI。KURUN5。SIRIS5,kurun₅。siris₅,,
𒁉𒌑𒊓,dida。pihu4。pihu₄。{kasz}dida。{kaš}dida,bi.u₂.sa。pihu4。{kasz}dida。|bi.u₂.sa|,dida,bi.u₂.sa。dida。pihu₄。{kaš}dida。|bi.u₂.sa|,BI.U2.SA。DIDA。DIDALA。DIDDA。KAŠ.U2.SA。PIḪU4,dida。pihu₄。{kaš}dida,,
𒁉𒌑𒊓𒅗𒆕,,,,,BI.U2.SA.KA.GAG。KAŠ.U2.SA.KA.GAG。PIḪU,pihu,,
𒁉𒍑𒊓,{kasz}dida2。{kaš}dida₂,bi.uš.sa。{kasz}dida2。|bi.uš.sa|,,bi.uš.sa。{kaš}dida₂。|bi.uš.sa|,BI.UŠ.SA。DIDA2。DIDALA2。DIDDA2。KAŠ.UŠ.SA。PIḪU5,dida₂。pihu₅。{kaš}dida₂,,
𒁊,,,,,BIxA,None,nan,o0000926
𒁋,bappir3。bappira3。bappira₃。bappir₃。lungaₓ,bappir3。bappira3。bi×gar。ningiₓ。|bi×gar|,bappir3,bappira₃。bappir₃。bi×gar。lungaₓ。ningiₓ。|bi×gar|,BAPPIR3。BAPPIRA3。BIxGAR。BIxNIG2。KAŠxGAR,bappira₃。bappir₃。lungaₓ。ningiₓ,bappir₃,o0000927
𒁌,szembi3。szimbi3。šembi₃。šimbi₃,bi×igi@g。szembi3。szimbi3。|bi×igi@g|,,bi×igi@g。|bi×igi@g|。šembi₃。šimbi₃,BIxIGIgunû。BIxSIG7。KAŠxSIG7。ŠIMBI3,šembi₃。šimbi₃,šembi₃,o0000928
𒁍,"bu。bur12。bur₁₂。dim13。dim₁₃。dul10。dul₁₀。dur7。dur₇。gazibu。gazimbi。gazinbi。gazinbu。gi27。gid2。gida2。gida₂。gidi3。gidim3。gidim₃。gidi₃。gid₂。gim7。gim₇。git,2。git2。git₂。giṭ₂。gi₂₇。guz2。guz₂。kid10。kid₁₀。kim3。kim₃。kit10。kit₁₀。madal。madla。madlu。malla。mudla。mudlu。mudra3。mudra₃。mudru3。mudru₃。mudul。mulla。mullu。nun3。nun₃。pi8。pi₈。pu。qid2。qid₂。qit2。qit₂。ra5。ra₅。ser2。ser₂。sir2。sir₂。su13。sud4。sud₄。susz3。suš₃。su₁₃。szaszki。szaszku。szer2。szir2。szud2。tur8。tur₈。šaški。šašku。šer₂。šir₂。šud₂","bur12。dim13。dul10。dur7。gi27。gid2。gida2。gidi3。gidim3。gim7。git,2。git2。guz2。kid10。kim3。kit10。madul。mudra3。mudru3。nun3。pi8。qid2。qit2。ra5。ser2。sir2。su13。sud4。susz3。szaszki。szaszku。szer2。szir2。szud2。tur8",BU。Bu。GÍD。bu。bu;。bur12。gid2。gid2]。gid₂。gíd。gít。kim3。pu。ra5。sir2。sud4。sír。tur8。šér,bu。bur₁₂。dim₁₃。dul₁₀。dur₇。gazibu。gazimbi。gazinbi。gazinbu。gida₂。gidim₃。gidi₃。gid₂。gim₇。git₂。giṭ₂。gi₂₇。guz₂。kid₁₀。kim₃。kit₁₀。madal。madla。madlu。madul。malla。mudla。mudlu。mudra₃。mudru₃。mudul。mulla。mullu。nun₃。pi₈。pu。qid₂。qit₂。ra₅。ser₂。sir₂。sud₄。suš₃。su₁₃。tur₈。šaški。šašku。šer₂。šir₂。šud₂,BU。BUR12。DIM13。DUL10。DUR7。GAZIBU。GAZINBI。GAZINBU。GI27。GID2。GIDI3。GIDIM3。GIM7。GIT2。GIṬ2。GUZ2。KID10。KIM3。KIT10。MADAL。MADLA。MADLU。MALLA。MUDLA。MUDLU。MUDRA3。MUDRU3。MUDRUM3。MUDUL。MULLA。NUN3。PI8。PU。QID2。QIT2。RA5。SIR2。SU13。SUD4。SUŠ3。TUR8。ZEZE3。ŠAŠKI。ŠAŠKU。ŠEBUZ。ŠER2。ŠIR2。ŠUD2。ŠUT2。ŠUṬ2,alaₓ。bu。bur₁₂。dim₁₃。dul₁₀。dur₇?。gazibu。gazimbi。gazinbi。gazinbu。gida₂。gidim₃。gidi₃。gid₂。gim₇。git₂。giṭ₂。gi₂₇。guz₂。ildumₓ。ilduₓ。kid₁₀。kim₃。kit₁₀。madal。madla。madlu。madul。malla。mudla。mudlu。mudra₃。mudru₃。mudul。mulla。mullu。nun₃。pi₈。pu。qid₂。qit₂。ra₅?。ser₂。sir₂。siₓ。sud₄。sugₓ。surₓ。suš₃。su₁₃。tur₈?。šaški。šašku。šer₂。šir₂。šud₂,madal,o0000124
𒁍x𒌦,,kiti,,kiti,,kitiₓ,,
𒁍𒉣𒊺𒂠,,bu.nun.še.eš₂。|bu.nun.še.eš₂|,,bu.nun.še.eš₂。|bu.nun.še.eš₂|,,samanₓ,,
𒁎,sirsir,bu&bu.ab。|bu&bu.ab|,SIRSIR。sirsir,bu&bu.ab。sirsir。|bu&bu.ab|,BUoverBU.AB。SIRSIR,sirsir,sirsir,o0000930
𒁏,gutir。kide,bu&bu.un。|bu&bu.un|,,bu&bu.un。gutir。kide。|bu&bu.un|,BUoverBU.UN,gutir。kide,kide,o0000931
𒁐,unu12。unu₁₂,bu%bu。bu&bu。unu12。|bu%bu|,BU%BU,bu%bu。bu&bu。unu₁₂。|bu%bu|,BUcrossingBU。UNU12,sirsirₓ。unu₁₂,unu₁₂,o0000929
𒁐𒀊,,,,,BUcrossingBU.AB。SIRSIR,None,,
𒁑,bu9。bulug。buluŋ。bu₉。magar。magara。mangara。musz6。muš₆。nagarₓ。niŋinₓ,bu9。musz6,BULUG。bulug,bulug。buluŋ。bu₉。magar。magara。mangara。muš₆。nagarₓ。niŋinₓ,BU9。BULUG。MAGAR。MAGARA。MUŠ6,bulug。buluŋ。bu₉?。magar。magara。mangara。mebulugₓ。muš₆?。nagarₓ。niŋinₓ,bulug,o0000128
𒁑𒉄,minbulugₓ,bulug.nagar。|bulug.nagar|,,bulug.nagar。minbulugₓ。|bulug.nagar|,,minbulugₓ,,
𒁒,mebulug2。mebulug₂。menbulug2。menbulug₂。minbulug2。minbulug₂。szembulug。szimbulug。šembulug。šimbulug,bulug&bulug。mebulug2。menbulug2。minbulug2。szembulug。szimbulug。|bulug&bulug|,(šembulug)。BULUG&BULUG。MÉNBULUG。ménbulug。šembulug,bulug&bulug。mebulug₂。menbulug₂。minbulug₂。|bulug&bulug|。šembulug。šimbulug,BULUGoverBULUG。MEBULUG2。MENBULUG2。MIBULUG2。MINBULUG2。ŠEMBULUG。ŠIMBULUG,mebulug₂。menbulug₂。minbulug₂。šembulug?。šimbulug?,mebulug₂,o0000937
𒁓,bur。buru。pur。puru,,BUR。bur。pur,bur。buru。pur。puru,BUR。BURU。NIG2gunû。PUR。PURU,bur。buru。limₓ。parₓ。pur。puru,pur,o0000129
𒁔,bal2。bal₂。bu8。bul2。bulug2。bulug₂。bul₂。bur2。buru2。buru₂。bur₂。bu₈。du9。dun5。dun₅。du₉。pul2。pul₂。su16。sun5。sun₅。su₁₆。szum5。uszu。uszum。ušu。ušum。šum₅,bal2。bu8。bul2。bulug2。buluŋ₂。bur2。buru2。du9。dun5。pul2。su16。sun5。szum5。uszu。uszum,BUR2。BÚR。UŠUM。bal2。bulug2。bur2。bur₂。búr。du9。dun5。sun5。uszum。ušum,bal₂。bulug₂。buluŋ₂。bul₂。buru₂。bur₂。bu₈。dun₅。du₉。pul₂。sun₅。su₁₆。ušu。ušum。šum₅,BAL2。BU13。BU8。BUL2。BULUG2。BUR2。BURU2。DU9。DUN5。PUL2。SU16。SUN5。UŠU。UŠUM。ŠUM5,bal₂。bulug₂。buluŋ₂。bul₂。buru₂。bur₂。bur₂@v。bu₈。dun₅。du₉。pul₂。sun₅。sun₅@v。su₁₆。ušu。ušu@v。ušum。šum₅,ušu,o0000131
𒁔𒁔,bubbur,bur₂.bur₂。|bur₂.bur₂|,,bubbur。bur₂.bur₂。|bur₂.bur₂|,,bubbur,,
𒁕,"aₓ。da。du20。du₂₀。idi3。idi₃。le10。le₁₀。li10。li₁₀。qab3。qab₃。t,a。ta2。ta₂。ṭa","du20。idi3。le10。li10。qab3。t,a。ta2"," da。DA。Da。[da。ax。dA。da。da#。da#?。da]。le10。qab3。t,a。ta2。ṭa",aₓ。da。du₂₀。idi₃。le₁₀。li₁₀。qab₃。ta₂。ṭa,DA。DU20。IDI3。LE10。QAB3。TA2。ṬA,aₓ。da。diₓ。du₂₀。idi₃。le₁₀。li₁₀。qab₃。ta₂。ṭa,da,o0000132
𒁕𒍑,gabraₓ。ragabₓ,da.uš。|da.uš|,,da.uš。gabraₓ。ragabₓ。|da.uš|,,gabraₓ。ragabₓ,,
𒁖,"bar3。bara3。barag2。barag₂。bara₃。bar₃。da8。dag。dak。daq。da₈。ku12。ku₁₂。lu10。lu₁₀。par3。para3。para₃。par₃。t,ak。tag2。tag₂。tak2。tak₂。taq2。taq₂。ṭak","bar3。bara3。barag2。da8。dag.kisim₅×x。ku12。lak457。lu10。par3。para3。t,ak。tag2。tak2。taq2。|dag.kisim₅×x|",DAG。PÀR。bara3。barag2。dag。dak。daq。ku12。par3。pàr。tak2。taq2。ták,barag₂。bara₃。bar₃。dag。dag.kisim₅×x。dak。daq。da₈。ku₁₂。lak457。lu₁₀。para₃。par₃。tag₂。tak₂。taq₂。|dag.kisim₅×x|。ṭak,BAR3。BARA3。BARA5。BARAG2。DA8。DAG。DAK。DAQ。PAR3。PARA10。PARA10=BARA2。PARA3。TAG2。TAK2。TAQ2。TUK9。no.544。ṬAK,barag₂。bara₃。bar₃。dag。dak。daq。da₈。para₃?。par₃。tag₂。tak₂。taq₂。ṭak?,dag,o0000133
𒁖𒆨,szihumₓ。šihumₓ,dag.kisim₅。szihumₓ。|dag.kisim₅|,,dag.kisim₅。|dag.kisim₅|。šihumₓ,DAG.KISIM5。UTUA2。UTUA3,kišiₓ。šihumₓ,,
𒁗,massa2。massa₂,dag.kisim₅×(a.maš)。massa2。|dag.kisim₅×(a.maš)|,,dag.kisim₅×(a.maš)。massa₂。|dag.kisim₅×(a.maš)|,DAG.KISIM5xA.MAŠ。MAGANZA。MASSA2,massa₂,massa₂,o0000943
𒁘,garim2。garim₂。ŋarim2。ŋarim₂,dag.kisim₅×amar。garim2。|dag.kisim₅×amar|。ŋarim2,,dag.kisim₅×amar。garim₂。|dag.kisim₅×amar|。ŋarim₂,DAG.KISIM5xAMAR。GARIM2,garim₂。ŋarim₂,garim₂,o0000950
𒁙,szaran。šaran,dag.kisim₅×balag。szaran。|dag.kisim₅×balag|,šaran,dag.kisim₅×balag。|dag.kisim₅×balag|。šaran,DAG.KISIM5xBALAG。DAG.KISIM5xDUB2。ŠARAN,šaran,šaran,o0000951
𒁚,hara4。hara₄。haru4。haru₄,dag.kisim₅×bi。hara4。haru4。|dag.kisim₅×bi|,,dag.kisim₅×bi。hara₄。haru₄。|dag.kisim₅×bi|,DAG.KISIM5xBI。SIRIM。ḪAR4。ḪARA4。ḪARU。ḪARU4,hara₄。haru₄。harₓ,hara₄,o0000952
𒁛,,,,,AGAN2。AKAN。AKANI。DAG.KISIM5xGA。KISIM7。UBUR,akan。akani。haraₓ。kisim₇。subₓ。ubur,nan,o0000953
𒁜,akan。akani。kisim7。kisim₇。massa。ubur,dag.kisim₅×(ga.maš)。dag.kisim₅×ga。kisim7。|dag.kisim₅×(ga.maš)|。|dag.kisim₅×ga|,UBUR。akani。kisim7。ubur,akan。akani。dag.kisim₅×(ga.maš)。dag.kisim₅×ga。kisim₇。massa。ubur。|dag.kisim₅×(ga.maš)|。|dag.kisim₅×ga|,DAG.KISIM5xGA.MAŠ,massa,akan,o0000944
𒁝,kesz7。keš₇。kiszi7。kiši₇,dag.kisim₅×gi。kesz7。kiszi7。|dag.kisim₅×gi|,kiši7,dag.kisim₅×gi。keš₇。kiši₇。|dag.kisim₅×gi|,DAG.KISIM5xGI。KEŠ7。KIŠI7,keš₇?。kiši₇,keš₇,o0000955
𒁞,kesz8。keš₈。kirim。kisim4。kisim₄。kisiₓ。kiszi8。kiši₈,dag.kisim₅×gir₂。kesz8。kisim4。kiszi8。|dag.kisim₅×gir₂|,KIŠI8。kiši8,dag.kisim₅×gir₂。keš₈。kirim。kisim₄。kisiₓ。kiši₈。|dag.kisim₅×gir₂|,DAG.KISIM5xGIR2。KEŠ8。KIRIM。KISIM4。KIŠ8。KIŠI8,keš₈。kirim?。kisim₄。kisiₓ。kiši₈,kirim,o0000954
𒁟,udul5。udul₅。utul5。utul₅,dag.kisim₅×gud。udul5。utul5。|dag.kisim₅×gud|,UTUL5。utul5,dag.kisim₅×gud。udul₅。utul₅。|dag.kisim₅×gud|,DAG.KISIM5xGU4。DAG.KISIM5xGUD。UDUL5。UTUL5,udul₅。utul₅,udul₅,o0000956
𒁠,hulum3。hulum₃。hunin,dag.kisim₅×ha。hulum3。|dag.kisim₅×ha|,,dag.kisim₅×ha。hulum₃。hunin。|dag.kisim₅×ha|,DAG.KISIM5xḪA。ḪULUM3。ḪUNIN,hulum₃。hunin,hulum₃,o0000957
𒁡,ubur3。ubur₃,dag.kisim₅×ir。ubur3。|dag.kisim₅×ir|,ÙBUR。ùbur,dag.kisim₅×ir。ubur₃。|dag.kisim₅×ir|,DAG.KISIM5xIR。UBUR3,haraₓ。ubur₃,ubur₃,o0000958
𒁢,ubur4。ubur₄,dag.kisim₅×(ir.lu)。ubur4。|dag.kisim₅×(ir.lu)|,UBUR4。ubur4,dag.kisim₅×(ir.lu)。ubur₄。|dag.kisim₅×(ir.lu)|,DAG.KISIM5xIR.LU。UBUR4,ubur₄,ubur₄,o0000945
𒁣,gabar2。gabar₂。kabar2。kabar₂,dag.kisim₅×kak。gabar2。kabar2。|dag.kisim₅×kak|,,dag.kisim₅×kak。gabar₂。kabar₂。|dag.kisim₅×kak|,DAG.KISIM5xGAG。DAG.KISIM5xKAK,gabar₂。kabar₂。paₓ,gabar₂,o0000959
𒁤,lahta6。lahtan6。lahtan₆。lahta₆,dag.kisim₅×la。lahta6。lahtan6。|dag.kisim₅×la|,,dag.kisim₅×la。lahtan₆。lahta₆。|dag.kisim₅×la|,DAG.KISIM5xLA。LAḪTA。LAḪTA6。LAḪTAN6,lahtan₆。lahta₆,lahta₆,o0000960
𒁥,kisimₓ。ubur2。ubur₂,dag.kisim₅×lu。ubur2。|dag.kisim₅×lu|,ÚBUR。úbur,dag.kisim₅×lu。kisimₓ。ubur₂。|dag.kisim₅×lu|,DAG.KISIM5xLU。MASSA。UBUR2,kisimₓ。ubur₂,kisimₓ,o0000962
𒁦,amasz。amasza。amaš。amaša。kisim3。kisim₃。ua4。ua₄。udul3。udul₃。utua2。utua₂。utul3。utul₃。utuwa2。utuwa₂,amasz。amasza。dag.kisim₅×(lu.maš₂)。kisim3。ua4。udul3。utua2。utul3。utuwa2。|dag.kisim₅×(lu.maš₂)|,AMAŠ。amasz。amaš。kisim3。utua2,amaš。amaša。dag.kisim₅×(lu.maš₂)。kisim₃。ua₄。udul₃。utua₂。utul₃。utuwa₂。|dag.kisim₅×(lu.maš₂)|,AMAŠ。DAG.KISIM5xLU.MAŠ2。KISIM3。UA4。UDUL3。UTUA2。UTUL3。ḪARA5,amaš。amaša。haraₓ。kisim₃。ua₄。uburₓ。udul₃。utua₂。utul₃。utuwa₂,udul₃,o0000946
𒁧,hulum,dag.kisim₅×lum。|dag.kisim₅×lum|,,dag.kisim₅×lum。hulum。|dag.kisim₅×lum|,DAG.KISIM5xLUM。ḪULUM,hulum,hulum,o0000961
𒁨,ge28。ge₂₈。szurin4。szurun4。šurin₄。šurun₄,dag.kisim₅×ne。ge28。szurin4。szurun4。|dag.kisim₅×ne|,šurun4,dag.kisim₅×ne。ge₂₈。|dag.kisim₅×ne|。šurin₄。šurun₄,DAG.KISIM5xNE。GE28。ŠURIN4。ŠURUN4,ge₂₈。šurin₄?。šurun₄,ge₂₈,o0000963
𒁩,rapiku。rapiqu,dag.kisim₅×(pap.pap)。|dag.kisim₅×(pap.pap)|,,dag.kisim₅×(pap.pap)。rapiku。rapiqu。|dag.kisim₅×(pap.pap)|,DAG.KISIM5xBULUG3。DAG.KISIM5xMUNU4。DAG.KISIM5xPAP.PAP。RAPIL。RAPIQU,rapiku。rapikum。rapiqu,rapiku,o0000947
𒁪,kisim2。kisim₂,dag.kisim₅×si。kisim2。|dag.kisim₅×si|,,dag.kisim₅×si。kisim₂。|dag.kisim₅×si|,DAG.KISIM5xSI。KISIM2,kisim₂,kisim₂,o0000964
𒁫,zibin,dag.kisim₅×tak₄。|dag.kisim₅×tak₄|,zibin,dag.kisim₅×tak₄。zibin。|dag.kisim₅×tak₄|,DAG.KISIM5xKID2。DAG.KISIM5xTAK4。ZIBIN,zibin,zibin,o0000965
𒁬,hara5。hara₅。harub。kesz9。keš₉。kisim。kiszi9。kiši₉。szaran2。szarin。szurin5。szurun5。zibin2。zibin₂。šaran₂。šarin。šurin₅。šurun₅,dag.kisim₅×(u₂.gir₂)。hara5。haruba。kesz9。kiszi9。szaran2。szarin。szurin5。szurun5。zibin2。|dag.kisim₅×(u₂.gir₂)|,KIŠI9。kisim。kiši9,dag.kisim₅×(u₂.gir₂)。hara₅。harub。haruba。keš₉。kisim。kiši₉。zibin₂。|dag.kisim₅×(u₂.gir₂)|。šaran₂。šarin。šurin₅。šurun₅,DAG.KISIM5xU2.GIR2。KEŠ9。KISIM。KIŠ9。KIŠI9。ZIBIN2。ŠARAN2。ŠARIN。ŠURIN5。ŠURUN5。ḪADA。ḪARA5。ḪARUB,hara₅。harub。haruba。harubuₓ。keš₉。kisim。kiši₉。zibin₂。šaran₂。šarin。šurin₅。šurun₅?,harub,o0000948
𒁭,udul6。udul₆。utua。utul6。utul₆。utuwa,dag.kisim₅×uš。lak777。lak₇₇₇。udul6。utul6。|dag.kisim₅×uš|,UTUA。udul6。utua,dag.kisim₅×uš。lak777。lak₇₇₇。udul₆。utua。utul₆。utuwa。|dag.kisim₅×uš|,DAG.KISIM5xUŠ。UDUL6。UTUA。UTUL6,uduaₓ。udul₆。utua。utul₆。utuwa,utuwa,o0000967
𒁮,"da4。dam。dama。da₄。dum3。dum₃。lam3。lam₃。t,a4。t,am。ta4。tam2。tam₂。ta₄。tum10。tum₁₀。ṭam。ṭa₄","da4。dum3。lam3。t,a4。t,am。ta4。tam2。tum10"," dam。DAM。Dam。TÁM。_dam。_dam_。dam。dam_。t,am。ta4。tam2。tám。ṭam",dam。dama。da₄。dum₃。lam₃。tam₂。ta₄。tum₁₀。ṭam。ṭa₄,DA4。DAM。DAMA。DUM3。LAM3。TA4。TAM2。TUM10。TUM9。ṬA4。ṬAM,dam。dama。da₄。dum₃?。lam₃。tam₂。ta₄。tum₁₀。ṭam。ṭa₄,dama,o0000134
𒁯,"dar。dasz4。daš₄。dir2。dir₂。gun3。gunu3。gunu₃。gun₃。t,ar2。t,ir4。tar2。tar₂。tir3。tir₃。ṭar₂。ṭir₄","dara₆。dasz4。dir2。gun3。gunu3。t,ar2。t,ir4。tar2。tir3","DAR。GUN3。GÙN。dar。dir2。gun3。gunu3。gùn。t,ar2。tar2。tár。ṭár",dar。dara₆。daš₄。dir₂。gunu₃。gun₃。tar₂。tir₃。ṭar₂。ṭir₄,DAR。DARA。DARRI。DAŠ3。DAŠ4。DIR2。GUN3。GUNU3。SIgunû。TAR2。TER3。TIR3。USAN4。ḪUgunû。ṬAR2。ṬIR4,dar。dara₆。daš₄?。daₓ。dir₂。gunu₃。gun₃。guₓ。tar₂。tir₃。ṭar₂。ṭir₄,dar,o0000135
𒁰,"dar3。dara3。dara₃。dar₃。durah。t,ar3。tar3。tara3。tarah。tara₃。tar₃。ṭar₃","dar3。dara3。lak264。t,ar3。tar3。tara3","DAR₃。DÀR。dar3。dara3。dara₃。dàr。dàra。t,ar3。tar3。tarah。taraḫ",dara₃。dar₃。durah。lak264。tarah。tara₃。tar₃。ṭar₃,DAR3。DARA3。DURAḪ。TAR3。TARA3。TARAḪ。ṬAR3,dara₃。dar₃。durah。mašdaₓ。tarah。tara₃。tar₃。ṭar₃,tarah,o0000136
𒁱,dar4。dara4。dara₄。dar₄。durahₓ。gana6。ganam6。ganam₆。gana₆。inna。lahar2。lahar₂。lahrum2。lahrum₂。nina2。nina₂。ninnaₓ。tarahₓ。u10。ua2。ua₂。u₁₀,dar4。dara4。gana6。ganam6。lahar2。lahrum2。nina2。tara₄。u10。ua2,DARA4。dara4,dara₄。dar₄。durahₓ。ganam₆。gana₆。inna。lahar₂。lahrum₂。nina₂。ninnaₓ。tarahₓ。tara₄。ua₂。u₁₀,DAR4。DARA4。GANA6。GANAM6。INNA。LAḪAR2。LAḪRU2。LAḪRUM2。MUDRU4。NINA2。SIG2+AŠ。U10。UA2,dara₄。dar₄。durah₂。ganam₆。gana₆。inna。lahar₂。lahrum₂。mudru₄。nina₂。ninnaₓ。tarah₂。tara₄。ua₂。u₁₀,inna,o0000137
𒁲,"de。di。sa2。sal2。salagud。salgud。salim。sal₂。sa₂。se8。se₈。si8。silim。silima。siliₓ。sim3。sim₃。sisaₓ。si₈。sza18。szul3。t,e。t,i。te10。te₁₀。ti4。ti₄。śa2。śa₂。ša₁₈。šul₃。ṭe。ṭi","di.x。guruštiₓ。sa2。sal2。se8。si8。sim3。sza18。szul3。t,e。t,i。te10。ti4。|di.x|。śa2"," silim。DI。Di。SA2。SILIM。Silim。SÁ。de。di。di]。qé!(DI)。qé(DI)。sa2。sa2_。sa₂。silim。szul3。sá。t,e。t,i。ti4。šùl。ṭe。ṭi",de。di。di.x。guruštiₓ。salagud。salgud。salim。sal₂。sa₂。se₈。silim。silima。siliₓ。sim₃。sisaₓ。si₈。te₁₀。ti₄。|di.x|。śa₂。ša₁₈。šul₃。ṭe。ṭi,DE。DI。SA2。SAL2。SI8。SILIM。SILIMA。SIM3。TE10。TI4。ŚA2。ŠA18。ŠAL5。ŠUB3。ŠUL3。ṬE。ṬI,%akk śa₂。de。di。duₓ?。salagud。salgud。salim。sal₂。sa₂。se₈。silim。silima。siliₓ。sim₃。sisaₓ。si₈。te₁₀。ti₄。ša₁₈。šul₃。ṭe。ṭi,de,o0000139
𒁲.x,gurusztiₓ。guruštiₓ,gurusztiₓ。guruštiₓ,,,,,,
𒁲𒁲,sadu,di.di。|di.di|,,di.di。sadu。|di.di|,,sadu,,
𒁳,"dab。daba。dabe。dap。deb。dib。dibi。dip。dul8。dul₈。t,ab3。t,ap3。t,eb。t,ep。t,ib。t,ip。teb。tep。tib。tip。ṭab₃。ṭap₃。ṭeb。ṭep。ṭib。ṭip","dul8。t,ab3。t,ap3。t,eb。t,ep。t,ib。t,ip","DAB。DIB。dab。dap。dib。dip。t,ab3。t,ib。tep",dab。daba。dabe。dap。deb。dib。dibi。dip。dul₈。teb。tep。tib。tip。ṭab₃。ṭap₃。ṭeb。ṭep。ṭib。ṭip,DAB。DAP。DIB。DIBI。DIP。DUL8。EZE。NU12。TEB。TEP。TIB。TIP。ṬAB3。ṬEP。ṬIB。ṬIP,dab。daba。dabe。dap。deb。dib。dibi。dip。diₓ。dubbaₓ。dul₈。nu₁₂。teb。tep。tib。tip。ṭab₃。ṭap₃。ṭeb。ṭep。ṭib。ṭip,dap,o0000140
𒁴,"di11。dim。di₁₁。dum4。dum₄。mun3。mun₃。t,em。t,im。tam3。tam₃。tem。ti3。tim。ti₃。tum8。tum₈。ṭem。ṭim","di11。dum4。lak061。mun3。t,em。t,im。tam3。ti3。tum8","DIM。TIM。Tì。dim。t,im。tam3。ti3。tim。tì",dim。di₁₁。dum₄。lak061。mun₃。tam₃。tem。tim。ti₃。tum₈。ṭem。ṭim,DI11。DIM。DUM4。TAM3。TEM。TI3。TIM。TUM8。ṬIM。ṬUM2,dim。di₁₁。dum₄。mun₃。tam₃。tem。tim。ti₃。tum₈。ṭem。ṭim。ṭiₓ,tem,o0000141
𒁵,gakkul2。gakkul₂。kakkul2。kakkul₂。mun。munu,dim×še。gakkul2。kakkul2。|dim×še|,MUN。MUN;。mun。mun;,dim×še。gakkul₂。kakkul₂。mun。munu。|dim×še|,GAKKUL2。KAKKUL2。MUN。MUNU,gakkul₂。kakkul₂。mun。munu,mun,o0000978
𒁶,"/szitlam/。/šitlam/。dem2。dem₂。dim2。dima2。dima₂。dim₂。diₓ。ge18。gem。gen7。gen₇。ge₁₈。gi18。gim。gimi。gin7。gin₇。gi₁₈。ke5。kem。ke₅。ki5。kim。kin8。kin₈。ki₅。muszda。muszdam。muszdama。mušda。mušdam。mušdama。qim。szidi。szidim。szitalamₓ。szitim。t,em2。t,im2。tam6。tam₆。šidi。šidim。šitalamₓ。šitim。ṭem₂。ṭim₂","/szitlam/。dem2。dim2。dima2。ge18。gen7。gi18。gin7。ke5。ki5。kin8。muszda。muszdam。muszdama。szidi。szidim。szitalamₓ。szitim。t,em2。t,im2。tam6", dim2。DIM₂。DÍM。GIM。Kim。SZITIM。[kim。dim2。dim₂。dím。gen7。gim。gin7。kim。qim。szidim。szitim。ŠITIM。šitim,/šitlam/。dem₂。dima₂。dim₂。diₓ。gem。gen₇。ge₁₈。gim。gimi。gin₇。gi₁₈。kem。ke₅。kim。kin₈。ki₅。mušda。mušdam。mušdama。qim。tam₆。šidi。šidim。šitalamₓ。šitim。ṭem₂。ṭim₂,DEM2。DIM2。DIN3。GE18。GEM。GEN7。GI18。GIM。GIMI。GIN7。KEM。KI5。KIM。KIN8。KINME。LUBUD。MUŠDA。MUŠDAM。MUŠDAMA。MUŠDAMMA。QIM。TAM6。ŠIDI。ŠIDIM。ŠITIM。ṬEM2。ṬIM2,dem₂。dima₂。dim₂。diₓ。gem。gen₇。ge₁₈。gim。gimi。gin₇。gi₁₈。kem。ke₅。kim。kin₈。ki₅。mušda。mušdam。mušdama。qim。tam₆。šidi。šidim。šilamₓ。šitalamₓ。šitim。ṭem₂。ṭim₂,kim,o0000143
𒁷,"dan5。dan₅。den。din。dini。gurun8。gurun₈。idinₓ。kurun2。kurun₂。t,en。t,in。ten2。ten₂。tim3。tim₃。tin。ṭen。ṭin","dan5。gurun8。kurun2。t,en。t,in。ten2。tim3", den。DIN。TIN。Tin。[di]n。dEN。dEn。den。din。kúrun。ten2。tin。tén,dan₅。den。din。dini。gurun₈。idinₓ。kurun₂。ten₂。tim₃。tin。ṭen。ṭin,DAN5。DEN。DIN。DINI。DUN2。GURUN8。KURUN2。TEN2。TIM3。TIN。ṬIN,dan₅?。den。din。dini。gurun₈。idinₓ。itinₓ。kurun₂。ten₂。tilₓ。tim₃。tin。ṭen。ṭin?,din,o0000144
𒁷𒊺𒉪,din-tir。gamun,din.še.nun&nun。|din.še.nun&nun|,gamun,din-tir。din.še.nun&nun。gamun。|din.še.nun&nun|,,,,
𒁷𒌁,,,,,DIN.TIR。GAMUN,babilaₓ。din-tir。gamun,,
𒁸,sagkurun,din.kaskal.u@g.diš。saŋkurun。|din.kaskal.u@g.diš|,,din.kaskal.u@g.diš。sagkurun。saŋkurun。|din.kaskal.u@g.diš|,DIN.KASKAL.Ugunû.DIŠ,sagkurun。saŋkurun,sagkurun,o0000981
𒁹,"1(barig)。1(barig@c)。1(bariga)。1(bariga@c)。1(disz)。1(disz@c)。1(diš)。1(diš@c)。ana。asz10。aš₁₀。barig@c。dasz2。daš₂。desz。deš。disz。disz@c。disza。diš。diš@c。diša。dusz2。duš₂。esz4。eš₄。ge3。ge₃。il4。ili6。ili₆。il₄。isz4。iš₄。m。makasz。makaš。makkasz。makkaš。nigida。salubug2。salubug₂。salugub2。salugub₂。sandak4。sandak₄。santa4。santag4。santag₄。santak4。santak₄。santa₄。saŋtak4。saŋtak₄。szantag。szantak。t,isz。tal4。tal₄。tasz2。taš₂。til5。til₅。tisz。tiz。tiš。usz9。uš₉。šantag。šantak。ṭiš","01。1。1(disz)。1(disz@c)。6。asz10。dasz2。desz。disz。disz@c。disza。diš@f。dusz2。esz4。ge3。il4。ili6。isz4。makasz。makkasz。salubug2。salugub2。sandak4。santa4。santag4。santak4。saŋtak4。szantag。szantak。t,isz。tal4。tasz2。til5。tisz。usz9"," 1。1。1(disz)。Ana。DISZ。DIŠ。M。[m。[m]。_1(disz)。an[a。ana。dIsz。disz。diš。esz4。eš4。isz4。m。t,isz。tisz。tiš。ṭiš",01。1。1(barig)。1(barig@c)。1(bariga)。1(bariga@c)。1(diš)。1(diš@c)。6。ana。aš₁₀。barig@c。daš₂。deš。diš。diš@c。diš@f。diša。duš₂。eš₄。ge₃。ili₆。il₄。iš₄。m。makaš。makkaš。nigida。salubug₂。salugub₂。sandak₄。santag₄。santak₄。santa₄。saŋtak₄。tal₄。taš₂。til₅。tiz。tiš。uš₉。šantag。šantak。ṭiš,1。1/3600。1/60。60。602。603。ANA。AŠ10。DAŠ2。DEŠ。DIŠ。DUŠ2。EŠ4。GE3。GEŠ2。GEŠTA。GI3。GIŠ2。IL4。ILI6。IŠ4。LI5。LI6。MAKAŠ。MAKKAŠ。MUŠ7。NIGIDA。SAGTAG4。SAGTAK4。SALUGUB2。SANTA4。SANTAG4。SANTAK4。TAL4。TAŠ2。TIL5。TIS。TIZ。TIŠ。UŠ9。determinative。ŠANTAG4。ŠANTAK。ŠANTAK4。ḪAR6。ṬIŠ,1(aš@c@90)。1(barig)。1(barig@c)。1(bariga)。1(bariga@c)。1(diš)。1(diš@c)。1/2(aš@c@90)。1/2(iku@c)。6(ban₂)。ana。anₓ。aš₁₀。barig。barig@c。bariga@c。daš₂。deš。diš。diš@c。diš@f。diša。duš₂。eš₄。gala₁₀。gešta。geš₂。ge₃。giš₂。gi₃。ili₆。il₄。iš₄。m。makaš。makkaš。muš₇。nigida。salubug₂。salugub₂。sandak₄。santag₄。santak₄。santa₄。saŋtak₄。saŋtaₓ。tal₄。taš₂。til₅。tiz。tiš。ukitₓ。uš₉。uₓ。ŋeš₂。ŋiš₂。šantag。šantak。ṭiš,1,o0000145
𒁹𒁯,aszdar2。ašdar₂。uₓ(DISZ)-gun3。uₓ(DIŠ)-gun₃,aszdar2。diš.dar。uₓ(DISZ)-gun3。uₓ(DIŠ)-gun₃。uₓ(diš)-gun₃。|diš.dar|,,ašdar₂。diš.dar。uₓ(diš)-gun₃。|diš.dar|,DIŠ.DAR,ašdar₂,,
𒁹𒁹𒁹,esz5。esza5。eša₅。eš₅,diš.diš.diš。esz5。esza5。|diš.diš.diš|,EŠ5。eš5,diš.diš.diš。eša₅。eš₅。|diš.diš.diš|,,eša₅。eš₅,,
𒁹𒁹𒁹𒌋𒌋,eszszaba。eszszana。eššaba。eššana。iszszebu。iššebu,diš.diš.diš.u.u。eszszaba。eszszana。iszszebu。|diš.diš.diš.u.u|,IŠŠEBU。iššebu,diš.diš.diš.u.u。eššaba。eššana。iššebu。|diš.diš.diš.u.u|,,,,
𒁹𒁹𒁹𒌍,iszszebuₓ。iššebuₓ,diš.diš.diš.u.u.u。iszszebuₓ。|diš.diš.diš.u.u.u|,,diš.diš.diš.u.u.u。iššebuₓ。|diš.diš.diš.u.u.u|,,iššebuₓ,,
𒁹𒑏,,7,,7,,7(ban₂),,
𒁹𒑐,,8,,8,,8(ban₂),,
𒁺,"ar6。ara6。aragub。ara₆。ar₆。de6。de₆。di6。di₆。du。er10。er₁₀。ge13。gen。ge₁₃。gim6。gim₆。gin。ginaₓ。gir7。gir₇。gub。guba。gubu。gup。im6。im₆。ir10。ir₁₀。kasz5。kaš₅。kim6。kim₆。kin7。kin₇。kub。kup。lah6。lah₆。men3。men₃。miₓ。qub。qup。ra2。ra₂。re6。re₆。ri6。ri₆。sza4。sze13。t,u3。tu3。tum2。tuma2。tuma₂。tumu2。tumu₂。tum₂。tu₃。ur8。ur₈。ŋen。ŋim6。ŋim₆。ŋin。ša₄。še₁₃。ṭu₃","ar6。ara6。de6。di6。er10。ge13。gim6。gir7。im6。ir10。kasz5。kim6。kin7。lah6。men3。ra2。re6。ri6。sza4。sze13。t,u3。tu3。tum2。tuma2。tumu2。ur8。ŋim6"," du。 gub。DU。GIN。GIR7。GUB。KUB。RA2。RÁ。TU3。[d]u。[gub。[gub]。de6。de6#?。di6。du。du_。gen。gin。gir7。gu[b]。gub。gub!。gub_。jen。kin7。kin₇。kub。laḫ6。q[u]p。qup。ra2。ra2_。re6。rá。sza4。t,u3。tu3。tum2。tù。túm。ĝen。ĝen]。ša4。ṭu3。ṭù",aragub。ara₆。ar₆。de₆。di₆。du。er₁₀。gen。ge₁₃。gim₆。gin。ginaₓ。gir₇。gub。guba。gubu。gup。im₆。ir₁₀。kaš₅。kim₆。kin₇。kub。kup。lah₆。men₃。miₓ。qub。qup。ra₂。re₆。ri₆。tuma₂。tumu₂。tum₂。tu₃。ur₈。ŋen。ŋim₆。ŋin。ša₄。še₁₃。ṭu₃,AR6。ARA6。DE6。DI6。DU。ER10。GE13。GEN。GIM6。GIN。GIR7。GUB。GUBA。GUBBA。GUBU。GUP。IM4。IM6。IR10。KAŠ5。KE6。KIM6。KIN7。KUB。KUP。LAḪ6。MEN3。QUB。QUP。RA2。RE6。RI6。TU3。TUM2。TUMU2。UR8。ŠA4。ŠE13。ṬU3,aragub。ara₆?。ar₆。de₆。di₆。du。dulₓ。er₁₀?。gen。ge₁₃?。gim₆。gin。ginaₓ。gir₇。gub。guba。gubu。gup。im₆。ir₁₀?。kaš₅。kim₆。kin₇。kub。kup。kurₓ。kuₓ。lah₆。men₃。miₓ。naₓ。nindaₓ。qub。qup。ra₂。re₆。ri₆。suₓ。tuma₂。tumu₂。tum₂。tu₃。ur₈。ŋen。ŋim₆。ŋin。ša₄。še₁₃。ṭu₃,du,o0000149
𒁺𒁺,gidₓ。lah5。laha5。laha₅。lah₅。lalah2。lalah₂,du.du。lah5。laha5。lalah2。|du.du|,LAḪ5。lah5,du.du。gidₓ。laha₅。lah₅。lalah₂。|du.du|,DU.DU。LA4。LALAḪ2。LAḪ5。SU19。SUG10,ereₓ。erₓ。gidₓ。laha₅。lah₅。lalah₂。rahₓ。sugₓ。šuₓ,,
𒁺𒁺𒁺𒁺,lalahₓ,du.du.du.du。|du.du.du.du|,,du.du.du.du。lalahₓ。|du.du.du.du|,,lahₓ。lalahₓ。rahₓ。reₓ。subₓ。sugₓ。suₓ。šuₓ,,
𒁺𒄸,rig12。rige12。rige₁₂。rig₁₂,du.hub₂。rig12。rige12。|du.hub₂|,,du.hub₂。rige₁₂。rig₁₂。|du.hub₂|,,rige₁₂。rig₁₂,,
𒁻,la4。lah4。laha4。laha₄。lah₄。lalah。la₄。re7。re₇。ri7。ri₇。su8。sub2。sub₂。sug2。sug₂。sup2。sup₂。su₈,du%du。du&du。er₁₄。la4。lah4。laha4。re7。ri7。su8。sub2。sug2。sup2。|du&du|,DU&DU。LAḪ4。lah4。laḫ4。re7。re7#。su8。sug2,du%du。du&du。er₁₄。laha₄。lah₄。lalah。la₄。re₇。ri₇。sub₂。sug₂。sup₂。su₈。|du&du|,DUoverDU。LA4。LAḪ4。RE7。SU8。SUB2。SUG2。SUP2,er₁₄。laha₄。lah₄。lalah。la₄?。re₇。ri₇。sub₂。sug₂。sup₂?。su₈,er₁₄,o0000989
𒁻𒁻,lahₓ,du&du.du&du。|du&du.du&du|,,du&du.du&du。lahₓ。|du&du.du&du|,LALAḪ。LAḪ4.LAḪ4,lahₓ。rahₓ。reₓ。subₓ。sugₓ。suₓ。šuₓ,,
𒁼,gim5。gim₅。gir6。giri6。giri₆。gir₆。im5。im₅。iszdu。iszdumₓ。išdu。išdumₓ。kas5。kas₅。kim5。kim₅。suh6。suhusz。suhuš。suh₆。szuhusz。šuhuš,du@g。gim5。gir6。giri6。im5。iszdu。iszdumₓ。kas5。kim5。suh6。suhusz。suhuš⁻。szuhusz,DU@g。GIR6。SUHUSZ。SUḪUŠ。_suhusz_。suhusz。suhuš。suḫuš,du@g。gim₅。giri₆。gir₆。im₅。išdu。išdumₓ。kas₅。kim₅。suhuš。suhuš⁻。suh₆。šuhuš,DUgunû。GIM5。GIR6。GIRI6。IM5。KAS5。KIM5。SUḪ6。SUḪUŠ,%akk išdu。gim₅?。giri₆。gir₆。im₅?。išdumₓ。kas₅。kim₅。suhuš。suhuš⁻。suh₆。šuhuš,suhuš,o0000150
𒁼𒁼,gigri,du@g.du@g。|du@g.du@g|,,du@g.du@g。gigri。|du@g.du@g|,DUgunû.DUgunû。GIGRI。SUḪUŠ.SUḪUŠ,gigri,,
𒁽,gim4。gim₄。gir5。giri5。girim2。girim₂。giri₅。gir₅。im2。im₂。ka7。kaku。kamasz。kamaš。kas4。kasz4。kas₄。kaš₄。ka₇。kim4。kim₄。lāsimu。rim4。rim₄。ālik,barim。barim⁻。du@s。gim4。gir5。giri5。girim2。gir₅⁻。im2。im₂⁻。ka7。kamasz。kas4。kasz4。kaš₄⁻。kim4。parim。rim4,DU@s。GIR5。KAŠ4。RIM4。gir5。im2。kasz4。kaš4,barim。barim⁻。du@s。gim₄。girim₂。giri₅。gir₅。gir₅⁻。im₂。im₂⁻。kaku。kamaš。kas₄。kaš₄。kaš₄⁻。ka₇。kim₄。lāsimu。parim。rim₄。ālik,DUšeššig。GAN3。GANA3。GIM4。GIR5。GIRI5。GIRIM2。IM2。KA7。KAKU。KAMAŠ。KAS4。KAŠ4。KIM4。LAḪ7。RIM4,%akk/n lāsimu。%akk/n ālik。barim。barim⁻。gim₄。girim₂。giri₅。gir₅。gir₅⁻。im₂。im₂⁻。kaku。kamaš。kas₄。kaš₄。kaš₄⁻。ka₇。kim₄。lah₇。maškimₓ。parim。raₓ。rim₄,kas₄,o0000152
𒁽𒀀,gan3。gana3。gana₃。gan₃,du@s.a。gan3。gana3。|du@s.a|,,du@s.a。gana₃。gan₃。|du@s.a|,GANA3。KAŠ4.A,gana₃。gan₃,,
𒁽𒁽,gigri2。gigri₂。lah7。lah₇。rahₓ。reₓ,du@s.du@s。gigri2。lah7。|du@s.du@s|,,du@s.du@s。gigri₂。lah₇。rahₓ。reₓ。|du@s.du@s|,GIGRI2。KAŠ4.KAŠ4,gigri₂。lahₓ。rahₓ。reₓ。subₓ。sugₓ。suₓ。šuₓ,,
𒁾,"dab4。dab₄。deh。dehi。dih。dub。duba。dubba。dubu。dup。kiszib3。kišib₃。le'um。leʾum。mebulug3。mebulug₃。menbulug3。menbulug₃。mes2。mes₂。simig。szen4。t,ub。t,up。tehe。tehi。tub。tup。urud2。urudu2。urudu₂。urud₂。zamug。šen₄。ṭub。ṭup","dab4。kiszib3。kišeb。le'um。mebulug3。menbulug3。mes2。szen4。t,ub。t,up。urud2。urudu2","DUB。TUb。_kiszib3。dih。dub。dub#。kiszib3。kìšib。t,ub。t,up。tub。tup。ṭup",dab₄。deh。dehi。dih。dub。duba。dubba。dubu。dup。kišeb。kišib₃。leʾum。mebulug₃。menbulug₃。mes₂。simig。tehe。tehi。tub。tup。urudu₂。urud₂。zamug。šen₄。ṭub。ṭup,DAB4。DEḪ。DEḪI。DIḪ。DIḪI。DUB。DUBA。DUBBA。DUP。KIŠIB3。MEBULUG。MENBULUG。MES2。MIBULUG。MINBULUG。SAMAG。SAMAG2。SIMIG。SUMUG。SUMUG2。TAGA。TEḪI。TUB。TUP。URUDU2。ŠEN4。ŠUMUG。ṬUB。ṬUP,%akk leʾum。dab₄。deh。dehi。dih。dub。duba。dubba。dubu。dup。kešebₓ。kišeb。kišib₃。mebulug₃。menbulug₃。mes₂?。samag。simig。sumug。tehe。tehi。tub。tup。urudu₂。urud₂。zamug。šen₄。ṭub。ṭup,dub,o0000153
𒁾𒈨,,,,,DUB.ME。UMMEDA,None,,
𒁾𒉄,dibira。tabira。tebiru。tibira,dub.nagar。|dub.nagar|,TIBIRA。tib[ira]。tibira,dibira。dub.nagar。tabira。tebiru。tibira。|dub.nagar|,,dibira。tabira。tebiru。tibira,,
𒁿,gaz3。gaz₃,dub×eš₂。gaz3。|dub×eš₂|,,dub×eš₂。gaz₃。|dub×eš₂|,DUBxEŠ2,None,gaz₃,o0000999
𒂀,"dim5。dim₅。dub2。duba2。duba₂。dubu2。dubu₂。dub₂。dup2。dup₂。sagkurini。t,ub2。tig3。tig₃。tu16。tub2。tub₂。tup2。tup₂。tu₁₆。ṭub₂","dim5。dub2。duba2。dubu2。dup2。t,ub2。tig3。tu16。tub2。tup2",DUB₂。DÚB。dub2。dub₂。dúb。tig3。tub2。túb,dim₅。duba₂。dubu₂。dub₂。dup₂。sagkurini。tig₃。tub₂。tup₂。tu₁₆。ṭub₂,BULUG5。BUM2。DIM5。DUB2。DUP2。GUD10。GUDU10。LUMḪA。TU16。TUB2。TUP2。ṬUB2。ṬUP2,dim₅。duba₂。dubu₂。dub₂。dup₂。geštinₓ。sagkurini?。saŋkurini。tig₃。tub₂。tunₓ。tup₂。tu₁₆?。ŋeštinₓ。ṭub₂,sagkurini,o0000154
𒂀𒈜,,,,,DUB2.LUL。TEGI。TIGI。TIGU,None,,
𒂁,"dug。duk。duka。duq。ebir。epig2。epig₂。epir。gurun7。gurun₇。kurin。kurum10。kurum₁₀。kurun3。kurun₃。lit,2。liṭ₂。lud。lum3。lumu3。lumu₃。lum₃。lut。lut,。lut,u。lutu。luṭ。luṭu。s,urs,ub。si14。si₁₄。szikin2。tug3。tug₃。tuk3。tuk₃。tuq3。tuq₃。ulud。urrub。urs,ub。ursub。urzub。urṣub。zurzub。šikin₂。ṣurṣub","epig2。gurun7。kurum10。kurun3。lit,2。lum3。lumu3。lut,。lut,u。s,urs,ub。si14。szikin2。tug3。tuk3。tuq3。urs,ub","DUG。dug。duk。duq。gurun7。lud。lum3。lut。lut,。luṭ",dug。duk。duka。duq。ebir。epig₂。epir。gurun₇。kurin。kurum₁₀。kurun₃。liṭ₂。lud。lumu₃。lum₃。lut。lutu。luṭ。luṭu。si₁₄。tug₃。tuk₃。tuq₃。ulud。urrub。ursub。urzub。urṣub。zurzub。šikin₂。ṣurṣub,BIxA。DUG。DUK。DUQ。EBIR。EPIG2。EPIR。GURUN7。KURUM10。KURUN3。LIṬ2。LUD。LUM3。LUMU3。LUT。LUTU。LUṬ。LUṬU。SI14。TUG3。TUK3。TUQ3。ULUD。URRUB。URSUB。URZUB。ZURZUB。ŠIKIN。ŠIKIN2。ṬUG。ṬUK,biₓ。dug。duk。duka。duq。ebir。epig₂?。epir。gurinₓ。gurun₇。guruₓ。kurin。kurum₁₀。kurun₃。liṭ₂。lud。lumu₃。lum₃。lut。lutu。luṭ。luṭu。si₁₄。tug₃。tuk₃。tuq₃。ulud。urrub。ursub。urzub。urṣub。zurzub。šikin₂。ṣurṣub,lut,o0000155
𒂁𒁓,,dug.bur。|dug.bur|,,dug.bur。|dug.bur|,,baharₓ,,
𒂁𒂁,,dug.dug。|dug.dug|,,dug.dug。|dug.dug|,,lumₓ,,
𒂁𒋡𒁓𒈾,bahar5。bahar₅,bahar5。dug.sila₃.bur.na。|dug.sila₃.bur.na|,,bahar₅。dug.sila₃.bur.na。|dug.sila₃.bur.na|,BAḪAR5。DUG.SILA3.BUR.NA,bahar₅,,
𒂂,dugud。duguda。duguₓ。dukudₓ。gi25。gi₂₅。kaptu。qaptu。ŋi25。ŋi₂₅,gi25。ŋi25,DUGUD。dugud,dugud。duguda。duguₓ。dukudₓ。gi₂₅。kaptu。qaptu。ŋi₂₅,DUGUD。GI25。KAPTU。QAPTU,dugud。duguda。duguₓ。dukudₓ。geₓ。gi₂₅?。kaptu。muruₓ。qaptu。ŋi₂₅,dugud,o0000156
𒂃,,,DUH。DUḪ。DUḪ;,,DAḪ2。DU8。DUDDA。DUḪ。PITRU。TAḪ2。TU24。TUḪ。TUḪU。ṬAḪ2。ṬU5。ṬUḪ,duh。du₈。tuh,nan,o0000157
𒂄,du24。dun。duna。dur9。duru9。duru₉。dur₉。du₂₄。sah3。sah₃。su17。sul。su₁₇。szah2。szahan3。szul。tun4。tun₄。zu7。zu₇。šahan₃。šah₂。šul,attinger。du24。dur9。duru9。sah3。su17。szah2。szahan3。szul。tun4。zu7。šaha₂,DUN。[š]ul。_szah2_。dun。dur9。sul。szah2。szul。száh。zu7。ŠUL。ŠÁH。šah2。šaḫ2。šaḫ₂。šul,attinger。dun。duna。duru₉。dur₉。du₂₄。sah₃。sul。su₁₇。tun₄。zu₇。šahan₃。šaha₂。šah₂。šul,DU24。DUN。DUR9。DURU9。SAḪ3。SU17。SUL。TUN4。ZEZE2。ZU7。ZUL。ŠAḪ2。ŠAḪAN3。ŠUL,dun。duna。duru₉。dur₉。du₂₄。sah₃?。sul。su₁₇。tun₄。zahₓ。zehₓ。zu₇。šahan₃。šaha₂。šah₂。šul。šuluₓ,duna,o0000158
𒂄𒉈𒌉,zahdaₓ,dun.ne.tur。|dun.ne.tur|,,dun.ne.tur。zahdaₓ。|dun.ne.tur|,,zahdaₓ,,
𒂄𒌉,,dun.tur。|dun.tur|,,dun.tur。|dun.tur|,,zahdaₓ,,
𒂅,"du5。dug5。dug₅。dun3。dun₃。du₅。su18。sug5。sug₅。su₁₈。t,u。tu18。tug8。tug₈。tun3。tuna3。tuna₃。tun₃。tu₁₈。ṭu","du5。dug5。dun3。dun₃⁺。du₅⁺。su18。sug5。t,u。tu18。tug8。tun3。tuna3。tun₃⁺","DUN₃。TUN3。TÙN。du5。du5+。dug5。dun3。dun₃。t,u。tun3。tùn。ṭu",dug₅。dun₃。dun₃⁺。du₅。du₅⁺。sug₅。su₁₈。tug₈。tuna₃。tun₃。tun₃⁺。tu₁₈。ṭu,AGA3。DU5。DUG5。DUN3。GE11。GI11。GIG4。GIM2。GIN2。PUŠ4。SU14。SU18。SUG5。SUK5。TU18。TUG8。TUN3。ṬU。ṬUN,dug₅。dulₓ。dun₃。dun₃⁺。du₅。du₅⁺。ginₓ。sug₅。su₁₈。tug₈。tuna₃。tun₃。tun₃⁺。tu₁₈。ṭu,du₅,o0000160
𒂆,aga3。aga₃。aŋa3。aŋa₃。ge11。ge₁₁。gi11。gig4。gig₄。gim2。gim₂。gin2。gina2。gina₂。gin₂。giŋ4。giŋ₄。gi₁₁。pusz4。puš₄,aga3。aŋa3。dun₃@g。ge11。gi11。gig4。gim2。gin2。gina2。giŋ4。pusz4,AGA3。GIN2。GÍM。GÍN。_aga3。_gin2。aga3。aĝa3。gig4。gij4。gim2。gin2。gin₂。giĝ4。gín。àga,aga₃。aŋa₃。dun₃@g。ge₁₁。gig₄。gim₂。gina₂。gin₂。giŋ₄。gi₁₁。puš₄,AGA。AGU。DUN3gunû。IR17。MER。MERE。MIGIR。MIR。MIRI。NIGIR。NIMGIR。TEN3。TIN3。UKU,aga₃。aŋa₃。ge₁₁?。gig₄?。gim₂。gina₂。gin₂。giŋ₄。gi₁₁?。puš₄,aga₃,o0000161
𒂆𒍑,aga-us2。aga-us₂。uku-usz。uku-uš,aga-us2。dun₃@g.uš。uku-usz。|dun₃@g.uš|,,aga-us₂。dun₃@g.uš。uku-uš。|dun₃@g.uš|,MIR.UŠ。UKUŠ,aga-us₂。uku-uš,,
𒂇,aga。agu。ir17。ir₁₇。mer。mere。migir。mir。miri。nigir。nimgir。nimirₓ。niŋir。ten3。ten₃。tin3。tin₃。uku,dun₃@g@g。ir17。ten3。tin3,AGA。Aga。MIR。NIMGIR。aga。m[i]r。mer。mir。miri。nigir。nijir。nimgir,aga。agu。dun₃@g@g。ir₁₇。mer。mere。migir。mir。miri。nigir。nimgir。nimirₓ。niŋir。ten₃。tin₃。uku,DUN3gunûgunû。seeMIR,aga。agu。ir₁₇。mer。mere。migir。mir。miri。nigir。nimgir。nimirₓ。niŋir。ten₃。tin₃。uku,aga,o0000162
𒂇𒍑,ukusz。ukuš,dun₃@g@g.uš。ukusz。|dun₃@g@g.uš|,,dun₃@g@g.uš。ukuš。|dun₃@g@g.uš|,,ukuš,,
𒂇𒍝,nirₓ,dun₃@g@g.za。|dun₃@g@g.za|,,dun₃@g@g.za。nirₓ。|dun₃@g@g.za|,,nirₓ,,
𒂈,dul4。dul₄。dun4。dun₄。migir2。migir₂。nigir2。nigir₂。nimgir2。nimgir₂。niŋir2。niŋir₂。szudun4。szutul4。szutun4。tul6。tul₆。šudun₄。šutul₄。šutun₄,dul4。dun4。migir2。nigir2。nimgir2。niŋir2。szudun4。szutul4。szutun4。tul6,DUN4。dun4。nigir2。szudun4。szutul4,dul₄。dun₄。migir₂。nigir₂。nimgir₂。niŋir₂。tul₆。šudun₄。šutul₄。šutun₄,DUL4。DUN4。MIGIR2。MIRšeššig。NIGIR2。NIMGIR2。TUL6。URgunûšeššig。ŠUDUL4。ŠUDUN4。ŠUTUL4。ŠUTUN4,dul₄。dun₄。migir₂。nigir₂。nimgir₂。niŋir₂。tul₆。šudul₄。šudun₄。šutul₄。šutun₄,dul₄,o0000164
𒂉,"dur2。duru2。durum2。durum₂。durun。duruna。duru₂。dur₂。t,ur2。tur7。tur₇。ṭur₂","dur2。duru2。durum2。t,ur2。tur7",DÚR。dur2。dúr,durum₂。durun。duruna。duru₂。dur₂。tur₇。ṭur₂,DUR2,durum₂。durun。duruna。duru₂。dur₂。dur₂?。tur₇。ṭur₂,dur₂,o0000165
𒂉𒂉,,dur₂.dur₂。|dur₂.dur₂|,,dur₂.dur₂。|dur₂.dur₂|,,durunₓ,,
𒂉𒇽,,dur₂&lu₂,,dur₂&lu₂,,,,
𒂊,e。eg2。eg₂。eki。i15。ig2。ig₂。i₁₅。yi3。yi₃,eg2。i15。ig2。yi3, e。E。[e。[e?]。[e]。_E。_e。e。e]。e_。eg2。eki。i15。ég,e。eg₂。eki。ig₂。i₁₅。yi₃,E。EG2。EKI。I15。IG2。II3。JI3,e。eg₂。eki。ig₂。i₁₅?。paₓ。yi₃。šuruₓ,e,o0000166
𒂊𒋤𒄽,kuru,e.sud.hub₂×ud。|e.sud.hub₂×ud|,,e.sud.hub₂×ud。kuru。|e.sud.hub₂×ud|,,kuru。šuruₓ,,
𒂊𒌈,gur21。guru21。guru₂₁。gur₂₁。kur14。kuru14。kurul14。kurul₁₄。kuru₁₄。kur₁₄,e.tum。gur21。guru21。kur14。kuru14。kurul14。|e.tum|,,e.tum。guru₂₁。gur₂₁。kurul₁₄。kuru₁₄。kur₁₄。|e.tum|,E.TUM。GURU21。KURU14,guru₂₁。gur₂₁。kurul₁₄。kuru₁₄。kur₁₄。šuruₓ,,
𒂊𒌈𒃡,kurulₓ,e.tum.ga₂×nun&nun。|e.tum.ga₂×nun&nun|,,e.tum.ga₂×nun&nun。kurulₓ。|e.tum.ga₂×nun&nun|,,guruₓ。kurulₓ,,
𒂋,,e×pap。|e×pap|,,e×pap。|e×pap|,ExPAP,paₓ,nan,o0001123
𒂌,hilibu,e&e.nun&nun。|e&e.nun&nun|,(hilibu)。hilibu,e&e.nun&nun。hilibu。|e&e.nun&nun|,EoverE.NUNoverNUN。ḪILIBU,hilibu,hilibu,o0001040
𒂍,"'a3。a'3。a14。aʾ₃。a₁₄。bed。bet。betu。bid。bit。bit,。biti。bitu。biṭ。bītu。e'3。e2。eʾ₃。e₂。iski。pet。pid。pit。pit,。piṭ。ʾa₃","'a3。a'3。a14。bit,。e'3。e2。pit,", e2。'a3。<e2>。Bit。E2。E₂。[e2]。[é]。_e2。_e2_。bet。bid。bit。bit]。bitu。biṭ。e2。e2#。e2_。e₂。pid。pit。É。é,aʾ₃。a₁₄。bed。bet。betu。bid。bit。biti。bitu。biṭ。bītu。eʾ₃。e₂。iski。pet。pid。pit。piṭ。ʾa₃,A14。A3’。BET。BETU2。BID。BIT。BITI。BIṬ。BĒTU。E2。E3’。MET2。MID2。PET。PI11。PID。PIT。PIṬ。’A3。’E3,%akk/n bītu。aʾ₃。a₁₄。bed。bet。betu。bid。bit。biti。bitu。bitum。biṭ。eʾ₃。e₂。iski。maₓ。pet。pid。pit。piṭ。ŋaₓ。ʾa₃,bed,o0000180
𒂍𒀀,e'i。e'u。eduruₓ。eʾi。eʾu,e'i。e'u。e₂.a。|e₂.a|,,eduruₓ。eʾi。eʾu。e₂.a。|e₂.a|,DURU7。E2.A,eduruₓ。eʾi。eʾu,,
𒂍𒀭𒊺𒉀,,e₂.an.še.naga。|e₂.an.še.naga|,,e₂.an.še.naga。|e₂.an.še.naga|,,xingaraₓ,,
𒂍𒄀𒈾𒀊𒄭,,e₂.gi.na.ab.hi。|e₂.gi.na.ab.hi|,,e₂.gi.na.ab.hi。|e₂.gi.na.ab.hi|,,šutumₓ,,
𒂍𒄀𒈾𒀊𒌈,,e₂.gi.na.ab.tum。|e₂.gi.na.ab.tum|,,e₂.gi.na.ab.tum。|e₂.gi.na.ab.tum|,,šutumₓ,,
𒂍𒄀𒈾𒀊𒌋𒄞,,e₂.gi.na.ab.u.gud。|e₂.gi.na.ab.u.gud|,,e₂.gi.na.ab.u.gud。|e₂.gi.na.ab.u.gud|,,,,
𒂍𒄑𒌆𒉿𒀭𒊺𒉀,...ingara,e₂.giš.tug₂.pi.an.še.naga。|e₂.giš.tug₂.pi.an.še.naga|,,...ingara。e₂.giš.tug₂.pi.an.še.naga。|e₂.giš.tug₂.pi.an.še.naga|,,xingaraₓ,,
𒂍𒆠𒋧𒂵,...la。eurre,e₂.ki.sum.ga。|e₂.ki.sum.ga|,,...la。eurre。e₂.ki.sum.ga。|e₂.ki.sum.ga|,,eurre。xlaₓ,,
𒂍𒆳𒁁,arala。arali,e₂.kur.bad。|e₂.kur.bad|,arali,arala。arali。e₂.kur.bad。|e₂.kur.bad|,ARALA。ARALI。E2.KUR.BAD,arala。arali,,
𒂍𒈂𒀀,[...]ennu,[...]ennu。e₂.lu₂×gan₂@t.a。|e₂.lu₂×gan₂@t.a|,,e₂.lu₂×gan₂@t.a。|e₂.lu₂×gan₂@t.a|,,xennuₓ,,
𒂍𒈪,,e₂.mi。|e₂.mi|,,e₂.mi。|e₂.mi|,,itimaₓ,,
𒂍𒉣,agrun。agrunaₓ。agruₓ。e2-gar6。e₂-gar₆,e2-gar6。e₂.nun。|e₂.nun|,agrun,agrun。agrunaₓ。agruₓ。e₂-gar₆。e₂.nun。|e₂.nun|,AGRUN。E2.GAR6。E2.NUN,agrun。agrunaₓ。agruₓ。e₂-gar₆,,
𒂍𒊩,ameₓ,amaₓ。e₂.sal。|e₂.sal|,,amaₓ。ameₓ。e₂.sal。|e₂.sal|,,amaₓ。ameₓ,,
𒂍𒊺,,asaŋ。e₂.še。|e₂.še|,,asaŋ。e₂.še。|e₂.še|,,asaŋ。esagₓ。esaŋₓ,,
𒂍𒋞,egar。igar。ingar,eŋar。e₂.sig₄。|e₂.sig₄|,,egar。eŋar。e₂.sig₄。igar。ingar。|e₂.sig₄|,E2.GAR8。E2.SIG4。EGAR。IGAR。INGAR,egar。eŋar。igar。ingar,,
𒂍𒍑𒁍𒁕,arah4。araha。arah₄。aszlug。ašlug,arah4。aszlug。e₂.uš.bu.da。|e₂.uš.bu.da|,araḫ4,araha。arah₄。ašlug。e₂.uš.bu.da。|e₂.uš.bu.da|,ARAḪ4。AŠLUG。E2.UŠ.BU.DA,araha。arah₄。ašlug,,
𒂎,,e₂×(a.ha.da)。|e₂×(a.ha.da)|,,e₂×(a.ha.da)。|e₂×(a.ha.da)|,E2xA.ḪA.DA。EDAKUA,edakuaₓ,nan,o0001154
𒂏,egaraₓ。eŋaraₓ,e₂×gar。|e₂×gar|,,egaraₓ。eŋaraₓ。e₂×gar。|e₂×gar|,E2xGAR。E2xNIG2。EGARA。GALGA。IŠḪARA。IŠḪURU。MALGA,egaraₓ。eŋaraₓ。ŋalgaₓ。ŋargaₓ,egaraₓ,o0001156
𒂐,gagigₓ。itimaₓ,e₂×mi。|e₂×mi|,,e₂×mi。gagigₓ。itimaₓ。|e₂×mi|,E2xMI。GAGIG。IDI。ITIMA。UTIMA,gagigₓ。itimaₓ。niŋinₓ,gagigₓ,o0001158
𒂑,amaₓ。arhuszₓ。arhušₓ,amaₓ。arhuszₓ。arhušₓ。e₂×sal。ur₁₄。|e₂×sal|,,e₂×sal。ur₁₄。|e₂×sal|,AMA5。AME2。ARḪUŠ。E2xMUNUS。E2xSAL。UR14。UŠ3。ŠAL4,amaₓ。ameₓ。arhušₓ。emeₓ。urₓ。ušₓ。xₓ,ur₁₄,o0001160
𒂒,esagₓ。usiₓ,e₂×še。|e₂×še|,,esagₓ。e₂×še。usiₓ。|e₂×še|,E2xŠE。ESAG2,arahₓ。asaŋₓ。esagₓ。esaŋₓ。usiₓ,esagₓ,o0001162
𒂓,sadₓ。ulaₓ,e₂×u。|e₂×u|,,e₂×u。sadₓ。ulaₓ。|e₂×u|,E2xU,dagₓ。sadₓ。ulaₓ,sadₓ,o0001161
𒂔,bilₓ。bir4。bir₄。dinₓ。eden。edena。edimₓ。edin。edina。eru5。erua2。erua₂。eru₅。idenₓ。la8。la₈。rabita。ri10。ribₓ。ri₁₀。ru6。ru₆,bir4。eru5。erua2。la8。ri10。ru6,EDIN。Edin。bir4。eden。edin。ru6,bilₓ。bir₄。dinₓ。eden。edena。edimₓ。edin。edina。erua₂。eru₅。idenₓ。la₈。rabita。ribₓ。ri₁₀。ru₆,BIR4。EDEN。EDIN。ERU5。ERUA2。LA8。RABITA。RI10。RU6。ṢERI。ṢERU,bilₓ。bir₄。dinₓ。eden。edena。edimₓ。edin。edina。erua₂。eru₅。girₓ。gurₓ。idenₓ。idinₓ。la₈。rabita。ribₓ。ri₁₀?。ru₆,rabita,o0000167
𒂔𒀀,,edin.a。|edin.a|,,edin.a。|edin.a|,,ummuₓ,,
𒂔𒀀𒇲,,edin.a.lal。|edin.a.lal|,,edin.a.lal。|edin.a.lal|,,ummuₓ,,
𒂔𒇲𒀀,,edin.lal.a。|edin.lal.a|,,edin.lal.a。|edin.lal.a|,,ummuₓ,,
𒂕,eger。egera。egir。eŋer。eŋera。eŋir。lumhaₓ。tum13。tum₁₃,tum13, ejer。 eĝer。EGIR。_egir_。eger。egir。ejer。eĝer,eger。egera。egir。eŋer。eŋera。eŋir。lumhaₓ。tum₁₃,EGER。EGERA。EGIR。EGIRA。LUMḪA2,eger。egera。egir。eŋer。eŋera。eŋir。lumhaₓ。sangaₓ。tum₁₃。zibₓ,eger,o0000168
𒂖,dam0。dam₀。el。ele2。ele₂。esz14。eš₁₄。il5。ili5。ili₅。il₅。ram0。ram₀。sikil,dam0。ele2。esz14。il5。ili5。ram0,EL。SIKIL。el。il5。sikil。sikil_,dam₀。el。ele₂。eš₁₄。ili₅。il₅。ram₀。sikil,EL。ELE2。EŠ14。IL5。ILI5。SIKIL,dam₀。el。ele₂。eš₁₄。ili₅。il₅。ram₀。sikil,el,o0000170
𒂗,adₓ。amₓ。en。ena。eni。enu。in4。in₄。ru12。ru₁₂。uru16。urunₓ。uru₁₆,in4。ru12。uru16, en。EN。En。_en_。e[n。en。en:。ru12。ru₁₂。uru16。uru₁₆。⸢EN⸣,adₓ。amₓ。en。ena。eni。enu。in₄。ru₁₂。urunₓ。uru₁₆,EN。ENI。ENU。IN4。RU12。URU16,adₓ。amₓ。en。ena。eni。enu。in₄。ru₁₂。urunₓ。uru₁₆。urₓ。ʾeₓ。ʾuₓ,en,o0000173
𒂗𒁶,,en.dim₂.gig。enegir₃。enegi₃。ennigi₃。|en.dim₂.gig|,,en.dim₂.gig。enegir₃。enegi₃。ennigi₃。|en.dim₂.gig|,,,,
𒂗𒁶.x,enegi3。enegir3。enegir₃。enegi₃。ennigi3。ennigi₃,enegi3。enegir3。enegir₃。enegi₃。ennigi3。ennigi₃,,,,,,
𒂗𒄀,engizₓ,en.gi。|en.gi|,,en.gi。engizₓ。|en.gi|,,enegiₓ。engizₓ,,
𒂗𒆠,tungal2。tungal₂。tunŋal2。tunŋal₂,en.ki。tungal2。tunŋal2。|en.ki|,,en.ki。tungal₂。tunŋal₂。|en.ki|,,tungal₂。tunŋal₂,,
𒂗𒆤,ellil。en-lil2。en-lil₂。illil。nibri。nibru,en-lil2。en.kid。|en.kid|,nibru。nibru!,ellil。en-lil₂。en.kid。illil。nibri。nibru。|en.kid|,ELLIL。EN.KID。ILLIL。NIBRI。NIBRU,ellil。en-lil₂。illil。nibri。nibru,,
𒂗𒆪𒀀,mudru2。mudru₂,en.ku.a。mudru2。|en.ku.a|,,en.ku.a。mudru₂。|en.ku.a|,,mudru₂,,
𒂗𒇷,,en.li。|en.li|,,en.li。|en.li|,,ensiₓ,,
𒂗𒈦𒆕,maszda4。mašda₄,en.maš.kak。maszda4。|en.maš.kak|,,en.maš.kak。mašda₄。|en.maš.kak|,EN.MAŠ.GAG。MAŠDA4,mašda₄,,
𒂗𒈨𒀜𒆬,szennu。šennu,en.me.ad.ku₃。szennu。|en.me.ad.ku₃|,,en.me.ad.ku₃。|en.me.ad.ku₃|。šennu,EN.ME.AD.KUG。ŠENNU,šennu,,
𒂗𒈨𒀭𒈹,ukurrim,en.me.an.muš₃。|en.me.an.muš₃|,,en.me.an.muš₃。ukurrim。|en.me.an.muš₃|,EN.ME.AN+MUŠ3。EN.ME.AN.MUŠ3。UKURIN。UKURRIM,ukurrim,,
𒂗𒈨𒄀,engiz,en.me.gi。|en.me.gi|,engiz,en.me.gi。engiz。|en.me.gi|,EN.ME.GI。ENGIMA。ENGIZ,engiz,,
𒂗𒈨𒇬,murub3。murub₃,en.me.lagar。murub3。|en.me.lagar|,,en.me.lagar。murub₃。|en.me.lagar|,EN.ME.LAGAR。MURUB3,murub₃,,
𒂗𒈨𒇷,ensi。szeszlam2。šešlam₂,en.me.li。szeszlam2。|en.me.li|,ensi,en.me.li。ensi。|en.me.li|。šešlam₂,EN.ME.LI。ENSI。INSI。ŠEŠLAM2,ensi。šešlam₂,,
𒂗𒈨𒈬,endub,en.me.mu。|en.me.mu|,,en.me.mu。endub。|en.me.mu|,EN.ME.MU。ENDIB。ENDUB,endib。endub,,
𒂗𒈨𒍣𒀭𒈾,endib,en.me.zi.an.na。|en.me.zi.an.na|,,en.me.zi.an.na。endib。|en.me.zi.an.na|,,endibₓ,,
𒂗𒉡𒉭𒍣𒀭𒌓,,en.nu.nunuz.zi.an.ud。|en.nu.nunuz.zi.an.ud|,,en.nu.nunuz.zi.an.ud。|en.nu.nunuz.zi.an.ud|,,nunuzziₓ,,
𒂗𒉭𒁶,ennigi2。ennigi₂,en.nunuz.dim₂。ennigi2。|en.nunuz.dim₂|,,en.nunuz.dim₂。ennigi₂。|en.nunuz.dim₂|,EN.NUNUZ.GIM。ENEGI2。ENNIGI2,ennigi₂,,
𒂗𒉭𒍣𒀭𒋀𒆠,zirru,en.nunuz.zi.an.šeš.ki。|en.nunuz.zi.an.šeš.ki|,,en.nunuz.zi.an.šeš.ki。zirru。|en.nunuz.zi.an.šeš.ki|,EN.NUNUZ.ZI.AN.ŠEŠ.KI。ZIRRU,zirru,,
𒂗𒉭𒍣𒀭𒌓,nunuzzi。nunuzziₓ。nuzzi,en.nunuz.zi.an.ud。|en.nunuz.zi.an.ud|,,en.nunuz.zi.an.ud。nunuzzi。nunuzziₓ。nuzzi。|en.nunuz.zi.an.ud|,EN.NUNUZ.ZI.AN.UD。NUNUZZI,nunuzzi。nuzzi,,
𒂗𒉽𒅊𒉣𒈨𒂬,enkum,en.pap.igi@g.nun.me.ezen×kaskal。|en.pap.igi@g.nun.me.ezen×kaskal|,enkum,en.pap.igi@g.nun.me.ezen×kaskal。enkum。|en.pap.igi@g.nun.me.ezen×kaskal|,EN.PAB.SIG7.NUN.ME.UBARA。ENKUM,enkum。isimudₓ,,
𒂗𒊩𒈨𒉭𒍣𒀭𒋀𒆠,zirruₓ,en.sal.me.nunuz.zi.an.šeš.ki。|en.sal.me.nunuz.zi.an.šeš.ki|,,en.sal.me.nunuz.zi.an.šeš.ki。zirruₓ。|en.sal.me.nunuz.zi.an.šeš.ki|,,zirruₓ,,
𒂗𒋀,suruen,en.šeš。|en.šeš|,,en.šeš。suruen。|en.šeš|,,suruen,,
𒂗𒋾,ebeh。ebih,en.ti。|en.ti|,,ebeh。ebih。en.ti。|en.ti|,EBIḪ。EN.TI,ebeh。ebih,,
𒂗𒍪,sin3。sin₃。suen。suena。tungal。zuen。zuena,en.zu。sin3。|en.zu|,Suen。suen。zuen,en.zu。sin₃。suen。suena。tungal。zuen。zuena。|en.zu|,EN.ZU。SIN3。SUEN。SUENA。ZUEN。ZUENA,sin₃。suen。suena。tungal。zuen。zuena,,
𒂘,,en×gan₂,,en×gan₂,BAR12。BAR8。BUR14。BURU14。BURU15。EBUR。ENKAR。ENKARA。ENxGAN2。GEŠŠIR。GIŠŠIR。RU13。SIBIR2。SULLIM。ŠIBIR2,šibirₓ,nan,o0001079
𒂙,bar8。bar₈。bur14。buru14。buru₁₄。bur₁₄。ebur。eburuₓ。enkar。enkara。eszgiri2。eszkiri2。ešgiri₂。eškiri₂。geszszir。geššir。giszszir。giššir。ru13。ru₁₃。sibir2。sibir₂。sullim。szibir2。ŋeszszir。ŋeššir。ŋiszszir。ŋiššir。šibir₂,bar8。bur14。buru14。en×gan₂@t。en×kar₂。eszgiri2。eszkiri2。geszszir。giszszir。ru13。sibir2。szibir2。|en×gan₂@t|。ŋeszszir。ŋiszszir,BURU14。_buru14。_buru14_。buru14。enkar。eškiri2。sibir2,bar₈。buru₁₄。bur₁₄。ebur。eburuₓ。enkar。enkara。en×gan₂@t。en×kar₂。ešgiri₂。eškiri₂。geššir。giššir。ru₁₃。sibir₂。sullim。|en×gan₂@t|。ŋeššir。ŋiššir。šibir₂,BAR12。BAR8。BUR14。BURU14。BURU15。EBUR。ENKAR。ENKARA。ENxGAN2tenû。ENxKAR2。GEŠŠIR。GIŠŠIR。RU13。SIBIR2。SULLIM。ŠIBIR2,bar₈。buru₁₄。bur₁₄。ebur。eburuₓ。enkar。enkara。ešgiri₂。eškiri₂。geššir。giššir。ru₁₃。sibir₂。sullim。ŋeššir。ŋiššir。šibir₂?,enkar,o0001078
𒂚,enme。ensi3。ensi₃,ensi3。en×me。|en×me|,ENME。enme。ensi3。ènsi,enme。ensi₃。en×me。|en×me|,ENME。ENxME,enme。ensi₃,enme,o0001083
𒂚𒄀,engiz2。engiz₂,engiz2。en×me.gi。|en×me.gi|,,engiz₂。en×me.gi。|en×me.gi|,ENGIZ2。ENME.GI。ENxME.GI,None,,
𒂚𒇷,,,,,ENME.LI。ENSI3。ENxME.LI。INSI3,None,,
𒂛,adamen5。adamen₅。adamin5。adamin₅。dalhamun2。dalhamun₂。merimer。merimeri。mermer。mermeri。nigir3。nigir₃。nimgigri。nimgirgirri。urbigu2。urbigu₂。urbingu2。urbingu₂,adamen5。adamin5。dalhamun2。en%en。nigir3。urbigu2。urbingu2。|en%en|,EN%EN。adamin5,adamen₅。adamin₅。dalhamun₂。en%en。merimer。merimeri。mermer。mermeri。nigir₃。nimgigri。nimgirgirri。urbigu₂。urbingu₂。|en%en|,ADAMEN5。ADAMIN5。DALḪAMUN2。ENcrossingEN。MERIMER。MERIMERI。MERMER。MERMERI。NIGIR3。NIMGIGRI。NIMGIRGIRRI。RIḪAMUN2。URBIGU2。URBINGU2,adamen₅。adamin₅。akarₓ。dalhamun₂。hamunₓ。mereₓ。merimer。merimeri。mermer。mermeri。nigir₃。nimgigri?。nimgirgirri。urbigu₂。urbingu₂,adamen₅,o0001048
𒂛𒅐,dalhamun3。dalhamun₃。nimgigri2。nimgigri₂。nimgirgirri2。nimgirgirri₂,dalhamun3。en%en.im%im。nimgigri2。nimgirgirri2。nimŋirŋirri₂。|en%en.im%im|,,dalhamun₃。en%en.im%im。nimgigri₂。nimgirgirri₂。nimŋirŋirri₂。|en%en.im%im|,DALḪAMUN3。ENcrossingEN.IMcrossingIM。GAŠMU。NIMGIGRI2。NIMGIRGIRRI2。RIḪAMUN3,dalhamun₃。nimgigri₂。nimgirgirri₂。nimŋirŋirri₂,,
𒂜,adaminₓ,en@en。|en@en|,EN@EN,adaminₓ。en@en。|en@en|,ENopposingEN,adaminₓ,adaminₓ,o0001077
𒂝,merimer2。merimeri2。merimeri₂。merimer₂。mermer2。mermeri2。mermeri₂。mermer₂,4×en。merimer2。merimeri2。mermer2。mermeri2。|4×en|,,4×en。merimeri₂。merimer₂。mermeri₂。mermer₂。|4×en|,ENsquared。MERIMER2。MERIMERI2。MERMER2。MERMERI2,merimeri₂。merimer₂。mermeri₂。mermer₂,merimer₂,o0000646
𒂞,eren。erena。erin。erina。sze22。szesz4。šeš₄。še₂₂,sze22。szesz4,EREN。ERIN。eren。erin。sze22。szesz4。še22。šeš4,eren。erena。erin。erina。šeš₄。še₂₂,EREN。ERENA。ERIN。ERINA。SIG2.NUN。ŠE22。ŠEŠ4,eren。erena。erin。erina。inšušinaₓ。suₓ。šeš₄。še₂₂。šurmenₓ,erin,o0000174
𒂞𒈶,,erin×muš&muš,,erin×muš&muš,,,,
𒂞𒋗𒈨,,eren.šu.me。|eren.šu.me|,,eren.šu.me。|eren.šu.me|,,šurmenₓ,,
𒂟,"bir3。bir₃。erem。eren2。erena2。erena₂。eren₂。erim。erin2。erina2。erina₂。erin₂。hisz3。hiš₃。lah2。lah₂。lih2。lih₂。nura。nuri。nuru。par5。par₅。per2。per₂。pir2。pir₂。rin2。rina2。rina₂。rin₂。s,ab。s,ap。s,apa。s,ābu。sap2。sap₂。tam5。tam₅。udaₓ。zab。zalag2。zalag₂。zap。ṣab。ṣap。ṣapa。ṣābu","bir3。eren2。erena2。erin2。erina2。hisz3。lah2。lak280。lak527。lak₅₂₇。lih2。par5。per2。pir2。rin2。rina2。s,ab。s,ap。s,apa。s,ābu。sap2。tam5。zalag2"," erin2。ERIM。ERIN2。PÍR。_erin2_。eren2。erim。erin2。erín。lah2。lih2。líḫ。par5。per2。pir2。pír。rin2。rín。s,ab。s,ap。surx(ERIM)。zalag2。zálag。ÉRIN。ṣab",bir₃。erem。erena₂。eren₂。erim。erina₂。erin₂。hiš₃。lah₂。lak280。lak527。lak₅₂₇。lih₂。nura。nuri。nuru。par₅。per₂。pir₂。rina₂。rin₂。sap₂。tam₅。udaₓ。zab。zalag₂。zap。ṣab。ṣap。ṣapa。ṣābu,BIR3。EREM。EREN2。ERIM。ERIN2。LAḪ2。LIḪ2。NURA。NURI。NURU。NŪRA。NŪRI。NŪRU。PAR5。PER2。PIR2。PUR2。RIN2。RINA2。SAP2。TAM5。ZAB。ZALAG2。ZALAGA2。ZAP。ḪIŠ3。ṢAB。ṢAP。ṢAPA,%akk/n ṣābu。erem。erena₂。eren₂。erim。erina₂。erin₂。nura。nuri。nuru。rina₂。rin₂。sap₂。sigₓ。surₓ。zab。zalag₂。zap。ṣab。ṣap。ṣapa,nuri,o0000175
𒂟𒈾,urume,erin₂.na。|erin₂.na|,,erin₂.na。urume。|erin₂.na|,,urume,,
𒂠,"ege。eger2。eger₂。egi。egir2。egir₂。esz2。esze2。eše₂。eš₂。ge7。ger15。ger₁₅。ge₇。gi7。gir15。gir₁₅。gi₇。hug。hun。huŋ。isz9。izid。iš₉。nah2。nah₂。s,i9。sza16。sze3。szi4。szu3。ub2。uba2。uba₂。ub₂。up2。up₂。ŋe7。ŋer15。ŋer₁₅。ŋe₇。ŋi7。ŋir15。ŋir₁₅。ŋi₇。ša₁₆。še₃。ši₄。šu₃。ṣi₉","eger2。egir2。esz2。esze2。eš₂@90。eš₂@t。ge7。ger15。gi7。gir15。isz9。nah2。s,i9。sza16。sze3。szi4。szu3。ub2。uba2。up2。ŋe7。ŋer15。ŋi7。ŋir15。še₃@90",GI7。GIR15。GI₇。HUN。SZE3。egi。egir2。esz2。esze2。eš2。eše2。eš₂。gi7。gir15。huj。hun。huĝ。isz9。sze3。szu3。szè。ub2。ub₂。éš。úb。ĝir15。ŠÈ。še3。še3]。še₃。šè。ḪUN。ḫuĝ,ege。eger₂。egi。egir₂。eše₂。eš₂。eš₂@90。eš₂@t。ger₁₅。ge₇。gir₁₅。gi₇。hug。hun。huŋ。izid。iš₉。nah₂。uba₂。ub₂。up₂。ŋer₁₅。ŋe₇。ŋir₁₅。ŋi₇。ša₁₆。še₃。še₃@90。ši₄。šu₃。ṣi₉,1/6。60。EGE。EGER2。EGI。EGIR2。EŠ2。EŠE2。GE7。GER15。GI7。GIR15。IŠ9。NAḪ2。UB2。UBA2。UP2。ZI3。ZID2。ŠA16。ŠE20。ŠE3。ŠI4。ŠU3。ḪUG。ḪUN。ṢI9,ege。eger₂。egi。egir₂。eše₂。eš₂。eš₂@90。ger₁₅。ge₇。gir₁₅。gi₇。hug。hun。huŋ。izid。iš₉。karₓ。nah₂。samanₓ。sumunₓ。tubaₓ。uba₂。ub₂。up₂。ŋer₁₅。ŋe₇。ŋir₁₅。ŋi₇。ša₁₆。še₃。še₃@90。ši₄。šu₃。ṣi₉,ege,o0000178
𒂠𒁍𒉣𒂠𒌅,,eš₂.bu.nun.eš₂.tu。|eš₂.bu.nun.eš₂.tu|,,eš₂.bu.nun.eš₂.tu。|eš₂.bu.nun.eš₂.tu|,SAMAN2。ŠE3.BU.NUN.ŠE3.TU,samanurₓ。saman₂,,
𒂠𒂠,,ub₂&ub₂,,ub₂&ub₂,,,,
𒂠𒄾,eszemen3。eszemin3。ešemen₃。ešemin₃,eszemen3。eszemin3。eš₂.hul₂。|eš₂.hul₂|,ešemen3,ešemen₃。ešemin₃。eš₂.hul₂。|eš₂.hul₂|,EŠEMEN3。EŠEMIN3。ŠE3.ḪUL2,ešemen₃。ešemin₃,,
𒂠𒅗,sura13。sura₁₃。surra13。surra₁₃。zir2。zir₂,eš₂.ka。sura13。surra13。zir2。|eš₂.ka|,zir2,eš₂.ka。sura₁₃。surra₁₃。zir₂。|eš₂.ka|,SURA13。SURRA13。ZIR2。ŠE3.KA,sura₁₃。surra₁₃。zir₂,,
𒂠𒈤,ebih2。ebih₂,ebih2。eš₂.mah。|eš₂.mah|,ebih2。ébih,ebih₂。eš₂.mah。|eš₂.mah|,EBIḪ2。ŠE3.MAḪ,ebih₂,,
𒂠𒉽𒉽,sze3-munu4。še₃-munu₄,eš₂.pap.pap。sze3-munu4。|eš₂.pap.pap|,,eš₂.pap.pap。|eš₂.pap.pap|。še₃-munu₄,,še₃-munu₄,,
𒂠𒊺,dabin,eš₂.še。|eš₂.še|,dabin,dabin。eš₂.še。|eš₂.še|,DABIN。ŠE3.ŠE,dabin,,
𒂠𒋤𒉣𒂠𒌅,saman。saman2。saman3。samanurₓ。saman₂。saman₃。samanₓ。samun+。szaman+。szamanur+。šaman+。šamanur+,eš₂.sud.nun.eš₂.tu。saman2。saman3。szaman+。szamanur+。|eš₂.sud.nun.eš₂.tu|,saman,eš₂.sud.nun.eš₂.tu。saman。samanurₓ。saman₂。saman₃。samanₓ。samun+。|eš₂.sud.nun.eš₂.tu|。šaman+。šamanur+,SAMAN。ŠE3.SUD.NUN.ŠE3.TU,saman。samanurₓ。samun⁺。šamanur⁺。šaman⁺,,
𒂠𒌓,zi3-kum4。zi₃-kum₄,eš₂.ud。zi3-kum4。|eš₂.ud|,,eš₂.ud。zi₃-kum₄。|eš₂.ud|,ZIKUMX。ŠE3.UD,zikumₓ。zi₃-kum₄,,
𒂡,asilalₓ。asilₓ。badₓ。esen。esin。ezem。ezema。ezen。ezena。ezin。izen。izim。izin。izun。ser3。ser₃。sidra。sir3。sirda。sirim2。sirim₂。sir₃。szer3。szir3。šer₃。šir₃,ser3。sir3。sirim2。szer3。szir3, ezem。EZEN。ezem。ezen。izim。ser3。sir3。szer3。szir3。šir3。šèr。šìr,asilalₓ。asilₓ。badₓ。esen。esin。ezem。ezema。ezen。ezena。ezin。izen。izim。izin。izun。ser₃。sidra。sirda。sirim₂。sir₃。šer₃。šir₃,EZEM。EZEN。EZIN。GIR11。GIRI11。IZEN。IZIN。IZUN。KEŠ2。KEŠDA。KEŠE2。KIRI7。KIRID。KIRIS。KIŠ2。SAḪAR2。SER3。SIR3。SIRIM2。ŠAKAR。ŠER3。ŠIR3。ḪER。ḪIR,asilalₓ。asilaₓ。asilₓ。badₓ。esen。esin。ezem。ezema。ezen。ezena。ezin。izen。izim。izin。izun。ser₃。sidra。silₓ。sirda。sirim₂。sir₃。ugₓ。šer₃。šir₃,izen,o0000177
𒂡  𒂅,,ezen×dun₃,,ezen×dun₃,,,,
𒂢,asil3。asila3。asilal3。asilal₃。asila₃。asillal3。asillal₃。asil₃。murgiszur。murgišur。numgiszur。numgišur。sil6。silal。sil₆,asil3。asila3。asilal3。asillal3。ezen×a。murgiszur。numgiszur。sil6。|ezen×a|,(sil6)。asil3。asila3。sil6。ÀSILAL。àsilal,asilal₃。asila₃。asillal₃。asil₃。ezen×a。murgišur。numgišur。silal。sil₆。|ezen×a|,ASIL3。ASILA3。ASILAL3。EZENxA。MURGIŠUR。SIL6。SILA6,asilal₃。asila₃。asillal₃。asil₃。murgišur。numgišur。silal。sil₆,asil₃,o0001102
𒂣,asil5。asila5。asilal5。asilal₅。asila₅。asil₅。sil7。sil₇,asil5。asila5。asilal5。ezen×(a.lal)。sil7。|ezen×(a.lal)|,(sil7)。SIL7。sil7,asilal₅。asila₅。asil₅。ezen×(a.lal)。sil₇。|ezen×(a.lal)|,ASIL5。ASILA5。ASILAL5。EZENxA.LAL。SIL7,asilal₅。asila₅。asil₅。sil₇,asil₅,o0001099
𒂤,asil4。asila4。asilal4。asilal₄。asila₄。asil₄。sil9。sil₉,asil4。asila4。asilal4。ezen×(a.lal₂)。sil9。|ezen×(a.lal₂)|,ASILAL4。asilal4,asilal₄。asila₄。asil₄。ezen×(a.lal₂)。sil₉。|ezen×(a.lal₂)|,ASIL4。ASILA4。ASILAL4。EZENxA.LAL2。SIL9,asilal₄。asila₄。asil₄。sil₉,asil₄,o0001100
𒂥,,ezen×an。|ezen×an|,,ezen×an。|ezen×an|,EZENxAN,bunₓ。buₓ。uₓ,nan,o0001104
𒂦,anₓ。ba8。bad3。bada3。bada₃。bad₃。bat3。bat₃。ba₈。dur8。durum。dur₈。u9。ug5。uga5。uga₅。ug₅。uk5。uk₅。un3。un₃。uq5。uq₅。uŋ5。uŋ₅。u₉,ba8。bad3。bada3。bat3。dur8。ezen×bad。u9。ug5。uga5。uk5。un3。uq5。uŋ5。|ezen×bad|, bad3。BAD3。BÀD。UG5。Ug5。bad3。bad₃。bàd。ug5。un3,anₓ。bada₃。bad₃。bat₃。ba₈。durum。dur₈。ezen×bad。uga₅。ug₅。uk₅。un₃。uq₅。uŋ₅。u₉。|ezen×bad|,BA8。BAD3。BAT3。DUR8。EZENxBAD。U9。UG5。UN3。UQ5,anₓ。bada₃。bad₃。bat₃。ba₈。bunₓ。duri。durum。dur₈。iₓ。niŋbunaₓ。niŋbunₓ。ubₓ。uga₅。ug₅。uk₅。un₃。uq₅?。uŋ₅。u₉,ug₅,o0001104
𒂦𒀭,dūru,ezen×bad.an。|ezen×bad.an|,,dūru。ezen×bad.an。|ezen×bad.an|,,%akk/n dūru。derₓ,,
𒂦𒋛𒀊𒁀,,barsip,,barsip,,barsip,,
𒂧,dugin。dugina,ezen×dun₃@g。|ezen×dun₃@g|,,dugin。dugina。ezen×dun₃@g。|ezen×dun₃@g|,DUGINA2。EZENxDUN3gunû。EZENxMIR。MIR5,dugin。dugina,dugin,o0001106
𒂨,dugin2。dugina2。dugina₂。dugin₂。mir5。mir₅,dugin2。dugina2。ezen×dun₃@g@g。mir5。|ezen×dun₃@g@g|,,dugina₂。dugin₂。ezen×dun₃@g@g。mir₅。|ezen×dun₃@g@g|,EZENxDUN3gunûgunû,dugina₂。dugin₂。mir₅,dugin₂,o0001105
𒂩,akszakₓ。akšakₓ,akszakₓ。ezen×ha。|ezen×ha|,,akšakₓ。ezen×ha。|ezen×ha|,EZENxḪA。UDINIM2。UDNIM2,akšakₓ。udnimₓ,akšakₓ,o0001109
𒂪,,,,,EZENxḪAgunû,None,,
𒂫,gumle。kisig2。kisig₂。udinim。udnim,ezen×igi@g。kisig2。|ezen×igi@g|,kisig2,ezen×igi@g。gumle。kisig₂。udinim。udnim。|ezen×igi@g|,EZENxIGIgunû。EZENxSIG7。KISIG2。UDINIM。UDNIM,gumle。kisig₂。udinim。udnim,gumle,o0001110
𒂬,asilaₓ。kum3。kum₃。sil5。sil₅。sud5。sud₅。ubar。ubara。ul5。ul₅。umbara。un4。un₄。usigi,ezen×kaskal。kum3。sil5。sud5。ul5。un4。|ezen×kaskal|,UBARA。kum3。ubara。ul5,asilaₓ。ezen×kaskal。kum₃。sil₅。sud₅。ubar。ubara。ul₅。umbara。un₄。usigi。|ezen×kaskal|,EZENxKASKAL。SIL5。SUD5。UBARA。UL5。UMBARA。UN4。USIGI,asilaₓ。kum₃。sil₅。sud₅。ubar。ubara。ubaruₓ。ul₅。umbara。ununₓ。un₄。usigi?,ubar,o0001111
𒂭,gugu2。gugu₂,4×(ezen×kaskal)。gugu2。|4×(ezen×kaskal)|,(gugu2)。gugu2,4×(ezen×kaskal)。gugu₂。|4×(ezen×kaskal)|,4xUBARAformingcross。EZENxKASKALsquared。GUGU2,gugu₂,gugu₂,o0000644
𒂮,kisig。kisiga。kiszag。kišag。silalₓ。udnimₓ,ezen×ku₃。kiszag。|ezen×ku₃|,,ezen×ku₃。kisig。kisiga。kišag。silalₓ。udnimₓ。|ezen×ku₃|,EZENxKU3。EZENxKUG。KISIG。KISIGA。KIŠAG。KIŠAGA,kisig。kisiga。kišag。silalₓ。udnimₓ。uruₓ,kišag,o0001112
𒂯,gubalag。gubalaga。gublaga。laban,ezen×la。|ezen×la|,,ezen×la。gubalag。gubalaga。gublaga。laban。|ezen×la|,EZENxLA。GUBALAG。GUBLAGA。LABAN,gubalag。gubalaga。gublaga。laban,laban,o0001114
𒂰,asil。asila。asilal。silₓ,asila⁻。ezen×lal₂。|ezen×lal₂|,(asila)。ASILAL。asil。asila。asilal,asil。asila。asilal。asila⁻。ezen×lal₂。silₓ。|ezen×lal₂|,ASIL。ASILA。ASILAL。EZENxLAL2。EZENxLALxLAL,asil。asila。asilal。asila⁻。silₓ,asil,o0001113
𒂱,libin,ezen×li。|ezen×li|,,ezen×li。libin。|ezen×li|,EZENxLI。LIBIN,libin,libin,o0001115
𒂲,lubun,ezen×lu。|ezen×lu|,(lubun)。lubun,ezen×lu。lubun。|ezen×lu|,EZENxLU。LUBUN,lubun,lubun,o0001116
𒂳,usil,ezen×u₂。|ezen×u₂|,,ezen×u₂。usil。|ezen×u₂|,EZENxU2。USIL,usil。usilalₓ,usil,o0001119
𒂴,asil6。asila6。asilal6。asilal₆。asila₆。asil₆。sil10。sillal。sil₁₀,asil6。asila6。asilal6。ezen×ud。sil10。|ezen×ud|,,asilal₆。asila₆。asil₆。ezen×ud。sillal。sil₁₀。|ezen×ud|,ASIL6。ASILA6。ASILAL6。EZENxUD。SIL10。SILAL6,asilal₆。asila₆。asil₆。murgišurₓ。sillal。sil₁₀。uruₓ,asil₆,o0001118
𒂵,ebir4。ebir₄。epir4。epir₄。ga。gar9。gara9。gara₉。gar₉。ge20。ge₂₀。gu11。gur11。gur₁₁。gu₁₁。ha7。ha₇。ka3。ka₃。kur15。kur₁₅。qa2。qa₂。szizbu。šizbu,ebir4。epir4。gar9。gara9。ge20。gu11。gur11。ha7。ka3。kur15。qa2。szizbu, ga。GA。GUR11。Ga。Qa2。ga。ga]。gur11。ha7。ka3。kà。qa2。qá,ebir₄。epir₄。ga。gara₉。gar₉。ge₂₀。gur₁₁。gu₁₁。ha₇。ka₃。kur₁₅。qa₂。šizbu,EBIR4。EPIR4。GA。GAR9。GARA9。GE20。GU11。GUR11。KA3。KUR15。QA2。ŠIZBU,ebir₄。epir₄。ga。gara₉。gar₉。ge₂₀。gur₁₁。gu₁₁?。ha₇。ka₃。kur₁₅。qa₂。šizbu,ga,o0000187
𒂵𒀀,gar11。gara11。gara₁₁。gar₁₁,ga.a。gar11。gara11。|ga.a|,,ga.a。gara₁₁。gar₁₁。|ga.a|,GA.A。GAR11,gara₁₁。gar₁₁,,
𒂵𒁆,,ga.balag。|ga.balag|,,ga.balag。|ga.balag|,,sanga₇。saŋa₇。saŋŋa₇,,
𒂵𒁹,gar12。gar₁₂,ga.diš。gar12。|ga.diš|,,ga.diš。gar₁₂。|ga.diš|,GA.DIŠ。GAR12,gar₁₂,,
𒂵𒂀,,,,,GA.BALAG。GA.DUB2。SAGGA7。SANGA7。ŠANGA7。ŠANGU7,None,,
𒂵𒂵,,ga.ga。|ga.ga|,,ga.ga。|ga.ga|,,garₓ,,
𒂵𒆑,,ga.kad₃。|ga.kad₃|,,ga.kad₃。|ga.kad₃|,,pešₓ,,
𒂵𒆜,gaesz。gaeš。gaisz。gaiš。garasz3。garaš₃。garaₓ,ga.kaskal。gaesz。gaisz。garasz3。|ga.kaskal|,gaesz。garasz3。garaš3,ga.kaskal。gaeš。gaiš。garaš₃。garaₓ。|ga.kaskal|,GA.KASKAL。GAEŠ。GAIŠ。GARAŠ3。GA’EŠ。GA’IŠ,gaeš。gaiš。garaš₃。garaₓ,,
𒂵𒆸,kisim6。kisim₆,ga.lagab。kisim6。|ga.lagab|,,ga.lagab。kisim₆。|ga.lagab|,GA.LAGAB。KISIM6,kisim₆,,
𒂵𒈣𒅊,,ga.ma₂.igi@g。|ga.ma₂.igi@g|,sanga6,ga.ma₂.igi@g。|ga.ma₂.igi@g|,GA.MA2.SIG7。SAGGA6。SANGA6。ŠANGA6。ŠANGU6,sagga₆。sanga₆。sangu₆。saŋa₆。saŋŋa₆,,
𒂵𒈣𒆜𒅊,,,,,GA.MA2.KASKAL.SIG7。SAGGA5。SANGA5。ŠANGA5。ŠANGU5,None,,
𒂵𒉌,gar10。gara10。gara₁₀。gar₁₀,ga.ni。gar10。gara10。|ga.ni|,gara10,ga.ni。gara₁₀。gar₁₀。|ga.ni|,GA.NI。GAR10,gara₁₀。gar₁₀,,
𒂵𒍚,,ga.uz₃。|ga.uz₃|,,ga.uz₃。|ga.uz₃|,,sangaₓ。saŋaₓ,,
𒂵𒍚𒄭,,ga.uz₃.hi。|ga.uz₃.hi|,,ga.uz₃.hi。|ga.uz₃.hi|,,sangaₓ。saŋaₓ,,
𒂵𒍚𒅊,,ga.uz₃.igi@g。|ga.uz₃.igi@g|,,ga.uz₃.igi@g。|ga.uz₃.igi@g|,,sagga₅。sanga₅。sangu₅。saŋa₅。saŋŋa₅,,
𒂶,gar2。gara2。gara₂。gar₂,ga@g。gar2。gara2,GA@g。GÁR。gara2。gara2!。gara₂。gára,ga@g。gara₂。gar₂,GAR10。GAR11。GAR12。GAR2。GARA10。GARA11。GARA12。GARA2。GAgunû。QAR4。QARA4,gara₂。gar₂。haₓ,gara₂,o0000188
𒂷,alba。ba4。ba₄。bisag。bisan。bisaŋ。ga2。ga₂。ge26。ge₂₆。ilba。ma3。mal。mala。ma₃。pisag。pisan。pisaŋ。sza13。ŋa2。ŋa₂。ŋe26。ŋe₂₆。ša₁₃,ba4。bešeŋ。ga2。ge26。ma3。sza13。ŋa2。ŋe26, ja2。 je26。GA2。Ga2。GÁ。JA2。MAL。ba4。bisaĝ。ga2。ga2_。ge26。gá。ja2。je26。ma3。mal。mal]。pisan。ĜÁ。ĝa2。ĝa₂。ĝe26。ĝá,alba。ba₄。bešeŋ。bisag。bisan。bisaŋ。ga₂。ge₂₆。ilba。mal。mala。ma₃。pisag。pisan。pisaŋ。ŋa₂。ŋe₂₆。ša₁₃,ALBA。BA4。BISAG。BISAN。GA2。GE26。ILBA。MA3。MAL。MALA。PISAG。PISAN。QA5。ŠA14,alba。ba₄。bešeŋ。bisag。bisan。bisaŋ。ešdaₓ。ga₂。ge₂₆。ilba。mal。mala。ma₃。mulₓ。pisag。pisan。pisaŋ。ŋa₂。ŋe₂₆。ša₁₃,mala,o0000206
𒂷  𒀾,,ga₂×aš₂,,ga₂×aš₂,,,,
𒂷𒄑,eszda。ešda。giszha。gišha。ha8。ha₈。liddaₓ。rig3。rig₃。szita2。udub2。udub₂。udug2。udug₂。utug2。utug₂。šita₂,eszda。giszha。ha8。rig3。szita2。udub2。udug2。utug2,gišha。ha8。szita2。udug2。ŠÍTA。šita2。šíta,ešda。gišha。ha₈。liddaₓ。rig₃。udub₂。udug₂。utug₂。šita₂,,,,
𒂸,edakua。edakuaₓ,edakuaₓ。ga₂×(a.da.ha)。|ga₂×(a.da.ha)|,(edakua)。edakua,edakua。ga₂×(a.da.ha)。|ga₂×(a.da.ha)|,EDAKUA。GA2xA.DA.ḪA,edakua,edakua,o0001246
𒂹,,ga₂×(a.ha)。|ga₂×(a.ha)|,,ga₂×(a.ha)。|ga₂×(a.ha)|,GA2xA.ḪA,addakuyaₓ。edakuaₓ,nan,o0001246
𒂺,pi7。piru。pi₇,ga₂×(a.igi)。pi7。|ga₂×(a.igi)|,,ga₂×(a.igi)。piru。pi₇。|ga₂×(a.igi)|,GA2xA.IGI。GAPI。PI7。PIRU,alimₓ?。piru?。pi₇?,piru,o0001249
𒂻,"gakis,s,u。gakiṣṣu","gakis,s,u。ga₂×(ab₂@t.tab)。|ga₂×(ab₂@t.tab)|",,gakiṣṣu。ga₂×(ab₂@t.tab)。|ga₂×(ab₂@t.tab)|,GA2xAB2tenû.TAB,gakiṣṣu。ŋakizzum,,
𒂼,/damal/。ama。ame。ami。arhusz4。arhuš₄。dagal。dagala。damal。daŋal。eme4。eme₄。hegal。imi2。imi₂。maₓ。szaganₓ。szakkan7。šaganₓ。šakkan₇,arhusz4。eme4。ga₂×an。ga₂×an.x。heŋal。imi2。ka...。szaganₓ。szakkan7。|ga₂×an.x|。|ga₂×an|, ama。AMA。DAGAL。ama。dagal。dajal。daĝal。eme4,/damal/。ama。ame。ami。arhuš₄。dagal。dagala。damal。daŋal。eme₄。ga₂×an。ga₂×an.x。hegal。heŋal。imi₂。ka...。maₓ。|ga₂×an.x|。|ga₂×an|。šaganₓ。šakkan₇,AMA。AME。AMI。ARḪUŠ4。DAGAL。DAGALA。DAMAL。EME4。GA2xAN。IMI2。UMU2。ŠAKKAN7。ḪEGAL,ama。ame。ami。ammaₓ。arhuš₄?。dagal。dagala。damal。daŋal。eme₄。hegal。heŋal。imi₂。maₓ。šaganₓ。šagganₓ。šakkan₇,ami,o0001286
𒂼.x,ka...,ka...,,,,,,
𒂼𒀀𒌅,amedu。eme4-e4-du2。emedu2。emedu₂。eme₄-e₄-du₂,eme4-e4-du2。emedu2。ga₂×an.a.tu。|ga₂×an.a.tu|,emedu2,amedu。emedu₂。eme₄-e₄-du₂。ga₂×an.a.tu。|ga₂×an.a.tu|,AMA.A.TU。AMEDU。EMEDU2,amedu。emedu₂。eme₄-e₄-du₂,,
𒂼𒀭𒈹,agarim。amalu。amarim,ga₂×an.an.muš₃。|ga₂×an.an.muš₃|,amalu,agarim。amalu。amarim。ga₂×an.an.muš₃。|ga₂×an.an.muš₃|,AGARIM。AMA.AN.MUŠ3。AMA.dINNIN。AMALU,agarim。amalu。amarim?,,
𒂼𒂅,,,,,AGARIN3。AMA.GIN2,None,,
𒂼𒂆,agarin3。agarin₃。aŋarin3。aŋarin₃,agarin3。aŋarin3。ga₂×an.dun₃@g。|ga₂×an.dun₃@g|,aĝarin3,agarin₃。aŋarin₃。ga₂×an.dun₃@g。|ga₂×an.dun₃@g|,,agarin₃。aŋarin₃,,
𒂼𒆕𒀀,usud,ga₂×an.kak.a。|ga₂×an.kak.a|,,ga₂×an.kak.a。usud。|ga₂×an.kak.a|,,,,
𒂼𒈜,amalug。malug,ga₂×an.lul。|ga₂×an.lul|,amalug,amalug。ga₂×an.lul。malug。|ga₂×an.lul|,AMA.LUL,amalug?。malug?,,
𒂼𒋆,agarin4。agarin₄。aŋarin4。aŋarin₄,agarin4。aŋarin4。ga₂×an.šim。|ga₂×an.šim|,aĝarin4,agarin₄。aŋarin₄。ga₂×an.šim。|ga₂×an.šim|,AGARIN4。AGARIN5。AMA.ŠIM,agarin₄。aŋarin₄,,
𒂼𒋋,agarin5。agarin₅。aŋarin5。aŋarin₅,agarin5。aŋarin5。ga₂×an.šim×gar。|ga₂×an.šim×gar|,aĝarin5,agarin₅。aŋarin₅。ga₂×an.šim×gar。|ga₂×an.šim×gar|,AGARIN4。AGARIN5。AMA.ŠIMxNIG2,agarin₅。aŋarin₅。garinₓ,,
𒂼𒌅,eme4-du2。emedu。eme₄-du₂,eme4-du2。ga₂×an.tu。|ga₂×an.tu|,,emedu。eme₄-du₂。ga₂×an.tu。|ga₂×an.tu|,AMA.TU。EMEDU,emedu。emedudₓ。eme₄-du₂,,
𒂽,gaiku。iku2。iku₂。ŋaiku,ga₂×aš。iku2。|ga₂×aš|,(iku2)。iku2,gaiku。ga₂×aš。iku₂。|ga₂×aš|。ŋaiku,GA2xAŠ。IKU2,gaiku。iku₂。ŋaiku,iku₂,o0001287
𒂾,gazigal,ga₂×(aš₂.gal)。|ga₂×(aš₂.gal)|,,gazigal。ga₂×(aš₂.gal)。|ga₂×(aš₂.gal)|,GA2xAŠ2.GAL。GAZIGAL,gazigal,gazigal,o0001251
𒂿,"et,utu。etutumₓ。eṭutu。sabad2。sabad₂。sad3。sad₃。tilhar","et,utu。ga₂×bad。sabad2。sad3。|ga₂×bad|",(sabad2)。sabad2,etutumₓ。eṭutu。ga₂×bad。sabad₂。sad₃。tilhar。|ga₂×bad|,GA2xBAD。SABAD2。SAD3。TIL8。TILḪAR,%akk eṭutu。etutum。sabad₂。sad₃。tilhar,tilhar,o0001288
𒃀,eburra,ga₂×(bar.ra)。|ga₂×(bar.ra)|,,eburra。ga₂×(bar.ra)。|ga₂×(bar.ra)|,GA2xBAR.RA,eburra?。gaburraₓ?,eburra,o0001252
𒃁,ŋaburraₓ,ga₂×bur。|ga₂×bur|,,ga₂×bur。|ga₂×bur|。ŋaburraₓ,GA2xBUR,ŋaburraₓ,ŋaburraₓ,o0001291
𒃂,gaburra。ŋaburra,ga₂×(bur.ra)。|ga₂×(bur.ra)|,(gaburra)。GABURRA。gaburra,gaburra。ga₂×(bur.ra)。|ga₂×(bur.ra)|。ŋaburra,GA2xBUR.RA。GABURRA,gaburra。ŋaburra,gaburra,o0001253
𒃃,dan7。dan₇。tan7。tan₇,dan7。ga₂×da。tan7。|ga₂×da|,,dan₇。ga₂×da。tan₇。|ga₂×da|,DAN7。GA2xDA。TAN7,dan₇。tan₇,dan₇,o0001292
𒃄,edi。gadi,ga₂×di。|ga₂×di|,,edi。gadi。ga₂×di。|ga₂×di|,EDI。GA2xDI。GADI,edi。gadi,edi,o0001295
𒃅,munu3。munu₃,ga₂×dim×še。munu3。|ga₂×dim×še|,(munu3)。munu3,ga₂×dim×še。munu₃。|ga₂×dim×še|,GA2xDIMxŠE。GA2xMUN。MUNU3。laterGA2xDIMxKUR,munu₃,munu₃,o0001294
𒃆,emedub。gadub,ga₂×dub。|ga₂×dub|。ŋadub,(emedub)。emedub,emedub。gadub。ga₂×dub。|ga₂×dub|。ŋadub,EMEDUB。GA2xDUB。GADUB,emedub。gadub。ŋadub,emedub,o0001296
𒃇,ŋasikillaₓ,ga₂×el。|ga₂×el|,,ga₂×el。|ga₂×el|。ŋasikillaₓ,GA2xEL,ŋasikillaₓ,ŋasikillaₓ,o0001297
𒃈,e'ella。esikilla。eʾella。gasikilla。ŋasikilla,e'ella。ga₂×(el.la)。|ga₂×(el.la)|,,esikilla。eʾella。gasikilla。ga₂×(el.la)。|ga₂×(el.la)|。ŋasikilla,ESIKILLA。E’ELLA。GA2xEL.LA。GA2xSIKIL.LA。GASIKILLA,esikilla。eʾella。gasikilla。ŋasikilla,esikilla,o0001256
𒃉,,ga₂×en。|ga₂×en|,,ga₂×en。|ga₂×en|,GA2xEN。GARAŠ,menₓ,nan,o0001299
𒃉𒉣,ŋanunₓ,ga₂×en.nun。|ga₂×en.nun|,,ga₂×en.nun。|ga₂×en.nun|。ŋanunₓ,,ŋanunₓ,,
𒃊,esibir。gasibir。ŋasibir,ga₂×en×gan₂@t。|ga₂×en×gan₂@t|,,esibir。gasibir。ga₂×en×gan₂@t。|ga₂×en×gan₂@t|。ŋasibir,ESIBIR。GA2xBURU14。GA2xENxGAN2tenû。GASIBIR,esibir。gasibir。ŋasibir,esibir,o0001300
𒃋,dan4。dan₄。tan4。tan₄,dan4。ga₂×gan₂@t。tan4。|ga₂×gan₂@t|,(dan4)。dan4。tan4,dan₄。ga₂×gan₂@t。tan₄。|ga₂×gan₂@t|,DAN4。GA2xGAN2tenû。GA2xKAR2。TAN4,dan₄。tan₄,dan₄,o0001302
𒃌,egara。eŋara。galga。iszhara。iszhuru。išhara。išhuru。malga。ŋalga,ga₂×gar。iszhara。iszhuru。|ga₂×gar|,GALGA。galga。ĝalga,egara。eŋara。galga。ga₂×gar。išhara。išhuru。malga。|ga₂×gar|。ŋalga,EGARA。GA2xGAR。GA2xNIG2。GALGA。IŠḪARA。IŠḪURU。MALGA,egara。eŋara。galga。išhara。išhuru。malga?。ŋalga,malga,o0001303
𒃍,bisagₓ。bisanₓ。gagi2。gagia2。gagia₂。gagi₂。gurdub,gagi2。gagia2。ga₂×gi。|ga₂×gi|,,bisagₓ。bisanₓ。gagia₂。gagi₂。ga₂×gi。gurdub。|ga₂×gi|,GA2xGI。GURDUB,bisagₓ。bisanₓ。gagia₂。gagi₂。gurdub。pisagₓ。pisanₓ。ŋagia₂。ŋagi₂,gurdub,o0001305
𒃎,egia。gagi。gagia。gurdub2。gurdub₂。pisagₓ。pisanₓ。ŋagia,ga₂×gi₄。gurdub2。|ga₂×gi₄|,gagia,egia。gagi。gagia。ga₂×gi₄。gurdub₂。pisagₓ。pisanₓ。|ga₂×gi₄|。ŋagia,EGIA。GA2xGI4。GAGIA。GURDUB2,egia。gagi。gagia。gurdub₂?。pisagₓ。pisanₓ。ŋagia,egia,o0001306
𒃏,ŋagiaₓ,ga₂×(gi₄.a)。|ga₂×(gi₄.a)|,,ga₂×(gi₄.a)。|ga₂×(gi₄.a)|。ŋagiaₓ,GA2xGI4.A,ŋagiaₓ,ŋagiaₓ,o0001261
𒃐,egirsu。gagirsu。ŋaŋirsu,ga₂×(gir₂.su)。|ga₂×(gir₂.su)|,(gagirsu)。gagirsu,egirsu。gagirsu。ga₂×(gir₂.su)。|ga₂×(gir₂.su)|。ŋaŋirsu,GA2xGIR2.SU。GAGIRSU,egirsu。gagirsu。ŋaŋirsu,egirsu,o0001260
𒃑,halubba,ga₂×(ha.lu.eš₂)。|ga₂×(ha.lu.eš₂)|,(halubba)。halubba,ga₂×(ha.lu.eš₂)。halubba。|ga₂×(ha.lu.eš₂)|,GA2xḪA.LU.EŠ2。GA2xḪA.LU.UB2。GA2xḪA.LU.ŠE3。ḪALUBBA,halubba,halubba,o0001263
𒃒,ŋahallaₓ,ga₂×hal。|ga₂×hal|,,ga₂×hal。|ga₂×hal|。ŋahallaₓ,GA2xḪAL,ŋahallaₓ,ŋahallaₓ,o0001307
𒃓,ehalla。gahalla。ŋahalla,ga₂×(hal.la)。|ga₂×(hal.la)|,(gahalla)。gahalla,ehalla。gahalla。ga₂×(hal.la)。|ga₂×(hal.la)|。ŋahalla,GA2xḪAL.LA。GAḪALLA,ehalla。gahalla。ŋahalla,ehalla,o0001264
𒃔,ehili。gahili。ŋahili,ga₂×(hi.li)。|ga₂×(hi.li)|,(gahili)。gahili,ehili。gahili。ga₂×(hi.li)。|ga₂×(hi.li)|。ŋahili,GA2xḪI.LI。GAḪILI,ehili。gahili。ŋahili,ehili,o0001265
𒃕,garasz。garaš,garasz。ga₂×hub₂。|ga₂×hub₂|,(garaš)。garaš,garaš。ga₂×hub₂。|ga₂×hub₂|,GA2xKAB。GA2xḪUB2。GARAŠ,garaš,garaš,o0001308
𒃖,bara10。bara₁₀。gaga。sabad3。sabad₃。sad4。sad₄,bara10。ga₂×igi@g。sabad3。sad4。|ga₂×igi@g|,(sabad3)。sabad3,bara₁₀。gaga。ga₂×igi@g。sabad₃。sad₄。|ga₂×igi@g|,BARA10。GA2xIGIgunû。GA2xSIG7。SABAD3。SAD4,bara₁₀。gaga。galgaₓ。sabad₃。sad₄,gaga,o0001309
𒃗,iszhuru5。iszhurum5。išhurum₅。išhuru₅,ga₂×(iš.hu.aš)。iszhuru5。iszhurum5。|ga₂×(iš.hu.aš)|,(išhuru5)。išhuru5,ga₂×(iš.hu.aš)。išhurum₅。išhuru₅。|ga₂×(iš.hu.aš)|,GA2xIŠ.ḪU.AŠ。GA2xIŠ.ḪU.RUM。IŠḪURU5。IŠḪURUM5,išhurum₅。išhuru₅,išhuru₅,o0001266
𒃘,am4。ama4。ama₄。am₄,am4。ama4。ga₂×kak。|ga₂×kak|,(am4)。am4,ama₄。am₄。ga₂×kak。|ga₂×kak|,AM4。AMA4。GA2xGAG。GA2xKAK,ama₄。am₄?,am₄,o0001310
𒃙,me7。me₇,ga₂×kaskal。me7。|ga₂×kaskal|,(me7)。me7,ga₂×kaskal。me₇。|ga₂×kaskal|,GA2xKASKAL。ME7,menₓ。me₇,me₇,o0001311
𒃚,ŋalillaₓ,ga₂×kid。|ga₂×kid|,,ga₂×kid。|ga₂×kid|。ŋalillaₓ,GA2xKID,ŋalillaₓ,ŋalillaₓ,o0001312
𒃛,elilla。galilla。ŋalilla,ga₂×(kid.lal)。|ga₂×(kid.lal)|,(galilla)。galilla,elilla。galilla。ga₂×(kid.lal)。|ga₂×(kid.lal)|。ŋalilla,GA2xKID.LAL。GA2xLIL2.LA2。GALILLA,elilla。galilla。ŋalilla,elilla,o0001267
𒃜,eazag。ga'azag。gazag。gaʾazag。ŋasag,ga'azag。ga₂×(ku₃.an)。|ga₂×(ku₃.an)|,(gazag)。gazag,eazag。gazag。gaʾazag。ga₂×(ku₃.an)。|ga₂×(ku₃.an)|。ŋasag,GA2xKU3.AN。GA2xKUG.AN。GAZAG。GA’AZAG,eazag?。gazag?。gaʾazag?。ŋasag?,eazag,o0001269
𒃝,daŋalₓ,ga₂×la。|ga₂×la|,,daŋalₓ。ga₂×la。|ga₂×la|,GA2xLA,daŋalₓ,daŋalₓ,o0001314
𒃞,dan2。dan₂。era3。era₃。eri15。eri₁₅。men。menaₓ。mi4。min7。min₇。mi₄。tan2。tan₂,dan2。era3。eri15。ga₂×(me.en)。mi4。min7。tan2。|ga₂×(me.en)|,MEN。[men。men。mi4。tan2,dan₂。era₃。eri₁₅。ga₂×(me.en)。men。menaₓ。min₇。mi₄。tan₂。|ga₂×(me.en)|,DAN2。ERA3。ERI15。GA2xME.EN。MEN。MI4。MIN7。TAN2,dan₂。era₃?。eri₁₅?。men。menaₓ。min₇。mi₄。tanaₓ。tan₂,men,o0001271
𒃟,gagig。idi。itim。itima。utima,ga₂×mi。|ga₂×mi|,ITIMA。itIM。itim。itima,gagig。ga₂×mi。idi。itim。itima。utima。|ga₂×mi|,GA2xMI。GAGIG。IDI。ITIMA。UTIMA,gagig。idi。itim。itima。utima,idi,o0001316
𒃠,ganun。uszusz。ušuš。ŋanun,ga₂×nun。uszusz。|ga₂×nun|,GANUN。ganun。ĝanun,ganun。ga₂×nun。ušuš。|ga₂×nun|。ŋanun,GA2xNUN。GANUN。UŠUŠ,ganun。ušuš。ŋanun,ganun,o0001320
𒃡,guszur。gušur。ur3。ura3。ura₃。uru12。uru₁₂。ur₃。ŋuszur。ŋušur,ga₂×nun&nun。guszur。ur3。ura3。uru12。|ga₂×nun&nun|。ŋuszur,UR3。ur3。uru12。uru₁₂。ur₃?。ÙR。ùr。ĝušur,ga₂×nun&nun。gušur。ura₃。uru₁₂。ur₃。|ga₂×nun&nun|。ŋušur,DAN3。GA2xNIR。GA2xNUNoverNUN。GUŠUR。UR3。URU12,gušur?。ura₃。uru₁₂。ur₃。ŋušur,ur₃,o0001319
𒃢,era4。era₄。eri16。eri₁₆。iszhara4。iszhur4。iszhuru4。išhara₄。išhuru₄。išhur₄。sila4。silaku。sila₄,era4。eri16。ga₂×pa。iszhara4。iszhur4。iszhuru4。sila4。|ga₂×pa|,SILA4。sila4。sila₄,era₄。eri₁₆。ga₂×pa。išhara₄。išhuru₄。išhur₄。silaku。sila₄。|ga₂×pa|,ERA4。ERI16。GA2xPA。GAZI。GAZI2。IŠḪARA。IŠḪARA4。IŠḪUR4。SILA4,None。era₄?。eri₁₆?。išhara₄。išhuru₄。išhur₄。salₓ。silaku。sila₄,sila₄,o0001321
𒃣,am5。ama5。ama₅。ame2。ame₂。ami2。ami₂。am₅。arhusz。arhuš。eme8。eme₈。ur14。ur₁₄。usz3。uš₃,am5。ama5。ame2。ami2。ami₂。arhusz。eme8。ga₂×sal。ur14。ur₁₄。usz3。|ga₂×sal|,ARḪUŠ。ama5。ame2。arhusz。arhuš。arḫuš。usz3,ama₅。ame₂。am₅。arhuš。eme₈。ga₂×sal。uš₃。|ga₂×sal|,AM5。AMA5。AME2。ARḪUŠ。EME8。GA2xMUNUS。GA2xSAL。UR14。UŠ3,ama₅。ame₂。ami₂。am₅。arhuš。eme₈。urhušₓ。ur₁₄。uš₃。xₓ,uš₃,o0001322
𒃤,gazi3。gazi₃,gazi3。ga₂×sar。|ga₂×sar|,,gazi₃。ga₂×sar。|ga₂×sar|,GA2xSAR。GAZI3,gazi₃,gazi₃,o0001323
𒃥,arah3。arah₃。asagₓ。esag2。esag₂。esaŋ2。esaŋ₂。usi,arah3。ašaŋ₂。esag2。esaŋ2。ga₂×še。|ga₂×še|,esag2。ÉSAG。ésag,arah₃。asagₓ。ašaŋ₂。esag₂。esaŋ₂。ga₂×še。usi。|ga₂×še|,ARAḪ3。ESAG2。GA2xŠE。USI,arah₃。asagₓ。ašaŋ₂。esag₂。esaŋ₂。usi,usi,o0001330
𒃦,esagtur。esaŋtur,ga₂×(še.tur)。|ga₂×(še.tur)|,,esagtur。esaŋtur。ga₂×(še.tur)。|ga₂×(še.tur)|,ESAGTUR。GA2xŠE.TUR,esagtur。esaŋtur,esagtur,o0001276
𒃧,emedub2。emedub₂,emedub2。ga₂×šid。|ga₂×šid|,(emedub2)。emedub2,emedub₂。ga₂×šid。|ga₂×šid|,EMEDUB2。GA2xŠID,emedub₂,emedub₂,o0001331
𒃨,gazi2。gazi₂,gazi2。ga₂×sum。|ga₂×sum|,,gazi₂。ga₂×sum。|ga₂×sum|,GA2xSUM。GAZI2,gazi₂,gazi₂,o0001324
𒃩,dan3。dan₃。tan3。tan₃,dan3。ga₂×tak₄。tan3。|ga₂×tak₄|,(dan3)。dan3。tan3,dan₃。ga₂×tak₄。tan₃。|ga₂×tak₄|,DAN3。GA2xKID2。TAN3,dan₃。tan₃,dan₃,o0001325
𒃪,dagₓ。sabad。sad2。sad₂。ula2。ula₂,ga₂×u。sad2。ula2。|ga₂×u|,(sabad)。sabad,dagₓ。ga₂×u。sabad。sad₂。ula₂。|ga₂×u|,GA2xU。SABAD。SAD2。ULA2,dagₓ。sabad。sad₂。ula₂,sabad,o0001327
𒃫,erim4。erim₄。erin4。erin₄。etam。karam,erim4。erin4。ga₂×ud。|ga₂×ud|,(erim4)。erim4。erin4,erim₄。erin₄。etam。ga₂×ud。karam。|ga₂×ud|,ERIM4。ERIN4。ETAM。GA2xUD,erim₄。erin₄。etam。karam,karam,o0001326
𒃬,...e,ga₂×(ud.du)。|ga₂×(ud.du)|,,...e。ga₂×(ud.du)。|ga₂×(ud.du)|,GA2xUD.DU,xeₓ,nan,o0001275
𒃭,,ga₂&ga₂。|ga₂&ga₂|,,ga₂&ga₂。|ga₂&ga₂|,GA2overGA2,lirumₓ,nan,o0001244
𒃮,"du8。dudda。duh。du₈。ga15。gab。gaba。gap。ga₁₅。irtu。pitru。qab。qap。t,ah2。t,u5。t,uh。tah2。tah₂。tu24。tuh。tuhu。tu₂₄。ṭah₂。ṭuh。ṭu₅","du8。ga15。t,ah2。t,u5。t,uh。tah2。tu24","<gaba。DU8。DU8;。DUh。GAB。GAB;。GABA。TUḪ。TÁḪ。[gaba。du8。du8!。du8;。duh。duḫ;。du₈。gab。gab;。gaba。gap。irtu。qab。qap。t,uh。tuh。tuḫ",dudda。duh。du₈。gab。gaba。gap。ga₁₅。irtu。pitru。qab。qap。tah₂。tuh。tuhu。tu₂₄。ṭah₂。ṭuh。ṭu₅,GA15。GAB。GABA。GAP。IRTU。KAP2。KAP3。PITRU。QAB。QAP,dudda。gab。gaba。gap。ga₁₅?。irtu。kap₃。pitru。qab。qap。tah₂。tuhu。tu₂₄。ṭah₂。ṭuh。ṭu₅,tuh,o0000190
𒃮𒇺,,gaba.liš。|gaba.liš|,,gaba.liš。|gaba.liš|,GAB.LIŠ,None,,
𒃯,,4×gaba。gaba%gaba。tuddahaₓ。|4×gaba|,,4×gaba。gaba%gaba。tuddahaₓ。|4×gaba|,GABAcrossingGABA,None,tuddahaₓ,o0001181
𒃰,"gad。gada。gadu。gat。gid4。gida4。gida₄。gid₄。kad。kat。kid9。kid₉。kit9。kit₉。kut2。kut₂。qad3。qad₃。qat,3。qat3。qat₃。qaṭ₃。qid4。qid₄","gid4。gida4。kid9。kit9。kut2。lak46。qad3。qat,3。qat3。qid4",GAD。GADA。Kad。gad。gada。gat。kad。kat。qat3,gad。gada。gadu。gat。gida₄。gid₄。kad。kat。kid₉。kit₉。kut₂。lak46。qad₃。qat₃。qaṭ₃。qid₄,GAD。GADA。GADU。GAT。GAṬ。GID4。KA10。KAD。KAT。KAṬ。KID9。KIT9。KOT。KUD2。KUT2。KUṬ2。QAD3。QAT3。QID4,gad。gada。gadu。gat。gida₄。gid₄?。kad。kat。kid₉。kit₉。kut₂。qad₃。qat₃。qaṭ₃。qid₄?,kat,o0000193
𒃰𒂅,,gad.dun₃。|gad.dun₃|,,gad.dun₃。|gad.dun₃|,,xₓ,,
𒃰𒋺,akkil3。akkil₃。aszsza2。aszta。ašta。ašša₂。kil4。kil₄,akkil3。aszsza2。aszta。gad.tak₄。kil4。|gad.tak₄|,,akkil₃。ašta。ašša₂。gad.tak₄。kil₄。|gad.tak₄|,AŠTA。AŠŠA2。GAD.KID2。KIL4,akkil₃。ašta。ašša₂。kil₄。talₓ,,
𒃰𒋺𒄑,...gi。gim8。gim₈。seg8。seg₈。sig8。sig₈。uruaka。uruiszdua。uruiszduha。uruišdua。uruišduha。urulla,...gi。gad.tak₄.giš。gim8。gim₈。seg8。seg₈。sig8。uruiszdua。uruiszduha。uruišduha。|gad.tak₄.giš|,SIG8。sig8,gad.tak₄.giš。sig₈。uruaka。uruišdua。urulla。|gad.tak₄.giš|,GAD.KID2.GIŠ。GIM8。SEG8。SIG8。URUAKA。URUIŠDUA。URULLA,gim₈?。seg₈。sig₈。uruaka。uruišdua。uruišduha。urulla。xgiₓ。xₓ,,
𒃰𒋺𒋛,akkil,gad.tak₄.si。|gad.tak₄.si|,AKKIL。akkil,akkil。gad.tak₄.si。|gad.tak₄.si|,AKKIL。GAD.KID2.SI,akkil。talₓ,,
𒃱,kinda,gad&gad.gar&gar。|gad&gad.gar&gar|,(kinda)。KINDA。kinda,gad&gad.gar&gar。kinda。|gad&gad.gar&gar|,GADoverGAD.GARoverGAR。KINDA,kinda,kinda,o0001183
𒃲,gal。gala8。gala₈。gale。kal2。kal₂。qal。rab2。rab₂。rap2。rap₂,gala8。kal2。kwu089.gal。rab2。rap2。ušumgalₓ。|kwu089.gal|, gal。GAL。GAL~a。GAL~b。GAl。GaL。Gal。gal。gal!。gal_。kal2。qal,gal。gala₈。gale。kal₂。kwu089.gal。qal。rab₂。rap₂。ušumgalₓ。|kwu089.gal|,GAL。GALA。GALA8。GEL5。KAL2。QAL。RAB2。RAP2,%elx rap₂。enₓ。gal。gala₈。gale。kal₂。nirₓ。qal。rab₂,gale,o0000194
𒃲𒀭𒍪,eresz5。ereš₅,eresz5。gal.an.zu。|gal.an.zu|,,ereš₅。gal.an.zu。|gal.an.zu|,EREŠ5。GAL.AN.ZU,ereš₅,,
𒃲𒀿,aszgabgalₓ。ašgabgalₓ,aszgabgalₓ。gal.ašgab。|gal.ašgab|,,ašgabgalₓ。gal.ašgab。|gal.ašgab|,,ašgabgalₓ,,
𒃲𒁇𒂔,bahargalₓ,gal.bar.edin。|gal.bar.edin|,,bahargalₓ。gal.bar.edin。|gal.bar.edin|,,bahargalₓ,,
𒃲𒁔,uszumgal。ušumgal,gal.bur₂。uszumgal。|gal.bur₂|,_uszumgal。uszumgal。ušumgal,gal.bur₂。ušumgal。|gal.bur₂|,GAL.BUR2。GAL.UŠUM。UŠUMGAL,ušumgal,,
𒃲𒁲,gal-di。galti,gal.di。|gal.di|,,gal-di。gal.di。galti。|gal.di|,,gal-di。galti,,
𒃲𒁴,dimgal,gal.dim。|gal.dim|,,dimgal。gal.dim。|gal.dim|,,dimgal,,
𒃲𒁶,szidimgalₓ。šidimgalₓ,gal.dim₂。szidimgalₓ。|gal.dim₂|,,gal.dim₂。|gal.dim₂|。šidimgalₓ,,šidimgalₓ,,
𒃲𒂇,niŋirgalₓ,gal.dun₃@g@g。|gal.dun₃@g@g|,,gal.dun₃@g@g。niŋirgalₓ。|gal.dun₃@g@g|,,niŋirgalₓ,,
𒃲𒄑𒌆𒋼𒀀𒁺,azlaggalₓ,gal.giš.tug₂.te.a.du。|gal.giš.tug₂.te.a.du|,,azlaggalₓ。gal.giš.tug₂.te.a.du。|gal.giš.tug₂.te.a.du|,,azlaggalₓ,,
𒃲𒈛,sukkalgalₓ,gal.luh。|gal.luh|,,gal.luh。sukkalgalₓ。|gal.luh|,,sukkalgalₓ,,
𒃲𒉄,nagargalₓ,gal.nagar。|gal.nagar|,,gal.nagar。nagargalₓ。|gal.nagar|,,nagargalₓ,,
𒃲𒉌,santan。santana。szandan。szandana。šandan。šandana,gal.ni。szandan。szandana。|gal.ni|,santana,gal.ni。santan。santana。|gal.ni|。šandan。šandana,GAL.NI。SANTAN。SANTANA。ŠANTAN。ŠANTANA,santan。santana。šandan。šandana,,
𒃲𒋚,ukra。ukur2。ukur₂,gal.šubur。ukur2。|gal.šubur|,ukur₂,gal.šubur。ukra。ukur₂。|gal.šubur|,GAL.ŠUBUR。UKUR2。alsoGAL.ŠAḪ,ukra。ukur₂,,
𒃲𒋼,tiru。tirum,gal.te。|gal.te|,TIRUM。tirum,gal.te。tiru。tirum。|gal.te|,GAL.TE。TIRU。TIRUM,tiru。tirum,,
𒃲𒋼𒇲,gallagalₓ,gal.te.lal。|gal.te.lal|,,gal.te.lal。gallagalₓ。|gal.te.lal|,,gallagalₓ,,
𒃲𒌣,simuggalₓ,gal.umum。|gal.umum|,,gal.umum。simuggalₓ。|gal.umum|,,simuggalₓ,,
𒃲𒌵,kindagal2。kindagal₂,gal.uri。kindagal2。|gal.uri|,,gal.uri。kindagal₂。|gal.uri|,GAL.URI。KINDAGAL2,kindagal₂,,
𒃲𒌺,kingal,gal.uru×bar。kiŋgal。|gal.uru×bar|,kingal,gal.uru×bar。kingal。kiŋgal。|gal.uru×bar|,GAL.UKKIN。GAL.URUxBAR。KINGAL,kingal。kiŋgal,,
𒃲𒍪,erisztiₓ。erištiₓ。gagazu。gal-zu,erisztiₓ。gal.zu。|gal.zu|,,erištiₓ。gagazu。gal-zu。gal.zu。|gal.zu|,GAGAZU。GAL.ZU,erištiₓ。gagazu?。gal-zu,,
𒃳,kindagal。kindaŋal,gal.gad&gad.gar&gar。|gal.gad&gad.gar&gar|,kindagal,gal.gad&gad.gar&gar。kindagal。kindaŋal。|gal.gad&gad.gar&gar|,GAL.GADoverGAD.GARoverGAR。GAL.KINDA。KINDAGAL,kindagal。kindaŋal,kindagal,o0001201
𒃴,galam。gud5。gud₅。sukud。ubi,gud5, galam。GALAM。SUKUD。galam。sukud。sukux(SUKUD),galam。gud₅。sukud。ubi,GALAM。GUD5。RIG6。SUKUD。UBI,galam。gaₓ。gud₅,ubi,o0000195
𒃴𒃴,gagalam。gibil5。gibil₅,galam.galam。gibil5。|galam.galam|,,gagalam。galam.galam。gibil₅。|galam.galam|,GALAM.GALAM。GIBIL5,gagalam。gibil₅,,
𒃵,ar5。ar₅。gam。gan7。gan₇。girum。gum4。gum₄。gur2。guru2。gurum。guru₂。gur₂。qam。qur3。qur₃,ar5。gan7。gum4。gur2。guru2。qur3,GAM。GÚR。gam。gur2。gurum。gúr。qam,ar₅。gam。gan₇。girum。gum₄。gurum。guru₂。gur₂。qam。qur₃,,ar₅。asudₓ。azudₓ。dilimₓ。gam。gan₇。girum。gum₄。gurum。guru₂。gur₂。qam。qur₃?,gam,o0000196
𒃵𒃵,gigirum,gam.gam。|gam.gam|,,gam.gam。gigirum。|gam.gam|,,gigirum,,
𒃶,gam4。gam₄。gan。gana。he2。he₂。hi2。hi₂。kan。kana。li6。li₆。qan。sag7。sag₇。seg16。seg₁₆。sig16。sig₁₆,gam4。he2。hi2。lak62。li6。sag7。saga₇。seg16。sig16,GAN。HE2。KAN。_he2。gan。gan#。gana。he2。hi2。hé。kan。qan。sag7。ḫe2。ḫe₂。ḫé,gam₄。gan。gana。he₂。hi₂。kan。kana。lak62。li₆。qan。saga₇。sag₇。seg₁₆。sig₁₆,GAM4。GAN。GANA。GIDI6。KAN。KANA。LI6。PA11。QAN。SAG7。SEG16。SIG16。ḪE2。ḪI2,duganₓ。gam₄。gan。gana。he₂。hi₂。kamₓ。kan。kana。li₆。qan。saga₇。sag₇。seg₁₆。sig₁₆。šaganₓ,gan,o0000197
𒃷,al3。alalₓ。al₃。asza5。aszag。ašag。aša₅。eqlu。ga3。gan2。gana2。gana₂。gan₂。ga₃。iku。iszhuru3。iszhurum3。išhurum₃。išhuru₃。kalaₓ。kan2。kana2。kana₂。kan₂。ul8。ululₓ。ul₈。ŋa3。ŋa₃,al3。asza5。aszag。ga3。gan2。gana2。iku@c。iku@c@v。iku@t。iszhuru3。iszhurum3。kan2。kana2。ul8。ŋa3, gana2。(iku)。ASZA5。GAN2。GAN₂。GÁN。IKU。al3。asza5。ašag。ga3。gan2。gana2。gán。gána。iku。kan2。kán,alalₓ。al₃。ašag。aša₅。eqlu。gana₂。gan₂。ga₃。iku。iku@c。iku@c@v。iku@t。išhurum₃。išhuru₃。kalaₓ。kana₂。kan₂。ululₓ。ul₈。ŋa₃,AL3。AŠA5。AŠAG。GA3。GAN2。GANA2。IKU。IŠḪURU3。IŠḪURUM3。KAN2。KANA2。MUL5。MULU4。UL8,%akk eqlu。1(iku@c)。alalₓ。al₃?。ašag。aša₅。buruₓ。eqqil。gana₂。gan₂。ga₃?。girriₓ。iku。iku@c。iku@c@v。iku@t。išhurum₃。išhuru₃。kalaₓ。kana₂。kan₂。karₓ。mulu₄。ululₓ。ul₈?。ŋa₃?,iku,o0000199
𒃷𒁍,mulu4。mulu4-bu。mulu₄。mulu₄-bu。szanna。šanna,gan₂.bu。mulu4。mulu4-bu。szanna。|gan₂.bu|,,gan₂.bu。mulu₄。mulu₄-bu。|gan₂.bu|。šanna,,mulu₄。mulu₄-bu。šanna,,
𒃸,gar19。garak。gar₁₉。gur6。guru6。guru₆。gur₆。ilₓ。kar2。kara2。kara₂。kar₂。kiri2。kiri₂,gan₂@t。gar19。gur6。guru6。kar2。kara2。kiri2,KÁR。kar2。kara2。kár,gan₂@t。garak。gar₁₉。guru₆。gur₆。ilₓ。kara₂。kar₂。kiri₂,GAN2tenûandŠE3tenû。GAR19。GARAK。GUR6。GURU6。KAR2。KARA2。KIRI2,garak。gar₁₉。guru₆。gur₆。ilₓ。kara₂。kar₂。kiri₂,kar₂,o0000201
𒃸𒃸,gugru,gan₂@t.gan₂@t。|gan₂@t.gan₂@t|,,gan₂@t.gan₂@t。gugru。|gan₂@t.gan₂@t|,,gugru,,
𒃹,,gan₂&gan₂。|gan₂&gan₂|,,gan₂&gan₂。|gan₂&gan₂|,AL’AL2。GAN2overGAN2,lirumₓ,nan,o0001217
𒃺,alal4。alal₄。ulul2。ulul₂,alal4。gan₂%gan₂。ulul2。|gan₂%gan₂|,,alal₄。gan₂%gan₂。ulul₂。|gan₂%gan₂|,GAN2crossingGAN2,alal₄?。girriₓ。ulul₂,ulul₂,o0001216
𒃻,ga4。gar。gara。garak5。garak₅。ga₄。inda3。inda₃。inta3。inta₃。kar5。kar₅。mar3。mar₃。menari。mu8。mu₈。neq2。neq₂。ni3。nig2。nigiₓ。nig₂。nik2。nik₂。nim5。nim₅。nin6。ninda。nindan。ninni3。ninni₃。nin₆。niq2。niqiₓ。niq₂。nita4。nita₄。niŋ2。niŋ₂。ni₃。qar3。qara3。qara₃。qar₃。sa15。sa₁₅。sza2。szikin。szu7。ŋar。ša₂。šikin。šu₇,ga4。garak5。inda3。inta3。kar5。mar3。mu8。neq2。ni3。nig2。nik2。nim5。nin6。nindanaₓ。ninni3。niq2。nita4。niŋ2。niŋdanaₓ。niŋdanₓ。qar3。qara3。sa15。sza2。szikin。szu7, nij2。 ninda。 niĝ2。<šá。GAR。NI3。NIG2。NIG₂。NINDA。Nig2。NÍG。SZA2。[š]á。_nig2。_ninda。ga4。gar。gar_。inda3。jar。ni3。nig2。nij2。nim5。ninda。nindan。niq2。niĝ2。niĝ₂。nì。níg。ník。níq。níĝ。sza2。szá。ĝar。ĝar]。ŠÁ。š[á。ša2。ša₂。šá。šá],gar。gara。garak₅。ga₄。inda₃。inta₃。kar₅。mar₃。menari。mu₈。neq₂。nigiₓ。nig₂。nik₂。nim₅。ninda。nindan。nindanaₓ。ninni₃。nin₆。niqiₓ。niq₂。nita₄。niŋdanaₓ。niŋdanₓ。niŋ₂。ni₃。qara₃。qar₃。sa₁₅。ŋar。ša₂。šikin。šu₇,GA4。GAR。GARA。GARAK5。INDA3。INTA3。KAR5。MAR3。MARA3。MENARI。MU8。NEK2。NI3。NIG2。NIK2。NIM5。NIN6。NINDA。NINNI3。NIQ2。NITA3。NITA4。QAR3。QARA3。SA15。SA16。ŠA2。ŠAD3。ŠAT3。ŠU7,gar。gara。garak₅。ga₄。inda₃。inta₃?。kar₅。kuₓ。mar₃。menari。mu₈。neq₂。nigiₓ。nig₂。nik₂。nim₅。ninda。nindan。nindanaₓ。ninni₃。nin₆。niqiₓ。niq₂。nita₄。niŋdanaₓ。niŋdanₓ。niŋ₂。ni₃。qara₃?。qar₃?。sa₁₅?。ŋar。ša₂。šikin。šu₇?,gara,o0000202
𒃻𒂺,gapi,gar.ga₂×(a.igi)。|gar.ga₂×(a.igi)|,,gapi。gar.ga₂×(a.igi)。|gar.ga₂×(a.igi)|,,gapi?,,
𒃻𒃰,,gar&gada,,gar&gada,,,,
𒃻𒃰𒋺𒌫,,gar.gad.tak₄.ur₂。|gar.gad.tak₄.ur₂|,,gar.gad.tak₄.ur₂。|gar.gad.tak₄.ur₂|,,nisikiₓ,,
𒃻𒅁,argab。arkab。irkab,gar.ib。|gar.ib|,,argab。arkab。gar.ib。irkab。|gar.ib|,,argab。arkab。irkab,,
𒃻𒆸,kibsur。kibszur。kibšur,gar.lagab。kibszur。|gar.lagab|,,gar.lagab。kibsur。kibšur。|gar.lagab|,,kibsur。kibšur,,
𒃻𒈖,gug3。gugina。gug₃,gar.lu₃。gug3。|gar.lu₃|,,gar.lu₃。gugina。gug₃。|gar.lu₃|,GUG3。GUGINA。NIG2.GUG2,gugina。gug₃,,
𒃻𒉺𒋼𒋛,,gar.pa.te.si。|gar.pa.te.si|,,gar.pa.te.si。|gar.pa.te.si|,,ensiₓ,,
𒃻𒊕𒅍𒂡𒊩,balla2。balla₂,balla2。gar.sag.il₂.ezen.sal。|gar.sag.il₂.ezen.sal|,,balla₂。gar.sag.il₂.ezen.sal。|gar.sag.il₂.ezen.sal|,BALLA2。NIG2.SAG.IL2.EZEN.MUNUS,balla₂,,
𒃻𒊕𒅍𒂡𒍑,balla,gar.sag.il₂.ezen.uš。|gar.sag.il₂.ezen.uš|,,balla。gar.sag.il₂.ezen.uš。|gar.sag.il₂.ezen.uš|,BALLA。NIG2.SAG.IL2.EZEN.UŠ,balla,,
𒃻𒊮,kadra2。kadra₂,gar.ša₃。kadra2。|gar.ša₃|,,gar.ša₃。kadra₂。|gar.ša₃|,KADRA2。NIG2.ŠA3,kadra₂?,,
𒃻𒊮𒀀,kadra。kadri。kadru,gar.ša₃.a。|gar.ša₃.a|, kadra。KADRA。kadra,gar.ša₃.a。kadra。kadri。kadru。|gar.ša₃.a|,KADRA。KADRI。KADRU。NIG2.ŠA3.A,kadra。kadri。kadru,,
𒃻𒊯,kadra3。kadra₃。kadri3。kadri₃。kadru3。kadru₃,gar.ša₃×a。kadra3。kadri3。kadru3。|gar.ša₃×a|,,gar.ša₃×a。kadra₃。kadri₃。kadru₃。|gar.ša₃×a|,KADRA3。KADRI3。KADRU3。NIG2.PEŠ4,kadra₃。kadri₃。kadru₃,,
𒃻𒋃,"ut,uku。uttuku。utugₓ。utuqₓ。uṭuku","gar.šid。ut,uku。|gar.šid|",,gar.šid。uttuku。utugₓ。utuqₓ。uṭuku。|gar.šid|,NIG2.ŠID。UTTUKU,sangaₓ。saŋŋaₓ。uttuku。utugₓ。utuqₓ。uṭuku,,
𒃻𒋗𒂂,immal3。immal₃,gar.šu.dugud。immal3。|gar.šu.dugud|,,gar.šu.dugud。immal₃。|gar.šu.dugud|,IMMAL3。NIG2.ŠU.DUGUD,immal₃,,
𒃻𒑚𒋡,gideszta。gidešta,gar.šušana.sila₃。gideszta。|gar.šušana.sila₃|,,gar.šušana.sila₃。gidešta。|gar.šušana.sila₃|,GIDEŠTA。NIG2.ŠUŠANA.SILA3。NINDA.1/3.SILA3。NINDA.ŠUŠANA.SILA3,gidešta?,,
𒃻𒑛𒋡,gidesztaₓ。gideštaₓ,gar.šanabi.sila₃。gidesztaₓ。|gar.šanabi.sila₃|,,gar.šanabi.sila₃。gideštaₓ。|gar.šanabi.sila₃|,GIDEŠTA。NIG2.ŠANABI.SILA3。NINDA.2/3.SILA3。NINDA.ŠANABI.SILA3,gideštaₓ?,,
𒃻𒑜𒋡,,gar.kingusili.sila₃。|gar.kingusili.sila₃|,,gar.kingusili.sila₃。|gar.kingusili.sila₃|,GIDEŠTA。NIG2.KINGUSILA.SILA3。NINDA.5/6.SILA3。NINDA.KINGUSILA.SILA3,gideštaₓ?,,
𒃼,gar3。gara3。gara₃。gar₃。kar3。kar₃。qar。qer5。qer₅。ŋar3。ŋar₃,gar3。gara3。kar3。qer5。ŋar3,GAR3。GAR₃。GÀR。QAR。Qar。gar3。gar3_。gara3。gar₃。gàr。kar3。qar,gara₃。gar₃。kar₃。qar。qer₅。ŋar₃,GAR3。GARA3。KAR3。KIR16。QAR。QER5,ašgarₓ。gara₃。gar₃。kar₃。qar。qer₅。ŋar₃,qar,o0000204
𒃽,gaszan。gašan。ugun2。ugunu2。ugunu₂。ugun₂,gaszan。ugun2。ugunu2,GASZAN。GAszAN。GAŠAN。gaszan。gašan,gašan。ugunu₂。ugun₂,GAŠAN。UGUN2。UGUNU2。Ugunû,gašan。ugunu₂。ugun₂,ugunu₂,o0000205
𒃾,/mutin/。gesztin。gesztin@d。gesztina。geštin。geštin@d。geština。ŋesztin。ŋesztina。ŋeštin。ŋeština,gesztin。gesztin@d。gesztina。ŋesztin。ŋesztina,GEŠTIN。_gesztin_。gesztin。geštin。jesztin。ĝeštin,/mutin/。geštin。geštin@d。geština。ŋeštin。ŋeština,GEŠTIN。GIŠ.DIN。KURUN4。PIḪU4。WI5,%elx geštin@d。dinₓ。geštin。geština。ŋeštin。ŋeština,/mutin/,o0000208
𒃿,adar3。adar₃。ildag4。ildag₄,adar3。geštin×kur。ildag4。|geštin×kur|,,adar₃。geštin×kur。ildag₄。|geštin×kur|,ADAR3。GEŠTINxKUR。ILDAG4,adar₃。ildag₄,adar₃,o0001333
𒄀,eszsza3。ešša₃。ge。gen6。gen₆。gi。gin6。gin₆。gitag。ke2。ke₂。ki2。ki₂。qan2。qan₂。qe3。qe₃。qi3。qi₃。seg17。seg₁₇。si22。sig17。sig₁₇。sissiₓ。si₂₂。tar5。taru5。taru₅。tar₅,eszsza3。gen6。gin6。gitag。ke2。ki2。qan2。qe3。qi3。seg17。si22。sig17。tar5。taru5, gi。GI。GI_。Gi。Ki2。SIG17。[g]i。ge。ge#。gen6。gen₆。gi。gi_。gin6。gin₆。kí。qi3。qè。qì。si22。sig17。sig17_。sig₁₇,ešša₃。ge。gen₆。gi。gin₆。ke₂。ki₂。qan₂。qe₃。qi₃。seg₁₇。sig₁₇。sissiₓ。si₂₂。taru₅。tar₅,EŠŠA2。EŠŠAx。GE。GI。GIN6。GIN7。KE2。KI2。QAN2。QE3。QI3。SEG17。SI22。SIG17。TAR5。TARU5,aₓ。ešša₃。ge。gen₆。gi。gin₆。gitag。ke₂。ki₂。qan₂。qe₃。qi₃。seg₁₇。sig₁₇。sissiₓ。si₂₂。taru₅。tar₅,gi,o0000210
𒄀𒆕,kilim3。kilim₃,gi.kak。kilim3。|gi.kak|,,gi.kak。kilim₃。|gi.kak|,,kilim₃,,
𒄀𒇻,ama3。ama₃,ama3。gi.lu。|gi.lu|,,ama₃。gi.lu。|gi.lu|,AMA3。GI.LU,ama₃?,,
𒄀𒈾𒀊𒈾𒌈,,gi.na.ab.na.tum。|gi.na.ab.na.tum|,,gi.na.ab.na.tum。|gi.na.ab.na.tum|,,šutumₓ,,
𒄀𒈾𒀊𒌈,,gi.na.ab.tum。|gi.na.ab.tum|,szutum2。šútum,gi.na.ab.tum。|gi.na.ab.tum|,GI.NA.AB.TUM。ŠUTUM2,šutum₂,,
𒄀𒈾𒀊𒌋𒄞,szutum。szutum2。šutum。šutum₂,gi.na.ab.u.gud。szutum。szutum2。|gi.na.ab.u.gud|,szutum。šutum,gi.na.ab.u.gud。|gi.na.ab.u.gud|。šutum。šutum₂,,,,
𒄀𒈾𒀊𒌌,,,,,GI.NA.AB.DU7。GI.NA.AB.UL。ŠUTUM,šutum,,
𒄀𒉻,szudug。šudug,gi.pad。szudug。|gi.pad|,,gi.pad。|gi.pad|。šudug,,šudug,,
𒄁,,,,,GIxE,None,nan,o0001358
𒄂,,gitag。gi×tak₄。|gi×tak₄|,,gitag。gi×tak₄。|gi×tak₄|,GIxU,henburₓ,gitag,o0001360
𒄃,esir4。esir₄。ge16。gel。ge₁₆。gi16。gib。gig3。gig₃。gil。gili。gilibₓ。gilim。gillim。gi₁₆。kil2。kilim2。kilim₂。kil₂。qil2。qili2。qili₂。qil₂。unu10。unu₁₀,esir4。ge16。gi%gi。gi&gi。gi16。gig3。kil2。kilim2。qil2。qili2。unu10。|gi%gi|,GI%GI。GIL。esir₄。gi16。gib。gil。gilim,esir₄。gel。ge₁₆。gi%gi。gi&gi。gib。gig₃。gil。gili。gilibₓ。gilim。gillim。gi₁₆。kilim₂。kil₂。qili₂。qil₂。unu₁₀。|gi%gi|,ESIR4。GE16。GEL。GI16。GIB。GIG3。GIL。GILIM。GILLIM。GIoverGIparallelorGIcrossingGI。KIL2。KILIM2。QIL2。QILI2。UNU10。ḪIL,esir₄。gel。geleŋ。ge₁₆。gib。gig₃?。gil。gili。gilibₓ。gilim。gillim。gi₁₆。kilim₂。kil₂。qili₂?。qil₂。unu₁₀,gilim,o0001335
𒄄,ga8。gagri。ga₈。ge4。ge₄。gi4。gi₄。ki8。ki₈。qe4。qe₄。qi4。qi₄,ga8。ge4。gi4。ki8。qe4。qi4, gi4。GI4。ge4。gi4。gi₄,gagri。ga₈。ge₄。gi₄。ki₈。qe₄。qi₄,GA8。GAGRI。GE4。GI4。GIgunû。KI8。QE4。QI4,gagri?。ga₈?。ge₄。gi₄。ki₈。qe₄。qi₄,gi₄,o0000219
𒄅,kilₓ,gi₄&gi₄。|gi₄&gi₄|,GI4&GI4,gi₄&gi₄。kilₓ。|gi₄&gi₄|,ESIR5。GI4overGI4。GIGI,kilₓ,kilₓ,o0001409
𒄆,esir5。esir₅。gigi,esir5。gi₄%gi₄。|gi₄%gi₄|,GI4%GI4。GIGI。esir5。gigi,esir₅。gigi。gi₄%gi₄。|gi₄%gi₄|,GI4crossingGI4。GI4overGI4crossed。GIGI,esir₅。gigi,gigi,o0001408
𒄇,gedim。gidim。kitim,,GIDIM。gidim。kitim,gedim。gidim。kitim,GIDIM。KITIM,gedim。gidim。kiteₓ。kitim。kitiₓ,gidim,o0000211
𒄈,gir2。giri2。giri₂。gir₂。mer3。meri3。meri₃。mer₃。patru。ukur。ŋir2。ŋiri2。ŋiri₂。ŋir₂,ger₂。gir2。giri2。mer3。meri3。ŋir2。ŋiri2,GIR2。Gir2。GÍR。_gir2。gir2。gir2#。gír。jir2。jiri2。ĝir2。ĝiri2。ĝir₂。ĝír。ĝíri,ger₂。giri₂。gir₂。meri₃。mer₃。patru。ukur。ŋiri₂。ŋir₂,GER2。GIR2。GIRI2。MER3。MERI3。PATRU。UKUR,gaggimₓ。garₓ。ger₂。giri₂。gir₂。guggimₓ。gurdaₓ。irₓ。meri₃。mer₃。miriₓ。patru。ukur?。ŋiri₂。ŋir₂,ger₂,o0000213
𒄉,"ad2。adda4。adda₄。addu3。addu₃。ad₂。at,2。at2。at₂。aṭ₂。kisza2。kiszeg2。kiszi17。kiszig2。kiszik2。kiša₂。kišeg₂。kišig₂。kišik₂。kiši₁₇。tab2。tab₂。ul4。ul₄","ad2。adda4。addu3。at,2。at2。gir₂@g。kisza2。kiszeg2。kiszi17。kiszig2。kiszik2。tab2。ul4",UL4。ad2。at2。ul4。ÁD,adda₄。addu₃。ad₂。at₂。aṭ₂。gir₂@g。kiša₂。kišeg₂。kišig₂。kišik₂。kiši₁₇。tab₂。ul₄,AD2。ADDA4。ADDU3。AT2。AṬ2。GIR2gunû。KIŠ17。KIŠA2。KIŠI17。TAB2。UL4,adda₄。addu₃。ad₂。ariₓ。at₂。aṭ₂。kiša₂。kišeg₂。kišig₂。kišik₂。kiši₁₇。tab₂。ul₄,ul₄,o0000214
𒄊,ansze2。anszu2。anše₂。anšu₂。er9。er₉。ger3。ger₃。gir3。giri3。giri₃。giru3。giru₃。gir₃。husz2。huš₂。imeriₓ。ir9。ir₉。kir10。kiri5。kiri₅。kir₁₀。merₓ。miriₓ。qir7。qir₇。sakkan。sumugan。sumugga。sumukan。sumuqan。szakan2。szakkan2。wir。ŋir3。ŋiri3。ŋiri₃。ŋir₃。šakan₂。šakkan₂,ansze2。anszu2。er9。ger3。gir3。giri3。giru3。husz2。ir9。irra。kir10。kiri5。qir7。szakan2。szakkan2。ŋir3。ŋiri3, jiri3。GIR3。GIR₃?。GÌR。JIRI3。_giri3。gir3。giri3。gìr。gìr[。ir9。jir3。jiri3。sumuqan。ĝir3。ĝiri3。ĝìr,anše₂。anšu₂。er₉。ger₃。giri₃。giru₃。gir₃。huš₂。imeriₓ。irra。ir₉。kiri₅。kir₁₀。merₓ。miriₓ。qir₇。sakkan。sumugan。sumugga。sumukan。sumuqan。wir。ŋiri₃。ŋir₃。šakan₂。šakkan₂,ANŠE2。ANŠU2。BIR10。GER3。GIR3。GIRI3。GIRU3。IR9。KIR10。KIRI5。NE3。PIL7。PIRIG。QIR7。SAKKAN。SUMUGAN。SUMUGGA。SUMUKAN。SUMUQAN。UG2。WIR。ŠAKAN2。ŠAKKAN2。ḪUŠ2,anše₂。anšu₂。birₓ。er₉。ger₃。giri₃。giru₃。gir₃。huš₂。ilₓ。imeriₓ。irra。ir₉。kiri₅?。kir₁₀。merₓ。miriₓ。qerₓ。qir₇。sakkan。sumugan。sumugga。sumukan。sumuqan。wir。ŋiri₃。ŋir₃。šakan₂。šakkan₂。šaŋanₓ,wir,o0000215
𒄊𒀕𒃲,,,,,GIR3.ERI11.GAL。NERGAL。NERIGAL,None,,
𒄊𒀴,szaggin。szaggina。szagina。szakan6。szakkana。šaggin。šaggina。šagina。šakan₆。šakkana,gir₃.arad。szaggin。szaggina。szagina。szakan6。szakkana。|gir₃.arad|。šagana,szagina。šagina,gir₃.arad。|gir₃.arad|。šagana。šaggin。šaggina。šagina。šakan₆。šakkana,GIR3.ARAD。ŠAGGIN。ŠAGGINA。ŠAKKAN6。ŠAKKANA6,šaggin。šaggina。šagina。šakan₆。šakkana。šakkan₆,,
𒄊𒁇,kiszer。kišer。szer11。šer₁₁,gir₃.bar。kiszer。szer11。|gir₃.bar|,šer11,gir₃.bar。kišer。|gir₃.bar|。šer₁₁,GIR3.BAR。KIŠER。ŠER11,kišer。šer₁₁,,
𒄊𒃢𒀀𒀭,sakkan2。sakkan₂,gir₃.ga₂×pa.a.an。sakkan2。|gir₃.ga₂×pa.a.an|,,gir₃.ga₂×pa.a.an。sakkan₂。|gir₃.ga₂×pa.a.an|,,sakkan₂,,
𒄊𒄊,,,,,DIDNU。GIR3.GIR3。TIDINU,None,,
𒄊𒋗𒅅,hubud,gir₃.šu.ig。|gir₃.šu.ig|,,gir₃.šu.ig。hubud。|gir₃.šu.ig|,,hubud,,
𒄊𒍞,irgi,gir₃.za@t。|gir₃.za@t|,,gir₃.za@t。irgi。|gir₃.za@t|,GIR3.ZAtenû。IRGI,girₓ。irgi,,
𒄋,alim。alima,alim⁻。gir₃×(a.igi)。|gir₃×(a.igi)|,ALIM。ALIMa。alim,alim。alima。alim⁻。gir₃×(a.igi)。|gir₃×(a.igi)|,,alim。alima,alim,o0001349
𒄌,gir16。giri16。girid2。girid₂。giri₁₆。gir₁₆。ŋiri16。ŋiri₁₆,gir16。giri16。girid2。giri₁₆⁻。gir₃×gan₂@t。irₓ。|gir₃×gan₂@t|。ŋiri16,GIRI16。giri16。girid2,girid₂。giri₁₆。giri₁₆⁻。gir₁₆。gir₃×gan₂@t。irₓ。|gir₃×gan₂@t|。ŋiri₁₆,GIR16。GIR3xGAN2tenû。GIR3xKAR2。GIRI16。QIR8,girid₂。giri₁₆。giri₁₆⁻。gir₁₆。irₓ。ŋiri₁₆,ŋiri₁₆,o0001351
𒄍,alimₓ,gir₃×igi。|gir₃×igi|,,alimₓ。gir₃×igi。|gir₃×igi|,ALIM。ALIMA。GIR3xIGI,None,alimₓ,o0001352
𒄎,lulim。lulima,gir₃×(lu.igi)。|gir₃×(lu.igi)|,LULIM。lulim,gir₃×(lu.igi)。lulim。lulima。|gir₃×(lu.igi)|,GIR3xLU.IGI。LULIM。LULIMA,lulim。lulima,lulim,o0001350
𒄏,anszeₓ。anšeₓ,anszeₓ。gir₃×pa。|gir₃×pa|,,anšeₓ。gir₃×pa。|gir₃×pa|,ANŠE。GIR3xPA,anšeₓ,anšeₓ,o0001353
𒄐,biz2。biz₂。gisal。giszal。gizal。gišal。mizal。ŋisal。ŋizal。ŋizzal,biz2。giszal。ŋizzal,GISAL。biz2。gisal。jisal。ĝisal,biz₂。gisal。gizal。gišal。mizal。ŋisal。ŋizal,BI.GIŠ。BI.IZ。GISAL。GIZAL。MISAL,biz₂。gisal。gizal。gišal?。mizal。ŋisal。ŋizal,biz₂,o0000216
𒄐𒉻𒋛𒀀,,gisal.pad.si.a。|gisal.pad.si.a|,,gisal.pad.si.a。|gisal.pad.si.a|,,None,,
𒄑,"es。es,。esz19。ez。eš₁₉。eṣ。gesz。gez。geš。gis。gis,。gisz。gisza。giz。giš。giša。giṣ。is。is,。is,u。isz6。iz。iš₆。iṣ。iṣu。kis2。kis₂。misz3。miš₃。mu9。mu₉。nesz2。neš₂。nis2。nisz2。nis₂。niš₂。ŋesz。ŋeš。ŋisz。ŋiš","es,。esz19。gesz。gis,。gisz。gisza。is,。is,u。isz6。kis2。misz3。mu9。nesz2。nis2。nisz2。ŋesz。ŋisz。ŋiz"," ĝiš。GEŠ。GISZ。GIŠ。Gisz。IS。JISZ。[ĝeš。es。es,。ez。eṣ。gesz。gesz#。geš。gis。gisz。giz。giš。i]s。is。is,。isz6。iz。iṣ。jesz。jisz。jiš。miš3。nisz2。niš2。ĜEŠ。ĜIŠ。ĝeš。ĝisz。ĝiš",es。ez。eš₁₉。eṣ。gez。geš。gis。giz。giš。giša。giṣ。is。iz。iš₆。iṣ。iṣu。kis₂。miš₃。mu₉。neš₂。nis₂。niš₂。ŋeš。ŋiz。ŋiš,ES。EZ。EŠ19。EṢ。GEZ。GEŠ。GIS。GIZ。GIŠ。GIṢ。IS。IZ。IŠ6。IṢ。KIS2。MIŠ3。MU9。NES2。NEŠ2。NIS2。NIŠ2。UŠ19,%akk/n iṣu。bilgaₓ。es。ez。eš₁₉。eṣ。gez。geš。gis。giz。giš。giša。giṣ?。is。iz。iš₆。iṣ。kis₂。miš₃。mu₉。neš₂。nis₂。niš₂。ŋeš。ŋiz。ŋizzalₓ。ŋiš,es,o0000217
𒄑𒁁,miszsun。mišsun,giš.bad。miszsun。|giš.bad|,,giš.bad。mišsun。|giš.bad|,,mišsun,,
𒄑𒁇,gira2。gira₂,gira2。giš.bar。|giš.bar|,,gira₂。giš.bar。|giš.bar|,GIRA2。GIŠ.BAR,gira₂,,
𒄑𒁷,gesz-tin。geš-tin。wi5。wi₅,gesz-tin。giš.din。wi5。|giš.din|,wi5,geš-tin。giš.din。wi₅。|giš.din|,,geš-tin。wi₅,,
𒄑𒂆𒈦,gilgames。gilgamesz。gilgameš,gilgamesz。giš.dun₃@g.maš。|giš.dun₃@g.maš|,Gilgameš,gilgames。gilgameš。giš.dun₃@g.maš。|giš.dun₃@g.maš|,,gilgames。gilgameš,,
𒄑𒃻𒌢,nisikiₓ,giš.gar.umbin。|giš.gar.umbin|,,giš.gar.umbin。nisikiₓ。|giš.gar.umbin|,,nisikiₓ,,
𒄑𒄑𒄑,,giš&giš&giš,,giš&giš&giš,,,,
𒄑𒅗𒆒,,giš.ka.kad₄。|giš.ka.kad₄|,,giš.ka.kad₄。|giš.ka.kad₄|,,kageškaraₓ。kaŋeškaraₓ,,
𒄑𒅗𒆓,kaŋeszkaraₓ。kaŋeškaraₓ,giš.ka.kad₅。kaŋeszkaraₓ。|giš.ka.kad₅|,,giš.ka.kad₅。kaŋeškaraₓ。|giš.ka.kad₅|,,kageškaraₓ。kaŋeškaraₓ,,
𒄑𒆠𒁉,geszbunₓ。gešbunₓ,geszbunₓ。giš.ki.bi。|giš.ki.bi|,,gešbunₓ。giš.ki.bi。|giš.ki.bi|,,gešbunₓ,,
𒄑𒆪,ŋesztukul2。ŋeštukul₂,giš.ku。|giš.ku|。ŋesztukul2,,giš.ku。|giš.ku|。ŋeštukul₂,GIŠ.KU。KAK2。TUKUL2,tukul₂。ŋeštukul₂,,
𒄑𒆰,kulₓ,giš.kul。kulₓ。|giš.kul|,,giš.kul。|giš.kul|,,kulₓ。xₓ,,
𒄑𒆵,umma。ummenₓ。ummiₓ,giš.kušu₂。|giš.kušu₂|,umma,giš.kušu₂。umma。ummenₓ。ummiₓ。|giš.kušu₂|,GIŠ.KUŠU2。UMMA,umma。ummenₓ。ummiₓ,,
𒄑𒇽,ŋeszgiriₓ。ŋešgiriₓ,giš.lu₂。|giš.lu₂|。ŋeszgiriₓ,,giš.lu₂。|giš.lu₂|。ŋešgiriₓ,,giriₓ。ŋešgiriₓ,,
𒄑𒈣𒊏,amra,giš.ma₂.ra。|giš.ma₂.ra|,,amra。giš.ma₂.ra。|giš.ma₂.ra|,,amra,,
𒄑𒈪,"dimmuszₓ。dimmušₓ。gissu。gizzu。luhummu。luhumₓ。s,il4。ubilla2。ubilla₂。ŋissu。ṣil₄","dimmuszₓ。giš.mi。s,il4。ubilla2。|giš.mi|。ŋessu。ŋessun",GISSU。gissu。jissu。ĝissu,dimmušₓ。gissu。gizzu。giš.mi。luhummu。luhumₓ。ubilla₂。|giš.mi|。ŋessu。ŋessun。ŋissu。ṣil₄,GISSU。GIZZU。GIŠ.MI。LUḪUMMU。UBILLA2。ṢIL4,dimmušₓ?。gissu。gizzu。luhmaₓ。luhummu。luhumₓ?。ubilla₂。ŋessu。ŋessun。ŋissu。ṣil₄,,
𒄑𒉈,bil4。bil₄。pil4。pil₄,bil4。giš.ne。pil4。|giš.ne|,bil4,bil₄。giš.ne。pil₄。|giš.ne|,BIL4。GIŠ.NE。PIL4,bil₄。pil₄,,
𒄑𒉈𒂵𒈩,gilgames3。gilgamesz3。gilgames₃。gilgameš₃,gilgames3。gilgamesz3。giš.ne.ga.mes。|giš.ne.ga.mes|,gilgameš3,gilgames₃。gilgameš₃。giš.ne.ga.mes。|giš.ne.ga.mes|,GILGAMES3。GILGAMEŠ3。GIŠ.NE.GA.MES,gilgames₃。gilgameš₃,,
𒄑𒉋,bil3。bil₃。gibilₓ。pil3。pil₃。ubilla,bil3。giš.ne@s。pil3。|giš.ne@s|,bil3,bil₃。gibilₓ。giš.ne@s。pil₃。ubilla。|giš.ne@s|,BIL3。GIŠ.BIL2。PIL3。UBILLA,bil₃。gibilₓ。pil₃。ubilla。šegₓ,,
𒄑𒉋𒂵𒈨𒌋𒌋𒌋,gilgamesz2。gilgameš₂,gilgamesz2。giš.ne@s.ga.me.u.u.u。|giš.ne@s.ga.me.u.u.u|,[gilgameš2]。gilgamesz2。gilgameš2,gilgameš₂。giš.ne@s.ga.me.u.u.u。|giš.ne@s.ga.me.u.u.u|,,,,
𒄑𒉋𒂵𒈩,,,,,GILGAMES2。GILGAMEŠ2。GIŠ.BIL2.GA.MES,gilgames₄。gilgameš₄,,
𒄑𒉌,v+,giš.ni。|giš.ni|,,giš.ni。v+。|giš.ni|,,,,
𒄑𒉢,ŋesz-nu11。ŋeš-nu₁₁,giš.nu₁₁。|giš.nu₁₁|。ŋesz-nu11,,giš.nu₁₁。|giš.nu₁₁|。ŋeš-nu₁₁,,ŋeš-nu₁₁,,
𒄑𒉿𒌆,geszdu3。gesztu3。gesztug3。gešdu₃。geštug₃。geštu₃。giszdu3。gisztu3。gisztug3。gišdu₃。gištug₃。gištu₃。ŋesztu3。ŋesztug3。ŋeštug₃。ŋeštu₃。ŋisztu3。ŋisztug3。ŋištug₃。ŋištu₃,geszdu3。gesztu3。gesztug3。giszdu3。gisztu3。gisztug3。giš.pi.tug₂。|giš.pi.tug₂|。ŋesztu3。ŋesztug3。ŋisztu3。ŋisztug3,gesztug3。gèštu。ĝeštug3。ĝèštu,gešdu₃。geštug₃。geštu₃。giš.pi.tug₂。gišdu₃。gištug₃。gištu₃。|giš.pi.tug₂|。ŋeštug₃。ŋeštu₃。ŋištug₃。ŋištu₃,GEŠDU3。GEŠTU3。GEŠTUG3。GIŠ.PI.TUG2,gešdu₃。geštug₃。geštu₃。gišdu₃。gištug₃。gištu₃。ŋeštug₃。ŋeštu₃。ŋištug₃。ŋištu₃,,
𒄑𒊒,geszbuₓ。geszpaₓ。geszpuₓ。gešbuₓ。gešpaₓ。gešpuₓ。ŋeszbuₓ。ŋeszpaₓ。ŋeszpuₓ。ŋešbuₓ。ŋešpaₓ。ŋešpuₓ,geszbuₓ。geszpaₓ。geszpuₓ。giš.ru。|giš.ru|。ŋeszbuₓ。ŋeszpaₓ。ŋeszpuₓ,,gešbuₓ。gešpaₓ。gešpuₓ。giš.ru。|giš.ru|。ŋešbuₓ。ŋešpaₓ。ŋešpuₓ,GEŠBA。GEŠBU。GEŠPA。GEŠPU。GIŠ.RU。ILLAR。ILLULU。ILLURU,gešbuₓ?。gešpaₓ?。gešpuₓ?。ŋešbuₓ?。ŋešpaₓ?。ŋešpuₓ?,,
𒄑𒊩𒆳,,giš.sal.kur。|giš.sal.kur|,,giš.sal.kur。|giš.sal.kur|,,ummaₓ,,
𒄑𒋗𒇽,,giš.šu.lu₂。|giš.šu.lu₂|,,giš.šu.lu₂。|giš.šu.lu₂|,,giriₓ,,
𒄑𒋻,miszhasz。mišhaš,giš.tar。miszhasz。|giš.tar|,,giš.tar。mišhaš。|giš.tar|,,mišhaš,,
𒄑𒌆𒉿,geszdu2。gesztu2。gesztug2。gešdu₂。geštug₂。geštu₂。giszdu2。gisztu2。gisztug2。gišdu₂。gištug₂。gištu₂。ŋesztu2。ŋesztug2。ŋeštug₂。ŋeštu₂。ŋisztu2。ŋisztug2。ŋištug₂。ŋištu₂,geszdu2。gesztu2。gesztug2。giszdu2。gisztu2。gisztug2。giš.tug₂.pi。|giš.tug₂.pi|。ŋesztu2。ŋesztug2。ŋisztu2。ŋisztug2,gesztu2。gesztug2。geštu2。geštug2。jesztug2。ĝeštu2。ĝeštug2。ĝeštug₂。ĝéštu。ĝéštug,gešdu₂。geštug₂。geštu₂。giš.tug₂.pi。gišdu₂。gištug₂。gištu₂。|giš.tug₂.pi|。ŋeštug₂。ŋeštu₂。ŋištug₂。ŋištu₂,GEŠDU2。GEŠTU2。GEŠTUG2。GIŠ.TUG2.PI,azlagₓ。gešdu₂。geštug₂。geštu₂。gišdu₂。gištug₂。gištu₂。muštugₓ。muštuₓ。ŋessalₓ。ŋeštug₂。ŋeštu₂。ŋištug₂。ŋištu₂,,
𒄑𒌆𒉿𒉢𒋡,,gizal₂。gizzal。gizzal₂。gizzalₓ。giš.tug₂.pi.nu₁₁.sila₃。gišzal。misal。|giš.tug₂.pi.nu₁₁.sila₃|。ŋessal。ŋezzal。ŋizzal。ŋizzalₓ,gizzal2,gizal₂。gizzal。gizzal₂。gizzalₓ。giš.tug₂.pi.nu₁₁.sila₃。gišzal。misal。|giš.tug₂.pi.nu₁₁.sila₃|。ŋessal。ŋezzal。ŋizzal。ŋizzalₓ,,None,,
𒄑𒌆𒉿𒋔𒉣,ŋizzalₓ,giš.tug₂.pi.šir@t.nun。|giš.tug₂.pi.šir@t.nun|。ŋizzalₓ,,giš.tug₂.pi.šir@t.nun。|giš.tug₂.pi.šir@t.nun|,,ŋizzalₓ,,
𒄑𒌆𒉿𒋼𒀀,aszlag5。azalag5。azalag₅。azlag5。azlag₅。ašlag₅,aszlag5。azalag5。azlag5。giš.tug₂.pi.te.a。|giš.tug₂.pi.te.a|,,azalag₅。azlag₅。ašlag₅。giš.tug₂.pi.te.a。|giš.tug₂.pi.te.a|,AŠLAG。GIŠ.TUG2.PI.KAR,azalag₅。azlag₅。ašlag₅,,
𒄑𒌆𒉿𒋼𒀀𒁺,aszlag3。azalag3。azalag₃。azlag3。azlag₃。ašlag₃,aszlag3。azalag3。azlag3。giš.tug₂.pi.te.a.du。|giš.tug₂.pi.te.a.du|,azlag3,azalag₃。azlag₃。ašlag₃。giš.tug₂.pi.te.a.du。|giš.tug₂.pi.te.a.du|,AZLAG3。AŠLAG。GIŠ.TUG2.PI.KAR.DU,azalag₃。azlag₃。ašlag₃,,
𒄑𒌆𒋼𒀀,aszlag6。azalag6。azalag₆。azlag6。azlag₆。ašlag₆,aszlag6。azalag6。azlag6。giš.tug₂.te.a。|giš.tug₂.te.a|,,azalag₆。azlag₆。ašlag₆。giš.tug₂.te.a。|giš.tug₂.te.a|,AZLAG6。GIŠ.TUG2.KAR,azalag₆。azlag₆。ašlag₆,,
𒄑𒌆𒋼𒀀𒁺,aszlag4。azalag4。azalag₄。azlag4。azlag₄。ašlag₄,aszlag4。azalag4。azlag4。giš.tug₂.te.a.du。|giš.tug₂.te.a.du|,azlag4,azalag₄。azlag₄。ašlag₄。giš.tug₂.te.a.du。|giš.tug₂.te.a.du|,AZLAG4。GIŠ.TUG2.KAR.DU,azalag₄。azlag₄。ašlag₄,,
𒄒,"adamen3。adamen₃。adamin3。adamin₃。alal3。alal₃。an2。an₂。dara5。dara₅。dari5。dari₅。daru5。daru₅。dur4。duru4。durum4。durum₄。duru₄。dur₄。gib2。gib₂。gip2。gip₂。girriₓ。hul3。hul₃。kib。kip。liri3。liri₃。liru3。lirum3。lirum₃。liru₃。puhrum。qeb。qep。qib。qip。szallur。szennur。t,ur4。tur4。tur₄。ul3。ulul。ul₃。šallur。šennur。ṭur₄","adamen3。adamin3。alal3。an2。dara5。dari5。daru5。dur4。duru4。durum4。gib2。gip2。giš%giš。giš&giš。hul3。liri3。liru3。lirum3。szallur。szennur。t,ur4。tur4。ul3。|giš%giš|",KIB。Kib。adamin3。an2。dur4。kib。kip。qip。ul3。šennur,adamen₃。adamin₃。alal₃。an₂。dara₅。dari₅。daru₅。durum₄。duru₄。dur₄。gib₂。gip₂。girriₓ。giš%giš。giš&giš。hul₃。kib。kip。liri₃。lirum₃。liru₃。puhrum。qeb。qep。qib。qip。tur₄。ulul。ul₃。|giš%giš|。šallur。šennur。ṭur₄,ADAMEN3。ADAMIN3。ALAL3。ALAL4。AL’AL。AL’AL2。AN2。DARA5。DARI。DARI5。DARU。DARU5。DUR4。DURU4。GIB2。GIP2。GIŠcrossingGIŠ。GIŠoverGIŠcrossed。GUBRU3。KEP。KIB。KIP。LIRI3。LIRU3。LIRUM3。PUḪRUM。QEB。QIB。QIP。TUL3。TUR4。UL3。ULLU2。ULUL。ULUL2。UL’UL。UL’UL2。ŠALLUR。ŠENNUR。ḪUL3。ṬUR4,%akk puhrum。adamen₃。adamin₃。alal₃。an₂?。dara₅。dari₅。daru₅。durum₄。duru₄。dur₄。gib₂。gip₂。girriₓ。hul₃。kib。kip。liri₃。lirum₃。liru₃。qeb。qep。qib。qip。rašₓ。tur₄。ullu。ulul。ul₃。šallur。šennur。ṭur₄,kip,o0001363
𒄒𒍝,lirumₓ,giš%giš.za。|giš%giš.za|,,giš%giš.za。lirumₓ。|giš%giš.za|,,lirumₓ,,
𒄓,geszhar。gešhar。giszhar。gišhar。ziz4。ziz₄,geszhar。giszhar。giš×bad。ziz4。|giš×bad|。ŋešhur,,gešhar。gišhar。giš×bad。ziz₄。|giš×bad|。ŋešhur,GEŠḪAR。GIŠxBAD。GIŠḪAR。GIŠḪAR2。ZIZ4,gešhar。gišhar。ziz₄。ŋešhar。ŋešhur,gešhar,o0001406
𒄔,qiszatₓ。qišatₓ。szabuₓ。šabuₓ,giš×tak₄。qiszatₓ。szabuₓ。|giš×tak₄|,,giš×tak₄。qišatₓ。|giš×tak₄|。šabuₓ,GIŠxTAK4,ezinuₓ。qišatₓ。terₓ。tirₓ。šabuₓ。šeₓ,qišatₓ,o0001407
𒄕,gur17。guru17。guru₁₇。gur₁₇。kana7。kana₇,giš@t。gur17。guru17。kana7,(guru17)。GIŠ@t。GUR17。gur17。guru17,giš@t。guru₁₇。gur₁₇。kana₇,GIŠtenû。GUR17。GURU17。KANA7,guru₁₇。gur₁₇。kana₇,gur₁₇,o0000218
𒄖,gu。gumₓ。ku8。ku₈。qu3。qu₃,ku8。qu3,GU。Gu。gu。ku8。qu3,gu。gumₓ。ku₈。qu₃,GU。KU8。QU3,ahₓ。gu。gumₓ?。ku₈。qu₃,gu,o0000221
𒄖𒄖,,gu&gu,,gu&gu,,None,,
𒄗,sah4。sah₄。sih5。sih₅。suh3。suh₃。zih,gu%gu。sah4。sih5。suh3。|gu%gu|,GU%GU。SAH4。SÙḪ。sah4。suh3。suḫ3。sùh。sùḫ,gu%gu。sah₄。sih₅。suh₃。zih。|gu%gu|,GUcrossingGU。SAḪ4。SIḪ5。SUḪ3。ZIḪ,sah₄。saₓ。sih₅。suh₃。zaₓ。zih,zih,o0001412
𒄗𒄗,sishe,gu%gu.gu%gu。|gu%gu.gu%gu|,,gu%gu.gu%gu。sishe。|gu%gu.gu%gu|,,sishe,,
𒄘,gu2。gun2。gun₂。gu₂。kiszādu。kišādu。lil6。lil₆。qu6。qu₆。tek。tik。tiq,gu2。gun2。kiszādu。lil6。qu6,GU2。GU₂。GÚ。TIK。gU2。gu2。gun2。gu₂。gú。tik。tiq,gun₂。gu₂。kišādu。lil₆。qu₆。tek。tik。tiq,GU2。GUN2。LIL6。MU11。QU6。TIG。TIK。TIQ,%akk/n kišādu。gun₂。gu₂。lil₆。qu₆。tek。tik。tiq。usanₓ,tek,o0000230
𒄘𒃼,dallaₓ。idigna,gu₂.gar₃。|gu₂.gar₃|,IDIGNA。idigna,dallaₓ。gu₂.gar₃。idigna。|gu₂.gar₃|,,dallaₓ。idigna,,
𒄘𒉭,nida,gu₂.nunuz。|gu₂.nunuz|,nida,gu₂.nunuz。nida。|gu₂.nunuz|,,nida,,
𒄘𒌦,biltu。gun,gu₂.un。|gu₂.un|,GUN。_gun。_gun_。gun,biltu。gun。gu₂.un。|gu₂.un|,BILTI。BILTU。GU2.UN。GUN,biltu。gun,,
𒄙,"dur。t,ur。t,uru。tur2。tur₂。ṭur。ṭuru","gu₂×kak。lak545。t,ur。t,uru。tur2。usan₆。|gu₂×kak|","DUR。_dur。d[ur。dur。t,ur。tur2。túr。ṭur",dur。gu₂×kak。lak545。tur₂。usan₆。|gu₂×kak|。ṭur。ṭuru,DUR。DURU。GU2.GAG。GU2xGAG。TUR2。ṬUR,dur。tur₂。usan₆。ṭur。ṭuru,dur,o0001431
𒄙𒄒,duran。turan,gu₂×kak.giš%giš。|gu₂×kak.giš%giš|,,duran。gu₂×kak.giš%giš。turan。|gu₂×kak.giš%giš|,DUR.KIB。DURAN,duran?。turan?,,
𒄚,ugurₓ,gu₂×kak×igi@g。|gu₂×kak×igi@g|,,gu₂×kak×igi@g。ugurₓ。|gu₂×kak×igi@g|,GU2xKAKxIGIgunû,ugurₓ,ugurₓ,o0001432
𒄛,munsub3。munsub₃。musub3。musub₃。sub3。sub₃。usan。usian。uszen。ušen,gu₂×nun。munsub3。musub3。sub3。uszen。|gu₂×nun|,USAN。usan,gu₂×nun。munsub₃。musub₃。sub₃。usan。usian。ušen。|gu₂×nun|,,munsub₃。musub₃。sub₃。usan。usian。ušen,usan,o0001433
𒄜,gueriszi。gueriši,gueriszi。gu₂×(sal.tug₂)。|gu₂×(sal.tug₂)|,,gueriši。gu₂×(sal.tug₂)。|gu₂×(sal.tug₂)|,GU2xSAL.TUG2,gueriši,gueriši,o0001428
𒄝,munsub4。munsub₄。musub4。musub₄。usan2。usan₂。usaₓ,gu₂@g。munsub4。musub4。usan2,(usan2)。usan2。ÚSAN。úsan,gu₂@g。munsub₄。musub₄。usan₂。usaₓ,GU2gunû。USAN2,mudₓ。munsub₄。musub₄。usan₂。usaₓ,munsub₄,o0000231
𒄞,alap。alpu。bahar。dapar。dapara。dipar。esztub。eštub。gadma。gar4。gara4。gara₄。gar₄。gidim7。gidim₇。gu4。gud。gudma。gudu。gugarid。gu₄。har2。hara2。hara₂。har₂。kamusz。kamuš。ku15。kuszdim。kuszgim。kuszum3。kušdim。kušgim。kušum₃。ku₁₅。lagabₓ。qadma。qudmaₓ。ruszban。ruszpan。rušban。rušpan。szuszgim。zeb3。zeb₃。zib3。zib₃。šušgim,aštub。esztub。gar4。gara4。gidim7。gu4。har2。hara2。kamusz。ku15。kuszdim。kuszgim。kuszum3。ruszban。ruszpan。szuszgim。zeb3。zib3。šukum, gud。GU4。GUD。GU₄。_gu4_。bahar。eštub。gu4。gud。ku15,alap。alpu。aštub。bahar。dapar。dapara。dipar。eštub。gadma。gara₄。gar₄。gidim₇。gud。gudma。gudu。gugarid。gu₄。hara₂。har₂。kamuš。kušdim。kušgim。kušum₃。ku₁₅。lagabₓ。qadma。qudmaₓ。rušban。rušpan。zeb₃。zib₃。šukum。šušgim,ALAB。ALAP。BAḪAR。DAPAR。DIPAR。EŠTUB。GADMA。GAR4。GARA4。GIDIM7。GU4。GUD。GUDMA。GUGARID。KAMUŠ。KU15。KUŠDIM。KUŠGIM。KUŠUM3。QU7。RUŠBAN。RUŠPAN。ZIB3。ŠUKUM。ŠUŠGIM。ḪAR2。ḪARA2,%akk alpu。alap。aštub。bahar。dapar。dapara。dipar。eštub。gadma。gara₄。gar₄。gidim₇?。gud。gudma。gudu。gugarid。gurₓ。gu₄。hara₂?。har₂。kamuš。kušdim。kušgim。kušum₃。ku₁₅。lagabₓ。qadma。qudmaₓ。rušban。rušpan。zeb₃。zib₃。šušgim,bahar,o0000222
𒄞𒀭𒈾,lium,gud.an.na。|gud.an.na|,,gud.an.na。lium。|gud.an.na|,,lium,,
𒄞𒄞,,gud&gud,,gud&gud,,,,
𒄟,ildag2。ildag₂,gud×(a.kur)。ildag2。|gud×(a.kur)|,(ildag2)。ildag2。íldag,gud×(a.kur)。ildag₂。|gud×(a.kur)|,AMxA。GU4xA.KUR。ILDAG2,ildag₂,ildag₂,o0001419
𒄠,adar2。adar₂。am。ama2。ama₂。ildag3。ildag₃,adar2。ama2。eldig。gud×kur。ildag3。|gud×kur|,AM。Am。a[m。a]m。am,adar₂。am。ama₂。eldig。gud×kur。ildag₃。|gud×kur|,ADAR2。AM。AMA2。GU4xKUR。ILDAG3,adar₂。am。ama₂。eldig。ildag₃,am,o0001422
𒄡,biszeba3。biszebi3。bišeba₃。bišebi₃。kaszszeba3。kaszszebi3。kaššeba₃。kaššebi₃,biszeba3。biszebi3。gud&gud.lugal。kaszszeba3。kaszszebi3。|gud&gud.lugal|,BÌŠEBA。bìšeba,bišeba₃。bišebi₃。gud&gud.lugal。kaššeba₃。kaššebi₃。|gud&gud.lugal|,BIŠEBA3。BIŠEBI3。GU4overGU4.LUGAL。GUDoverGUD.LUGAL,bišeba₃?。bišebi₃?。kaššeba₃?。kaššebi₃?,bišeba₃,o0001414
𒄢,gul。gulu。isi2。isim2。isimu2。isimu₂。isim₂。isi₂。kul2。kul₂。qul2。qul₂。si23。si₂₃。sumun2。sumuna2。sumuna₂。sumunu2。sumunu₂。sumun₂。sun2。suna2。suna₂。sun₂。szun3。šun₃,isi2。isim2。isimu2。kul2。qul2。si23。sumun2。sumuna2。sumunu2。sun2。suna2。szun3,GUL。SÚN。gul。kul2。qul2。sumun2。sun2。sún,gul。gulu。isimu₂。isim₂。isi₂。kul₂。qul₂。si₂₃。sumuna₂。sumunu₂。sumun₂。suna₂。sun₂。šun₃,GUL。GULU。ISI2。ISIM2。ISIMU2。KUL2。QUL2。SI23。SUMUN2。SUMUNA2。SUMUNU2。SUN2。SUNA2。ŠUN3,gugₓ。gul。gulu。isimu₂。isim₂。isi₂。kul₂。qul₂。si₂₃。sumuna₂。sumunu₂。sumun₂。suna₂。sun₂。šun₃,gul,o0000224
𒄣,gas2。gas₂。gaz2。gaz₂。gu8。gum。gu₈。kas6。kas₆。ku13。kum。kun3。kun₃。ku₁₃。nag4。naga4。naga₄。nag₄。naŋa4。naŋa₄。nuŋa。qu。qum。sza9。szaqu3。šaqu₃。ša₉,gas2。gaz2。gaz⁻。gu8。kas6。ku13。kun3。nag4。naga4。naŋa4。naŋ₄。sza9。szaqu3,GUM。KUM。gu8。gum。ku13。kum。qu。qum,gas₂。gaz⁻。gaz₂。gum。gu₈。kas₆。kum。kun₃。ku₁₃。naga₄。nag₄。naŋa₄。naŋ₄。nuŋa。qu。qum。šaqu₃。ša₉,GAS2。GAZ2。GU8。GUM。KAS6。KU13。KUM。KUN3。NAGA4。QU。QUM。RI12。ŠA9。ŠAQU3,gas₂?。gaz⁻。gaz₂。gum。gu₈。kas₆。kum。kun₃。ku₁₃。naga₄。nag₄。naŋa₄。naŋ₄。nuŋa。qu。qum。šaqu₃?。ša₉,qu,o0000225
𒄤,"gas。gas,。gaz。gaza。gaṣ。kas,3。kas3。kasz6。kas₃。kaz。kazba。kaš₆。kaṣ₃。naga3。naga₃。naŋa3。naŋa₃","gas,。gum×še。kas,3。kas3。kasz6。naga3。nag₃。naŋa3。naŋ₃。|gum×še|","GAS。GAS;。GAZ。gas,。gas;。gaz。kas3。kàs。kàṣ",gas。gaz。gaza。gaṣ。gum×še。kas₃。kaz。kazba。kaš₆。kaṣ₃。naga₃。nag₃。naŋa₃。naŋ₃。|gum×še|,GAS。GAZ。GAZA。GAṢ。KAS3。KAŠ6。KAṢ。KAṢ3。KUMxŠE。NAGA2。NAGA3,gas。gaz。gaza。gaṣ。kas₃。kaz。kazba。kaš₆。kaṣ₃。kumₓ。naga₃。nag₃。naŋa₃。naŋ₃,gaza,o0001424
𒄥,gur。gura。guru。kur3。kur₃。qur。quru。tari。taru,kur3,GUR。Gur。gur。gur_。kur3。qur,gur。gura。guru。kur₃。qur。quru。tari。taru,GUR。GURU。KUR3。QUR。TARI。TARU,gur。gura。guru。kur₃。qur。quru。tari。taru,tari,o0000226
𒄦,gur7。guru7。guru₇。gur₇。kara6。kara₆。kuru13。kuru₁₃,gur7。guru7。kara6。kuru13,GUR7。_guru7。gur7。guru7。guru7_。kara6。kuru13,guru₇。gur₇。kara₆。kuru₁₃,GUR7。GURU7。KARA6。KURU13。SIG2.AḪ.ME.U,guru₇。gur₇。kara₆。kuru₁₃,guru₇,o0000229
𒄦𒄦𒀭,,gur₇&gur₇×an,,gur₇&gur₇×an,,,,
𒄧,bur7。buru7。buru₇。bur₇。gurin。guru20。gurun。guru₂₀。kurrunₓ。kurun6。kurun₆,bur7。buru7。guru20。kurun6,(gurun)。GURUN。buru7。gurun,buru₇。bur₇。gurin。gurun。guru₂₀。kurrunₓ。kurun₆,BURU7。GURIN。GURU。GURU20。GURUN。KURUN6,buru₇。bur₇。gamₓ。gurin。gurumₓ。gurun。guru₂₀。kurrunₓ。kurun₆。ludₓ,gurin,o0000227
𒄨,giresz2。gireš₂。girisz2。giriš₂。gurusz。guruš。muruszₓ。murušₓ。ŋeresz2。ŋereš₂。ŋurusz。ŋuruš,giresz2。girisz2。gurusz。muruszₓ。ŋeresz2。ŋurusz, ĝuruš。GURUSZ。GURUŠ。Guruš。gurusz。guruš。jurusz。ĝuruš,gireš₂。giriš₂。guruš。murušₓ。ŋereš₂。ŋuruš,ALAD2。DAN。DANA3。DIN2。DUN6。ESI。ESIG。GAL9。GEREŠ2。GIREŠ2。GIRIŠ2。GURUŠ。KAL。KALA。KALAG。KALAGA。LA6。LAB。LALA2。LAMA2。LAMA3。LAMAR。LAMMA。LAMMAR。LAP。LEP2。LIB2。LIP2。NIR6。QAL4。RAB4。REB。RIB。RIP。RUB。SA14。SAG8。SEG15。SI21。SIG15。SILIM2。SILIMA2。SUN7。TAN。TANA。URRUB2。URRUB3。URSUB2。URZUB2。ZI8。ZURZUB2。ŠEDU。ṬAN,gireš₂。giriš₂。giriₓ。guruš。murušₓ。ŋereš₂。ŋuruš,guruš,o0000228
𒄩,'a4。a7。a₇。gir14。gir₁₄。ha。kir9。kir₉。ku6。kua。ku₆。pesz11。peš₁₁。ʾa₄,'a4。a7。gir14。ha⁺。kir9。ku6。pesz11,'a4。GIR14。HA。Ha。KU6。[ha。gir₁₄。ha。ha+。ku6。ku6_。ḪA。ḫa,a₇。gir₁₄。ha。ha⁺。kir₉。kua。ku₆。peš₁₁。ʾa₄,A7。GIR14。KIR9。KU6。KUA。NŪN。NŪNU。PEŠ11。QER10。QIR10。ḪA。’A4,ayaₓ。a₇。gir₁₄。ha。ha⁺。kir₉。kua。ku₆。peš₁₁。zahaₓ。ʾa₄,ha,o0000232
𒄩𒀀,kuar。kuara。sah6。saha6。saha₆。sah₆。zah2。zaha2。zaha₂。zah₂,ha.a。sah6。saha6。zah2。zaha2。|ha.a|,sah6。zah2,ha.a。kuar。kuara。saha₆。sah₆。zaha₂。zah₂。|ha.a|,KUAR。KUARA。SAḪ6。SAḪA6。ZAḪ2。ZAḪA2。ḪA.A,kuar。kuara。saha₆。sah₆。zaha₂。zah₂,,
𒄩𒉄𒁍,dulluₓ,ha.nagar.bu。|ha.nagar.bu|,,dulluₓ。ha.nagar.bu。|ha.nagar.bu|,,dulluₓ,,
𒄩𒍠,enkuₓ,ha.zag。|ha.zag|,,enkuₓ。ha.zag。|ha.zag|,,enkuₓ,,
𒄪,zubud。zugud,ha@t,(zubud)。ZUBUD。zubud。ḪA@t,ha@t。zubud。zugud,ZUBUD。ZUBUD2。ZUGUD。ḪAtenû,bandurₓ。kuₓ。zubud。zubₓ。zugud,zubud,o0000234
𒄫,bis2。bisz。bis₂。biš。busz2。buš₂。ger。gir。giri。ha6。ha₆。kar4。kar₄。ker。kir。kiri。pes。pesz。peš。pis。pisz。pisza。piš。piša。pus。pusz3。puš₃。qer。qir。qiri。ŋir。ŋiri,bis2。bisz。busz2。gir⁻。ha6。ha@g。kar4。kir⁻。pesz。peš⁻。pisz。pisza。pusz3,GIR。PEŠ。PEŠ;。PIŠ。PIŠ;。bisz。biš。ger。gir。ha6。ker。kir。pesz。peš。peš;。pisz。piš。piš;。qer。qir。ḪA@g,bis₂。biš。buš₂。ger。gir。giri。gir⁻。ha@g。ha₆。kar₄。ker。kir。kiri。kir⁻。pes。peš。peš⁻。pis。piš。piša。pus。puš₃。qer。qir。qiri。ŋir。ŋiri,BIS2。BIŠ。BUŠ2。GER。GIR。GIRI。KAR4。KER。KIR。KIRI。PAŠ。PEŠ。PIS。PIŠ。PIŠA。PUS。PUŠ3。QAR5。QER。QIR。QIRI。ḪA6。ḪAgunû,bis₂。biš。buš₂。ger。gir。giri。gir⁻。ha₆。kar₄。ker。kir。kiri。kir⁻。pes。peš。peš⁻。pis。piš。piša。pus?。puš₃。qer。qir。qiri。zahₓ。ŋir。ŋiri。šegₓ,ker,o0000233
𒄬,buluh。bur8。buru8。buruh。buru₈。bur₈。hal。hala,bur8。buru8,hal。hala。ḪAL。ḫal,buluh。buruh。buru₈。bur₈。hal。hala,BULUḪ。BUR8。BURU8。BURUḪ。ḪAL。ḪALA,buluh。buruh。buru₈。bur₈。hal。hala。haₓ,hal,o0000236
𒄭,"'i3。da10。dab3。dab₃。da₁₀。de8。de₈。di2。di₂。du10。dub3。dub₃。dug3。dugu。dug₃。du₁₀。ha4。ha₄。he。hi。i11。i₁₁。kugu。t,a3。t,ab6。t,e2。t,i2。ta8。ta₈。te2。te₂。ti2。ti₂。ʾi₃。ṭab₆。ṭa₃。ṭe₂。ṭi₂","'i3。da10。dab3。de8。di2。du10。dub3。dug3。ha4。i11。t,a3。t,ab6。t,e2。t,i2。ta8。te2。ti2","'i3。'ì。<ḫi>。DU10。DUG3。DÙG。HE。HI。He。Hi。Tí。[du10。_du10。da10。de8。di2。du10。dug3。dug₃。dí。dùg。ha4。he。hi。t,a3。t,e2。t,i2。te2。ti2。ʾì。ḪI。ḫe。ḫi。ṭa3。ṭà。ṭí",dab₃。da₁₀。de₈。di₂。dub₃。dugu。dug₃。du₁₀。ha₄。he。hi。i₁₁。kugu。ta₈。te₂。ti₂。ʾi₃。ṭab₆。ṭa₃。ṭe₂。ṭi₂,DA10。DAB3。DU10。DUB3。DUG3。DUGU。GUKIN2。I11。KUGU。TA8。ḪA4。ḪE。ḪI。ṬA3。ṬAB6。ṬIB2。’I3,dab₃。danₓ。da₁₀。dinₓ。dub₃。dugaₓ。dugu。dug₃。du₁₀。ha₄。he。hi。i₁₁。kugu。luguₓ。muₓ。ta₈。ʾi₃。ṭab₆。ṭa₃。ṭibₓ,he,o0000237
𒄭𒀀,ha2。ha₂,ha2。hi.a。|hi.a|,ha2。há,ha₂。hi.a。|hi.a|,ḪA2。ḪI.A,ha₂,,
𒄭𒁁,,,,,KAM。ḪI.BAD,None,,
𒄭𒄊,hisz4。hiš₄。husz。husza。huszuₓ。huš。huša。hušuₓ。rusz。ruš,hi.gir₃。hisz4。husz。husza。huszuₓ。huš⁻。rusz。|hi.gir₃|,husz。huš。ḫuš,hi.gir₃。hiš₄。huš。huša。hušuₓ。huš⁻。ruš。|hi.gir₃|,RUŠ。ḪI.GIR3。ḪIŠ4。ḪUŠ。ḪUŠA,,,
𒄮,kaz8。kazaza。kaz₈。mul3。mul₃。musz4。muš₄。sur3。sur₃。usz17。uszsza。ušša。uš₁₇。zinanutu。ziz3。ziz₃,hi×aš。kaz8。mul3。musz4。sur3。usz17。uszsza。ziz3。|hi×aš|,SÙR。sur3。sùr,hi×aš。kazaza。kaz₈。mul₃。muš₄。sur₃。ušša。uš₁₇。zinanutu。ziz₃。|hi×aš|,KAZ。KAZ8。KAZAZA。MUL3。MUŠ4。SUR3。UŠ17。UŠŠA。ZINANUTU。ZIZ3。ḪI.AŠ。ḪIR5。ḪIxAŠ,ehₓ。kazaza。kaz₈。mul₃。muš₄。sur₃。udulₓ。ušša。uš₁₇。zinanutu。ziz₃,kaz₈,o0001447
𒄯,ar3。ara3。ara₃。ar₃。endibdim。ga11。gadibdim。ga₁₁。gin8。gin₈。gu13。gudibdim。gur14。gur₁₄。gu₁₃。har。hara。hir2。hir₂。hu4。hur。huru。hu₄。ir5。ir₅。ken2。ken₂。kikken。kikkin。kin2。kinkin。kin₂。mar6。mar₆。mur。muru。murum。sagbar。saggar2。saggar₂。saŋŋar2。saŋŋar₂。ur5。ura5。ura₅。ur₅,ar3。ara3。ga11。gin8。gu13。gur14。hir2。hi×aš₂。hu4。ir5。ken2。kin2。mar6。saggar2。saŋŋar2。ur5。ura5。|hi×aš₂|, ur5。HAR。HUR。Har。UR5。ar3。ara3。h]ar。har。hir2。hur。kikkin。kin2。kinkin。kín。kín!。mu]r。mur。muru。ur5。àr。ḪAR。ḪUR。ḪUR;。ḫar。ḫir2。ḫur。ḫur;。ḫír,ara₃。ar₃。endibdim。gadibdim。ga₁₁。gin₈。gudibdim。gur₁₄。gu₁₃。har。hara。hir₂。hi×aš₂。hur。huru。hu₄。ir₅。ken₂。kikken。kikkin。kinkin。kin₂。mar₆。mur。muru。murum。sagbar。saggar₂。saŋŋar₂。ura₅。ur₅。|hi×aš₂|,AR3。ARA3。ENDIBDIM。GA11。GADIBDIM。GAGIM2。GAKIM2。GIN8。GU13。GUDIBDIM。GUGIM2。GUKIM2。GUR14。IR5。KIKKEN。KIKKIN。KIN2。MAR6。MUR。MURU。MURUM。RI11。SAGGAR2。UR5。ḪAR。ḪARA。ḪARU。ḪIR2。ḪIxAŠ2。ḪU4。ḪUR。ḪURU,ara₃。ar₃。dubulₓ。duburₓ。ellaŋₓ。endibdim。gadibdim。ga₁₁?。gin₈。girišₓ。gudibdim。gunuₓ。gunₓ。gur₁₄。gu₁₃?。har。hara。herₓ。hir₂。hiₓ。hur。huru。hu₄。ir₅?。ken₂。kikken。kikkin。kinkin。kin₂。kunuₓ。mar₆。mur。muru。murum。qinₓ。sagbar。saggar₂。saŋŋar₂。surₓ。ulₓ。umanₓ。unuₓ。ura₅。uruₓ。ur₅,mur,o0001452
𒄯𒁺,ur5-sza4。ursza。urša。ur₅-ša₄,hi×aš₂.du。ur5-sza4。ursza。|hi×aš₂.du|,,hi×aš₂.du。urša。ur₅-ša₄。|hi×aš₂.du|,URŠA。ḪAR.DU,urša。ur₅-ša₄,,
𒄯𒄯,ara5。ara₅。kikken2。kikken₂。kikkin2。kikkin₂。kinkin2。kinkin₂,ara5。hi×aš₂.hi×aš₂。kikken2。kikkin2。kinkin2。|hi×aš₂.hi×aš₂|,kikken2,ara₅。hi×aš₂.hi×aš₂。kikken₂。kikkin₂。kinkin₂。|hi×aš₂.hi×aš₂|,ARA5。KIKKEN2。KIKKIN2。ḪAR.ḪAR,ara₅。kikken₂。kikkin₂。kinkin₂,,
𒄯𒅥,ur5-gu7。urgu。ur₅-gu₇,hi×aš₂.ka×gar。ur5-gu7。|hi×aš₂.ka×gar|,,hi×aš₂.ka×gar。urgu。ur₅-gu₇。|hi×aš₂.ka×gar|,URGU。ḪAR.GU7,urgu。ur₅-gu₇,,
𒄯𒊕,azubir。azugna。azukna,hi×aš₂.sag。|hi×aš₂.sag|,,azubir。azugna。azukna。hi×aš₂.sag。|hi×aš₂.sag|,AZUGNA。AZUKNA。ḪAR.SAG,azubir。azugna。azukna,,
𒄰,du15。du₁₅。erisz6。eriš₆。gam2。gama2。gama₂。gam₂。hud3。hud₃。ka13。kam。kama。ka₁₃。qam2。qam₂。tu7。tu₇。udul2。udul₂。utul2。utul₂,du15。erisz6。gam2。gama2。hi×bad。hud3。ka13。qam2。tu7。udul2。utul2。|hi×bad|,KAM。du15。ka13。kam。kam_。kama。tu7。utul2。utul₂,du₁₅。eriš₆。gama₂。gam₂。hi×bad。hud₃。kam。kama。ka₁₃。qam₂。tu₇。udul₂。utul₂。|hi×bad|,DU15。ERIŠ6。GAM2。GAMA2。KA13。KAM。KAMA。QAM2。TU7。UDUL2。UTUL2。ḪIxBAD。ḪUD3,du₁₅。eriš₆。gama₂?。gam₂。hud₃。kam。kama。ka₁₃。qam₂。tu₇。udul₂?。utul₂,kama,o0001453
𒄱,as6。asz8。as₆。aš₈。szardisz。szargesz。umma2。umma₂。utulₓ。šardiš。šargeš,as6。asz8。hi×diš。szardisz。szargesz。umma2。|hi×diš|。šarŋeš,,as₆。aš₈。hi×diš。umma₂。utulₓ。|hi×diš|。šardiš。šargeš。šarŋeš,AS6。AŠ8。UMMA2。ŠAR2xDIŠ。ŠARDIŠ。ŠARDIŠI。ŠARGEŠ,1(šargal~a)。6(šaru)~a。as₆。aš₈。umma₂?。utulₓ。šardiš?。šargalₓ。šarŋeš,umma₂,o0001454
𒄲,sargad。szargad。szargadu。šargad。šargadu,hi×gad。szargad。szargadu。|hi×gad|。šar₂×gad,,hi×gad。sargad。|hi×gad|。šargad。šargadu。šar₂×gad,ŠAR2xGAD。ŠARGAD。ŠARGADU。ḪIxGAD,sargad。šargad。šargadu,šargad,o0001455
𒄳,gukin2。gukin₂,gukin2。hi×kin。|hi×kin|,,gukin₂。hi×kin。|hi×kin|,GUKIN2。TIKKIN。ḪIxKIN,gukin₂,gukin₂,o0001456
𒄴,a'2。ah。aha。aʾ₂。bi9。bi₉。duga3。duga₃。e'2。eh。eʾ₂。giriszₓ。girišₓ。guduₓ。i'2。ih。iʾ₂。nu13。numun3。numun₃。nu₁₃。u'2。u13。uh。uhu。uman。umun3。umun₃。upluₓ。uʾ₂。u₁₃,a'2。bi9。duga3。e'2。giriszₓ。hi×nun。i'2。nu13。numun3。u'2。u13。umun3。|hi×nun|,AH。AḪ。Aḫ。UḪ。UḪ;。ah。aḫ。eh。eḫ。iH。ih。ih]。iḫ。uh。uman。uḫ。uḫ;,ah。aha。aʾ₂。bi₉。duga₃。eh。eʾ₂。girišₓ。guduₓ。hi×nun。ih。iʾ₂。numun₃。nu₁₃。uh。uhu。uman。umun₃。upluₓ。uʾ₂。u₁₃。|hi×nun|,A2’。AḪ。AḪA。BI9。E2’。EḪ。I2’。IḪ。LAMMUBI。NU13。NUMUN3。U13。U2’。U3’。UMAN。UMUN3。UḪ。UḪU。ḪIxNUN。’A2。’E2。’I2。’U3,%akk upluₓ。ah。aha。aʾ₂?。bi₉?。duga₃。eh。eʾ₂?。girišₓ。guduₓ。ih。iʾ₂?。kinₓ。numun₃。nu₁₃。surₓ。uh。uhu。uman。umun₃。uʾ₂?。u₁₃,uman,o0001462
𒄴𒆜,kiszi13。kiši₁₃,hi×nun.kaskal。kiszi13。|hi×nun.kaskal|,,hi×nun.kaskal。kiši₁₃。|hi×nun.kaskal|,AḪ.KASKAL。KIŠI13,kiši₁₃,,
𒄴𒈨,guda2。guda₂。guddaₓ。gudu4。gudug。gudu₄。szutug2。šutug₂,guda2。gudu4。hi×nun.me。lak368。szutug2。|hi×nun.me|,gudu4,guda₂。guddaₓ。gudug。gudu₄。hi×nun.me。lak368。|hi×nun.me|。šutug₂,AḪ.ME。GUDA2GUDU4。GUDU12。ŠUDUG2。ŠUTUG2,gallaₓ。guda₂。guddaₓ。gudug。gudu₄。gudₓ?。šutug₂,,
𒄴𒈨𒌋,luhsza。luhszu。luhša。luhšu。ulu2。ulu₂。utul12。utul₁₂,hi×nun.me.u。luhsza。luhszu。ulu2。utul12。|hi×nun.me.u|,luḫšu。ulu2,hi×nun.me.u。luhša。luhšu。ulu₂。utul₁₂。|hi×nun.me.u|,AḪ.ME.U。LUḪŠA。LUḪŠU。ULU2,None,,
𒄵,ber。bir。biri。dubur。ellag2。ellag₂。ellamₓ。ellaŋ2。ellaŋ₂。geresz。gereš。giresz。gireš。girisz。giriš。kalam2。kalam₂。pir3。pir₃。zanzana,ellag2。ellaŋ2。geresz。giresz。girisz。hi×še。kalam2。pir3。|hi×še|, BIR。BIR。ber。bir。biri。ellag2。geresz,ber。bir。biri。dubur。ellag₂。ellamₓ。ellaŋ₂。gereš。gireš。giriš。hi×še。kalam₂。pir₃。zanzana。|hi×še|,BER。BIR。BIRI。DUBUR。DUGGANELLAG2。GEREŠ。GIREŠ。GIRIŠ。KALAM2。PER3。PIR3。ḪIxŠE,ber。bir。biri。dubur。ellag₂。ellam。ellaŋ₂。gereš。gireš。giriš。kalam₂?。lamₓ。pir₃。umunₓ。urₓ。zanzana,ber,o0001464
𒄶,dubur2。dubur₂。szar'u。szaru。šaru。šarʾu,dubur2。hi×u。szar'u。szaru。|hi×u|,DÚBUR。dúbur。šaru,dubur₂。hi×u。|hi×u|。šaru。šarʾu,DUBUR2。ḪIxU,burʾuₓ。dubur₂,dubur₂,o0028114
𒄷,'u5。bag。bah。bak。baq。dalₓ。hu。musz8。muszen。muszena。mušen。mušena。muš₈。pa7。pag。pah3。pah₃。pak。paq。pa₇。puq2。puq₂。u11。usan5。usan₅。u₁₁。ʾu₅,'u5。musz8。muszen。muszena。pa7。pah3。puq2。u11。usan5,HU。Hu。MUSZEN。MUŠEN。bag。bah。bak。hu。muszen。mušen。pa7。pag。pak。paq。ri(ḪU)。ri(ḪU)uruda。ḪU。ḫu,bag。bah。bak。baq。dalₓ。hu。mušen。mušena。muš₈。pag。pah₃。pak。paq。pa₇。puq₂。usan₅。u₁₁。ʾu₅,BAG。BAK。BAQ。BAḪ。MUS8。MUŠ8。MUŠEN。PA7。PAG。PAK。PAQ。PAḪ3。PUQ2。U11。USAN5。ḪU。’U5,bag。bah。bak。baq。buruₓ。dalₓ。deₓ。hu。mušen。mušena。mušeŋₓ。muš₈。pag。pah₃。pak。paq。pa₇?。puq₂。reₓ。talₓ。usan₅。ušₓ。u₁₁。ʾu₅,hu,o0000239
𒄷𒂟,,,,,BUR5。BURU5。ḪU.ERIM,None,,
𒄷𒄭,"mat3。mat₃。mu12。mud。mut。mut,。mut,uₓ。muṭ。muṭuₓ。mu₁₂","hu.hi。mat3。mu12。mut,。mut,uₓ。|hu.hi|","MUD。mud。mut。mut,",hu.hi。mat₃。mud。mut。muṭ。muṭuₓ。mu₁₂。|hu.hi|,MAT3。MU12。MUD。MUT。MUṬ,mat₃。mud。mut。muṭ。muṭuₓ?。mu₁₂,,
𒄷𒆕,usanda。usandu,hu.kak。|hu.kak|,usandu,hu.kak。usanda。usandu。|hu.kak|,,usanda。usandu,,
𒄷𒈪𒀭𒅎,anzuₓ,hu.mi.an.im。|hu.mi.an.im|,,anzuₓ。hu.mi.an.im。|hu.mi.an.im|,,anzuₓ,,
𒄷𒈿,sa4。sa₄。sza22。sze21。ša₂₂。še₂₁,hu.na₂。sa4。sza22。sze21。|hu.na₂|,SA4。sa4。sze21。še₂₁,hu.na₂。sa₄。|hu.na₂|。ša₂₂。še₂₁,SA4。ŠA22。ŠE18。ŠE21。ḪU.NA2,naₓ。nuₓ。sa₄。ša₂₂。še₂₁,,
𒄷𒊺𒂟,,buru₅。bur₅。hu.še.erin₂。|hu.še.erin₂|,,buru₅。bur₅。hu.še.erin₂。|hu.še.erin₂|,BIR5。BUR5。BURU5。ḪU.ŠE.ERIM,buru₅,,
𒄷𒋛,u5。ud3。ud₃。u₅,hu.si。u5。ud3。|hu.si|,U5。u5,hu.si。ud₃。u₅。|hu.si|,U5。UB5。UD3。ḪU.SI,ud₃。u₅,,
𒄸,hub2。hub₂。hup2。hup₂。kup3。kup₃。tu11。tun2。tun₂。tu₁₁,hub2。hup2。kup3。tu11。tun2。tu₁₁⁺,hub2。tu11。tu11+。tun2。ḪUB₂。ḪÚB。ḫub₂。ḫúb,hub₂。hup₂。kup₃。tun₂。tu₁₁。tu₁₁⁺,KUB3。KUP3。QUB3。QUP3。TU11。TUN2。ḪUB2。ḪUP2,duₓ。hub₂。hup₂。kup₃。tukuₓ。tukₓ。tumₓ。tun₂。tu₁₁,hub₂,o0000240
𒄸𒁺,rig9。rig₉,hub₂.du。rig9。|hub₂.du|,,hub₂.du。rig₉。|hub₂.du|,RIG9。ḪUB2.DU,rig₉,,
𒄹,,,,,ḪUB2xAN,None,nan,o0001473
𒄺,,,,,ḪUB2xḪAL,None,nan,o0001474
𒄻,,hub₂×kaskal,,hub₂×kaskal,ḪUB2xKASKAL,None,nan,o0001475
𒄼,,,,,ḪUB2xLIŠ,None,nan,o0001476
𒄽,hub。hup。qup2。qup₂。tahta。tahtu。tu10。tun。tu₁₀,hub₂×ud。qup2。tu10。|hub₂×ud|,hub。tun。ḪUB。ḫub,hub。hub₂×ud。hup。qup₂。tahta。tahtu。tun。tu₁₀。|hub₂×ud|,KUB2。KUP2。QUB2。QUP2。TU10。TUN。ŠURU6。ḪUB。ḪUB2xUD。ḪUP,hub。hup。qup₂?。tahta。tahtu。tumₓ。tun。tu₁₀。tu₁₁⁺,hub,o0001477
𒄾,bibra。bibri。hul2。hula2。hula₂。hul₂。kusz8。kuš₈。ukusz2。ukuš₂,hul2。hula2。kusz8。ukusz2,HÚL。hul2。húl。kusz8。ukusz2。úkuš。ḪÚL。ḫul2。ḫúl,bibra。bibri。hula₂。hul₂。kuš₈。ukuš₂,BIBRA。BIBRI。KUŠ8。UKUŠ2。ḪUL2,bibra。bibri。hula₂。hul₂。kuš₈。ukuš₂,bibra,o0000241
𒄿,i。nat2。nat₂,i@t。nat2, i。(I)。<i>。I。[i。[i]。_i。i。i_,i。i@t。nat₂,I。NAD2。NAN。NAN2NAT2。NAṬ2,5(aš@v)。5(aš~a)。i。i@t。nat₂,i,o0000242
𒄿𒁳,,,,,I.DIB。KUN4,kuŋₓ,,
𒄿𒇻,kun4。kun₄。kuŋ4。kuŋ₄,i.lu。kun4。kuŋ4。|i.lu|,,i.lu。kun₄。kuŋ₄。|i.lu|,I.LU。KUN4,kun₄。kuŋ₄,,
𒄿𒈕𒈾,,i.lu₂@s.na。|i.lu₂@s.na|,,i.lu₂@s.na。|i.lu₂@s.na|,,arinaₓ,,
𒅀,ia。ie。ii。iu。yi2。yi₂,i.a。yi2。|i.a|,IA。II。Ia。ia。ia]。ie。ii。iu,i.a。ia。ie。ii。iu。yi₂。|i.a|,I.A。IA。IE。II。IU。JI2,ia。ie。ii。iu。yi₂,ia,o0001478
𒅁,arkabₓ。dar2。dara2。dara₂。dari2。dari₂。daru2。darum2。darum₂。daru₂。dar₂。diri2。diri₂。eb。ep。ib。ibbi。ip。urasz。uraš。urta,dar2。dara2。dari2。daru2。darum2。diri2。urasz,Ep。IB。Ip。Urta。dara2。eb。ep。ib。ip。urasz。uraš。urta,arkabₓ。dara₂。dari₂。darum₂。daru₂。dar₂。diri₂。eb。ep。ib。ibbi。ip。uraš。urta,DAR2。DARA2。DARI2。DARU2。DARUM。DARUM2。DIRI2。EB。EP。IB。IBBI。IP。URAŠ。URTA,arkabₓ。dara₂。dari₂。darum₂。daru₂。dar₂。diri₂?。eb。ep。ib。ibbi。ip。uraš。urta,ip,o0000244
𒅂,ari2。ari₂。banda4。banda₄。dehi4。dehi₄。esze3。eše₃。hanisz。haniš。idim。iri8。iri₈。kir5。kir₅。mid。nagbu。rapiqu2。rapiqu₂。sullat。szullat。tehi4。tehi₄。uri4。uri₄。šullat,ari2。banda4。dehi4。esze3。hanisz。iri8。kir5。lak004。rapiqu2。szullat。tehi4。uri4,IDIM。ari2。idim。mid。szullat。ÈŠE。èše,ari₂。banda₄。dehi₄。eše₃。haniš。idim。iri₈。kir₅。lak004。mid。nagbu。rapiqu₂。sullat。tehi₄。uri₄。šullat,IDIM,ari₂。banda₄。dehi₄。eše₃。haniš。idim。idinₓ。iri₈。kir₅。mid。nagbu。nagbumₓ。paₓ。rapiqu₂。sullat。tehi₄。uri₄。urumₓ。šullat,mid,o0000245
𒅃,bansur2。bansur₂。banszur2。banšur₂。buru9。buru₉。kiszi11。kiši₁₁,bansur2。banszur2。buru9。idim&idim.bur。kiszi11。|idim&idim.bur|,(banšur2)。BÁNŠUR。banšur2。bánšur,bansur₂。banšur₂。buru₉。idim&idim.bur。kiši₁₁。|idim&idim.bur|,BANSUR2。BANŠUR2。BURU9。IDIMoverIDIM.BUR。KIŠI11,bansur₂。banšur₂。buru₉。burₓ。gurinₓ。gurunₓ。kiši₁₁。kurunₓ,bansur₂,o0001482
𒅄,,4×(idim&idim)。|4×(idim&idim)|,,4×(idim&idim)。|4×(idim&idim)|,IDIMoverIDIMsquared,buruₓ。burₓ。gurinₓ。gurunₓ。kurunₓ,nan,o0000645
𒅅,/mal/。da11。da₁₁。eg。ek。eq。eŋ。ga7。gagal。gal2。gala7。gala₇。gal₂。ga₇。ig。iga。ik。iq。kagar。mal3。mal₃。ŋal2。ŋal₂,da11。ga7。gal2。gala7。mal3。ŋal2,GAL2。GAl2。GÁL。IG。IK。eg。ej。ek。eq。gal2。gal2_。gal₂。gál。ig。ik。iq。iq!。jal2。ĝal2。ĝal2]。ĝál,/mal/。da₁₁。eg。ek。eq。eŋ。gagal。gala₇。gal₂。ga₇。ig。iga。ik。iq。kagar。mal₃。ŋal₂,DA11。EG。EK。EQ。GA7。GAL2。IG。IGA。IK。IQ。MAL3,da₁₁?。eg。ek。eq。eŋ。gagal。gala₇。gal₂。ga₇。ig。iga。ik。iq。kagar。mal₃。ŋal₂,ig,o0000246
𒅆,bad5。badi。bad₅。bat5。bat₅。damu2。damu₂。ge8。ge₈。gi8。gi₈。igaₓ。igi。igu。ina2。ina₂。ini2。ini₂。inu2。inu₂。lam5。lam₅。le3。lem。le₃。li3。lib4。lib₄。lim。lima。limi。li₃。lum2。lum₂。pa10。pad4。pad₄。pan3。pan₃。pa₁₀。si17。si₁₇。sze20。szi。še₂₀。ši,bad5。bat5。damu2。ge8。gi8。ina2。ini2。inu2。lam5。le3。li3。lib4。lum2。pa10。pad4。pan3。si17。sze20。szi, igi。#igi#。BAD5。BAD₅。IGI。LIM。SZI。[š]i。_igi。bad5。igi。igu。lem。li3。lib4。lim。lum2。pa10。sze20。szi。š]i。še20。ši,badi。bad₅。bat₅。damu₂。ge₈。gi₈。igaₓ。igi。igu。ina₂。ini₂。inu₂。lam₅。lem。le₃。lib₄。lim。lima。limi。li₃。lum₂。pad₄。pan₃。pa₁₀。si₁₇。še₂₀。ši,1000。BAD5。BADI。BAT5。DAMU2。GE8。GI8。IGI。IGU。IN2。INA2。INI2。INU2。LAM5。LE3。LEM。LI3。LIB4。LIM。LIMI。LUM2。MAḪ2。PA10。PAD4。PAN3。SI17。ZI5。ĒNU。ĪNA。ĪNI。ĪNU。ŠE20。ŠI,%akk mahruₓ。%akk panuₓ。badi。bad₅。bat₅。damu₂。dusuₓ。ge₈。gi₈。igaₓ。igi。igu。ina₂。ini₂。inu₂。lam₅。lem。le₃。lib₄。lim。lima。limi。li₃。lum₂。mahar。pad₄。pan₃。paṭₓ。pa₁₀。raₓ?。rumₓ。si₁₇。še₂₀?。ši,lima,o0000247
𒅆𒀀,ahhur。imhur4。imhur₄。uhhur3。uhhur₃,igi.a。imhur4。uhhur3。|igi.a|,,ahhur。igi.a。imhur₄。uhhur₃。|igi.a|,IGI.A。IMḪUR4。UḪḪUR3,ahhur?。imhur₄。uhhur₃。uₓ,,
𒅆𒁉,imhur2。imhur₂。uhhur,igi.bi。imhur2。|igi.bi|,,igi.bi。imhur₂。uhhur。|igi.bi|,AḪḪUR。IGI.BI。IMḪUR2。UḪḪUR,imhur₂。uhhur?,,
𒅆𒁍,igira,igi.bu。|igi.bu|,,igi.bu。igira。|igi.bu|,IGI.BU。IGIRA,igira?,,
𒅆𒁴,henzer。henzir。ubri2。ubri₂,igi.dim。ubri2。|igi.dim|,,henzer。henzir。igi.dim。ubri₂。|igi.dim|,IGI.DIM。UBRI2。UBRIM2。ḪENZER。ḪENZIR,henzer。henzir。ubri₂,,
𒅆𒁺,aszarid。aszaridu。ašarid。ašaridu。geszdu4。gesztu4。gešdu₄。geštu₄。igesztu。igeštu。igisztu。igištu。mahra。mahru。palil,aszarid。aszaridu。geszdu4。gesztu4。igesztu。igi.du。igisztu。|igi.du|,igisztu,ašarid。ašaridu。gešdu₄。geštu₄。igeštu。igi.du。igištu。mahra。mahru。palil。|igi.du|,GEŠDU4。GEŠTU4。IGEŠTU。IGI.DU。IGIŠTU。PALIL,%akk ašaridu。%akk mahruₓ。ašarid。gešdu₄。geštu₄。igeštu。igištu。mahra。palil,,
𒅆𒁾,agrig。aŋrig。geszkim。geškim。giskim。giszkim。gizkim。giškim。iskim。izkim。ŋeszgem。ŋeszkim。ŋešgem。ŋeškim。ŋiskim。ŋiszkim。ŋiškim,geszkim。giszkim。igi.dub。|igi.dub|。ŋeszgem。ŋeszkim。ŋiszkim,AGRIG。GISKIM。GIŠKIM。GIŠKIM;。agrig。giskim。giškim;。ĝeškim。ĝiskim。ĝiškim,agrig。aŋrig。geškim。giskim。gizkim。giškim。igi.dub。iskim。izkim。|igi.dub|。ŋešgem。ŋeškim。ŋiskim。ŋiškim,AGRIG。GISKIM。GIZKIM。GIŠKIM。IGI.DUB。ISKIM。IZKIM。UG6,agrig。aŋrig。geškim。giskim。gizkim。giškim。iskim。izkim。ŋešgem。ŋeškim。ŋiskim。ŋiškim,,
𒅆𒂍,u6。ug6。ug₆。u₆,igi.e₂。u6。ug6。|igi.e₂|,U6。u6。ug6,igi.e₂。ug₆。u₆。|igi.e₂|,IGI.E2。U6,ug₆。u₆,,
𒅆𒂟,burumₓ。gurum2。gurum₂。guruₓ。kur7。kuru7。kurum7。kurum₇。kuru₇。kur₇。sa13。sag10。sag₁₀。sa₁₃。seg5。seg₅。sig5。sig₅。sza15。ša₁₅,gurum2。igi.erin₂。kur7。kuru7。kurum7。sa13。sag10。saga₁₀。seg5。sig5。sza15。|igi.erin₂|,KURUM7。SIG5。SIG₅。gurum2。kurum7。sag10。sig5,burumₓ。gurum₂。guruₓ。igi.erin₂。kurum₇。kuru₇。kur₇。saga₁₀。sag₁₀。sa₁₃。seg₅。sig₅。|igi.erin₂|。ša₁₅,IGI.ERIM。SA13。SAG10。SEG5。SIG5。ŠA15,burumₓ。buruₓ。damiqₓ。gurum₂。guruₓ。kurum₇。kuru₇。kur₇。saga₁₀。sag₁₀。sa₁₃。seg₅。sig₅。ša₁₅?。šiₓ,,
𒅆𒂠,libir。si5。si₅,igi.eš₂。si5。|igi.eš₂|,LIBIR。libir,igi.eš₂。libir。si₅。|igi.eš₂|,IGI.ŠE3。LIBIR。SI5,libir。si₅,,
𒅆𒂠𒁺,gesztuₓ。geštuₓ,gesztuₓ。igi.eš₂.du。|igi.eš₂.du|,,geštuₓ。igi.eš₂.du。|igi.eš₂.du|,IGI.ŠE3.DU。ILDU。ILDUM。PALIL2。PALLIL,geštuₓ,,
𒅆𒂠𒁺𒂟,ildu。ildum。ilduma。ildumma。palil2。palil₂。pallilₓ,igi.eš₂.du.erin₂。palil2。|igi.eš₂.du.erin₂|,,igi.eš₂.du.erin₂。ildu。ildum。ilduma。ildumma。palil₂。pallilₓ。|igi.eš₂.du.erin₂|,IGI.ŠE3.DU.ERIM。ILDU。ILDUM,ildu。ildum。ilduma。ildumma。palil₂。pallilₓ,,
𒅆𒂵,imhur3。imhur₃。uhhur2。uhhur₂,igi.ga。imhur3。uhhur2。|igi.ga|,,igi.ga。imhur₃。uhhur₂。|igi.ga|,IGI.GA。IMḪUR3。UḪḪUR2,imhur₃。uhhur₂?,,
𒅆𒃻,gurumₓ,igi.gar。|igi.gar|,,gurumₓ。igi.gar。|igi.gar|,,gurumₓ。sikkuₓ,,
𒅆𒅆,dabda。lalla2。lalla₂。lelle。lelli。lilib。lilli,igi.igi。lalla2。|igi.igi|,,dabda。igi.igi。lalla₂。lelle。lelli。lilib。lilli。|igi.igi|,DABDA。IGI.IGI。LALLA2。LELLE。LELLI。LILIB。LILLE。LILLI,dabda?。lalla₂。lelle。lelli。lilib。lilli。pabadₓ。papadₓ,,
𒅆𒆕,dala2。dala₂。dalla2。dalla₂。henburₓ。szukur。ubri。ubrim。šukur,dala2。dalla2。igi.kak。szukur。|igi.kak|,,dala₂。dalla₂。henburₓ。igi.kak。ubri。ubrim。|igi.kak|。šukur,DALA。DALA2。IGI.GAG。UBRI。UBRIM。ŠUKUR,dala₂。dalla₂。henburₓ。ubri。ubrim。šukur,,
𒅆𒆳,...luku。ganzer3。ganzer₃。ganzir3。ganzir₃。halib。hilib,ganzer3。ganzir3。igi.kur。|igi.kur|,ganzir3,...luku。ganzer₃。ganzir₃。halib。hilib。igi.kur。|igi.kur|,GANZER3。GANZIR3。IGI.KUR。ḪALIB。ḪILIB,ganzer₃。ganzir₃。halib。hilib。xlukuₓ,,
𒅆𒆳𒍝,ganzer。ganzir,igi.kur.za。|igi.kur.za|,ganzer。ganzir,ganzer。ganzir。igi.kur.za。|igi.kur.za|,GANZER。GANZIR。IGI.KUR.ZA,ganzer。ganzir,,
𒅆𒈫,ini4。ini₄。īnuII,igi.min。ini4。|igi.min|。īnuII。īnuii,,igi.min。ini₄。|igi.min|。īnuii,IGI.MIN。INI4。ĪNUII,%akk/n īnu{II}。ini₄,,
𒅆𒉄,ilduₓ,igi.nagar。|igi.nagar|,,igi.nagar。ilduₓ。|igi.nagar|,,ilduₓ。niŋinₓ,,
𒅆𒉄𒁍,ildu2。ildum2。ilduma2。ilduma₂。ildumma2。ildumma₂。ildum₂。ildu₂,dulum。igi.nagar.bu。ildu2。ildum2。ilduma2。ildumma2。|igi.nagar.bu|,ildum2,dulum。igi.nagar.bu。ilduma₂。ildumma₂。ildum₂。ildu₂。|igi.nagar.bu|,IGI.NAGAR.BU。ILDU2。ILDUM2。ILDUMA2。ILDUMMA2,dulum。ilduma₂。ildumma₂。ildum₂。ildu₂,,
𒅆𒊒,pa3。pad3。pad₃。pa₃,igi.ru。pa3。pad3。|igi.ru|,PA3。PAD3。PÀ。PÀD。pa3。pad3。pà。pàd,igi.ru。pad₃。pa₃。|igi.ru|,IGI.RU。PA3。PAD3,pad₃。pa₃,,
𒅆𒌉𒌉,ligim。ligima。ligin,igi.tur.tur。|igi.tur.tur|,ligima,igi.tur.tur。ligim。ligima。ligin。|igi.tur.tur|,IGI.TUR.TUR。LIGIM,ligim。ligima。ligin,,
𒅆𒌨,hul。hula。hulu,igi.ur。|igi.ur|, hul。HUL。hul。hulu。ḪUL。ḫul,hul。hula。hulu。igi.ur。|igi.ur|,IGI.UR。ḪUL。ḪULU,hul。hula。hulu,,
𒅆𒌨𒊒𒃻,hulpad,igi.ur.ru.gar。|igi.ur.ru.gar|,,hulpad。igi.ur.ru.gar。|igi.ur.ru.gar|,IGI.UR.RU.NIG2。ḪULPAD,hulpad?,,
𒅆𒌪,hul4。hul₄,hul4。igi.ur@s。|igi.ur@s|,ḪUL4。ḫul4,hul₄。igi.ur@s。|igi.ur@s|,IGI.URšeššig。ḪUL4,hul₄,,
𒅆𒍣,agrigₓ,igi.zi。|igi.zi|,,agrigₓ。igi.zi。|igi.zi|,,agrigₓ,,
𒅇,sza17。u3。u₃。ša₁₇,igi.dib。sza17。u3。|igi.dib|, u3。U3。u3。u₃。Ù。ù。ù!,igi.dib。u₃。|igi.dib|。ša₁₇,IGI.DIB。U3。ŠA17。ŠA19,u₃。ša₁₇,ša₁₇,o0001487
𒅈,ar。ara8。ara₈,ara8。igi.ri。|igi.ri|,AR。Ar。_ar。ar,ar。ara₈。igi.ri。|igi.ri|,AR。ARA8。IGI.RI,ar。ara₈,ar,o0001510
𒅉,dimsar,igi&igi.šir&šir.ud&ud。|igi&igi.šir&šir.ud&ud|,DIMSAR。dimsar,dimsar。igi&igi.šir&šir.ud&ud。|igi&igi.šir&šir.ud&ud|,DIMSAR。IGIoverIGI.ŠIRoverŠIR.UDoverUD,dimsar,dimsar,o0001483
𒅊,agar4。agar₄。igi2。igigunuₓ。igi₂。imma3。imma₃。nab4。nab₄。nam4。nam₄。sa7。sag12。sag₁₂。samag6。samag₆。sa₇。se12。seg7。seg₇。se₁₂。si12。sig7。sig₇。si₁₂。szamagₓ。szi7。ugur2。ugur₂。ukur5。ukur₅。šamagₓ。ši₇,agar4。igi2。igi@g。imma3。nab4。nam4。sa7。sag12。samag6。se12。seg7。si12。sig7。szamagₓ。szi7。ugur2。ukur5,IGI@g。SIG7。SIG₇。agar4。sag12。si12。sig7。ši7,agar₄。igi@g。igigunuₓ。igi₂。imma₃。nab₄。nam₄。sag₁₂。samag₆。sa₇。seg₇。se₁₂。sig₇。si₁₂。ugur₂。ukur₅。šamagₓ。ši₇,AGAR4。DAR5。IGI2。IGIgunû。IMMA3。NAB4。NAM4。SA7。SAMAG。SAMAG5。SAMAG6。SE12。SEG7。SI12。SIG7。SIMIG6。SUMUG6。UGUR2。UKUR5。ŠAMAG。ŠAMAG5,agar₄。igigunuₓ。igi₂。imma₃。nab₄。nam₄。sag₁₂。samag₆。sa₇。seg₇。se₁₂。sig₇。si₁₂。ugarₓ。ugur₂。ukur₅。zeₓ。ziₓ。šamagₓ。šeₓ。ši₇,ugur₂,o0000248
𒅊𒀩,sa7-alan。salamₓ。sa₇-alan。ukdin。uktin。uludim2。uludim₂。uludin2。uludin₂。ulutim2。ulutim₂。ulutin2。ulutin₂,igi@g.alan。sa7-alan。uktim。uludim2。uludin2。ulutim2。ulutin2。|igi@g.alan|,,igi@g.alan。salamₓ。sa₇-alan。ukdin。uktim。uktin。uludim₂。uludin₂。ulutim₂。ulutin₂。|igi@g.alan|,SIG7.ALAM。UKDIN。UKTIN。ULUDIM2。ULUDIN2。ULUTIM2。ULUTIN2,salamₓ。sa₇-alan。ukdin。uktim。uktin。uludim₂。uludin₂。ulutim₂。ulutin₂,,
𒅊𒋺𒀩,sermuszszu。sermuššu。sirmuszszu。sirmuššu。zermuszku。zermuszszu。zermušku。zermuššu。zirmuszszu。zirmuššu,igi@g.tak₄.alan。sermuszszu。sirmuszszu。zermuszku。zermuszszu。zirmuszszu。|igi@g.tak₄.alan|,,igi@g.tak₄.alan。sermuššu。sirmuššu。zermušku。zermuššu。zirmuššu。|igi@g.tak₄.alan|,SERMUŠKU。SERMUŠŠU。SIG7.KID2.ALAM。SIRMUŠKU。SIRMUŠŠU。ZERMUŠKU。ZERMUŠŠU。ZIRMUŠKU。ZIRMUŠŠU,sermuššu?。sirmuššu。zermušku。zermuššu。zirmuššu?,,
𒅋,al9。al₉。el2。el₂。il,al9。el2,IL。Il。el2。il。il],al₉。el₂。il,AL9。EL2。IL。IL10。ILI。ILU,al₉。el₂。il,il,o0000249
𒅌,el4。el₄。il8。il₈,el4。il8。il×gan₂@t。|il×gan₂@t|,el4。il8,el₄。il×gan₂@t。il₈。|il×gan₂@t|,IL8。ILxKAR2,el₄。il₈,el₄,o0001524
𒅍,dubsik。dupsik。dusi。dussu。dusu。ga6。ga₆。gil3。gil₃。gur3。guru3。guru₃。gur₃。il2。ila2。ila₂。ili2。ili₂。il₂。ŋa6。ŋa₆,dubsig。ga6。gil3。gur3。guru3。il2。ila2。ili2。ŋa6,IL2。ILA2。dussu。dusu。ga6。gil3。gur3。guru3。gùru。il2。il2_。il₂。ÍL。íl,dubsig。dubsik。dupsik。dusi。dussu。dusu。ga₆。gil₃。guru₃。gur₃。ila₂。ili₂。il₂。ŋa₆,DUSI。DUSSU。DUSU。DUŠSU。GA.GIN2。GA6。GIL3。GUR3。GURU3。IL2。ILA2。ILI2,agaₓ。dubsig。dubsik。dunₓ。dupsik。dusi。dussu。dusu。gaŋₓ。ga₆。gil₃。guru₃。gur₃。hirinₓ。ila₂。ili₂。illalₓ。il₂。ŋa₆,dusu,o0000252
𒅍𒂀,,il₂.dub₂。|il₂.dub₂|,,il₂.dub₂。|il₂.dub₂|,IL2.BALAG。IL2.DUB2。SAGGA4。SANGA4。ŠANGA4。ŠANGU4,sagga₄。sanga₄。sangu₄。saŋa₄。saŋŋa₄,,
𒅍𒈣𒂀,,il₂.ma₂.dub₂。|il₂.ma₂.dub₂|,,il₂.ma₂.dub₂。|il₂.ma₂.dub₂|,IL2.MA2.BALAG。IL2.MA2.DUB2。SAGGA2。SANGA2。ŠANGA2。ŠANGU2,sagga₂。sangu₂。saŋŋa₂,,
𒅍𒈣𒅊,,il₂.ma₂.igi@g。|il₂.ma₂.igi@g|,,il₂.ma₂.igi@g。|il₂.ma₂.igi@g|,IL2.MA2.SIG7。SAGGA3。SANGA3。ŠANGA3。ŠANGU3,sagga₃。sanga₃。sangu₃。saŋa₃。saŋaₓ。saŋŋa₃,,
𒅎,adad。anegi。di[...]ig。did。em。enegi。enegir。ennegi。ennigi。ilumer。im。imeₓ。imi。iszgurₓ。iszkur。išgurₓ。iškur。kakra。kakru。karkar。karkara。mer2。mer₂。mir2。mir₂。mur3。murim。muru3。muru₃。mur₃。szar5。szara5。szeg7。szeŋ7。teszub。tešub。tid。tu15。tum9。tumu。tum₉。tu₁₅。šara₅。šar₅。šeg₇。šeŋ₇,di[...]ig。did。enegir。ennegi。imeₓ。imi。iszgurₓ。iszkur。išgurₓ。kakra。kakru。lak376。mer2。mir2。mir₂。mur3。murim。muru3。szar5。szara5。szeg7。szeŋ7。teszub。tešub。tid。tu15。tum9。šara₅,IM。IŠKUR。[im。_im。ad]ad。adad。did。em。ennegi。i]m。im。imi。iszkur。iškur。szeg7。tid。tu15。tum9。tumu,adad。anegi。em。enegi。ennigi。ilumer。im。iškur。karkar。karkara。lak376。mer₂。muru₃。mur₃。tumu。tum₉。tu₁₅。šar₅。šeg₇。šeŋ₇,ANIGI。DID。EM。ENEGI。ENNI。ENNIGI。IM。IMI。IŠKUR。KAKRA。KAKRU。KARKAR。KARKARA。ME10。MER2。MIR2。MUR3。MURIM。MURU3。NI2。TID。TU15。TUM10。TUM9。TUMU。ŠAR5。ŠARA5。ŠEG7。ŠERU,adad。anegi。anig。anzuₓ。dalhamunₓ。did?。dixigₓ。em。enegi。enegir。ennegi。ennigi。ilumer。im。imeₓ。imi。išgurₓ。iškur。kakra。kakru。karkar。karkara。mer₂?。mir₂?。murim。muru₃。mur₃。tešub。tid?。tumu。tum₉。tu₁₅。šara₅。šar₅。šeg₇。šeŋ₇,im,o0000254
𒅎𒀀,,im.a。im.im.kad₃im.kad₃a。|im.a|。|im.im.kad₃im.kad₃a|,,im.a。im.im.kad₃im.kad₃a。|im.a|。|im.im.kad₃im.kad₃a|,,šegₓ。šeŋₓ,,
𒅎𒀀𒀀,,im.a.a。|im.a.a|,,im.a.a。|im.a.a|,,šegₓ。šeŋₓ,,
𒅎𒀀𒀭,szeg14。szeŋ14。šeg₁₄。šeŋ₁₄,im.a.an。szeg14。szeŋ14。|im.a.an|,šeg14,im.a.an。|im.a.an|。šeg₁₄。šeŋ₁₄,,šeg₁₄。šeŋ₁₄,,
𒅎𒂀,szerkan。šerkan,im.dub₂。szerkan。|im.dub₂|,,im.dub₂。|im.dub₂|。šerkan,,šerkan,,
𒅎𒂂,agar6。agar₆。aŋar6。aŋar₆。muru9。muru₉,agar6。aŋar6。im.dugud。muru9。|im.dugud|,MURU9。MURU₉。muru9,agar₆。aŋar₆。im.dugud。muru₉。|im.dugud|,AGAR6。ANZU。ANZUD。IM.DUGUD。MURU9,agar₆。aŋar₆。muru₉,,
𒅎𒂄𒂇,suhul3。suhul₃,im.dun.dun₃@g@g。suhul3。|im.dun.dun₃@g@g|,,im.dun.dun₃@g@g。suhul₃。|im.dun.dun₃@g@g|,,suhul₃,,
𒅎𒂇𒂄,suhul2。suhul₂,im.dun3@g@g.dun。suhul2。|im.dun3@g@g.dun|,,im.dun3@g@g.dun。suhul₂。|im.dun3@g@g.dun|,,suhul₂,,
𒅎𒃷𒄴𒈨𒌋,uluba。ulubar。ulumasz。ulumaš,im.gan₂.hi×nun.me.u。ulumasz。|im.gan₂.hi×nun.me.u|,,im.gan₂.hi×nun.me.u。uluba。ulubar。ulumaš。|im.gan₂.hi×nun.me.u|,,uluba。ulubar。ulumaš,,
𒅎𒄴𒈨𒌋𒃷,uluba2。ulubar2。ulubar₂。uluba₂。ulumasz2。ulumaš₂,im.hi×nun.me.u.gan₂。uluba2。ulubar2。ulumasz2。|im.hi×nun.me.u.gan₂|,,im.hi×nun.me.u.gan₂。ulubar₂。uluba₂。ulumaš₂。|im.hi×nun.me.u.gan₂|,,ulubar₂。uluba₂。ulumaš₂,,
𒅎𒆑,tuk8。tuk₈,im.kad₃。tuk8。|im.kad₃|,,im.kad₃。tuk₈。|im.kad₃|,,tuk₈,,
𒅎𒈪,,,,,ANZU2。ANZUD2。IM.MI,None,,
𒅎𒉌𒌓,,enaqa。im.ni.ud。|im.ni.ud|,,enaqa。im.ni.ud。|im.ni.ud|,,,,
𒅎𒋖,dalhamun,im.šita。|im.šita|,,dalhamun。im.šita。|im.šita|,,dalhamun,,
𒅎𒋙,szu17。uh6。uh₆。šu₁₇,im.šu₂。szu17。uh6。|im.šu₂|,,im.šu₂。uh₆。|im.šu₂|。šu₁₇,,uh₆。šu₁₇,,
𒅎𒋛𒀀,dungaₓ。dungu,duggu。im.si.a。|im.si.a|,,duggu。dungaₓ。dungu。im.si.a。|im.si.a|,DUNGU。IM.DIR。IM.SI.A,duggu。dungaₓ。dungu,,
𒅎𒌓,,im.ud。sidar。|im.ud|,,im.ud。sidar。|im.ud|,,sidar,,
𒅏,kid7。kid₇。tug7。tug₇。tuk7。tuk₇,im×tak₄。kid7。tug7。tuk7。|im×tak₄|,(kid7)。kid7,im×tak₄。kid₇。tug₇。tuk₇。|im×tak₄|,IMxKID2。IMxTAK4。KID7。TUG7。TUK7,kid₇。tug₇。tuk₇,kid₇,o0001549
𒅐,agar5。agar₅。angar。aŋar5。aŋar₅。dalhamun6。dalhamun₆。merimer3。merimeri3。merimeri₃。merimer₃。mermer3。mermeri3。mermeri₃。mermer₃。nimgigre。rad2。rad₂。zigara。zigkaru。zikara。zikaru,agar5。aŋar5。dalhamun6。im%im。im&im。merimer3。merimeri3。mermer3。mermeri3。rad2。|im%im|,IM%IM,agar₅。angar。aŋar₅。dalhamun₆。im%im。im&im。merimeri₃。merimer₃。mermeri₃。mermer₃。nimgigre。rad₂。zigara。zigkaru。zikara。zikaru。|im%im|,AGAR5。DALḪAMUN6。IMcrossingIM。MERIMER3。MERIMERI3。MERMER3。MERMERI3。RAD2。ZIGARA。ZIGARU。ZIKARA。ZIKARU,agar₅。angar。aŋar₅。dalhamun₆。hamunₓ。merimeri₃。merimer₃。mermeri₃。mermer₃。nimgigre。nimgirgireₓ。rad₂。zigara。zigkaru。zikara。zikaru,zigara,o0001529
𒅑,dalhamunₓ,im@im。|im@im|,,dalhamunₓ。im@im。|im@im|,IMopposingIM,dalhamunₓ,dalhamunₓ,o0001548
𒅒,ahud。merimer4。merimeri4。merimeri₄。merimer₄。mermer4。mermeri4。mermeri₄。mermer₄,4×im。merimer4。merimeri4。mermer4。mermeri4。|4×im|,,4×im。ahud。merimeri₄。merimer₄。mermeri₄。mermer₄。|4×im|,AḪUD。IMsquared。MERIMER4。MERIMERI4。MERMER4。MERMERI4,ahud。merimeri₄。merimer₄。mermeri₄。mermer₄,ahud,o0000649
𒅓,imin。imina。umun7。umunaₓ。umun₇,umun7,IMIN。imin。umun7,imin。imina。umunaₓ。umun₇,,imin。imina。umunaₓ。umun₇,imin,o0000255
𒅔,en6。en₆。gir12。gir₁₂。in。ini。isin2。isin₂,en6。gir12。isin2,GIR12。IN。[in。en6。in,en₆。gir₁₂。in。ini。isin₂,EN6。GIR12。IN。INI。ISIN2,en₆。gir₁₂。in。ini。isin₂,ini,o0000256
𒅕,er。ere14。eresz3。ereszu。erešu。ereš₃。ere₁₄。eri14。eri₁₄。ir。ire14。ire₁₄。iri14。iri₁₄,ere14。eresz3。ereszu。eri14。ire14。iri14,ER。IR。Ir。er。ir,er。erešu。ereš₃。ere₁₄。eri₁₄。ir。ire₁₄。iri₁₄,ER。EREŠ3。ERI。ERI14。GAGgunû。IR。IRI。IRIG,%akk erešu。er。ereš₃。ere₁₄。eri₁₄。ir。ire₁₄。iri₁₄。tirₓ,ir,o0000257
𒅖,"es5。esz15。es₅。eš₁₅。is,2。is2。isi。isisz。isiš。isz。iszi。is₂。iz2。iz₂。iś。iš。iši。iṣ₂。kukkuda2。kukkuda₂。kukkusz。kukkuš。kukuda2。kukuda₂。kusz7。kuš₇。mel。mil。mili。milla。sahar。sahardub。suszₓ。sušₓ。szen6。szusz3。ukum。šen₆。šuš₃","es5。esz15。is,2。is2。isisz。isz。iszi。iz2。kukkuda2。kukkusz。kukkušda。kukuda2。kusz7。suszₓ。szen6。szusz3",Isz。IŠ。Iš。SAHAR。eš15。i[š。is2。isz。iszi。iš。kusz7。kuš7。mel。mil。sahar。saḫar。szusz3,es₅。eš₁₅。isi。isiš。is₂。iz₂。iś。iš。iši。iṣ₂。kukkuda₂。kukkuš。kukkušda。kukuda₂。kuš₇。mel。mil。mili。milla。sahar。sahardub。sušₓ。ukum。šen₆。šuš₃,ES5。EZ5。EŠ15。EŠ16。IS2。ISI。ISIŠ。IZ2。IŚ。IŠ。IŠI。IṢ2。KUKKUDA2。KUKKUŠ。KUKKUŠA2。KUKUDA2。KUKUŠA2。KUM5。KUŠ7。MEL。MIL。MILI。MILLA。SAḪAR。SAḪARDUB。SAḪARPEŠ。UKUM。WIL。ŠEN6。ŠUŠ3,%akk iś。es₅。eš₁₅。isi。isiš。is₂。iz₂。iš。iši。iṣ₂。kukkuda₂。kukkuš。kukkušda。kukuda₂。kuzunₓ。kuš₇。mel。mil。mili。milla。sahar。sahardub。sušₓ。ukum。šen₆。šuš₃,mil,o0000259
𒅖𒀀𒋤,,,,,IM7。IŠ.A.SUD,imₓ,,
𒅖𒍏,samannu。samanur。szamanur。szaszamanur。szeknu。szem7。szen5。šamanur。šašamanur。šeknu。šem₇。šen₅,iš.uruda。szamanur。szaszamanur。szeknu。szem7。szen5。|iš.uruda|,,iš.uruda。samannu。samanur。|iš.uruda|。šamanur。šašamanur。šeknu。šem₇。šen₅,IŠ.URUDU。SAMANUR。ŠAŠAMANUR。ŠEKNU。ŠEM7。ŠEN5,samannu。samanur。šamanur。šašamanur。šeknu。šem₇。šen₅,,
𒅗,/eneŋ/。da12。dag5。dag₅。da₁₂。du11。dug4。duga4。duga₄。dug₄。du₁₁。e7。en4。enem。enim。en₄。e₇。ga14。ga₁₄。gir17。giri17。giri₁₇。gir₁₇。gu3。gur18。gur₁₈。gu₃。i5。inim。isz5。iš₅。i₅。ka。kag2。kag₂。kak2。kak₂。kaₓ。kir4。kiri3。kiri₃。kir₄。pe4。pe₄。pi4。pi₄。pu5。pu₅。qa3。qa₃。qirₓ。su11。sumurₓ。sumuₓ。su₁₁。sze28。szed17。szeg13。uzugₓ。zib4。zib₄。zu2。zug2。zug₂。zuh。zu₂。šed₁₇。šeg₁₃。še₂₈,agu₂。da12。dag5。du11。dug4。duga4。e7。en4。ga14。gir17。giri17。gu3。gur18。i5。isz5。kag2。kak2。kir4。kiri3。pe4。pi4。pu5。qa3。su11。sze28。szed17。szeg13。ugu₆。zib4。zu2。zug2, KA。 gu3。 inim。 ka。GU3。INIM。Inim。KA。Ka。ZÚ。[enim。[k]a。_inim。_ka_。du11。dug4。dug₄。e7。enim。ga14。giri17。gu3。gu7(KA)。gu₃。gù。i5。inim。isz5。k[a。k[a]。ka。kir4。kiri3。kiri₃。kìri。pi4。qa3。su11。zu2。zu2#。zuh。zu₂。zú,/eneŋ/。agu₂。dag₅。da₁₂。duga₄。dug₄。du₁₁。enem。enim。en₄。e₇。ga₁₄。giri₁₇。gir₁₇。gur₁₈。gu₃。inim。iš₅。i₅。ka。kag₂。kak₂。kaₓ。kiri₃。kir₄。pe₄。pi₄。pu₅。qa₃。qirₓ。sumurₓ。sumuₓ。su₁₁。ugu₆。uzugₓ。zib₄。zug₂。zuh。zu₂。šed₁₇。šeg₁₃。še₂₈,BU17。BUM3。DA12。DAG5。DI9。DU11。DUG4。E7。EN4。ENEM。ENIM。GA14。GIR17。GIRI17。GU3。GUR18。I5。INIM。INU。IŠ5。KA。KAG2。KIR4。KIRI3。PE4。PI4。QA3。SU11。ZIB4。ZU2。ZUG。ZUG2。ZUḪ。ŠE28。ŠED17。ŠEG13。ṬU6,agu₂。birₓ。buₓ。dag₅。da₁₂。duga₄。dug₄。du₁₁。emeₓ。enem。enim。en₄。e₇。ga₁₄。giri₁₇。gir₁₇。gur₁₈。gu₃。inim。iš₅。i₅。ka。kag₂。kak₂。kiri₃。kir₄。meₓ。milibₓ。nagₓ。nundumₓ。pe₄?。pi₄。pu₅。qa₃。qirₓ。sigₓ。sugₓ。suhurₓ。sumurₓ。sumuₓ。su₁₁。ugu₆。uzugₓ。ušₓ。zapₓ。zib₄?。zug₂。zuh。zu₂。šed₁₇?。šeg₁₃?。še₂₈?。šiₓ。šudₓ,ka,o0000260
𒅗  𒌫,,ka×ur₂,,ka×ur₂,,,,
𒅗x,,širi,,širi,,zubₓ,,
𒅗𒀭,babila,ka.an。|ka.an|,babila。babila#,babila。ka.an。|ka.an|,,babila,,
𒅗𒀭𒉌𒋛,kurku2。kurku₂,ka.an.ni.si。kurku2。|ka.an.ni.si|,,ka.an.ni.si。kurku₂。|ka.an.ni.si|,KA.AN.NI.SI。KURKU2,kurku₂,,
𒅗𒀭𒊏,babila2。babila₂,babila2。ka.an.ra。|ka.an.ra|,,babila₂。ka.an.ra。|ka.an.ra|,,babila₂,,
𒅗𒁆𒂷𒋼𒀀𒁽𒍝𒈾,bizaza,ka.balag.ga₂.te.a.du@s.za.na。|ka.balag.ga₂.te.a.du@s.za.na|,,bizaza。ka.balag.ga₂.te.a.du@s.za.na。|ka.balag.ga₂.te.a.du@s.za.na|,,bizaza,,
𒅗𒁲,isztaran。ištaran,isztaran。ka.di。|ka.di|,,ištaran。ka.di。|ka.di|,IŠTARAN。KA.DI,ištaran,,
𒅗𒄭,"dema。demma。demmu。demu。dima。dimma。dimmu。dimu。t,ēmu。ṭēmu","ka.hi。t,ēmu。|ka.hi|",,dema。demma。demmu。demu。dima。dimma。dimmu。dimu。ka.hi。|ka.hi|。ṭēmu,DEMA。DEMMA。DEMMU。DEMU。DIMA。DIMMA。DIMMU。DIMU。KA.ḪI,%akk/n ṭēmu。dema。demma。demmu。demu。dima。dimma。dimmu。dimu,,
𒅗𒄭𒂵,,ka.hi.ga。|ka.hi.ga|,,ka.hi.ga。|ka.hi.ga|,,munₓ。ummaₓ,,
𒅗𒅗,"dut,u。duṭu","dut,u。ka&ka。ka.ka。|ka.ka|",,duṭu。ka&ka。ka.ka。|ka.ka|,GUGU。KA.KA,duṭu,,
𒅗𒆕,gug6。gug₆。pihu3。pihu₃,gug6。ka.kak。pihu3。|ka.kak|,,gug₆。ka.kak。pihu₃。|ka.kak|,GUG6。KA.GAG。PIḪU3,gug₆。pihu₃,,
𒅗𒋗,szudₓ。šudₓ,ka.šu。szudₓ。|ka.šu|,,ka.šu。|ka.šu|。šudₓ,,šuduₓ。šudₓ,,
𒅗𒌑,,ka.u₂。|ka.u₂|,,ka.u₂。|ka.u₂|,,None,,
𒅘,emma2。emma₂。emmen2。emmen₂。emmin2。emmin₂。enmen2。enmen₂。gab3。gab₃。gu6。gu₆。imma2。imma₂。immeli。immen2。immen₂。immin2。immin₂。kab2。kab₂。na8。nag。naga2。naga₂。nak。namₓ。naq。naŋ。na₈。nik5。nik₅,emma2。emmen2。emmin2。enmen2。gab3。gu6。imma2。immen2。immin2。kab2。ka×a。na8。naga2。nik5。|ka×a|,NAG。emmen2。gab3。gu6。immen2。kab2。káb。na8。nag。naj。nak。naq。naĝ,emma₂。emmen₂。emmin₂。enmen₂。gab₃。gu₆。imma₂。immeli。immen₂。immin₂。kab₂。ka×a。nag。naga₂。nak。namₓ。naq。naŋ。na₈。nik₅。|ka×a|,EMMA2。EMMEN2。EMMIN2。ENMEN2。GAB3。GU6。IMMA2。IMMELI。IMMIN2。INMEN2。KAB2。KAxA。NA8。NAG。NAGA2。NAK。NAQ。NIK5,emma₂。emmen₂。emmin₂。enmen₂。gab₃。gu₆?。imma₂。immeli?。immen₂。immin₂。kab₂。nag。naga₂。nak。namₓ。naq。naŋ。naŋaₓ。na₈。nik₅,nag,o0001611
𒅙,akₓ,ka×ad。|ka×ad|,,akₓ。ka×ad。|ka×ad|,KAxAD,akₓ,akₓ,o0001610
𒅚,nagiri。nigru,ka×(ad.ku₃)。|ka×(ad.ku₃)|,nigru,ka×(ad.ku₃)。nagiri。nigru。|ka×(ad.ku₃)|,KAxAD.KU3。KAxAD.KUG。NIGRU,nagiri。nigru,nigru,o0001593
𒅛,ibira2。ibira₂,ibira2。ka×aš₂。|ka×aš₂|,,ibira₂。ka×aš₂。|ka×aš₂|,IBIRA2。KAxAŠ2。UŠ13,ibira₂,ibira₂,o0001612
𒅜,uh4。uh₄。usz11。uš₁₁,ka×bad。uh4。usz11。|ka×bad|,USZ11。UŠ11。uš11,ka×bad。uh₄。uš₁₁。|ka×bad|,KAxBAD。UŠ11。UŠ12。UḪ4,uhhu。uh₄。uš₁₁,uh₄,o0001613
𒅝,gudiddi。si18。si₁₈。sze26。szed15。szeg11。szidₓ。šed₁₅。šeg₁₁。še₂₆。šidₓ,ka×balag。si18。sze26。szed15。szeg11。szidₓ。|ka×balag|。še₂₆⁻,sze26,gudiddi。ka×balag。si₁₈。|ka×balag|。šed₁₅。šeg₁₁。še₂₆。še₂₆⁻。šidₓ,KAxBALAG。KAxDUB2。SEG14。SI18。SIG14。ŠE26。ŠED15。ŠEG11,gudiddi。guₓ。sigₓ。si₁₈?。šed₁₅。šeg₁₁。še₂₆。še₂₆⁻。šidₓ。šigₓ。šiₓ,gudiddi,o0001614
𒅞,,ka×bar。ka×maš。|ka×bar|,,ka×bar。ka×maš。|ka×bar|,KAxBAR。KAxMAŠ,unkinₓ,nan,o0002555
𒅟,,,,,KAxBI,None,nan,o0001616
𒅠,,ka×erin₂。|ka×erin₂|,,ka×erin₂。|ka×erin₂|,KAxERIM。KAxERIN2。ME3,meₓ,nan,o0000777
𒅡,ma5。ma₅。mu3。mu₃。sub4。sub₄,ka×eš₂。ka×ku。ma5。mu3。sub4。|ka×eš₂|,MÙ。ma5。mu3,ka×eš₂。ka×ku。ma₅。mu₃。sub₄。|ka×eš₂|,KAxKU。KAxŠE3。MA5。MU3。SUB4,ma₅。mu₃。sub₄,ma₅,o0001622
𒅢,simₓ。sub,ka×ga。|ka×ga|,sub,ka×ga。simₓ。sub。|ka×ga|,KAxGA。SUB,simₓ。sub。šubₓ,sub,o0001628
𒅢𒊕,kulkul,ka×ga.sag。|ka×ga.sag|,,ka×ga.sag。kulkul。|ka×ga.sag|,,kulkul,,
𒅣,agal,ka×gal。|ka×gal|,,agal。ka×gal。|ka×gal|,KAxGAL,agal,agal,o0001624
𒅤,ba11。ba₁₁。bu3。bum。buzur5。buzur₅。bu₃。kan6。kana6。kana₆。kan₆。muₓ。pu3。pum。puzur5。puzur₅。pu₃。tugure,ba11。bu3。buzur5。kan6。kana6。ka×gan₂@t。pu3。puzur5。|ka×gan₂@t|,Bù。PÙ。bu3。bum。bù。pu3。pum。puzur5。pù,ba₁₁。bum。buzur₅。bu₃。kana₆。kan₆。ka×gan₂@t。muₓ。pum。puzur₅。pu₃。tugure。|ka×gan₂@t|,BA11。BA12。BU3。BU6。BUM。BUZUR5。KAN6。KANA6。KAxKAR2。PU3。PU4。PUM。PUZUR5。ZUR8,%akk puzruₓ。None。ba₁₁。bum。burₓ。buzur₅。bu₃。kalaₓ。kana₆。kan₆。muₓ。pum。puzur₅。pu₃。tugure。tuₓ,bum,o0001626
𒅤𒊭,buzur4。buzur₄。puzru。puzur4。puzur₄,buzur4。ka×gan₂@t.ša。puzur4。|ka×gan₂@t.ša|,PUZUR4。puzur4,buzur₄。ka×gan₂@t.ša。puzru。puzur₄。|ka×gan₂@t.ša|,BUZUR4。PU3.ZUR8。PUZUR4,%akk puzruₓ。buzur₄。puzur₄,,
𒅥,gu7。gu₇。ku2。kur8。kur₈。ku₂。szagar。szaŋar。šagar。šaŋar,gu7。gu₇⁻。ka×gar。ku2。kur8。szagar。szaŋar。|ka×gar|,GU7。KU2。KÚ。gu7。ku2,gu₇。gu₇⁻。ka×gar。kur₈。ku₂。|ka×gar|。šagar。šaŋar,GU7。KAxNIG2。KU2。KUR8。ŠAGAR,bunₓ。gu₃。gu₇。gu₇⁻。kur₈?。ku₂。subₓ。tukurₓ。šagar。šaŋar,gu₇,o0001627
𒅦,,ka×(gar.ša₃.a)。|ka×(gar.ša₃.a)|,,ka×(gar.ša₃.a)。|ka×(gar.ša₃.a)|,KAxGAR.ŠA3.A。KAxKADRA。KAxNIG2.ŠA3.A,meleₓ。meliₓ,nan,o0001594
𒅧,,ka×gi,,ka×gi,KAxGI,None,nan,o0001631
𒅨,emeₓ-gir2。emeₓ-gir₂,emeₓ-gir2。ka×gir₂。|ka×gir₂|,,emeₓ-gir₂。ka×gir₂。|ka×gir₂|,KAxGIR2,emeₓ。emeₓ-gir₂,emeₓ-gir₂,o0001630
𒅩,gukri,ka×(giš.sar)。|ka×(giš.sar)|,,gukri。ka×(giš.sar)。|ka×(giš.sar)|,KAxGIŠ.SAR,gukri,gukri,o0001595
𒅪,gasa。gaza3。gaza₃。ibira。irhandiₓ。nehandiₓ。tibira2。tibira₂,gaza3。ka×giš%giš。ka×kib。tibira2。|ka×giš%giš|,ibira,gasa。gaza₃。ibira。irhandiₓ。ka×giš%giš。ka×kib。nehandiₓ。tibira₂。|ka×giš%giš|,GASA。GAZA2。IBIRA。KAxKIB。TIBIRA2,gasa。gaza₃。ibira。irhandiₓ。nehandiₓ。tibira₂,gasa,o0001632
𒅫,,ka×gu。|ka×gu|,,ka×gu。|ka×gu|,GUR5。GURU5。GURUM5。KAxGU。ŠAKIR。ŠAKIR4。ŠAKIRA。ŠAKIRI,guru₅。gur₅。guₓ。šakir,nan,o0001635
𒅬,kugre。kugur,ka×gur₇。|ka×gur₇|,,ka×gur₇。kugre。kugur。|ka×gur₇|,KAxGUR7。KUGUR,kugereₓ。kugre。kugur,kugre,o0001634
𒅭,,ka×igi。|ka×igi|,,ka×igi。|ka×igi|,KAxIGI。SILIG7。ŠILIG7,asalₓ。silig₇。šilig₇,nan,o0002566
𒅮,ba5。ba₅。bu13。buhₓ。bul4。bul₄。bun2。bun₂。bu₁₃,ba5。bu13。bul4。bun2。ka×im。|ka×im|,BÚN。ba5。bun2。bún,ba₅。buhₓ。bul₄。bun₂。bu₁₃。ka×im。|ka×im|,BA5。BU13。BUL4。BUN2。ILLAMMA。KAxIM,ba₅?。buhₓ。bul₄?。bun₂。bu₁₃。kabₓ。kanaₓ。kiriₓ。tuₓ。urguₓ,bun₂,o0001638
𒅯,kir14。kir₁₄,ka×kak。kir14。|ka×kak|,,ka×kak。kir₁₄。|ka×kak|,KAxGAG。KAxKAK。KIR14,gugₓ。kir₁₄,kir₁₄,o0001639
𒅰,,,,,KAxKI,None,nan,o0001643
𒅱,sulₓ。sunₓ,ka×kid。|ka×kid|,,ka×kid。sulₓ。sunₓ。|ka×kid|,KAxKID,dunₓ。sulₓ。sumₓ。sunₓ。suₓ,sulₓ,o0001641
𒅲,"gele3。gele₃。geli3。geli₃。gili3。gilib3。gilib₃。gili₃。mel2。mele2。mele₂。meli2。meli₂。mel₂。mili2。mili₂。mu13。mu7。mumunₓ。munₓ。mu₁₃。mu₇。sug7。sug₇。t,u6。tu6。tu₆。usz7。uš₇。zug4。zug₄。zuhₓ。ŋeli3。ŋeli₃。ŋili3。ŋili₃。ŋiriₓ。ṭu₆","gele3。geli3。gili3。gilib3。ka×li。mel2。mele2。meli2。mili2。mu13。mu7。sug7。t,u6。tu6。usz7。zug4。|ka×li|。ŋeli3。ŋili3",TU6。meli2。mu7。tu6,gele₃。geli₃。gilib₃。gili₃。ka×li。mele₂。meli₂。mel₂。mili₂。mumunₓ。munₓ。mu₁₃。mu₇。sug₇。tu₆。uš₇。zug₄。zuhₓ。|ka×li|。ŋeli₃。ŋili₃。ŋiriₓ。ṭu₆,GELE3。GELI3。GILI3。KAxLI。MELE2。MELI2。MILI2。MU7。SEG14。SI18。SIG14。SUG7。TU6。UŠ7。ZUG4,gele₃。geli₃。gilib₃。gili₃。giriₓ。mele₂。meli₂。mel₂。mili₂。mumunₓ。munₓ。mu₇。sug₇。tu₆。uš₇。zug₄。zuhₓ。ŋeli₃。ŋili₃。ŋiriₓ。šegₓ。ṭu₆,mu₇,o0001645
𒅲𒅲,mummun。mumun,ka×li.ka×li。|ka×li.ka×li|,,ka×li.ka×li。mummun。mumun。|ka×li.ka×li|,,mummun。mumun,,
𒅳,pu-udu,ka×lu。|ka×lu|,,ka×lu。pu-udu。|ka×lu|,KAxLU,pu-udu,pu-udu,o0001647
𒅴,em4。eme。em₄。uli,em4。ka×me。|ka×me|,EME。eme,eme。em₄。ka×me。uli。|ka×me|,EM4。EME。IM4。KAxME。ULI,eme。em₄。lišanₓ。uli,eme,o0001648
𒅵,medu。mesza。meša,ka×(me.du)。mesza。|ka×(me.du)|,,ka×(me.du)。medu。meša。|ka×(me.du)|,KAxME.DU,medu。meša,medu,o0001598
𒅶,emengi,ka×(me.gi)。|ka×(me.gi)|,emengi,emengi。ka×(me.gi)。|ka×(me.gi)|,KAxME.GI,emengi,emengi,o0001601
𒅷,imminte,ka×(me.te)。|ka×(me.te)|,imminte,imminte。ka×(me.te)。|ka×(me.te)|,KAxME.TE,imminte,imminte,o0001603
𒅸,,ka×mi。|ka×mi|,,ka×mi。|ka×mi|,KAN4。KAN5。KANA5。KAxMI,ganaₓ。kana₅。kan₅,nan,o0002282
𒅹,,emeŋarŋarₓ。ka×(me.gar.gar.ra)。|ka×(me.gar.gar.ra)|,,emeŋarŋarₓ。ka×(me.gar.gar.ra)。|ka×(me.gar.gar.ra)|,KAxMI.NUNUZ,None,emeŋarŋarₓ,o0001604
𒅺,murga。murgu3。murgu₃。urgu2。urgu₂,ka×ne。murgu3。urgu2。|ka×ne|,urgu2,ka×ne。murga。murgu₃。urgu₂。|ka×ne|,KAxNE。MURGU2。MURGU3。URGU2,murga。murgu₃。urgu₂,murga,o0001650
𒅻,/szumdum/。/šumdum/。numdu。numdum。numdun。nundu。nundum。nundun,/szumdum/。ka×nun。|ka×nun|,NUNDUM。numdum。nundum。nundun,/šumdum/。ka×nun。numdu。numdum。numdun。nundu。nundum。nundun。|ka×nun|,KAxNUN。NUMDU。NUMDUM。NUMDUN。NUNDU。NUNDUM。NUNDUN,lubduₓ。namduₓ。numdu。numdum。numdun。nundu。nundum。nundun,nundum,o0001651
𒅼,terₓ。usz14。uš₁₄,ka×pi。usz14。|ka×pi|,uš14,ka×pi。terₓ。uš₁₄。|ka×pi|,KAxPI。UŠ14,terₓ。tirₓ。uš₁₄,terₓ,o0001653
𒅽,gilib4。gilib₄,gilib4。ka×ru。|ka×ru|,,gilib₄。ka×ru。|ka×ru|,GILI4。GILIB4。KAxRU,gilib₄。milibₓ,gilib₄,o0001654
𒅾,dunₓ。mangaga。su6。sul3。sul₃。sum4。sum₄。sun4。sun₄。su₆。tunₓ,ka×sa。su6。sul3。sum4。sun4。tunₓ。|ka×sa|, sun4。SU6。su6。sum4。sun4,dunₓ。ka×sa。mangaga。sul₃。sum₄。sun₄。su₆。|ka×sa|,KAxSA。MANGAGA。SA17。SU6。SUL3。SUM4。SUN4。ZA8。variantofKAxEŠ,dunₓ。mangaga?。sul₃。sum₄。sun₄。su₆。tunₓ,dunₓ,o0001656
𒅿,gukiri。ma8。ma₈。mu11。mu₁₁,ka×sar。ma8。mu11。|ka×sar|,mu11,gukiri。ka×sar。ma₈。mu₁₁。|ka×sar|,KAxSAR。MA8。MU11,gukiri。kaₓ。ma₈。mu₁₁,mu₁₁,o0001655
𒆀,,ka×ša。|ka×ša|,,ka×ša。|ka×ša|,KAxŠA。MU13,mu₁₃,nan,o0001645
𒆁,tukur2。tukureₓ。tukur₂,ka×še。tukur2。|ka×še|,tukur2,ka×še。tukureₓ。tukur₂。|ka×še|,KAxŠE。TUKUR2,buₓ。kurₓ。tukureₓ。tukur₂。šegₓ,tukur₂,o0001674
𒆂,dilib2。dilib₂。giguru3。giguru₃。silig6。silig₆。sze25。szed14。szeg10。szilig6。sziq4。šed₁₄。šeg₁₀。še₂₅。šilig₆。šiq₄,dilib2。giguru3。ka×šid。silig6。sze25。szed14。szeg10。szilig6。sziq4。|ka×šid|,DÍLIB。dilib2。sze25,dilib₂。giguru₃。ka×šid。silig₆。|ka×šid|。šed₁₄。šeg₁₀。še₂₅。šilig₆。šiq₄,ARA9。DILIB2。GIGURU3。KAxŠID。SILIG6。ŠE25。ŠED14。ŠEG10。ŠILIG6。ŠIQ4,dilib₂。giguru₃。sigₓ。silig₆。šed₁₄。šeggeₓ。šeg₁₀。še₂₅。šigₓ。šilig₆。šiq₄,giguru₃,o0001675
𒆃,sziₓ。szu12。szud3。szude3。szudu3。szuszudi。šiₓ。šude₃。šudu₃。šud₃。šušudi。šu₁₂,ka×šu。sziₓ。szu12。szud3。szude3。szudu3。szuszudi。|ka×šu|,szudu3。ŠÙDU。šud3。šudu3。šud₃。šùd。šùdu,ka×šu。|ka×šu|。šiₓ。šude₃。šudu₃。šud₃。šušudi。šu₁₂,BA12。BUM。KAxŠU。PUM。SUD4。ZUR6。ŠU12。ŠUB2。ŠUD3。ŠUDE3。ŠUDU3,adabₓ。burₓ。subₓ。ušₓ。šedₓ。šegₓ。šeₓ。šiₓ。šude₃?。šudu₃。šud₃。šušudi。šu₁₂,šud₃,o0001676
𒆃𒊭,,,,,BUZUR4。KAxŠU.ZUR8。PUZUR4,None,,
𒆄,emesig,ka×sig。|ka×sig|,,emesig。ka×sig。|ka×sig|,KAxSIG,emesig,emesig,o0001657
𒆅,,ka×suhur。|ka×suhur|,,ka×suhur。|ka×suhur|,KAxSUḪUR,munsubₓ,nan,o0001658
𒆆,zukura,ka×tar。|ka×tar|,,ka×tar。zukura。|ka×tar|,KAxTAR,zukura,zukura,o0001659
𒆇,,ka×u,,ka×u,KAxU,None。kaₓ,nan,o0001666
𒆈,meleₓ。meliₓ。musug5。musug₅。tukur3。tukur₃。usug5。usug₅。uzug5。uzug₅,ka×u₂。musug5。tukur3。usug5。uzug5。|ka×u₂|,uzug5,ka×u₂。meleₓ。meliₓ。musug₅。tukur₃。usug₅。uzug₅。|ka×u₂|,KAxU2。MUZUG5。TUKUR3。USUG5。UZUG5,meleₓ。meliₓ。musug₅。tukur₃。usug₅。uzug₅,meleₓ,o0001668
𒆉,emma。emmen。emmin。enmen。imma。immen。immin。si19。si₁₉。za6。za₆。zu9。zu₉,ka×ud。si19。za6。zu9。|ka×ud|,immen。immin,emma。emmen。emmin。enmen。imma。immen。immin。ka×ud。si₁₉。za₆。zu₉。|ka×ud|,EMMA。EMMEN。EMMIN。ENMEN。IMMA。IMMEN。IMMIN。KAxUD。SI19。ZA6。ZU5。ZU9,emma。emmen。emmin。enmen。imma。immen。immin。si₁₉。subₓ。sumₓ。tuₓ。za₆。zuliₓ。zu₉,emma,o0001662
𒆉𒁇,KAxUD-bar。zabar3。zabar₃。zibar3。zibar₃,KAxUD-bar。kaxud-bar。ka×ud.bar。zabar3。zibar3。|ka×ud.bar|,,kaxud-bar。ka×ud.bar。zabar₃。zibar₃。|ka×ud.bar|,KAxUD.BAR。ZABAR3,zabar₃。zibar₃,,
𒆊,gudedde,ka×umum×pa。|ka×umum×pa|,,gudedde。ka×umum×pa。|ka×umum×pa|,KAxUMUMxPA,gudedde,gudedde,o0001663
𒆋,duriₓ。ugal,ka×uš。|ka×uš|,,duriₓ。ka×uš。ugal。|ka×uš|,DURIx。KAxUŠ,duriₓ。ugal,duriₓ,o0001667
𒆌,guziₓ,ka×zi。|ka×zi|,,guziₓ。ka×zi。|ka×zi|,KAxZI,guziₓ,guziₓ,o0001671
𒆍,aganₓ。aka4。akan2。akan₂。aka₄。baba2。baba₂。babu。gu16。gu₁₆。ka2。kan4。kankan。kan₄。ka₂。papa2。papa₂,aka4。akan2。baba2。gu16。ka2。kan4。papa2, kan4。KA2。KÁ。_ka2_。akan2。k]á。ka2。kan4。kankan。ká,aganₓ。akan₂。aka₄。baba₂。babu。gu₁₆。kankan。kan₄。ka₂。papa₂,AKA4。AKAN2。BAB3。BABA2。BABA3。BĀBU。GU16。KA2。KAN4。KANKAN。PAPA2。PAPA3,aganₓ。akan₂。aka₄。baba₂。babu。gu₁₆?。kankan。kan₄。ka₂。papa₂,babu,o0000277
𒆍𒀭,babilaₓ。babilim。babilima,ka₂.an。|ka₂.an|,,babilaₓ。babilim。babilima。ka₂.an。|ka₂.an|,,babila。babilim。babilima,,
𒆍𒀭𒊏,babilim2。babilima2。babilima₂。babilim₂,babilim2。babilima2。ka₂.an.ra。|ka₂.an.ra|,,babilima₂。babilim₂。ka₂.an.ra。|ka₂.an.ra|,,babila₂。babilima₂。babilim₂,,
𒆍𒃲,abul。abula。abulla,ka₂.gal。|ka₂.gal|,ABUL。[abulla。_abul_。abul。abulla,abul。abula。abulla。ka₂.gal。|ka₂.gal|,ABUL。KA2.GAL,abul。abula。abulla,,
𒆎,,ka₂%ka₂。|ka₂%ka₂|,,ka₂%ka₂。|ka₂%ka₂|,KA2crossingKA2,xₓ,nan,o0001677
𒆏,gab2。gaba2。gaba₂。gabu2。gabu₂。gab₂。gap2。gap₂。gub3。gubu3。gubu₃。gub₃。kab。kap。kapa。qab2。qab₂。qap2。qap₂,gab2。gaba2。gabu2。gap2。gub3。gubu3。qab2。qap2,GUB3。GÙB。KAB。gab2。gabu2。gap2。gub3。gáb。gábu。gùb。kab。kap。qab2,gaba₂。gabu₂。gab₂。gap₂。gubu₃。gub₃。kab。kap。kapa。qab₂。qap₂,GAB2。GAP2。GUB3。GUBU3。KAB。KAP。QAB2。QAP2,gaba₂。gabu₂。gab₂。gap₂。gubu₃。gub₃。kab。kap。kapa。qab₂。qap₂,kab,o0000263
𒆏𒁍,gabuₓ,kab.bu。|kab.bu|,,gabuₓ。kab.bu。|kab.bu|,,gabuₓ,,
𒆏𒍑,ragab3。ragab₃,kab.uš。ragab3。|kab.uš|,,kab.uš。ragab₃。|kab.uš|,,ragab₃,,
𒆐,gat2。gat₂。kad2。kad₂。kat2。kat₂。qad6。qad₆。qat6。qat₆。szid2。šid₂,gat2。kad2。kat2。qad6。qat6。szid2,KÁD。kad2。kat2。kád。kát。qat6,gat₂。kad₂。kat₂。qad₆。qat₆。šid₂,GAT2。KAD2。KAT2。QAD6。QAT6。SASIRRA。ŠID2。ŠIT2。ŠIṬ2,gat₂。kad₂。kat₂。qad₆?。qat₆?。šid₂?,gat₂,o0000265
𒆑,gat3。gat₃。kad3。kad₃。kat3。kata3。kata₃。kat₃。kud6。kud₆。qat7。qat₇。szed4。šed₄,gat3。kad3。kat3。kata3。kud6。qat7。szed4,KÀD。kad3。kat3。kud6。kàd。kàt。sedx(KAD3),gat₃。kad₃。kata₃。kat₃。kud₆。qat₇。šed₄,GAT3。KAD3。KAT3。KATA3。KUD6。QAT7。SASIRRA。ŠED4。ŠID4,gat₃。kad₃。kata₃。kat₃。kud₆。murₓ。qat₇?。sedₓ。šed₄,gat₃,o0000266
𒆑𒆑,szeszszed2。šeššed₂,kad₃.kad₃。szeszszed2。|kad₃.kad₃|,,kad₃.kad₃。|kad₃.kad₃|。šeššed₂,,šeššed₂,,
𒆒,geszhur。geszkad。gešhur。geškad。giszhur。giszkad。gišhur。giškad。had4。had₄。kad4。kad₄。kam3。kam₃。kara4。kara₄。karₓ。kat4。kat₄。kid5。kid₅。kim2。kim₂。pesz5。peš₅。pisz5。piš₅。qat5。qat₅。szed5。unu9。unu₉。šed₅,geszhur。geszkad。giszhur。giszkad。had4。kad4。kam3。kara4。kat4。kid5。kim2。pesz5。pisz5。qat5。szed5。unu9,KAD4。KAM3。kad4。kam3,gešhur。geškad。gišhur。giškad。had₄。kad₄。kam₃。kara₄。karₓ。kat₄。kid₅。kim₂。peš₅。piš₅。qat₅。unu₉。šed₅,BANSUR3。BANŠUR3。GEŠḪUR。GIŠḪAR。GIŠḪUR。KAD4。KAM3。KARA4。KAT4。KAṬ4。KID5。KIM2。PEŠ5。PIŠ5。QAT5。UNU9。ŠED5。ḪAD4,gešhur。geškad。gišhur。giškad。had₄。kad₄。kam₃。kara₄。karₓ?。kat₄。kid₅。kim₂。peš₅。piš₅。qat₅。unu₉。šed₅,peš₅,o0000267
𒆒𒆒𒆓,szeszszed3。šeššed₃,kad₄.kad₄.kad₅。szeszszed3。|kad₄.kad₄.kad₅|,,kad₄.kad₄.kad₅。|kad₄.kad₄.kad₅|。šeššed₃,,šeššed₃,,
𒆓,bansur3。bansur₃。banszur3。banšur₃。kad5。kad₅。kat5。kat₅。kid6。kid₆。pesz6。peš₆。pisz6。piš₆。qat8。qat₈,bansur3。banszur3。kad5。kat5。kid6。lak173。pesz6。pisz6。qat8,KAD5。kad5,bansur₃。banšur₃。kad₅。kat₅。kid₆。lak173。peš₆。piš₆。qat₈,BANSUR3。BANŠUR3。GEŠKAD。GEŠḪUR。GIŠKAD。GIŠḪUR。KAD5。KAM3。KARA4。KAT5。KAṬ5。KID6。KIM2。PEŠ6。PIŠ6。QAT8。UNU9。ŠED5。ḪAD4,bansur₃。banšur₃。esirₓ。gešhurₓ。geškadₓ。hadₓ。kad₅。kamₓ。karaₓ。karₓ。kat₅。kid₆。kimₓ。peš₆。piš₆。qat₈。ŋeškadₓ,peš₆,"o0000319, o0000268"
𒆓𒆓,esir3。esir₃。tal5。tal₅。til6。til₆,esir3。kad₅.kad₅。tal5。til6。|kad₅.kad₅|,,esir₃。kad₅.kad₅。tal₅。til₆。|kad₅.kad₅|,ESIR3。KAD5.KAD5。TAL5。TIL6,esir₃。tal₅。til₆。šedšedₓ,,
𒆔,esirₓ,kad₅&kad₅。|kad₅&kad₅|,,esirₓ。kad₅&kad₅。|kad₅&kad₅|,KAD5overKAD5,esirₓ,esirₓ,o0001571
𒆔𒆔,talₓ,kad₅&kad₅.kad₅&kad₅。|kad₅&kad₅.kad₅&kad₅|,,kad₅&kad₅.kad₅&kad₅。talₓ。|kad₅&kad₅.kad₅&kad₅|,,talₓ。tilₓ,,
𒆕,ban4。ban₄。da3。da₃。du3。du₃。gag。gak。henbur。ka15。kak。kal3。kal₃。kaq。ka₁₅。ki7。ki₇。qa6。qaq。qa₆。qi6。qi₆。re12。re₁₂。ri12。ri₁₂。ru2。ru₂。tu20。tu₂₀。zarₓ,ban4。da3。du3。ka15。kal3。ki7。qa6。qi6。re12。ri12。ru2。tu20,DU3。DÙ。GAG。GAG_。KAK。RU2。RÚ。_du3_。da3。du3。du₃。dà。dù。gag。henbur。kak。kàl。qaq。ru2。rú,ban₄。da₃。du₃。gag。gak。henbur。kak。kal₃。kaq。ka₁₅。ki₇。qaq。qa₆。qi₆。re₁₂。ri₁₂。ru₂。tu₂₀。zarₓ,BAN4。DA3。DU3。GAG。GAK。KA15。KAG。KAK。KAL3。KAQ。KI7。QA6。QAQ。QI6。RE12。RI12。RU2。TU19。TU20。ḪENBUR,ban₄。biₓ。da₃。du₃。gag。gagaₓ。gak。habur。heburₓ。henbur。huburₓ。humurumₓ。kak。kal₃。kaq。ka₁₅。kitₓ。ki₇。qaq。qa₆。qi₆。re₁₂?。ri₁₂?。ru₂。tu₂₀。usanₓ。zarₓ,gag,o0000269
𒆕𒄑,szitaₓ。šitaₓ,kak.giš。szitaₓ。|kak.giš|,,kak.giš。|kak.giš|。šitaₓ,,šitaₓ,,
𒆕𒆕,,kak&kak,,kak&kak,,,,
𒆕𒋻,kuksu2。kuksu₂,kak.tar。kuksu2。|kak.tar|,,kak.tar。kuksu₂。|kak.tar|,GAG.TAR。KUKSU2,kuksu₂,,
𒆖,,,,,GAGxSIG7。KAKxIGIgunû,None,nan,o0001575
𒆗,"alad2。alad₂。basztum。baštum。dan。dana3。dana₃。dannu。dun6。dun₆。esi。esig。eszaₓ。et,lu。ešaₓ。eṭlu。gal9。gal₉。kal。kala。kalag。kalaga。kalga。la6。lab。lala2。lala₂。lama3。lamar。lamassu。lama₃。lamma。lammar。lap。la₆。lib2。lib₂。lip2。lip₂。nir6。nir₆。qal4。qal₄。rab4。rab₄。reb。rep。rib。rip。rub。s,urs,ub2。sa14。sag8。sag₈。sa₁₄。seg15。seg₁₅。si21。sig15。sig₁₅。silim2。silima2。silima₂。silim₂。si₂₁。sun7。sunaₓ。sun₇。szedu。t,an。tan。urrub2。urrub₂。ursub2。ursub₂。zi8。zi₈。zurzub2。zurzub₂。šedu。ṣurṣub₂。ṭan","alad2。basztum。dana3。dun6。eszaₓ。et,lu。gal9。la6。lala2。lama3。lib2。lip2。nir6。qal4。rab4。s,urs,ub2。sa14。sag8。seg15。si21。sig15。sig₁₅@v。silim2。silima2。sun7。szedu。t,an。urrub2。ursub2。zi8。zurzub2", sun7。DAN。Dan。ESI。KAL。Lamma。alad2。d]an。dan。esi。kal。kal!。kala。kalag。la6。la6_。lab。lamassu。lamma。lap。lib2。lip2。líb。líp。re]b。reb。rib。sag8。sun7。tan。zi8,alad₂。baštum。dan。dana₃。dannu。dun₆。esi。esig。ešaₓ。eṭlu。gal₉。kal。kala。kalag。kalaga。kalga。lab。lala₂。lamar。lamassu。lama₃。lamma。lammar。lap。la₆。lib₂。lip₂。nir₆。qal₄。rab₄。reb。rep。rib。rip。rub。sag₈。sa₁₄。seg₁₅。sig₁₅。sig₁₅@v。silima₂。silim₂。si₂₁。sunaₓ。sun₇。tan。urrub₂。ursub₂。zi₈。zurzub₂。šedu。ṣurṣub₂。ṭan,GURUŠ,%akk dannu。%akk eṭlu。alad₂?。baštum。dan。dana₃。dun₆。esi。esig。ešaₓ。gal₉。kal。kala。kalag。kalaga。kalga。lab。lala₂。lamar。lamassu。lama₃。lamma。lammar。lap。la₆。lib₂。lip₂。mirₓ。nir₆。qal₄。rab₄?。reb。rep。rib。rip。rub。sagaₓ。sag₈。sa₁₄。seg₁₅。sig₁₅。sig₁₅@v。silima₂。silim₂。si₂₁。subₓ。sunaₓ。sun₇。tan。tana。urrub₂。ursub₂。zi₈?。zurzub₂。šedu。ṣurṣub₂。ṭan,tan,o0000270
𒆗𒂔,birdu。szarap。šarap,kal.edin。szarap。|kal.edin|,,birdu。kal.edin。|kal.edin|。šarap,,birdu。šarap,,
𒆘,alad,kal×bad。|kal×bad|,ALAD。alad,alad。kal×bad。|kal×bad|,ALAD。ALAD3。KALxBAD,alad,alad,o0001578
𒆙,liri7。liri₇。liru7。lirum7。lirum₇。liru₇,kal%kal。liri7。liru7。lirum7。|kal%kal|,KAL%KAL,kal%kal。liri₇。lirum₇。liru₇。|kal%kal|,KALcrossingKAL。LIRI7。LIRU7。LIRUM7,liri₇。lirum₇。liru₇,liri₇,o0001576
𒆚,erisz7。eriš₇。kam2。kam₂。udul7。udul₇。utul7。utul₇,erisz7。kam2。udul7。utul7,KAM2。KÁM。kam2,eriš₇。kam₂。udul₇。utul₇,KAMv。UDUL7。UTUL7。ḪIxBAD,eriš₇。kam~v。kam₂。qamaₓ。udul₇。utul₇,eriš₇,o0000272
𒆛,gam3。gam₃。kam4。kam₄,gam3。kam4,GÀM。gàm。kam₄,gam₃。kam₄,GAM3。KAM4。PAB.NA2。ZU8。ZUB。ZUBI。ZUBU。ZUBUD,gam₃。isubuₓ。kam₄。kimₓ。qamₓ,gam₃,o0000273
𒆜,bu2。busz。buš。bu₂。dana2。dana₂。danna2。danna₂。esz8。eš₈。ir7。ir₇。isz2。iš₂。kas。kasa。kaskal。kasz2。kaz0。kaz₀。kaš₂。ras。rasz。raš。rin6。rin₆。szubtumₓ。šubtumₓ,bu2。busz。dana2。danna2。esz8。ir7。irsaŋ。isz2。kasz2。kaz0。kaṣ。rasz。rin6。szubtumₓ, kaskal。Bú。KAS。KASKAL。_kaskal_。bu2。bú。esz8。eš8。ir7。isz2。kas。kaskal。kasz2。kaš2。r[aš。ras。rasz。raš。íš,buš。bu₂。dana₂。danna₂。eš₈。irsaŋ。ir₇。iš₂。kas。kasa。kaskal。kaz₀。kaš₂。kaṣ。ras。raš。rin₆。šubtumₓ,BU2。BUŠ。DANA2。DANNA2。EŠ8。IR7。IŠ2。KAS。KASA。KASKAL。KAŠ2。KAṢ。PUŠ。RAS。RAŠ。RIN6。ŠE22,buš。bu₂。dana₂。danna₂。danₓ。eš₈。gaešₓ。garašₓ。gaʾešₓ。harranₓ。irsaŋ。ir₇?。iš₂。kas。kasa。kaskal。kaz₀。kaš₂。kaṣ。ras。raš。rin₆。šubtumₓ,kasa,o0000275
𒆜𒁍,dana。danna,kaskal.bu。|kaskal.bu|,dana。danna。danna_,dana。danna。kaskal.bu。|kaskal.bu|,DANA。DANNA。KASKAL.BU,dana。danna,,
𒆜𒂵,gaesz2。gaeš₂。gaisz2。gaiš₂。garasz4。garaš₄,gaesz2。gaisz2。garasz4。kaskal.ga。|kaskal.ga|,garaš4,gaeš₂。gaiš₂。garaš₄。kaskal.ga。|kaskal.ga|,GAEŠ2。GAIŠ2。GARAŠ4。KASKAL.GA,gaeš₂。gaiš₂。garaš₄,,
𒆜𒄴,kiszi15。kiši₁₅,kaskal.hi×nun。kiszi15。|kaskal.hi×nun|,,kaskal.hi×nun。kiši₁₅。|kaskal.hi×nun|,KASKAL.AḪ。KIŠI15,kiši₁₅,,
𒆜𒆳,alba2。alba₂。alha。baliha。ellat。ilba2。ilba₂。ilha。illat。illatu,alba2。ilba2。kaskal.kur。|kaskal.kur|,ELLAT。ILLAT。ellat。illat,alba₂。alha。baliha。ellat。ilba₂。ilha。illat。illatu。kaskal.kur。|kaskal.kur|,ALBA2。ALḪA。BALIḪA。ILBA2。ILLAT。ILḪA。KASKAL.KUR,%akk illatu。alba₂。alha。baliha。dalₓ。ellat。ilba₂。ilha。illat,,
𒆜𒆸,szubtu。szubtu3。szubtum3。šubtu。šubtum₃。šubtu₃,kaskal.lagab。szubtu。szubtu3。szubtum3。|kaskal.lagab|,,kaskal.lagab。|kaskal.lagab|。šubtu。šubtum₃。šubtu₃,KASKAL.LAGAB。ŠUBTU3,%akk šubtu。šubtum₃。šubtu₃,,
𒆜𒇥,szubtu5。szubtum5。šubtum₅。šubtu₅,kaskal.lagab×u。szubtu5。szubtum5。|kaskal.lagab×u|,,kaskal.lagab×u。|kaskal.lagab×u|。šubtum₅。šubtu₅,KASKAL.TUL2。ŠUBTU5,šubtum₅。šubtu₅,,
𒆜𒌚,iti3。iti₃,iti3。kaskal.ud@s。|kaskal.ud@s|,ÌTI。ìti,iti₃。kaskal.ud@s。|kaskal.ud@s|,ITI3。KASKAL.ITI,iti₃,,
𒆜𒐋,zikura,kaskal.6(diš)。|kaskal.6(diš)|,ZIKURA。zikura,kaskal.6(diš)。zikura。|kaskal.6(diš)|,KASKAL.AŠ3。ZIKURA,zikura,,
𒆝,szubtu6。szubtum6。šubtum₆。šubtu₆,kaskal.(lagab×u)&(lagab×u)。szubtu6。szubtum6。|kaskal.(lagab×u)&(lagab×u)|,szubtum6,kaskal.(lagab×u)&(lagab×u)。|kaskal.(lagab×u)&(lagab×u)|。šubtum₆。šubtu₆,KASKAL.TUL2overTUL2。ŠUBTU6,šubtum₆。šubtu₆,šubtu₆,o0001581
𒆞,szubtu7。szubtum7。šubtum₇。šubtu₇,(kaskal.lagab×u)&(kaskal.lagab×u)。szubtu7。szubtum7。|(kaskal.lagab×u)&(kaskal.lagab×u)|,,(kaskal.lagab×u)&(kaskal.lagab×u)。|(kaskal.lagab×u)&(kaskal.lagab×u)|。šubtum₇。šubtu₇,KASKALoverKASKAL.TUL2overTUL2。ŠUBTU7,šubtum₇。šubtu₇,šubtu₇,o0000625
𒆟,gir11。giri11。girid。giri₁₁。gir₁₁。her。hir。kesz2。keszda。kesze2。keszi2。kešda。keše₂。keši₂。keš₂。kiri7。kirid。kiris。kirit。kiri₇。kisz2。kiszi2。kiši₂。kiš₂,gir11。giri11。kesz2。keszda。kesze2。keszi2。kiri7。kisz2。kiszi2,GIR11。Her。KESZ2。KEŠDA。KEŠDA;。KEŠ₂。[keše2。gir11。her。hir。kesz2。kesze2。keš2。kešda;。keše2。keše2]。keš₂。kirid。kéš。ḫir,girid。giri₁₁。gir₁₁。her。hir。kešda。keše₂。keši₂。keš₂。kirid。kiris。kirit。kiri₇。kiši₂。kiš₂,KEŠ2,girid。giri₁₁。gir₁₁。her。hir。kešda。keše₂。keši₂。keš₂。kirid。kiris。kirit。kiri₇。kiši₂。kiš₂,her,o0000278
𒆠,"ammaₓ。ers,etu。erṣetu。gagar。ge5。ge₅。gi5。gi₅。gu14。gu₁₄。ke。ki。ku11。ku₁₁。qaqqaru。qe2。qe₂。qi2。qi₂。sasₓ。ubdaₓ。ŋiszbunₓ。ŋišbunₓ","ers,etu。ge5。gi5。gu14。ku11。qe2。qi2。ŋiszbunₓ", ki。(ki)。KI。Ki。Qí。[ki。_ki。_ki_。k[i。k]i。ke。ki。ki]。ki_。ku11。q[é。qe2。qi2。qé。qí。⸢ki⸣,ammaₓ。erṣetu。gagar。ge₅。gi₅。gu₁₄。ke。ki。ku₁₁。qaqqaru。qe₂。qi₂。sasₓ。ubdaₓ。ŋišbunₓ,GAGAR。GE5。GI5。GU14。KE。KI。KU11。QE2。QI2,%akk erṣetu。%akk qaqqaru。ammaₓ。gagar。ge₅。gi₅。gu₁₄。ke。ki。kungaₓ。ku₁₁。qe₂。qi₂。sasₓ。ubdaₓ。ŋišbunₓ,ki,o0000279
𒆠𒀀,pesz10。peš₁₀。pisz10。piš₁₀,ki.a。pesz10。pisz10。|ki.a|,pesz10。peš10,ki.a。peš₁₀。piš₁₀。|ki.a|,KI.A。PEŠ10。PIŠ10,peš₁₀。piš₁₀,,
𒆠𒀭𒅎,kutra。qutra,ki.an.im。|ki.an.im|,,ki.an.im。kutra。qutra。|ki.an.im|,AKKAD。KI.AN.IM。KI.DINGIRIŠKUR,kutra。qutra,,
𒆠𒀭𒋀𒆠,munzer。munzur。musur,ki.an.šeš.ki。|ki.an.šeš.ki|,munzer。munzur,ki.an.šeš.ki。munzer。munzur。musur。|ki.an.šeš.ki|,KI.AN.ŠEŠ.KI。KI.DINGIRNANNA。MUNZER。MUNZUR。MUSUR,munzer。munzur。musur,,
𒆠𒀭𒌓,szakira2。szakirₓ。šakira₂。šakirₓ,ki.an.ud。szakira2。szakirₓ。|ki.an.ud|。šakirₓ,,ki.an.ud。|ki.an.ud|。šakira₂,KI.AN.UD。KI.DINGIRUTU。ŠAKIRA2,šakira₂。šakirₓ,,
𒆠𒀸𒀸,absin。gisbun,ki.aš.aš。|ki.aš.aš|,absin,absin。gisbun。ki.aš.aš。|ki.aš.aš|,ABSIN。KI.AŠ.AŠ,absin。gisbun,,
𒆠𒁁,garaszaₓ。garašaₓ,garaszaₓ。ki.bad。|ki.bad|,,garašaₓ。ki.bad。|ki.bad|,,garašaₓ,,
𒆠𒁉,geszbun2。gešbun₂。ŋeszbun2。ŋešbun₂。ŋiszbun2。ŋišbun₂,geszbun2。ki.bi。|ki.bi|。ŋeszbun2。ŋiszbun2,,gešbun₂。ki.bi。|ki.bi|。ŋešbun₂。ŋišbun₂,,gešbun₂。ŋešbun₂。ŋišbun₂,,
𒆠𒁉𒃻,geszbun。gešbun。giszbun。gizbun。gišbun。szubun。ŋeszbun。ŋešbun。ŋiszbum。ŋiszbun。ŋišbum。ŋišbun。šubun,geszbun。giszbun。ki.bi.gar。szubun。|ki.bi.gar|。ŋeszbun。ŋiszbum。ŋiszbun,jeszbun。ĝišbun,gešbun。gizbun。gišbun。ki.bi.gar。|ki.bi.gar|。ŋešbun。ŋišbum。ŋišbun。šubun,GIŠBUN。KI.BI.NIG2。ŠUBUN,gešbun。gizbun。gišbun。ŋešbun。ŋišbum。ŋišbun。šubun,,
𒆠𒁉𒆕,...ga,ki.bi.kak。|ki.bi.kak|,,...ga。ki.bi.kak。|ki.bi.kak|,,xgaₓ,,
𒆠𒁉𒉌,kibini,ki.bi.ni。|ki.bi.ni|,,ki.bi.ni。kibini。|ki.bi.ni|,,kibini,,
𒆠𒁺𒆕,sziten。šiten,ki.du.kak。sziten。|ki.du.kak|。šiten,,ki.du.kak。|ki.du.kak|,KI.DU.GAG。ŠITEN,šiten,,
𒆠𒂊𒉈𒁲,eszemen。eszemin。ešemen。ešemin,eszemen。eszemin。ki.e.ne.di。|ki.e.ne.di|,eszemen。ešemen,ešemen。ešemin。ki.e.ne.di。|ki.e.ne.di|,EŠEMEN。EŠEMIN。KI.E.NE.DI,ešemen。ešemin,,
𒆠𒂊𒉈𒁲𒀭𒈹,eszemen2。eszemin2。ešemen₂。ešemin₂,eszemen2。eszemin2。ki.e.ne.di.an.muš₃。|ki.e.ne.di.an.muš₃|,ešemen2,ešemen₂。ešemin₂。ki.e.ne.di.an.muš₃。|ki.e.ne.di.an.muš₃|,EŠEMEN2。EŠEMIN2。KI.E.NE.DI.AN.MUŠ3。KI.E.NE.DI.DINGIRINNIN,ešemen₂。ešemin₂,,
𒆠𒂗𒆕,bur11。buru11。buru₁₁。bur₁₁。mur6。muru6。murum6。murum₆。muru₆。mur₆,bur11。buru11。ki.en.kak。mur6。muru6。murum6。|ki.en.kak|,,buru₁₁。bur₁₁。ki.en.kak。murum₆。muru₆。mur₆。|ki.en.kak|,BUR11。BURU11。KI.EN.GAG。MUR6。MURU6。MURUM6,buru₁₁。bur₁₁。murum₆。muru₆。mur₆,,
𒆠𒃲,sur6。sur₆,ki.gal。sur6。|ki.gal|,,ki.gal。sur₆。|ki.gal|,KI.GAL。SUR6,sur₆,,
𒆠𒅁,dudu。eszszeb。eššeb。usztuh。uštuh,eszszeb。ki.ib。usztuh。|ki.ib|,,dudu。eššeb。ki.ib。uštuh。|ki.ib|,EŠŠEB。KI.IB,dudu。eššeb。uštuh,,
𒆠𒅗𒇽,engarₓ,ki.ka.lu₂。|ki.ka.lu₂|,,engarₓ。ki.ka.lu₂。|ki.ka.lu₂|,,engarₓ,,
𒆠𒅗𒊩,,ki.ka.sal。|ki.ka.sal|,,ki.ka.sal。|ki.ka.sal|,,igiraₓ,,
𒆠𒆕,sur7。sur₇,ki.kak。sur7。|ki.kak|,,ki.kak。sur₇。|ki.kak|,KI.GAG。SUR7,sur₇,,
𒆠𒆗,bad4。bad₄。dubad。garasz5。garaš₅。hirim。hirin。kankal。karasz2。karaš₂。kikla。kislah3。kislah₃。uludim。uludin。ulutim。ulutin,bad4。garasz5。karasz2。ki.kal。kislah3。|ki.kal|,KANKAL。dubad。garaš5。kankal。ulutin,bad₄。dubad。garaš₅。hirim。hirin。kankal。karaš₂。ki.kal。kikla。kislah₃。uludim。uludin。ulutim。ulutin。|ki.kal|,,bad₄。dubad。garaš₅。hirim。hirin。hurin。kankal。karaš₂。kikla。kislah₃。kiŋalₓ。sas。uludim。uludin。ulutim。ulutin,,
𒆠𒆗𒁁,,ki.kal.bad。|ki.kal.bad|,,ki.kal.bad。|ki.kal.bad|,,None,,
𒆠𒆗𒁁𒅂,garaszₓ。garašₓ,garaszₓ。ki.kal.bad.idim。|ki.kal.bad.idim|,,garašₓ。ki.kal.bad.idim。|ki.kal.bad.idim|,,garašₓ。karašₓ,,
𒆠𒆘,garasz2。garaš₂。karasz。karaš,garasz2。karasz。ki.kal×bad。|ki.kal×bad|,KARAŠ。garasz2。garaš2。gáraš,garaš₂。karaš。ki.kal×bad。|ki.kal×bad|,GARAŠ2。KARAŠ。KI.ALAD。KI.KALxBAD,garaš₂。karaš,,
𒆠𒆠,"kukku3。kukku₃。ut,e。utte。utu4。utu₄。uṭe","ki.ki。kukku3。ut,e。utu4。|ki.ki|",,ki.ki。kukku₃。utte。utu₄。uṭe。|ki.ki|,KI.KI。KU11.KU11。KUKKU3UTTE。UTU4,kukku₃。utte。utu₄。uṭe,,
𒆠𒆪𒊕,,ki.ku.sag。|ki.ku.sag|,,ki.ku.sag。|ki.ku.sag|,,zarahₓ,,
𒆠𒇲,"ut,u6。uttu6。uttu₆。uṭu₆","ki.lal。ut,u6。uttu6。|ki.lal|",,ki.lal。uttu₆。uṭu₆。|ki.lal|,KI.LAL。UTTU6,uttu₆。uṭu₆,,
𒆠𒇴,...ba。ganba。malba。szakaka。szakanka。šakaka。šakanka,ki.lam。szakaka。szakanka。|ki.lam|,ganba,...ba。ganba。ki.lam。malba。|ki.lam|。šakaka。šakanka,GANBA。KI.LAM。MALBA,ganba。kalbuₓ。malba。xbaₓ。šakaka。šakanka,,
𒆠𒇻𒂠,,ki.lu.eš₂。|ki.lu.eš₂|,,ki.lu.eš₂。|ki.lu.eš₂|,,None,,
𒆠𒈗,szitenₓ。šitenₓ,ki.lugal。szitenₓ。|ki.lugal|,,ki.lugal。|ki.lugal|。šitenₓ,,šitenₓ,,
𒆠𒈫,kimin。u7。u₇,ki.min。u7。|ki.min|,KIMIN。kimin。u7,ki.min。kimin。u₇。|ki.min|,KI+MIN。KIMIN。U7,kimin。u₇,,
𒆠𒈽,kukku4。kukku₄,ki.muš₃@g。kukku4。|ki.muš₃@g|,,ki.muš₃@g。kukku₄。|ki.muš₃@g|,,kukku₄,,
𒆠𒈾𒀊𒌈,,ki.na.ab.tum。|ki.na.ab.tum|,,ki.na.ab.tum。|ki.na.ab.tum|,,šutumₓ,,
𒆠𒉈,abni2。abni₂。dinig。gibil3。gibil₃。gunni。gunniₓ。izi2。izi₂。kuszlug。kušlug。mel3。meli。mel₃。munu2。munu₂。ne5。nemur。ne₅。nimur。zi7。zi₇,abni2。gibil3。izi2。ki.ne。kuszlug。mel3。munu2。ne5。zi7。|ki.ne|,gunni,abni₂。dinig。gibil₃。gunni。gunniₓ。izi₂。ki.ne。kušlug。meli。mel₃。munu₂。nemur。ne₅。nimur。zi₇。|ki.ne|,ABNI。ABNI2。DINIG。GENE。GIBIL3。GUNNI。IZI2。KI.NE。KUŠLUG。MEL。MEL3。MUNU2。NE5。NEMUR。NIMUR。ZE7。ZI7,abni₂。dinig。gibil₃。gunni。izi₂。kušlug。meli。mel₃。munu₂。nemur。ne₅。nimur。zi₇,,
𒆠𒉈𒀭𒈹,digbir,ki.ne.an.muš₃。|ki.ne.an.muš₃|,,digbir。ki.ne.an.muš₃。|ki.ne.an.muš₃|,DIGBIR。KI.NE.AN.MUŠ3,digbir,,
𒆠𒊔,kisziₓ。kišiₓ,ki.sag@n。kisziₓ。|ki.sag@n|,,ki.sag@n。kišiₓ。|ki.sag@n|,,kišiₓ,,
𒆠𒊔𒁺,,sulummar₂,,sulummar₂,,sulummar₂,,
𒆠𒊕,egi3。egi₃。igi3。igi₃,egi3。igi3。ki.sag。|ki.sag|,IGÌ。igi3,egi₃。igi₃。ki.sag。|ki.sag|,IGI3。KI.SAG,egi₃?。igi₃?,,
𒆠𒊕𒁺,sulummar。sulumₓ,ki.sag.du。|ki.sag.du|,,ki.sag.du。sulummar。sulumₓ。|ki.sag.du|,KI.SAG.DU。SULUMMAR,sulummar。sulumₓ,,
𒆠𒊕𒊩,igira2。igira₂。igiraₓ。igiru,igira2。ki.sag.sal。|ki.sag.sal|,igira2,igira₂。igiraₓ。igiru。ki.sag.sal。|ki.sag.sal|,IGIRA2。IGIRU。KI.SAG.MUNUS,igira₂。igiru。zarahₓ,,
𒆠𒋀𒆕,kissa,ki.šeš.kak。|ki.šeš.kak|,kissa,ki.šeš.kak。kissa。|ki.šeš.kak|,KI.ŠEŠ.GAG。KISSA,kissa,,
𒆠𒋀𒆕𒀀,,,,,KI.ŠEŠ.GAG.A。KISSA.A,None,,
𒆠𒋢𒇻𒂠𒃻,ugnim。umman。ummanu。uŋnim,ki.su.lu.eš₂.gar。|ki.su.lu.eš₂.gar|,,ki.su.lu.eš₂.gar。ugnim。umman。ummanu。uŋnim。|ki.su.lu.eš₂.gar|,KI.SU.LU.ŠE3.NIG2。UGNIM。UMMAN,%akk ummanu。ugnim。umman。uŋnim,,
𒆠𒋢𒇻𒂠𒃻𒆠,,ki.su.lu.eš₂.gar.ki。|ki.su.lu.eš₂.gar.ki|,,ki.su.lu.eš₂.gar.ki。|ki.su.lu.eš₂.gar.ki|,,None,,
𒆠𒋢𒇻𒂠𒃻𒊏,,ki.su.lu.eš₂.gar.ra。|ki.su.lu.eš₂.gar.ra|,,ki.su.lu.eš₂.gar.ra。|ki.su.lu.eš₂.gar.ra|,,None,,
𒆠𒋢𒇻𒃻,,ki.su.lu.gar。|ki.su.lu.gar|,,ki.su.lu.gar。|ki.su.lu.gar|,,None,,
𒆠𒋢𒇻𒆠𒃻,,ki.su.lu.ki.gar。|ki.su.lu.ki.gar|,,ki.su.lu.ki.gar。|ki.su.lu.ki.gar|,,None,,
𒆠𒋢𒇻𒇥𒃻,,ki.su.lu.lagab×u.gar。|ki.su.lu.lagab×u.gar|,,ki.su.lu.lagab×u.gar。|ki.su.lu.lagab×u.gar|,,None,,
𒆠𒋢𒇻𒋗𒃻,,ki.su.lu.šu.gar。|ki.su.lu.šu.gar|,,ki.su.lu.šu.gar。|ki.su.lu.šu.gar|,,None,,
𒆠𒋢𒍝𒇻𒂠,,ki.su.za.lu.eš₂。|ki.su.za.lu.eš₂|,,ki.su.za.lu.eš₂。|ki.su.za.lu.eš₂|,,None,,
𒆠𒌓,kislah。kizlah,ki.ud。|ki.ud|,KISLAḪ。kislah,ki.ud。kislah。kizlah。|ki.ud|,KI.UD。KISLAḪ,kankalₓ。kislah。kizlah。kiŋalₓ,,
𒆠𒌓𒀀,kilahha,ki.ud.a。|ki.ud.a|,,ki.ud.a。kilahha。|ki.ud.a|,,kilahha,,
𒆠𒍇,dagan。daggan。dakan。dakkan。suku4。suku₄,ki.uru×min。suku4。|ki.uru×min|,dagan,dagan。daggan。dakan。dakkan。ki.uru×min。suku₄。|ki.uru×min|,DAGAN。DAGGAN。DAKAN。DAKKAN。KI.GIŠGAL。SUKU4,dagan?。daggan?。dakan。dakkan。suku₄,,
𒆡,habrud2。habruda2。habruda₂。habrud₂,habrud2。habruda2。ki×bad。|ki×bad|,(habrud2)。habrud2,habruda₂。habrud₂。ki×bad。|ki×bad|,KIxBAD。ḪABRUD2。ḪABRUDA2。ḪANBRUDA2。ḪANBURUDA。ḪANBURUDA2,habruda₂。habrud₂,habrud₂,o0001741
𒆢,habrud。habruda。hanburuda。harₓ,ki×u。|ki×u|,habrud,habrud。habruda。hanburuda。harₓ。ki×u。|ki×u|,KIxU。ḪABRUD。ḪABRUDA。ḪANBRUDA。ḪANBURUDA,habrud。habruda。hanburuda。harₓ,habrud,o0001743
𒆣,kislah2。kislah₂,kislah2。ki×ud。|ki×ud|,kislah2,kislah₂。ki×ud。|ki×ud|,KISLAḪ2。KIxUD,kislah₂,kislah₂,o0001742
𒆤,"buru6。buru₆。ge2。ge₂。gi2。gid。git。gi₂。gub5。gub₅。gup5。gup₅。ke4。ket。ke₄。ki4。kid。kit。kit,。kiṭ。ki₄。kub4。kub₄。kup4。kup₄。lel2。lel₂。lil2。lila2。lila₂。lil₂。muru12。muru₁₂。qi5。qid。qit。qi₅。s,ah2。sah。seh2。seh₂。sih2。sih₂。suh4。suh₄。szah3。szih2。šah₃。ših₂。ṣah₂","buru6。ge2。gi2。gub5。gup5。ke4。ki4。kit,。kub4。kup4。lel2。lil2。lila2。muru12。qi5。s,ah2。seh2。sih2。suh4。szah3。szih2","KE4。KID。LIL2。LIL₂。LÍL。[ke4]。ge2。gi2。gid。git。gub5。gí。ke4。ke₄。kid。kit。kit,。kub4。kup4。lil2。lil₂。líl。qid。qit。sah。saḫ",buru₆。ge₂。gid。git。gi₂。gub₅。gup₅。ket。ke₄。kid。kit。kiṭ。ki₄。kub₄。kup₄。lel₂。lila₂。lil₂。muru₁₂。qid。qit。qi₅。sah。seh₂。sih₂。suh₄。šah₃。ših₂。ṣah₂,BUR6。BURU6。GE2。GI2。GID。GIT。GIṬ。KE4。KET。KI4。KID。KIT。KIṬ。KUB4。KUP4。LEL2。LIL2。MURU12。QET。QI5。QID。QIT。QIṬ。SAḪ。SEḪ2。SIḪ2。SUḪ4。ŠAḪ3。ŠIḪ。ŠIḪ2。ṢAḪ2,adgubₓ。buru₆。burₓ。ge₂。gid。git。gi₂。gub₅。gup₅。ket。ke₄。kid。kit。kiṭ。ki₄。kub₄?。kup₄?。lel₂。lila₂。lil₂。muru₁₂。qet。qid。qit。qi₅。sah。seh₂。sih₂。suh₄。šah₃。ših₂。ṣah₂,ket,o0000281
𒆤𒁆,tigiₓ,kid.balag。|kid.balag|,,kid.balag。tigiₓ。|kid.balag|,,tigiₓ,,
𒆤𒈤,amuru,kid.mah。|kid.mah|,,amuru。kid.mah。|kid.mah|,,amuru。muruₓ,,
𒆤𒋙𒈣,,kid.šu₂.ma₂。|kid.šu₂.ma₂|,,kid.šu₂.ma₂。|kid.šu₂.ma₂|,,muruₓ,,
𒆥,gur10。gur₁₀。ken。ki9。kig2。kig₂。kimₓ。kin。kinga。kiŋ2。kiŋ₂。ki₉。kun10。kun₁₀。qe。qi。qin。sag11。saga11。saga₁₁。sag₁₁。saka。seg18。seg₁₈。sig18。siga18。siga₁₈。sig₁₈,gur10。ki9。kig2。kiŋ2。kun10。sag11。saga11。seg18。sig18。siga18,GUR10。KIN。gur10。gur₁₀。kig2。kij2。kin。kiĝ2。kíĝ。qe。qi。qin。sag11。saga11。siga18,gur₁₀。ken。kig₂。kimₓ。kin。kinga。kiŋ₂。ki₉。kun₁₀。qe。qi。qin。saga₁₁。sag₁₁。saka。seg₁₈。siga₁₈。sig₁₈,GUR10。GURUN6。KIG2。KIN。KINGA。KUN10。QE。QI。QIN。SAG11。SEG18。SIG18,gur₁₀。ken。kig₂。kimₓ。kin。kinga?。kiŋ₂。ki₉。kun₁₀?。qe。qi。qin。saga₁₁。sag₁₁。saka。seg₁₈。siga₁₈。sig₁₈,ken,o0000282
𒆥𒆥,kenke,kin.kin。|kin.kin|,,kenke。kin.kin。|kin.kin|,,kenke,,
𒆦,bur6。bur₆。dag4。dag₄。kisal。lel4。lel₄,bur6。dag4。lel4。par4。ŋepar,KISAL。dag4。kisal,bur₆。dag₄。kisal。lel₄。par4。ŋepar,BUR6。BURU6。DAG4。KISAL。LEL4。PAR4。PARA4,bur₆。dag₄?。giparₓ。kisal。lel₄?。par₄。ŋepar。ŋiparₓ,par4,o0000284
𒆧,"kesz。keš。kis。kis,。kisz。kiszeₓ。kiszi。kiš。kišeₓ。kiši。kiṣ。qis。qisz。qiš","kesz。keše。kis,。kisz。kiszeₓ。kiszi。kiše。kišeₓ。qisz", kiš。KISZ。KIŠ。Kis。[q]is。kis。kisz。kiš。q]iš。qis。qisz。qiš,keš。keše。kis。kiš。kiše。kiši。kiṣ。qis。qiš,KEŠ。KIS。KIŠ。KIŠI。KIṢ。QIS。QIŠ,erraₓ。ilₓ。keš。keše。kis。kiš。kiše。kiši。kiṣ。lazₓ。qis。qiš,kis,o0000286
𒆨,kisim5。kisim₅。kiszim5。kišim₅,kisim5。kiszim5,(kisim5)。KISIM5。kisim5,kisim₅。kišim₅,KISIM5,kisim₅。kišim₅,kisim₅,o0000285
𒆩,gingira,kisim₅&kisim₅。|kisim₅&kisim₅|,KISIM5&KISIM5,gingira。kisim₅&kisim₅。|kisim₅&kisim₅|,GINGIRA。KISIM5/KISIM5。KISIM5overKISIM5,gingira?,gingira,o0001740
𒆪,"be5。bed3。bed₃。bet3。bet₃。be₅。bi7。bid3。bid₃。bit3。bit₃。bi₇。bu7。bulₓ。bu₇。dab5。daba5。daba₅。dab₅。deb2。deb₂。dib2。dib₂。dusz。duš。gu5。gud7。gud₇。guz3。guz₃。gu₅。ku。kud3。kud₃。kuz3。kuz₃。nu10。nu₁₀。qu2。qu₂。sahₓ。su5。suh5。suh₅。sur11。sur₁₁。susz。suš。su₅。sze10。szed6。szi5。t,usz。tibₓ。tukul。tukula。tum5。tuma。tum₅。tusz。tuszu。tuš。tušu。ugu4。ugu₄。zap2。zap₂。šed₆。še₁₀。ši₅。ṭuš","be5。bed3。bet3。bi7。bid3。bit3。bu7。dab5。daba5。deb2。dib2。dusz。gu5。gud7。guz3。kud3。kuz3。nu10。qu2。su5。suh5。sur11。susz。sze10。szed6。szi5。t,usz。tum5。tusz。tuszu。ugu4。zap2",KU。Ku。Qu2。TUKUL。TUŠ。be5。bit3。dab5。dab₅。dib2。gu5。k]u。ku。kud3。qu2。qu₂。qú。suh5。sur11。suḫ₅。szi5。tuk]ul。tukul。tusz。tuš。tuš]。ugu4。zap2。ŠE10,bed₃。bet₃。be₅。bid₃。bit₃。bi₇。bulₓ。bu₇。daba₅。dab₅。deb₂。dib₂。duš。gud₇。guz₃。gu₅。ku。kud₃。kuz₃。nu₁₀。qu₂。sahₓ。suh₅。sur₁₁。suš。su₅。tibₓ。tukul。tukula。tuma。tum₅。tuš。tušu。ugu₄。zap₂。šed₆。še₁₀。ši₅。ṭuš,1/6。60。BE5。BI7。BID3。BIT3。BU7。DAB5。DIB2。DIGI2。DUR2。DURU2。DURUM2。DURUN。DURUNA。DUŠ。GU5。GUD7。GUMUŠ。GUZ3。I6。KU。KUD3。KUZ3。NU10。QU2。SU5。SUR11。SUŠ。SUḪ5。TUKUL。TUKULA。TUM5。TUMA。TUR7。TUS。TUŠ。TUŠ2。UGU4。ZAP2。ŠE10。ŠED6。ŠI5。ṬUR2。ṬUŠ,bed₃。bet₃。be₅。bid₃。bit₃。bi₇。bulₓ。bu₇。daba₅。dab₅。deb₂。dib₂。duš。gud₇。guz₃。gu₅。huₓ。kakkusₓ。ku。kud₃。kuz₃?。nu₁₀。qu₂。sahₓ。suh₅。sur₁₁。suš。su₅。tibirₓ。tibₓ。tukul。tukula。tuma?。tum₅?。tuš。tušu。ugu₄。zap₂?。zuₓ。šed₆。še₁₀。ši₅。ṭuš,ku,o0000289
𒆪𒀭,"medda。meddu。met,a。met,u。meṭa。meṭu。midda。middu。mit,a。mit,t,u。mit,u。mitta。mittu。mitum。miṭa。miṭu。miṭṭu","ku.an。met,a。met,u。mit,a。mit,t,u。mit,u。|ku.an|",mitum,ku.an。medda。meddu。meṭa。meṭu。midda。middu。mitta。mittu。mitum。miṭa。miṭu。miṭṭu。|ku.an|,KU.AN。MEDDA。MEDDU。METTA。METTU。MIDDA。MIDDU。MITTA。MITTU。MITUM。TUKUL.DINGIR,%akk miṭṭu。medda。meddu。meṭa。meṭu。midda。middu。mitta。mittu。mitum。mitₓ。miṭa。miṭu,,
𒆪𒁍𒉣𒌅𒆪,,ku.bu.nun.tu.ku。|ku.bu.nun.tu.ku|,,ku.bu.nun.tu.ku。|ku.bu.nun.tu.ku|,,samanₓ,,
𒆪𒃻,guza。guzza,ku.gar。|ku.gar|,,guza。guzza。ku.gar。|ku.gar|,GUZA。GUZZA。KU.NIG2,guza。guzza,,
𒆪𒄒,daraₓ。dariₓ。daruₓ。duruₓ,ku.giš%giš。|ku.giš%giš|,,daraₓ。dariₓ。daruₓ。duruₓ。ku.giš%giš。|ku.giš%giš|,,daraₓ?。dariₓ?。daruₓ?。duruₓ?,,
𒆪𒅂,"medda2。medda₂。meddu2。meddu₂。met,a2。met,u2。meṭa₂。meṭu₂。midda2。midda₂。middu2。middu₂。mit,a2。mit,u2。mitta2。mitta₂。mittu2。mittu₂。mitum2。mitum₂。miṭa₂。miṭu₂","ku.idim。medda2。meddu2。met,a2。met,u2。midda2。middu2。mit,a2。mit,u2。mitta2。mittu2。mitum2。|ku.idim|",mitum2,ku.idim。medda₂。meddu₂。meṭa₂。meṭu₂。midda₂。middu₂。mitta₂。mittu₂。mitum₂。miṭa₂。miṭu₂。|ku.idim|,,medda₂。meddu₂。meṭa₂。meṭu₂。midda₂。middu₂。mitta₂。mittu₂。mitum₂。miṭa₂。miṭu₂,,
𒆪𒆠𒊕,zarahₓ,ku.ki.sag。|ku.ki.sag|,,ku.ki.sag。zarahₓ。|ku.ki.sag|,,zarahₓ,,
𒆪𒆪,durunaₓ。eh3。eh₃,eh3。ku.ku。|ku.ku|,,durunaₓ。eh₃。ku.ku。|ku.ku|,EḪ3。KU.KU,durunaₓ。durunₓ。eh₃,,
𒆪𒆪𒆪,ehehhe。ehₓ,eheh。ku.ku.ku。|ku.ku.ku|,,eheh。ehehhe。ehₓ。ku.ku.ku。|ku.ku.ku|,EḪEḪḪE。KU.KU.KU,eheh。ehehhe。ehₓ,,
𒆪𒉡,bula,ku.nu。|ku.nu|,,bula。ku.nu。|ku.nu|,BULA。KU.NU,bula,,
𒆫,merimer5。merimeri5。merimeri₅。merimer₅。mermer5。mermeri5。mermeri₅。mermer₅,ku&hi×aš₂.ku&hi×aš₂。merimer5。merimeri5。mermer5。mermeri5。|ku&hi×aš₂.ku&hi×aš₂|,,ku&hi×aš₂.ku&hi×aš₂。merimeri₅。merimer₅。mermeri₅。mermer₅。|ku&hi×aš₂.ku&hi×aš₂|,KUoverḪAR.KUoverḪAR。KUoverḪIxAŠ2.KUoverḪIxAŠ2,merimeri₅。merimer₅。mermeri₅。mermer₅,merimer₅,o0001746
𒆬,ku3。kug。kuk。ku₃。qu5。qu₅,ku3。kuŋ。qu5,KU3。KUG。KU₃。KÙ。[ku3。_ku3。ku3。ku[g]。kug。kuk。ku₃。kù,kug。kuk。kuŋ。ku₃。qu₅,KU3。KUG。KUK。KUK2。QU5。SEG17。SI22。SIG17,kug。kuk。ku₃。qu₅,kug,o0000296
𒆬𒀭,asag。azag。azak,aza₂。ku₃.an。|ku₃.an|,AZAG。azag,asag。azag。azak。aza₂。ku₃.an。|ku₃.an|,AZAG。KUG.AN,asag。asaₓ。azag。azak。aza₂。sagₓ,,
𒆬𒄀,guszkin。guškin。ku3-sig17。ku₃-sig₁₇,guszkin。ku3-sig17。ku₃.gi。|ku₃.gi|,,guškin。ku₃-sig₁₇。ku₃.gi。|ku₃.gi|,GUŠKIN。KUG.GI。KUSKI,guškin。ku₃-sig₁₇,,
𒆬𒌓,ku3-babbar。ku₃-babbar,ku3-babbar。ku₃.ud。|ku₃.ud|,,ku₃-babbar。ku₃.ud。|ku₃.ud|,KU3.BABBAR。KUBABBAR。KUG.BABBAR,ku₃-babbar,,
𒆭,ku4。kur9。kur₉。ku₄,ku4。kur9。rec144,KU4。[ku4。ku4。kur9。kur₉,kur₉。ku₄。rec144,,hu₂。kur₉。ku₄。lilₓ。sunₓ,kur₉,o0000297
𒆮,,ku₄~a,,ku₄~a,KU4。variantform,None。kur₉。ku₄,ku₄~a,o0000297
𒆯,bandilisza。bandiliša。bube。daban。dabaszin。dabašin。eszdaₓ。eszqa。ešdaₓ。ešqa。gaml。gurusa。gurusz2。guruszda。guruszta。guruszti。gurušda。gurušta。gurušti。guruš₂。hirin2。hirin₂。kakkala。kakkuda。kakkula。kakkusza。kakkuša。ku7。kud5。kud₅。kukkuda。kukkusza。kukkuša。kukula。kurusz。kuruszda。kuruš。kurušda。kusz6。kuš₆。ku₇。szandilimma。szendilima。szindilib。szindilimma。tubaszin。tubašin。šandilimma。šendilima。šindilib。šindilimma,bandilisza。dabaszin。eszdaₓ。eszqa。gurusz2。guruszda。guruszta。guruszti。hirin2。kakkusza。ku7。kud5。kukkusza。kurusz。kuruszda。kusz6。szandilimma。szendilima。szindilib。szindilimma。tubaszin,KU7。KU₇。guruszta。ku7。kud5。kurušda,bandiliša。bube。daban。dabašin。ešdaₓ。ešqa。gaml。gurusa。gurušda。gurušta。gurušti。guruš₂。hirin₂。kakkala。kakkuda。kakkula。kakkuša。kud₅。kukkuda。kukkuša。kukula。kuruš。kurušda。kuš₆。ku₇。tubašin。šandilimma。šendilima。šindilib。šindilimma,BADILIŠA。BANDILIŠA。BUBE。DABAN。DABAŠIN。GURUŠ2。GURUŠDA。GURUŠTA。GURUŠTI。KAKALA。KAKKUDA。KAKKUŠA。KU7。KUKKUDA。KUKKUŠA。KUKULA。KURUŠ。KURUŠDA。KUŠ6。TUBAŠIN。ŠINDILIB。ŠINDILIMA。ḪIRIN2,bandiliša。bube。daban。dabašin。ešdaₓ。ešqa。gamalₓ。gaml。gurusa。gurušda。gurušta。gurušti。guruš₂。hirin₂。kakkala。kakkuda。kakkula。kakkuša。kud₅。kukkuda。kukkuša。kukula。kuruš。kurušda。kuruštumₓ。kuš₆。ku₇。tubašin。šandilimma。šendilima。šindilib。šindilimma,daban,o0000299
𒆯𒆯,ku7-ku7。kukku。ku₇-ku₇,ku7-ku7。ku₇.ku₇。|ku₇.ku₇|,,kukku。ku₇-ku₇。ku₇.ku₇。|ku₇.ku₇|,KU7.KU7。KUKKU,kukku。ku₇-ku₇,,
𒆰,gu9。gul2。gul₂。gu₉。ku9。kul。kula。kulu。ku₉。nu5。numu。numun。numun@d。nuŋun。nu₅。qul。szabalbal。til8。til₈。zar4。zaraₓ。zar₄。zer。zir。ziri。šabalbal,gu9。gul2。ku9。nu5。szabalbal。til8。zar4,NUMUN。_numun_。ku9。kul。nujun。numun。qul。zer。zir,gul₂。gu₉。kul。kula。kulu。ku₉。numu。numun。numun@d。nuŋun。nu₅。qul。til₈。zaraₓ。zar₄。zer。zir。ziri。šabalbal,GU9。GUL2。KU9。KUL。KULU。NU5。NUMU。NUMUN。QUL。ZAR4。ZER。ZIR。ZIRI。ŠABALBAL,gul₂。gu₉。kul。kula。kulu。kurₓ。ku₉。numu。numun。numun@d。nuŋun。nu₅。qul。til₈。zaraₓ。zar₄。zer。zir。ziri。ŋu₉。šabalbal,kul,o0000291
𒆱,,kul@g,,kul@g,KULgunû。NUMUNgunû,tilₓ?,nan,o0000292
𒆲,...nunnam...。ku14。kun。kunu。ku₁₄。qun,ku14。kuŋ₂,KUN。ku14。ku[n?。kun。qun,...nunnam...。kun。kunu。kuŋ₂。ku₁₄。qun,KU14。KUN。KUNU。QUN,kun。kunu。kuŋ₂。ku₁₄。megidaₓ。qun。xnunnamxₓ,qun,o0000293
𒆳,"amma。anubu。ge21。gen3。gen₃。ge₂₁。gin3。gina3。gina₃。gin₃。gur16。gur₁₆。kin3。kin₃。kur。lad。lat。lat,。lata。laṭ。mad。mak0。mak₀。mat。mat,。maṭ。nad。nat。nata。qur2。qur₂。raman。ramanu。rammanu。raszu。razu。rašu。sad。sat。sata。szad。szada。szadi。szadu。szahan。szat。szat,。szata。zizanu。šad。šada。šadi。šadu。šahan。šat。šata。šaṭ","ge21。gen3。gin3。gina3。gur16。kin3。lat,。mak0。mat,。qur2。raszu。szad。szada。szadi。szadu。szahan。szat。szat,。szata"," kur。GIN3。KUR。[kur。_kur_。gin3。gin3]。gin₃。gìn。kin3。kur。kur_。lat。lat,。m[at。mad。mat。maṭ。nat。sat。szad。szat。šad。šat。šaṭ",amma。anubu。gen₃。ge₂₁。gina₃。gin₃。gur₁₆。kin₃。kur。lad。lat。lata。laṭ。mad。mak₀。mat。maṭ。nad。nat。nata。qur₂。raman。ramanu。rammanu。razu。rašu。sad。sat。sata。zizanu。šad。šada。šadi。šadu。šahan。šat。šata。šaṭ,AMMA。ANUBU。GE21。GEN3。GIN3。GINA3。GUR16。KEN3。KIN3。KUR。KURA。KURU。LAD。LAT。LATA。LAṬ。MAD。MAT。MAṬ。NAB2。NAD。NAT。NATA。NAṬ。QIN3。QUR2。RAMAN。RAMANU。RAZU。RAŠU。SAD。SAT。SATA。SAṬ。ZIZANU。ŠAD。ŠADA。ŠADI。ŠAS。ŠAT。ŠATA。ŠAŠ。ŠAḪAN。ŠAṬ。ḪUR,amma。anubu。gen₃。ge₂₁?。gina₃。gin₃。gur₁₆。kin₃。kur。kuruₓ。lad。lat。lata。laṭ。mad。mak₀。mat。maṭ。nad。nat。nata。qur₂。raman。ramanu。rammanu。ramₓ。razu。rašu。sad。sat。sata。zat。zizanu。šad。šada。šadi。šadu。šahan。šat。šata。šaṭ,šaṭ,o0000294
𒆳𒈽𒍝𒆠,,kur.muš₃@g.za.ki。|kur.muš₃@g.za.ki|,,kur.muš₃@g.za.ki。|kur.muš₃@g.za.ki|,,%akk namru,,
𒆳𒋛𒀀𒂵,nenin,kur.si.a.ga。|kur.si.a.ga|,,kur.si.a.ga。nenin。|kur.si.a.ga|,,nenin,,
𒆳𒋾,parsa,kur.ti。|kur.ti|,,kur.ti。parsa。|kur.ti|,KUR.TI。PARSA,parsa,,
𒆴,gudibir2。gudibir₂。lamhu,gudibir2。kur@kur。|kur@kur|,,gudibir₂。kur@kur。lamhu。|kur@kur|,GUDIBIR2。KUR.KURinversum。KURopposingKUR。LAMḪU,gudibir₂。lamhu,gudibir₂,o0001762
𒆵,kuia3。kuia₃。kusz9。kusza。kuszu2。kuša。kušu₂。kuš₉。uh3。uh₃,kuia3。kusz9。kusza。kuszu2。uh3,KUSZU2。KÚŠU。UH3。kuszu2。kušu2。kúšu。uh3,kuia₃。kuša。kušu₂。kuš₉。uh₃,KUIA。KUŠ9。KUŠU2。UḪ3,kuia₃。kusuₓ。kuwaₓ。kuša。kušu₂。kuš₉。uh₃,kušu₂,o0000295
𒆶,hirinₓ,kwu318,,hirinₓ。kwu318,KWU318,hirinₓ,hirinₓ,o0000300
𒆷,la。szika。szikₓ。šika。šikₓ,szika。szikₓ, la。LA。[la]。la。la#,la。šika。šikₓ,LA。LAE。ŠIKA。ḪIR4,la。šika。šikₓ,la,o0000305
𒆸,ella2。ellag。ellaŋ。ella₂。gil2。gili2。gili₂。gil₂。gir8。girak。girenₓ。giri8。giriak。girim。girin。giri₈。gir₈。gud8。gud₈。gur4。gurun3。gurun₃。gur₄。hab。haba。hap。illag。kel。kele。kil。kili。kilib。kir3。kir₃。kur4。kuru4。kuru₄。kur₄。lagab。lugud2。lugud₂。ni10。nigi2。nigin2。nigin₂。nigi₂。nimen2。nimen₂。nin4。nin₄。niŋi2。niŋin2。niŋin₂。niŋi₂。ni₁₀。qel。qer3。qer₃。qil。qir3。qir₃。qur9。qur₉。re3。rem。reme。re₃。ri3。rim。rin。ri₃。sim4。sim₄。tuku6。tukulₓ。tukur。tuku₆。tur6。tur₆,ella2。gerin。gil2。gili2。gir8。giri8。gud8。gur4。gurun3。kir3。kur4。kuru4。lugud2。ni10。nigi2。nigin2。nimen2。nin4。niŋen₂。niŋi2。niŋin2。qer3。qir3。qur9。re3。ri3。sim4。tuku6。tur6,GIL2。GIR8。GÍL。LAGAB。LUGUD2。NIGIN2。NÍGIN。RIM。Rim。ellag。gil2。gur4。gíl。hab。kel。kil。kur4。lagab。lugud2。ni10。nigin2。nijin2。niĝin2。nígin。níĝin。qil。rem。reme。ri3。rim。rin。rì。ḪAB。ḫab,ellag。ellaŋ。ella₂。gerin。gili₂。gil₂。girak。girenₓ。giriak。girim。girin。giri₈。gir₈。gud₈。gurun₃。gur₄。hab。haba。hap。illag。kel。kele。kil。kili。kilib。kir₃。kuru₄。kur₄。lagab。lugud₂。nigin₂。nigi₂。nimen₂。nin₄。niŋen₂。niŋin₂。niŋi₂。ni₁₀。qel。qer₃。qil。qir₃。qur₉。rem。reme。re₃。rim。rin。ri₃。sim₄。tukulₓ。tukur。tuku₆。tur₆,ELLA2。ELLAG。GEL2。GIL2。GILI2。GILI4。GIR8。GIRAG。GIRI8。GIRIM。GIRIN。GUD8。GUR4。GURUN3。ILLAG。KEL。KELE。KIL。KILI。KILIB。KIR3。KUR4。KURU4。LAGAB。LUGUD2。NI10。NIGI2。NIGIN2。NIMEN2。NIMGIN2。NIN4。NINGIN2。QEL。QER3。QIL。QIR3。RE3。REM。REME。RI3。RIM。RIMI。RIN。SIM4。TUKU6。TUKUL3。TUKUR。TUR6。ḪAB。ḪABA。ḪAP,ellag。ellaŋ。ella₂。gerin。gili₂。gil₂。girak。girenₓ。giriak。girim。girin。giri₈。gir₈。gud₈。gurun₃?。gur₄。hab。haba。hap。illag。kel。kele。kil。kili。kilib。kir₃。kuru₄。kur₄。kuₓ。lagab。lugud₂。nigin₂。nigi₂。nimen₂。nin₄。niŋen₂。niŋin₂。niŋi₂。ni₁₀。qel。qer₃。qil。qir₃。qur₉。rem。reme。re₃。rim。rin。ri₃。sim₄?。surₓ。suₓ。tinₓ。tukulₓ。tukur。tuku₆。tur₆,rem,o0000306
𒆸𒆸,banₓ。garadin5。garadin₅。iszhara3。išhara₃。karadin5。karadin₅。kel3。kel₃。kil3。kilaₓ。kili3。kilib3。kilib₃。kili₃。kiluₓ。kil₃。kin4。kin₄。ni6。nigginaku。niggiₓ。nigi。nigin。nin3。nini。ninni2。ninni₂。nin₃。niŋin。ni₆。rin3。rin₃,garadin5。iszhara3。karadin5。kel3。kil3。kili3。kilib3。kin4。lagab.lagab。ni6。nin3。ninni2。niŋen。rin3。|lagab.lagab|,"LAGAB+LAGAB,。NIGIN。kìlib。nigin。nijin。ninni2。niĝin",banₓ。garadin₅。išhara₃。karadin₅。kel₃。kilaₓ。kilib₃。kili₃。kiluₓ。kil₃。kin₄。lagab.lagab。nigginaku。niggiₓ。nigi。nigin。nini。ninni₂。nin₃。niŋen。niŋin。ni₆。rin₃。|lagab.lagab|,,banₓ。garadin₅。išhara₃。karadin₅。kel₃。kilaₓ。kilib₃。kili₃。kiluₓ。kil₃。kin₄。nigginaku。niggiₓ。nigi。nigin。nimenₓ。nini。ninni₂。nin₃。niŋen。niŋin。ni₆。rin₃,,
𒆸𒊺,,lagab&še,,lagab&še,,,,
𒆸𒌋𒆕,mud4。mud₄,lagab.u.kak。mud4。|lagab.u.kak|,,lagab.u.kak。mud₄。|lagab.u.kak|,LAGAB.U.GAG。MUD4,mud₄,,
𒆸𒍣,,lagab&zi,,lagab&zi,,,,
𒆹,a'a3。a9。abbar。abbaraₓ。ablal2。ablal₂。aia4。aia₄。ambar。ambara。anbar。as4。aslum。aszte2。as₄。aya4。aya₄。ašte₂。aʾa₃。a₉。bugin。bugin3。bugin₃。bunin。bunin3。bunin₃。buninₓ。buniŋ。buniŋₓ。elamkusz4。elamkuš₄。ellamkusz4。ellamkuš₄。engurₓ。gunin2。gunin₂。kunin2。kunin₂。nammaₓ。nammuₓ。puginₓ。sug。sugiₓ。suk。suq。szuk3。umun11。umun₁₁。zikumₓ。zug。zuk。zuq。šuk₃,a'a3。a9。ablal2。aia4。as4。aszte2。aya4。bugin3。bugin₂。bunin3。bunin₂。buniŋ₂。elamkusz4。ellamkusz4。gunin2。kunin2。lagab×a。szuk3。umun11。|lagab×a|,SUG。abbar。ambar。as4。sug。suk。zuk。zuq,abbar。abbaraₓ。ablal₂。aia₄。ambar。ambara。anbar。aslum。as₄。aya₄。ašte₂。aʾa₃。a₉。bugin。bugin₂。bugin₃。bunin。bunin₂。bunin₃。buninₓ。buniŋ。buniŋ₂。buniŋₓ。elamkuš₄。ellamkuš₄。engurₓ。gunin₂。kunin₂。lagab×a。nammaₓ。nammuₓ。puginₓ。sug。sugiₓ。suk。suq。umun₁₁。zikumₓ。zug。zuk。zuq。|lagab×a|。šuk₃,A9。ABBAR。ABLAL2。AIA4。AMBAR。AS4。AŠTE2。A’A3。BUGIN。BUNIN。ELAMKUŠ4。ELLAMKUŠ4。GUNIN2。KUNIN2。LAGABxA。SUG。SUK。SUKU。SUQ。UMUN11。ZUG。ZUK。ZUQ。ŠUK3,abbar。abbaraₓ。ablal₂?。aia₄。ambar。ambara。anbar。aslum。as₄。aya₄。ašte₂。aʾa₃。a₉。bugin。bukinₓ。buni。bunin。buniŋ。elamkuš₄。ellamkuš₄。engurₓ。gunimₓ。gunin₂。idₓ。iₓ。kunin₂。nammaₓ。nammuₓ。puginₓ。sug。sugiₓ。suk。suq。umun₁₁。zikumₓ。zug。zuk。zuq。šuk₃,sug,o0001800
𒆹𒈝,as4-lum。as₄-lum。suluhu4。suluhu₄。sulumhi4。sulumhi₄。zuluhu4。zuluhu₄,as4-lum。lagab×a.lum。suluhu4。sulumhi4。zuluhu4。|lagab×a.lum|,,as₄-lum。lagab×a.lum。suluhu₄。sulumhi₄。zuluhu₄。|lagab×a.lum|,,as₄-lum。suluhu₄。sulumhi₄。zuluhu₄。zulumhi₄,,
𒆹𒋻,inda2。inda₂,inda2。lagab×a.tar。|lagab×a.tar|,,inda₂。lagab×a.tar。|lagab×a.tar|,,inda₂?,,
𒆺,edakua2。edakua₂,edakua2。lagab×(a.da.ha)。|lagab×(a.da.ha)|,(edakua2)。edakua2,edakua₂。lagab×(a.da.ha)。|lagab×(a.da.ha)|,EDAKUA2。LAGABxA.DA.ḪA,edakua₂,edakua₂,o0001775
𒆻,agar3。agar₃,agar3。lagab×(a.gar)。|lagab×(a.gar)|,agar3,agar₃。lagab×(a.gar)。|lagab×(a.gar)|,AGAR3。LAGABxA.GAR。LAGABxA.NIG2,agar₃,agar₃,o0001776
𒆼,ablal。kinbur,lagab×(a.lal)。|lagab×(a.lal)|,ablal,ablal。kinbur。lagab×(a.lal)。|lagab×(a.lal)|,ABLAL。KINBUR。LAGABxA.LAL,ablal。kinbur,ablal,o0001777
𒆽,gala4。gala₄。kala4。kala₄,gala4。kala4。lagab×al。|lagab×al|,(gala4)。gala4,gala₄。kala₄。lagab×al。|lagab×al|,GALA4。GARAK2。KALA4。LAGABxAL,gala₄。kala₄,gala₄,o0001798
𒆾,ama6。ama₆,ama6。lagab×an。|lagab×an|,,ama₆。lagab×an。|lagab×an|,AMA6。LAGABxAN,ama₆,ama₆,o0001799
𒆿,,,,,LAGABxAŠzidatenû。LAGABxGE23,None,nan,o0001802
𒇀,gigir。gigira。pu6。pu₆。tul8。tul₈,lagab×bad。pu6。tul8。|lagab×bad|,GIGIR。gigir,gigir。gigira。lagab×bad。pu₆。tul₈。|lagab×bad|,GIGIR。LAGABxBAD。PU6。TUL8,dulₓ。gigir。gigira。pu₆。tul₈,gigir,o0001804
𒇁,kunin3。kunin₃,kunin3。lagab×bi。|lagab×bi|,(kunin3)。kunin3,kunin₃。lagab×bi。|lagab×bi|,KUNIN3。LAGABxBI,kunin₃?,kunin₃,o0001805
𒇂,gala11。gala₁₁。kala10。kala₁₀。sidug。sidugga,gala11。kala10。lagab×dar。|lagab×dar|,(sidug)。sidug,gala₁₁。kala₁₀。lagab×dar。sidug。sidugga。|lagab×dar|,GALA11。LAGABxDAR。SIDUG。SIDUGGA,gala₁₁。gaₓ。kala₁₀。sidug。sidugga。šuduggaₓ,sidug,o0001806
𒇃,bara5。bara₅。para5。para₅,bara5。lagab×en。para5。|lagab×en|,(bara5)。bara5,bara₅。lagab×en。para₅。|lagab×en|,BARA3。BARA5。LAGABxEN。PARA5,bara₅。para₅,bara₅,o0001807
𒇄,sidug2。siduga2。siduga₂。sidugga2。sidugga₂。sidug₂,lagab×ga。sidug2。siduga2。sidugga2。|lagab×ga|,,lagab×ga。siduga₂。sidugga₂。sidug₂。|lagab×ga|,LAGABxGA。SIDUG2。SIDUGGA2,siduga₂。sidugga₂。sidug₂,sidug₂,o0001809
𒇅,abbarₓ。ambarₓ。aslumₓ。aszteₓ。asₓ。ašteₓ。bugin2。bugin₂。bunin2。bunin₂。buniŋ2。buniŋ₂。delen3。delena3。delena₃。delen₃。dilim5。dilim₅。dilin3。dilina3。dilina₃。dilin₃。duruna4。duruna₄。guninₓ。immindu2。immindu₂。inda4。inda₄。kuninₓ。ninda4。ninda₄。nindu。ninindu。tinur3。tinur₃。umunₓ。zugₓ,aszteₓ。bugin2。bugin₂。bunin2。bunin₂。buniŋ2。buniŋ₂。delen3。delena3。dilim5。dilin3。dilina3。duruna4。immindu2。inda4。lagab×gar。ninda4。tinur3。|lagab×gar|,NININDU。dilim5。nindu,abbarₓ。ambarₓ。aslumₓ。asₓ。ašteₓ。delena₃。delen₃。dilim₅。dilina₃。dilin₃。duruna₄。guninₓ。immindu₂。inda₄。kuninₓ。lagab×gar。ninda₄。nindu。ninindu。tinur₃。umunₓ。zugₓ。|lagab×gar|,BUGIN2。BUNIN2。INDA4。LAGABxGAR。LAGABxNIG2。NINDA4,abbarₓ。ambarₓ。aslumₓ。asₓ。ayaₓ。ašteₓ。bugin₂。bunin₂。buniŋ₂。delena₃。delen₃。dilim₅。dilina₃。dilin₃。duruna₄。ellamkušₓ。guninₓ。immindu₂。inda₄。kuninₓ。ninda₄?。nindu。ninindu。sugₓ。tinur₃。umunₓ。zugₓ,abbarₓ,o0001808
𒇆,'u3。dib5。dib₅。gana5。ganam5。ganam₅。gana₅。szara4。szurim3。szuru3。szurum3。szurun3。u'3。uʾ₃。šara₄。šurim₃。šurum₃。šurun₃。šuru₃。ʾu₃,'u3。dib5。gana5。ganam5。lagab×gud。szara4。szurim3。szuru3。szurum3。szurun3。u'3。uaₓ。|lagab×gud|,'u3。u'3。šurun3。‘u3,dib₅。ganam₅。gana₅。lagab×gud。uaₓ。uʾ₃。|lagab×gud|。šara₄。šurim₃。šurum₃。šurun₃。šuru₃。ʾu₃,GANA5。GANAM5。LAGABxGU4。LAGABxGUD。ŠURIM3。ŠURU3。ŠURUM3。ŠURUN3,dabₓ。dib₅。ganam₅。gana₅。uaₓ。uʾ₃。waₓ。šara₄。šurim₃。šurum₃。šurun₃。šuru₃。ʾu₃,šurum₃,o0001811
𒇆𒁟,,lagab×gud&gud,,lagab×gud&gud,,,,
𒇆𒇻𒄭𒀀,usduha。uzduha,lagab×gud.lu.hi.a。|lagab×gud.lu.hi.a|,,lagab×gud.lu.hi.a。usduha。uzduha。|lagab×gud.lu.hi.a|,,usduha。uzduha,,
𒇇,gana4。ganam4。ganam₄。gana₄。gayayu。lahar。lahraₓ。lahru。lahrum。szerba。szurim。szuru。szurum。szurun。u8。ua。us5。us₅。uz5。uz₅。u₈。šerba。šurim。šuru。šurum。šurun,gana4。ganam4。lagab×(gud&gud)。lagab×gu₄&gu₄。szerba。szurim。szuru。szurum。szurun。u8。us5。uz5。|lagab×(gud&gud)|,U8。_u8。ganam4。lahar。szurum。szurun。u8。ua。šurim,ganam₄。gana₄。gayayu。lagab×(gud&gud)。lagab×gu₄&gu₄。lahar。lahraₓ。lahru。lahrum。ua。us₅。uz₅。u₈。|lagab×(gud&gud)|。šerba。šurim。šuru。šurum。šurun,BARUN。GA-A-A-U。GANA4。GANA5。GANAM4。GANAM5。LAGABxGU4overGU4。LAMMU4。LAḪAR。LAḪRU。LAḪRUM。MARUN。U2’。U3’。U8。UA。US5。UZ5。ŠARA4。ŠERBA。ŠURIM。ŠURIM3。ŠURU。ŠURU3。ŠURUM。ŠURUM3。ŠURUN。ŠURUN3。’U2。’U3,dabₓ。dibₓ。ganam₄。gana₄。gayayu。iauₓ。lahar。lahraₓ。lahru。lahrum。ua。us₅。uwaₓ。uz₅。u₈。waₓ。šerba。šurim。šuru。šurum。šurun,ua,o0001778
𒇇𒀀,u'a。u'i。u'u。uʾa。uʾi。uʾu,lagab×(gud.gud).a。u'a。u'i。u'u。|lagab×(gud.gud).a|,,lagab×(gud.gud).a。uʾa。uʾi。uʾu。|lagab×(gud.gud).a|,U8.A。U’A。U’I。U’U,uʾa。uʾi。uʾu,,
𒇈,elamkusz3。elamkuš₃。ellamkusz3。ellamkuš₃,elamkusz3。ellamkusz3。lagab×ha。|lagab×ha|,(elamkuš3)。elamkuš3,elamkuš₃。ellamkuš₃。lagab×ha。|lagab×ha|,ELAMKUŠ3。ELLAMKUŠ3。LAGABxḪA,elamkuš₃。ellamkuš₃,elamkuš₃,o0001815
𒇉,angur。bunig3。bunig₃。buniŋ3。buniŋ₃。engur。gilugu。gur22。gur₂₂。i8。id3。id₃。i₈。lammu6。lammu₆。namma。nammu。zigum。zikum。zikumuₓ,bunig3。buniŋ3。gur22。i8。id3。lagab×hal。lammu6。|lagab×hal|,ENGUR。ID3。Namma。engur。id3。namma。nammu,angur。bunig₃。buniŋ₃。engur。gilugu。gur₂₂。id₃。i₈。lagab×hal。lammu₆。namma。nammu。zigum。zikum。zikumuₓ。|lagab×hal|,ANGUR。ENGUR。GARIM。GUR22。I8。ID3。LAGABxḪAL。LAMMU6。NAMMA。NAMMU,None。agarinₓ。amaₓ。angur。aŋarinₓ。bunig₃?。buniŋ₃?。engur。eₓ。gilugu?。gur₂₂。id₃。i₈。lammu₆?。namma。nammu。zigum。zikum。zikumuₓ,namma,o0001814
𒇉𒀀,iₓ,lagab×hal.a。|lagab×hal.a|,ix,iₓ。lagab×hal.a。|lagab×hal.a|,,iₓ,,
𒇊,umun6。umun₆,lagab×hi×nun。umun6。|lagab×hi×nun|,(umun6)。umun6,lagab×hi×nun。umun₆。|lagab×hi×nun|,LAGABxAḪ。LAGABxḪIxNUN。UMUN6,umun₆,umun₆,o0001816
𒇋,agar2。agar₂。bara7。bara₇。immaₓ。para7。para₇。szara2。šara₂,agar2。bara7。lagab×igi@g。para7。szara2。|lagab×igi@g|,(bara7)。agar2。bara7。szara2。ŠÁRA。šara2。šará。šára,agar₂。bara₇。immaₓ。lagab×igi@g。para₇。|lagab×igi@g|。šara₂,AGAR2。BARA7。LAGABxIGIgunû。LAGABxSIG7。PARA7。ŠARA2,agar₂。bara₇。immaₓ?。para₇。šara₂,šara₂,o0001817
𒇌,bun。delen。delena。dilim。dilim3。dilim₃。dilin。dilina。duruna2。duruna₂。elamkusz。elamkuš。ellamkusz。ellamkuš。ilamma。illamma。immindu。inda5。inda₅。ninda3。ninda₃。nindu2。nindu₂。ninindu2。ninindu₂。tinur。tinuru。tunur,dilim3。duruna2。elamkusz。ellamkusz。inda5。lagab×im。ninda3。nindu2。ninindu2。|lagab×im|,bun。elamkuš,bun。delen。delena。dilim。dilim₃。dilin。dilina。duruna₂。elamkuš。ellamkuš。ilamma。illamma。immindu。inda₅。lagab×im。ninda₃。nindu₂。ninindu₂。tinur。tinuru。tunur。|lagab×im|,BUN。DELEN。DELENA。DILIM3。DILIN。DILINA。DURUNA2。ELAMKUŠ。ELLAMKUŠ。ILLAMMA。IMMINDU。INDA5。KILINA。LAGABxIM。NIMANDU。NINDA3。NINDU2。NININDU2。TINUR。TUNUR,bun。delen。delena。dilim₃。dilin。dilina。duruna₂。elamkuš。ellamkuš。ilamma?。illamma。immindu。inda₅。ninda₃。nindu₂。ninindu₂。tinur。tinuru。tunur。udunₓ,delen,o0001818
𒇍,ellamkusz5。ellamkuš₅,ellamkusz5。lagab×(im.ha)。|lagab×(im.ha)|,,ellamkuš₅。lagab×(im.ha)。|lagab×(im.ha)|,LAGABxIM.ḪA,ellamkuš₅,ellamkuš₅,o0001781
𒇎,elamkuszₓ。elamkušₓ。ellamkuszₓ。ellamkušₓ,elamkuszₓ。ellamkuszₓ。lagab×(im.im.šu₂lu)。|lagab×(im.im.šu₂lu)|,,elamkušₓ。ellamkušₓ。lagab×(im.im.šu₂lu)。|lagab×(im.im.šu₂lu)|,LAGABxIM.LU,elamkušₓ。ellamkušₓ,elamkušₓ,o0023056
𒇏,gala5。gala₅。kala5。kala₅,gala5。kala5。lagab×ki。|lagab×ki|,(gala5)。gala5,gala₅。kala₅。lagab×ki。|lagab×ki|,GALA5。GARAK4。KALA5。LAGABxKI,gala₅。kala₅,gala₅,o0001820
𒇐,ablalₓ。gukin。udda,lagab×kin。|lagab×kin|,(gukin)。gukin,ablalₓ。gukin。lagab×kin。udda。|lagab×kin|,GUKIN。LAGABxKIN,ablalₓ。gukin。udda,ablalₓ,o0001819
𒇑,dagrim。dagrin。garim。garin。tagrimₓ。tagrinₓ。tarim。ŋarim。ŋarin,lagab×kug。lagab×ku₃。|lagab×ku₃|,GARIM。garim。garin,dagrim。dagrin。garim。garin。lagab×kug。lagab×ku₃。tagrimₓ。tagrinₓ。tarim。|lagab×ku₃|。ŋarim。ŋarin,DAGRIM。DAGRIN。GARIM。GARIN。LAGABxKU3。LAGABxKUG,dagrim。dagrin。garim。garin。tagrimₓ。tagrinₓ。tarim。ŋarim。ŋarin,garin,o0001822
𒇒,esir2。esir₂。kunin。szukumₓ。šukumₓ,esir2。lagab×kul。lagab×numun。szukumₓ。|lagab×kul|,ESIR2。esir2。esir₂。ÉSIR。ésir,esir₂。kunin。lagab×kul。lagab×numun。|lagab×kul|。šukumₓ,ESIR2。KUNIN。LAGABxKUL。LAGABxNUMUN,buniŋ₃。esir₂。ešerₓ。isirₓ。kunin。šukumₓ,esir₂,o0001821
𒇓,esirha。esirhia,lagab×(kul.hi.a)。|lagab×(kul.hi.a)|,,esirha。esirhia。lagab×(kul.hi.a)。|lagab×(kul.hi.a)|,ESIRḪIA。LAGABxKUL.ḪI.A。LAGABxNUMUN.ḪI.A,esirha。esirhia,esirhia,o0001783
𒇔,,lagab&lagab。lagab×lagab。|lagab×lagab|,,lagab&lagab。lagab×lagab。|lagab×lagab|,LAGABxLAGAB。NIGIN,niginₓ,nan,o0001823
𒇕,gigir3。gigir₃,gigir3。lagab×aš@t。|lagab×aš@t|,(gigir3)。gigir3,gigir₃。lagab×aš@t。|lagab×aš@t|,GIGIR3。LAGABxLIŠ,gigir₃,gigir₃,o0001801
𒇖,akan3。akan₃。akkan3。akkan₃。elamkusz2。elamkuš₂。ellamkusz2。ellamkuš₂,akan3。akkan3。elamkusz2。ellamkusz2。lagab×lu。|lagab×lu|,(elamkuš2)。akan3。elamkuš2,akan₃。akkan₃。elamkuš₂。ellamkuš₂。lagab×lu。|lagab×lu|,AKAN3。ELAMKUŠ2。ELLAMKUŠ2。LAGABxLU,akan₃。akkan₃。elamkuš₂。ellamkuš₂,akkan₃,o0001828
𒇗,bara9。bara₉。irib2。irib₂。para9。para₉,bara9。irib2。lagab×lul。para9。|lagab×lul|,(bara9)。bara9,bara₉。irib₂。lagab×lul。para₉。|lagab×lul|,BARA9。IRIB2。LAGABxLUL。PARA9,bara₉。irib₂。para₉,bara₉,o0001827
𒇘,,lagab×me。|lagab×me|,(bugin3)。bugin3,lagab×me。|lagab×me|,BUGIN3。BUNIN3。LAGABxME,bugin₃?。bunin₃?,nan,o0001800
𒇙,bara6。bara₆。men4。men₄。para6。para₆,bara6。lagab×(me.en)。men4。para6。|lagab×(me.en)|,men4,bara₆。lagab×(me.en)。men₄。para₆。|lagab×(me.en)|,BARA6。LAGABxME.EN。MEN4。PARA6,bara₆。men₄。para₆,bara₆,o0001784
𒇚,muszszagana。muššagana,lagab×muš。muszszagana。|lagab×muš|,(muššagana)。muššagana,lagab×muš。muššagana。|lagab×muš|,LAGABxMUŠ。MUŠŠAGANA,muššagana,muššagana,o0001830
𒇛,udub,lagab×ne。|lagab×ne|,(udub)。UDUB。udub,lagab×ne。udub。|lagab×ne|,LAGABxNE。UDUB,udub,udub,o0001831
𒇜,szerimsur。szerinsur。zar7。zar₇。šerimsur。šerinsur,lagab×(še.sum)。szerimsur。szerinsur。zar7。|lagab×(še.sum)|,(šerimsur)。šerimsur,lagab×(še.sum)。zar₇。|lagab×(še.sum)|。šerimsur。šerinsur,LAGABxŠE.SUM。ŠERIMSUR。ŠERINSUR2,zar₇。šerimsur。šerinsur,šerimsur,o0001791
𒇝,,lagab×(šita.giš.erin₂)。|lagab×(šita.giš.erin₂)|,,lagab×(šita.giš.erin₂)。|lagab×(šita.giš.erin₂)|,LAGABxŠITA.GIŠ.ERIN2。LAGABxŠITA2.ERIM,meₓ。sagduduₓ。saŋduduₓ,nan,o0001794
𒇞,me9。me₉。muszszagana2。muššagana₂。sagdudu。sagduduₓ,lagab×(šita@t.giš)。me9。muszszagana2。saŋduduₓ。|lagab×(šita@t.giš)|,(muššagana2)。muššagana2,lagab×(šita@t.giš)。me₉。muššagana₂。sagdudu。sagduduₓ。saŋduduₓ。|lagab×(šita@t.giš)|,LAGABxŠITA.GIŠtenû。LAGABxŠITA2。ME9。MUŠŠAGANA2。SAGDUDU,me₉。muššagana₂?。sagdudu。saŋdudu,me₉,o0001794
𒇟,szu5。szusz5。šuš₅。šu₅,lagab×šu₂。szu5。szusz5。|lagab×šu₂|,(šuš5)。šuš5,lagab×šu₂。|lagab×šu₂|。šuš₅。šu₅,LAGABxŠU2。ŠU5。ŠUTA。ŠUŠ5,šuš₅。šu₅,šu₅,o0001843
𒇠,szu6。szusz6。šuš₆。šu₆,lagab×(šu₂.šu₂)。szu6。szusz6。|lagab×(šu₂.šu₂)|,(šuš6)。šuš6,lagab×(šu₂.šu₂)。|lagab×(šu₂.šu₂)|。šuš₆。šu₆,LAGABxŠU2.ŠU2。ŠU6。ŠUŠ6,šuš₆。šu₆,šu₆,o0001795
𒇡,"bu14。bul5。bul₅。buru16。buru₁₆。bu₁₄。s,ar。s,ara。sar6。sar₆。sur8。sur₈。szerim2。zal2。zal₂。zar。zara。zarih。zarim。zur4。zur₄。šerim₂。ṣar。ṣara","bu14。bul5。buru16。lagab×sum。s,ar。s,ara。sar6。sur8。szerim2。zal2。zur4。|lagab×sum|","ZAR。Zar。bu14。bul5。s,ar。zar。ṣ[ar]。ṣar",bul₅。buru₁₆。bu₁₄。lagab×sum。sar₆。sur₈。zal₂。zar。zara。zarih。zarim。zur₄。|lagab×sum|。šerim₂。ṣar。ṣara,BU14。BUL5。BURU16。LAGABxSUM。SAR6。SUR8。ZAL2。ZAR。ZARIḪ。ZUR4。ZURU4。ŠERIM2。ŠERIN。ŠERIN2。ŠERINSUR。ṢAR。ṢARA,bul₅。buru₁₆。bu₁₄。sar₆。sur₈。zal₂?。zar。zara。zarih?。zarim。zur₄。šerim₂。ṣar。ṣara,zara,o0001832
𒇢,sidugaₓ。sidugga3。sidugga₃,lagab×tag。sidugga3。|lagab×tag|,,lagab×tag。sidugaₓ。sidugga₃。|lagab×tag|,LAGABxTAG,sidugaₓ。sidugga₃,sidugaₓ,o000183
𒇣,bara8。bara₈。ninmusz。ninmuš。para8。para₈。szara3。szuru2。szurun2。šara₃。šurun₂。šuru₂,bara8。lagab×tak₄。ninmusz。para8。szara3。szuru2。szurun2。|lagab×tak₄|,,bara₈。lagab×tak₄。ninmuš。para₈。|lagab×tak₄|。šara₃。šurun₂。šuru₂,BARA8。LAGABxKID2。NINMUŠ。PARA8。ŠARA3。ŠURU2。ŠURUN2,bara₈。ninmuš。para₈。šara₃。šurun₂。šuru₂,šurun₂,o0001834
𒇤,szedur。šedur,lagab×(te.a.su.na)。szedur。|lagab×(te.a.su.na)|,(šedur)。šedur,lagab×(te.a.su.na)。|lagab×(te.a.su.na)|。šedur,LAGABxKAR.SU.NA。LAGABxTE.A.SU.NA。ŠEDUR,šedur,šedur,o0001785
𒇥,"bu4。bu6。bu₄。bu₆。dul2。dul₂。gala3。gala₃。gigir2。gigira2。gigira₂。gigir₂。hab2。hab₂。hap2。hap₂。kala3。kala₃。pu2。pu₂。t,ul。tukurₓ。tul2。tul₂。ub4。ub₄。ṭul","bu4。bu6。dul2。gala3。gigir2。gigira2。hab2。hap2。kala3。lagab×u。lak771。pu2。t,ul。tul2。ub4。|lagab×u|"," tul2。LAGABxU。PÚ。TÚL。bu6。dul2。pu2。pu₂。pú。t,ul。tul2。túl。ub4。ḫab₂",bu₄。bu₆。dul₂。gala₃。gigira₂。gigir₂。hab₂。hap₂。kala₃。lagab×u。lak771。pu₂。tukurₓ。tul₂。ub₄。|lagab×u|。ṭul,BU4。BU5。DUL2。GALA3。GARAK3。GIGIR2。KALA3。LAGAB2。LAGABxU。PU2。TUL2。UB4。ḪAB2。ḪAP2。ṬUL,addaₓ。burₓ。bu₄。bu₆。duluₓ。dul₂。gala₃。gigira₂。gigir₂。gigirₓ。hab₂。hap₂。kala₃。pu₂。tukurₓ。tul₂。ub₄。ṭul,gigira₂,o0001838
𒇥𒇥,,lagab×u&lagab×u,,lagab×u&lagab×u,,,,
𒇦,ablal3。ablal₃。amah。bugin4。bugin₄。bunin4。bunin₄。humuh。umah。umuh。umun5。umun₅,ablal3。bugin4。bunin4。lagab×(u.a)。umun5。|lagab×(u.a)|,ablal3。umah。umuh,ablal₃。amah。bugin₄。bunin₄。humuh。lagab×(u.a)。umah。umuh。umun₅。|lagab×(u.a)|,ABLAL3。BUGIN4。BUNIN4。DAGRIN。LAGABxU.A。UMAḪ。UMUN5。UMUḪ。ḪUMUḪ,ablal₃。amah。bugin₄。bunin₄。buniŋₓ。humuh。umah。umuh。umun₅,umuh,o0001786
𒇧,bu5。bul。bur10。bur₁₀。bu₅。nenna2。nenna₂。nenni2。nenni₂。ninna2。ninna₂。ninni4。ninnim4。ninnim₄。ninni₄。ninnuₓ。nussu。pul。tu13。tug4。tug₄。tuk4。tuku4。tuku₄。tuk₄。tu₁₃。zansur,bu5。bur10。lagab×(u.u.u)。nenna2。nenni2。ninna2。ninni4。ninnim4。tu13。tug4。tuk4。tuku4。|lagab×(u.u.u)|,BUL。bu5。bul。pul。tuku4,bul。bur₁₀。bu₅。lagab×(u.u.u)。nenna₂。nenni₂。ninna₂。ninnim₄。ninni₄。ninnuₓ。nussu。pul。tug₄。tuku₄。tuk₄。tu₁₃。zansur。|lagab×(u.u.u)|,BU5。BUL。BUR10。LAGABxEŠ。LAGABxU.U.U。NENNA2。NENNI2。NINNA2。NINNI4。NINNIM4。NINNU4。NUSSU。PUL。TU13。TUG4。TUK4。TUKU4。ZANSUR,bul。buruₓ。bur₁₀。bu₅。duₓ。gukinₓ。nenna₂。nenni₂。ninna₂。ninnim₄。ninni₄。ninnuₓ。nussu。pul。tug₄。tuku₄。tuk₄。tu₁₃。zansur,bul,o0001788
𒇧𒇧,bu5-bu5。bubbu。bubuₓ。bu₅-bu₅。nenna。nenni。nin7。ninna。ninnu2。ninnu₂。nin₇。tutke。tutki。tutku,bu5-bu5。lagab×(u.u.u).lagab×(u.u.u)。nin7。ninnu2。|lagab×(u.u.u).lagab×(u.u.u)|,"BUL+BUL,。NENNI。nenni",bubbu。bubuₓ。bu₅-bu₅。lagab×(u.u.u).lagab×(u.u.u)。nenna。nenni。ninna。ninnu₂。nin₇。tutke。tutki。tutku。|lagab×(u.u.u).lagab×(u.u.u)|,BUBBU。BUL+BUL。BUL.BUL。NENNA。NENNI。NIN7。NINNA。NINNU2。TUTKE。TUTKI。TUTKU,bubbu。bubuₓ。bu₅-bu₅。nenna。nenni。ninna。ninnu₂。nin₇。tutke。tutki。tutku,,
𒇨,ugra。ugri。uszera。uszeri。ušera。ušeri,lagab×(u₂.aš)。uszera。uszeri。|lagab×(u₂.aš)|,(ugra)。ugra,lagab×(u₂.aš)。ugra。ugri。ušera。ušeri。|lagab×(u₂.aš)|,LAGABxU2.AŠ。UGRA。UŠERA,ugra。ugri。ušera。ušeri,ugra,o0001789
𒇩,umun12。umuna12。umuna₁₂。umun₁₂,lagab×ud。umun12。umuna12。|lagab×ud|,,lagab×ud。umuna₁₂。umun₁₂。|lagab×ud|,GAḪURIN。LAGABxUD。UMUNA12,umuna₁₂。umun₁₂?,umun₁₂,o0001836
𒇪,nigin11。nigin₁₁。nimenₓ。niŋin11。niŋin₁₁,lagab×uš。nigin11。niŋin11。|lagab×uš|,,lagab×uš。nigin₁₁。nimenₓ。niŋin₁₁。|lagab×uš|,LAGABxUŠ。NIGIN11。NIMGIN11。NINGIN11,nigin₁₁。nimenₓ。niŋimₓ。niŋin₁₁,nigin₁₁,o0001839
𒇫,buru17。buru₁₇。guru22。gurun4。gurun₄。guru₂₂,4×lagab。buru17。guru22。gurun4。|4×lagab|,,4×lagab。buru₁₇。gurun₄。guru₂₂。|4×lagab|,4timesLAGAB。GURUN4。LAGABsquared,buru₁₇。gurun₄。guru₂₂,buru₁₇,o0000650
𒇬,lagal。lagar。nagal,,LAGAR。lagar,lagal。lagar。nagal,LAGAL。LAGAR。NAGAL,lagal。lagar。nagal,lagar,o0000307
𒇭,su7。sug8。sug₈。sul4。sul₄。sur12。sura12。sura₁₂。sur₁₂。su₇,lagar×še。su7。sug8。sul4。sur12。sura12。|lagar×še|,SU7。su7,lagar×še。sug₈。sul₄。sura₁₂。sur₁₂。su₇。|lagar×še|,LAGARxŠESUG8。SU7。SUL4。SUR12。SURA12,sug₈。sululₓ。sul₄。sura₁₂。sur₁₂。su₇,su₇,o0001853
𒇮,...bun。lugud4。lugud₄。suhirim。suhirin,lagar×(še.sum)。lugud4。|lagar×(še.sum)|,,...bun。lagar×(še.sum)。lugud₄。suhirim。suhirin。|lagar×(še.sum)|,LAGARxŠE.SUM。LUGUD4。SUḪIRIM。SUḪIRIN,lugud₄。suhirim。suhirin。xbunₓ,lugud₄,o0001851
𒇯,"du6。dul6。dul₆。du₆。t,ul3。til2。til₂。tu21。tul5。tul₅。tu₂₁。ṭul₃","du6。dul6。lagar@g。t,ul3。til2。tu21。tul5",DU6。DU₆。LAGAR@g。du6。dul6。du₆。tul5,dul₆。du₆。lagar@g。til₂。tul₅。tu₂₁。ṭul₃,DU6。DUL6。LAGARgunû。TIL2。TILLU。TU21。TUL5。ṬUL3,dul₆。du₆。labₓ。til₂。tul₅。tu₂₁。ṭul₃,du₆,o0000308
𒇯𒁺,e11。ed3。ed₃。e₁₁。gigir4。gigir₄,e11。ed3。gigir4。lagar@g.du。|lagar@g.du|,E11。e11。e11]。ed3。ed₃,ed₃。e₁₁。gigir₄。lagar@g.du。|lagar@g.du|,DU6.DU。E11。ED3。GIGIR4,ed₃。e₁₁。gigir₄?,,
𒇯𒁽,e12。ed4。ed₄。e₁₂,e12。ed4。lagar@g.du@s。|lagar@g.du@s|,,ed₄。e₁₂。lagar@g.du@s。|lagar@g.du@s|,DU6.KAŠ4。E12。ED4,ed₄。e₁₂,,
𒇰,sumunda。szumunda。szumunₓ。šumunda。šumunₓ,lagar@g&lagar@g.še。szumunda。szumunₓ。|lagar@g&lagar@g.še|,,lagar@g&lagar@g.še。sumunda。|lagar@g&lagar@g.še|。šumunda。šumunₓ,DU6/DU6.ŠE。LAGARgunû/LAGARgunû.ŠE,sumunda。šumunda。šumunₓ,sumunda,o0001847
𒇱,lahszu。lahšu,lahszu,,lahšu,LAḪŠU。ḪIxPA.NUN.U?,lahašₓ。lahšu。luhša。luhšu。ulu₂。utul₁₂,lahšu,o0000309
𒇲,la2。lal。la₂。luₓ。sur5。suru5。suru₅。sur₅。szurₓ。zur5。zuru5。zuru₅。zur₅。šurₓ,la2。sur5。suru5。szurₓ。zur5。zuru5,LA2。LAL。LÁ。la2。la2]。la2_。lal。lal*。la₂。lá。zuru5,lal。la₂。luₓ。suru₅。sur₅。zuru₅。zur₅。šurₓ,LA2。LAL。SUR5。SURU5。ZUR5。ZURU5,lal。la₂。luₓ。suru₅。sur₅。zuru₅。zur₅。šuruₓ。šurₓ,lal,o0000422
𒇲𒀀,,,,,LAL.A。LAL’U5。LA’U5,lalʾu₅。laʾu₅,,
𒇲𒆕,la'u7。lal'u7。lalʾu₇。laʾu₇,la'u7。lal'u7。lal.kak。|lal.kak|,,lal.kak。lalʾu₇。laʾu₇。|lal.kak|,LAL.GAG。LAL’U7。LA’U7,lalʾu₇。laʾu₇,,
𒇲𒆸,nanga2。nanga₂。nigin7。nigin₇。nimem3。nimem₃。szur5。usar4。usar₄。usur4。usur₄。uszar4。uszur4。ušar₄。ušur₄。šur₅,lal.lagab。nanga2。nigin7。nimem3。szur5。usar4。usur4。uszar4。uszur4。|lal.lagab|,szur5。uszur4,lal.lagab。nanga₂。nigin₇。nimem₃。usar₄。usur₄。ušar₄。ušur₄。|lal.lagab|。šur₅,LAL.LAGAB。NANGA2。NIGIN7。NIMEN3。NIMGIN7。NINGIN7。USAR4。USUR4。UŠAR4。UŠUR4。ŠUR5,nanga₂。nigin₇。nimem₃。surₓ。usar₄。usur₄。ušar₄。ušur₄。šur₅,,
𒇲𒇲,,lal&lal,,lal&lal,,,,
𒇲𒉌,la'u6。lal'u6。lalʾu₆。laʾu₆,la'u6。lal'u6。lal.ni。|lal.ni|,,lal.ni。lalʾu₆。laʾu₆。|lal.ni|,LAL.NI。LAL’U6。LA’U6,lalʾu₆。laʾu₆,,
𒇲𒊬,nanga4。nanga₄。nigin9。nigin₉。nimen5。nimen₅。niŋin9。niŋin₉。usar2。usar₂。uszar2。uszur2。ušar₂。ušur₂,lal.sar。nanga4。nigin9。nimen5。niŋin9。usar2。uszar2。uszur2。|lal.sar|,uszur2,lal.sar。nanga₄。nigin₉。nimen₅。niŋin₉。usar₂。ušar₂。ušur₂。|lal.sar|,LAL.SAR。NANGA4。NIGIN9。NIMEN5。NIMGIN9。NINGIN9。USAR2。USUR2。UŠAR2。UŠUR2,nanga₄。nigin₉。nimen₅。niŋin₉。usar₂。ušar₂。ušur₂,,
𒇳,kurnun。la'u。la5。lal'u。lal-lal。lal2。lalla。lallal。lalʾu。lal₂。laʾu。la₅。papnun,la'u。la5。lal'u。lal2,LAL2。LÁL。lal2。lál,kurnun。lal-lal。lalla。lallal。lalʾu。lal₂。laʾu。la₅。papnun,KURNUN。LAL2。PAPNUN,kurnun?。lal-lal。lalla。lallal。lalʾu。lal₂。laʾu。la₅。papnun,kurnun,o0000423
𒇳𒀀,la'u5。lal'u5。lalʾu₅。laʾu₅,la'u5。lal'u5。lal₂.a。laʾu₂。|lal₂.a|,,lalʾu₅。lal₂.a。laʾu₂。laʾu₅。|lal₂.a|,LAL2.A。LAL’U2。LA’U2,lalʾu₂。laʾu₂,,
𒇳𒁺,uku2。ukur3。ukur₃。uku₂,lal₂.du。uku2。ukur3。|lal₂.du|,uku2,lal₂.du。ukur₃。uku₂。|lal₂.du|,LAL2.DU。UKU2。UKUR3,nangaₓ。tukuₓ。ukur₃。uku₂,,
𒇳𒁺𒁺,uku5。ukur4。ukur₄。uku₅,lal₂.du.du。uku5。ukur4。|lal₂.du.du|,,lal₂.du.du。ukur₄。uku₅。|lal₂.du.du|,LAL2.DU.DU。UKU5。UKUR4,None。ukur₄。uku₅,,
𒇳𒄬,halba4。halba₄。halbi4。halbi₄。halbu4。halbu₄。halpiaₓ。halpiₓ,halba4。halbi4。halbu4。lal₂.hal。|lal₂.hal|,,halba₄。halbi₄。halbu₄。halpiaₓ。halpiₓ。lal₂.hal。|lal₂.hal|,LAL2.ḪAL。ḪALBA4。ḪALBI4。ḪALBU4,halba₄。halbi₄。halbu₄。halpiaₓ。halpiₓ,,
𒇳𒆕,la'u4。lal'u4。lalʾu₄。laʾu₄,la'u4。lal'u4。lal₂.kak。|lal₂.kak|,,lalʾu₄。lal₂.kak。laʾu₄。|lal₂.kak|,LAL2.GAG。LAL’U4。LA’U4,lalʾu₄。laʾu₄,,
𒇳𒆸,nanga。nigin5。nigin₅。nimen。niŋin5。niŋin₅。szur6。usar3。usar₃。uszar3。uszur3。ušar₃。ušur₃。šur₆,lal₂.lagab。nigin5。niŋen₅。niŋin5。szur6。usar3。uszar3。uszur3。|lal₂.lagab|,usar3。uszur3,lal₂.lagab。nanga。nigin₅。nimen。niŋen₅。niŋin₅。usar₃。ušar₃。ušur₃。|lal₂.lagab|。šur₆,LAL2.LAGAB。NANGA。NIGIN5。NIMEN。NIMGIN5。NINGIN5。USAR3。USUR3。UŠAR3。ŠUR6,nanga。nigin₅。nimen。niŋen₅。niŋin₅。usar₃。ušar₃。ušur₃。šur₆?,,
𒇳𒉌,la'u3。lal'u3。lalʾu₃。laʾu₃,la'u3。lal'u3。lal₂.ni。|lal₂.ni|,,lalʾu₃。lal₂.ni。laʾu₃。|lal₂.ni|,LAL2.NI。LAL’U3。LA’U3,lalʾu₃。laʾu₃,,
𒇳𒊬,nanga3。nanga₃。nigin8。nigin₈。nimen4。nimen₄。niŋin8。niŋin₈。szur4。usar。usur。uszar。uszur。ušar。ušur。šur₄,lal₂.sar。nanga3。nigin8。nimen4。niŋin8。szur4。uszar。uszur。|lal₂.sar|,USAR。usar。usur。uszur。šur₄,lal₂.sar。nanga₃。nigin₈。nimen₄。niŋin₈。usar。usur。ušar。ušur。|lal₂.sar|。šur₄,LAL2.SAR。NANGA3。NIGIN8。NIMEN4。NIMGIN8。NINGIN8。USAR。USUR。UŠAR。UŠUR。ŠUR4,nanga₃。nigin₈。nimen₄。niŋin₈。usar。usur。ušar。ušur。šur₄,,
𒇳𒌆,uszurₓ。ušurₓ,lal₂.tug₂。uszurₓ。|lal₂.tug₂|,,lal₂.tug₂。ušurₓ。|lal₂.tug₂|,,surₓ。usarₓ。ušurₓ,,
𒇳𒌋,la'u8。lal'u8。lalʾu₈。laʾu₈,la'u8。lal'u8。lal₂.u。|lal₂.u|,,lalʾu₈。lal₂.u。laʾu₈。|lal₂.u|,LAL2.U。LAL’U5。LA’U5,lalʾu₈。laʾu₈,,
𒇳𒍇,halba5。halba₅。halbi5。halbi₅。halbu5。halbu₅。halpa。halpi。halpia,halba5。halbi5。halbu5。lal₂.uru×min。|lal₂.uru×min|,,halba₅。halbi₅。halbu₅。halpa。halpi。halpia。lal₂.uru×min。|lal₂.uru×min|,LAL2.GIŠGAL。ḪALBA5。ḪALBI5。ḪALBU5,halba₅。halbi₅。halbu₅。halpa。halpi。halpia,,
𒇴,eszₓ。ešₓ。la12。lam。lama。lammaₓ。la₁₂。lim3。lim₃,eszₓ。la12。lim3,LAM。la[m。lam。lama。lim3,ešₓ。lam。lama。lammaₓ。la₁₂。lim₃,IŠ12。LA11。LA12。LAM。LAMA。LIM3。LUM4,ešₓ。lam。lama。lammaₓ。la₁₂。lemₓ。lim₃。lugₓ。lum₄,lam,o0000424
𒇴𒆳𒊒,,,,,ARATTA。LAM.KUR.RU,None,,
𒇴𒊕,,lam.sag。|lam.sag|,,lam.sag。|lam.sag|,,šubaₓ,,
𒇵,arad3。arad₃。esz22。eszuₓ。ešuₓ。eš₂₂。isz11。iš₁₁。lam7。lam₇,arad3。esz22。eszuₓ。isz11。lam7。lam×kur。|lam×kur|,EŠ22。arad3。isz11。iš11。lam7,arad₃。ešuₓ。eš₂₂。iš₁₁。lam×kur。lam₇。|lam×kur|,ARAD3。EŠ22。IŠ11。LAM7。LAMxKUR,arad₃?。ešuₓ。eš₂₂。isₓ。iš₁₁。kimₓ。lam₇?,eš₂₂,o0001906
𒇵𒊒,,,,,ARATTA。ARATTA2。LAMxKUR.RU。ŠURIPAK2。ŠURIPPAK2。ŠURUPAK2。ŠURUPPAK2,None,,
𒇶,"arat,a。arata。aratta。araṭa。szuripak2。szurippak2。szurupak2。szuruppak2。šuripak₂。šurippak₂。šurupak₂。šuruppak₂","arat,a。lam×(kur.ru)。szuripak2。szurippak2。szurupak2。szuruppak2。|lam×(kur.ru)|",aratta,arata。aratta。araṭa。lam×(kur.ru)。|lam×(kur.ru)|。šuripak₂。šurippak₂。šurupak₂。šuruppak₂,,arata。aratta。araṭa。šuripak₂。šurippak₂。šurupak₂。šuruppak₂,arata,o0001904
𒇷,en3。en₃。gub2。gub₂。gup2。gup₂。le。li。ni8。ni₈。nu9。nu₉,en3。gub2。gup2。ni8。nu9,LI。[li。en3。gub2。gúb。l[e?。l[i!]。le。li。li!。èn,en₃。gub₂。gup₂。le。li。ni₈。nu₉,EN3。GUB2。GUBA2。GUP2。I12。LE。LI。NI8。NU9,en₃。gub₂。gup₂?。le。li。ni₈。nu₉?,li,o0000425
𒇸,il9。il₉。kurₓ。lil。sukuₓ,il9,LIL。lil,il₉。kurₓ。lil。sukuₓ,IL9。LAL4。LAN。LIL。PARA10。PIRIG4,il₉?。kurₓ。kuₓ。lil。sukuₓ。šaₓ,lil,o0000426
𒇹,4(disz)@v~b。4(disz@c)@v~b。4(diš)@v~b。4(diš@c)@v~b。arba。arrap。erba。erbe。lam4。lammu2。lammu₂。lam₄。lim2。limmu2。limmu₂。limu2。limu₂。lim₂,4(disz)@v~b。4(disz@c)@v~b。lam4。lammu2。lim2。limmu2。limu2,LÍM。LÍMMU。lim2。limmu2。límmu,4(diš)@v~b。4(diš@c)@v~b。arba。arrap。erba。erbe。lammu₂。lam₄。limmu₂。limu₂。lim₂,4。ARRAP。ERBA。LAM4。LAMMU2。LIM2。LIMMU2。TAB.TAB。TATTAB。TATTAM,4(aš~b)。4(diš)@v~b。4(diš@c)@v~b。arba。arrap。erba。erbe。lammu₂。lam₄。limmu₂。limu₂。lim₂,erba,o0000430
𒇺,del2。del₂。dili2。dilim2。dilim₂。dili₂。li12。lih4。lih₄。lis。lisz。liz。liš。li₁₂。mal4。mal₄,del2。dili2。dilim2。li12。lih4。lisz。mal4,DÍLIM。LISZ。LIŠ。Liš。dili2。dilim2。dílim。lis。lisz。liz。liš,del₂。dilim₂。dili₂。lih₄。lis。liz。liš。li₁₂。mal₄,DEL2。DILI2。DILIM2。LI12。LIS。LIZ。LIŠ。LIḪ4。MAL4。ŠIL4,del₂。dilim₂。dili₂。lih₄?。lis。liz。liš。li₁₂。mal₄?。šil₄,lis,o0000431
𒇻,eze。lu。lug。nu12。nu₁₂。si6。si₆。udu,nu12。si6,LU。Lu。UDU。[l]u。[lu。_udu。_udu_。l[u。lu。lug。udu,eze。lu。lug。nu₁₂。si₆。udu,LU。LUG。NU12。SI6。UDU,dulₓ。eze。lu。lubₓ。lug。nu₁₂。si₆。udu,eze,o0000433
𒇻𒂠𒃻𒆠,,lu.eš₂.gar.ki。|lu.eš₂.gar.ki|,,lu.eš₂.gar.ki。|lu.eš₂.gar.ki|,,None,,
𒇻𒄾,guggal。gukkal。kungal,kuŋgala。lu.hul₂。|lu.hul₂|,gukkal,guggal。gukkal。kungal。kuŋgala。lu.hul₂。|lu.hul₂|,GUKKAL。KUGAL。KUNGAL。LU.ḪUL2,guggal。gukkal。kungal。kungalaₓ。kuŋgala,,
𒇻𒆠𒆕,zarah2。zarah₂,lu.ki.kak。zarah2。|lu.ki.kak|,,lu.ki.kak。zarah₂。|lu.ki.kak|,LU.KI.GAG。ZARAḪ2,zarah₂,,
𒇻𒇻,,lu&lu,,lu&lu,,,,
𒇻𒋢,szimaszgi。szimaszki。šimašgi。šimaški,lu₂.su。szimaszgi。szimaszki。|lu₂.su|,szimaszki,lu₂.su。|lu₂.su|。šimašgi。šimaški,,,,
𒇻𒋢𒀀,szimaszgi2。szimaszki2。šimašgi₂。šimaški₂,lu₂.su.a。szimaszgi2。szimaszki2。|lu₂.su.a|,,lu₂.su.a。|lu₂.su.a|。šimašgi₂。šimaški₂,,,,
𒇼,ad3。adda2。adda₂。ad₃,ad3。adda2。lu×bad。|lu×bad|,ad3。adda2。ÀD。àd,adda₂。ad₃。lu×bad。|lu×bad|,AD3。ADDA2。LUxBAD。UDU.UŠ2,adda₂。ad₃,adda₂,o0001928
𒇽,inbir2。inbir₂。lu2。lu₂。na6。na₆。ruh2。ruh₂。sza11。szagaₓ。szaŋaₓ。šagaₓ。šaŋaₓ。ša₁₁,inbir2。lu2。na6。ruh2。sza11。szagaₓ。szaŋaₓ, lu2。LU2。Lu2。LÚ。_lu2。_lu2_。lu2。lu2#。lu2_。lu₂。lú,inbir₂。lu₂。na₆。ruh₂。šagaₓ。šaŋaₓ。ša₁₁,AMĪLU。LU2。NA6。QAL2。ŠA11,addaₓ。duₓ。giriₓ。inbir₂。lu₂。na₆。ruh₂。šagaₓ。šaŋaₓ。ša₁₁。šuₓ,lu₂,o0000439
𒇽𒁁,,,,,AD5。AD6。ADDA。AT5。AT6。LU2.BAD,at₆,,
𒇽𒁹,gal10。gala10。gala₁₀。gal₁₀,gal10。gala10。lu₂.diš。|lu₂.diš|,,gala₁₀。gal₁₀。lu₂.diš。|lu₂.diš|,GAL10。GALA10。LU2.DIŠ,gala₁₀。gal₁₀,,
𒇽𒂗,,lu₂.en。|lu₂.en|,,lu₂.en。|lu₂.en|,DAPARA2。LU2.EN,daparaₓ。daparuₓ,,
𒇽𒃵,,,,,DIM3。LU2.GAM,None,,
𒇽𒃶,,kamad,,kamad,,kamad。kama₆。lugam,,
𒇽𒃸,,,,,LU2.KAR2。ŠAGA。ŠE29。ḪEŠ5,None,,
𒇽𒄰,,,,,KAMA5。LU2.KAM,kamaₓ,,
𒇽𒆠,,,,,DUBAL6。GURUD2。LU2.KI,gurud₂,,
𒇽𒆸,,,,,DINIG3。EŠLUG。LU2.LAGAB。TEŠLUG。ḪAR3。ḪARA3,None,,
𒇽𒇽,,lu₂&lu₂。lu₂.lu₂。|lu₂.lu₂|,,lu₂&lu₂。lu₂.lu₂。|lu₂.lu₂|,GIGAM。LU2.LU2。LU2overLU2,adamin。urbigu₃,,
𒇽𒇽𒇽𒇽,,lu₂.ki。|lu₂.ki|,,lu₂.ki。|lu₂.ki|,,None,,
𒇽𒈨𒂗,daparu。saparu,lu₂.me.en。|lu₂.me.en|,,daparu。lu₂.me.en。saparu。|lu₂.me.en|,DINIG2。LU2.ME.EN,daparu。saparu?,,
𒇽𒉈,,,,,DU14。LU2.NE,None,,
𒇽𒌆,,,,,AZLAG7。LU2.TUG2,None,,
𒇾,dubal5。dubal₅,dubal5。lu₂×al。|lu₂×al|,,dubal₅。lu₂×al。|lu₂×al|,DUBAL5。LU2xAL,dubal₅,dubal₅,o0001964
𒇿,ad6。adaₓ。adda。ad₆。at6。at₆,ad6。at6。lu₂×bad。|lu₂×bad|,(ad6)。ADDA。ad6。adda。at6,adaₓ。adda。ad₆。at₆。lu₂×bad。|lu₂×bad|,AD5。AD6。ADDA。AT5。AT6。LU2xBAD,adaₓ。adda。ad₆,adda,o0001967
𒈀,ereₓ。erₓ,ereₓ。erₓ。|lu₂×eš₂|,,|lu₂×eš₂|,LU2xŠE3,ereₓ。erₓ,nan,o0001971
𒈀𒇲,...id。[...]。eszela。eszelal。ešela。ešelal。irₓ,...id。[...]。eszela。eszelal。ešela。ešelal。irₓ。lu₂×eš₂.lal。|lu₂×eš₂.lal|,,lu₂×eš₂.lal。|lu₂×eš₂.lal|,LU2xŠE3.LAL,,,
𒈁,er13。ere13。ere₁₃。eri13。eri₁₃。er₁₃。ir13。ir₁₃,er13。ere13。eri13。ir13。lu₂×eš₂。lu₂×eš₂@t。|lu₂×eš₂@t|,,ere₁₃。eri₁₃。er₁₃。ir₁₃。lu₂×eš₂。lu₂×eš₂@t。|lu₂×eš₂@t|,ER13。ERI13。IR13。LU2xEŠ2tenû。LU2xŠE3tenû,ere₁₃。eri₁₃。er₁₃。ir₁₃,er₁₃,o0001970
𒈂,hesz5。heš₅。szaga。szaŋa。sze29。šaga。šaŋa。še₂₉,hesz5。lu₂×gan₂@t。szaga。szaŋa。sze29。|lu₂×gan₂@t|,szaga,heš₅。lu₂×gan₂@t。|lu₂×gan₂@t|。šaga。šaŋa。še₂₉,LU2xGAN2tenû。LU2xKAR2。ŠAGA。ŠE29。ḪEŠ5,adₓ。heš₅。šaga。šaŋa。še₂₉,heš₅,o0001973
𒈃,kama5。kama₅,kama5。lu₂×hi×bad。|lu₂×hi×bad|,,kama₅。lu₂×hi×bad。|lu₂×hi×bad|,KAMA5。LU2xKAM。LU2xḪIxBAD,kama₅,kama₅,o0001975
𒈄,,lu₂×im。|lu₂×im|,,lu₂×im。|lu₂×im|,LU2xIM,xašₓ,nan,o0001976
𒈅,dubal3。dubal4。dubal₃。dubal₄,dubal3。dubal4。lu₂×kad₂。|lu₂×kad₂|,,dubal₃。dubal₄。lu₂×kad₂。|lu₂×kad₂|,DUBAL3。LU2xKAD2,dubal₃,dubal₃,o0001977
𒈆,,lu₂×kad₃。|lu₂×kad₃|,,lu₂×kad₃。|lu₂×kad₃|,LU2xKAD3?,dubal₄,nan,o0001977
𒈇,zanabal2。zanabal₂,lu₂×(kad₃.aš)。zanabal2。|lu₂×(kad₃.aš)|,,lu₂×(kad₃.aš)。zanabal₂。|lu₂×(kad₃.aš)|,LU2xKAD3.AŠ,zanabal₂,zanabal₂,o0001958
𒈈,dubal6。dubal₆。gurud2。gurud₂,dubal6。gurud2。lu₂×ki。|lu₂×ki|,,dubal₆。gurud₂。lu₂×ki。|lu₂×ki|,DUBAL6。GURUD2。LU2xKI,dubal₆。gurud₂,dubal₆,o0001979
𒈉,zanabal,lu₂×(la.aš)。|lu₂×(la.aš)|,,lu₂×(la.aš)。zanabal。|lu₂×(la.aš)|,LU2xLA.AŠ,zanabal,zanabal,o0001959
𒈊,/teszlug/。/tešlug/。dinig3。dinig₃。eszlug。ešlug。har3。hara3。hara₃。har₃。teszlug。tešlug,/teszlug/。dinig3。eszlug。har3。hara3。lu₂×lagab。teszlug。|lu₂×lagab|,,/tešlug/。dinig₃。ešlug。hara₃。har₃。lu₂×lagab。tešlug。|lu₂×lagab|,DINIG3。EŠLUG。LU2xLAGAB。TEŠLUG。ḪAR3。ḪARA3,dinig₃。ešlug。hara₃。har₃。tešlug,ešlug,o0001980
𒈋,dinig2。dinig₂,dinig2。lu₂×(me.en)。|lu₂×(me.en)|,(dinig2)。dinig2,dinig₂。lu₂×(me.en)。|lu₂×(me.en)|,DINIG2。LU2xME.EN,dinig₂,dinig₂,o0001960
𒈌,du14。du₁₄,du14。lu₂×ne。|lu₂×ne|, du14。(du14)。du14,du₁₄。lu₂×ne。|lu₂×ne|,DU14。LU2xNE,du₁₄,du₁₄,o0001981
𒈍,...tallu,lu₂×nu。|lu₂×nu|,,...tallu。lu₂×nu。|lu₂×nu|,LU2xNU,xtalluₓ,nan,o0001982
𒈎,zanabal3。zanabal₃,lu₂×(si.aš)。zanabal3。|lu₂×(si.aš)|,,lu₂×(si.aš)。zanabal₃。|lu₂×(si.aš)|,LU2xSI.AŠ,zanabal₃,zanabal₃,o0001962
𒈏,...ASZ。...AŠ,...ASZ。...AŠ。...aš。lu₂×(sik₂.bu)。|lu₂×(sik₂.bu)|,,...aš。lu₂×(sik₂.bu)。|lu₂×(sik₂.bu)|,LU2xSIK2.BU,xašₓ,nan,o0001963
𒈐,aszlag7。azalag7。azalag₇。azlag7。azlag₇。ašlag₇。dubal7。dubal₇,aszlag7。azalag7。azlag7。dubal7。lu₂×tug₂。|lu₂×tug₂|,azlag7,azalag₇。azlag₇。ašlag₇。dubal₇。lu₂×tug₂。|lu₂×tug₂|,AZLAG7。LU2xTUG2,azalag₇。azlag₇。ašlag₇。dubal₇,ašlag₇,o0001985
𒈑,lil8。lil₈,lil8。lu₂@t,,lil₈。lu₂@t,LIL8。LU2tenû,lil₈,lil₈,o0000441
𒈒,,lu₂%lu₂。|lu₂%lu₂|,,lu₂%lu₂。|lu₂%lu₂|,ADAMEN。ADAMIN。GIGAM。LU2crossingLU2。URBIGU3。URBINGU3,urbingu₃,nan,o0001953
𒈓,adamen。adamin。enbir。gigam。gingam。inbir。pagraₓ。urbigu3。urbigu₃。urbingu3。urbingu₃,lu₂@lu₂。urbigu3。urbingu3。|lu₂@lu₂|,(adamen)。adamen。adamin,adamen。adamin。enbir。gigam。gingam。inbir。lu₂@lu₂。pagraₓ。urbigu₃。urbingu₃。|lu₂@lu₂|,ADAMEN。ADAMIN。ENBIR。INBIR。LU2.LU2inversum。LU2opposingLU2,adamen。adamin。enbir。gigam。gingam。inbir。pagraₓ。urbigu₃。urbingu₃,adamin,o0001953
𒈔,daparaₓ。kapara3。kapara₃。karaszₓ。karašₓ。pagra3。pagra₃,4×lu₂。kapara3。karaszₓ。pagra3。|4×lu₂|,,4×lu₂。daparaₓ。kapara₃。karašₓ。pagra₃。|4×lu₂|,DAPARA3。LU2squared。PAGRA3,daparaₓ。kamaru。kapara₃。karašₓ?。pagra₃,pagra₃,o0000651
𒈕,/ad/。ad7。ad₇。dim3。dim₃。kama6。kamat。kama₆。lugam。ri9。rin5。rin₅。ri₉。ug8。ug₈,ad7。dim3。irina₃。kama6。lu₂@s。ri9。rin5。ug8,DÌM。dìm。rin5。rin₅,/ad/。ad₇。dim₃。irina₃。kamat。kama₆。lugam。lu₂@s。rin₅。ri₉。ug₈,AD6。DIM3。LU2šeššig。RI9。RIN5。UG8,addaₓ。ad₇。dim₃。irina₃。rin₅。ri₉。ug₈?,dim₃,o0000440
𒈕𒈾,,lu₂@s.na。|lu₂@s.na|,,lu₂@s.na。|lu₂@s.na|,,arinaₓ,,
𒈖,gadₓ。gar5。gar₅。gug2。gug₂。kuk2。kuk₂。lu3。lu₃,gar5。gug2。kuk2。lu3,GÚG。LÙ。gar5。gar₅。gug2。gúg。lu3。lu₃,gadₓ。gar₅。gug₂。kuk₂。lu₃,GAR5。GUG2。GUK2。KUK。KUK2。LU3。ŠE3gunû,gadₓ。gar₅。gudₓ。gug₂。kuk₂。lu₃,gadₓ,o0000443
𒈖𒉽𒉽,,,,,GUG2.BULUG3。GUG2.MUNU4。TITAB2,titab₂,,
𒈗,biszeba。biszebi。bišeba。bišebi。hanisz2。haniš₂。kaszszeba。kaszszebi。kaššeba。kaššebi。lillan。lillia。lugal。lugala。nurra。rab3。rab₃。sag4。sag₄。saŋ4。saŋ₄。szar3。szarra。szarru。szarrum。szugur。šarra。šarru。šarrum。šar₃。šugur,biszeba。biszebi。hanisz2。kaszszeba。kaszszebi。rab3。sag4。saŋ4。szar3。szarra。szarru。szarrum。szugur, lugal。LUGAL。Lugal。[lugal]。_lugal。_lugal_。lugal。lugal#。lugal#?。lugal_。ràb。sag4。saj4。szar3。szarru。šarru。šarrum,bišeba。bišebi。haniš₂。kaššeba。kaššebi。lillan。lillia。lugal。lugala。nurra。rab₃。sag₄。saŋ₄。šarra。šarru。šarrum。šar₃。šugur,BIŠEBA。BIŠEBI。KAŠŠEBA。KAŠŠEBI。LILLAN。LUGAL。LUGALA。NURRA。RAB3。SAG4。TE7。ŚAR3。ŠAR3。ŠARRI。ŠARRU。ḪANIŠ2,%akk/n nūr-ili。bišeba?。bišebi?。haniš₂。iliₓ。kaššeba?。kaššebi?。lillan。lillia。lugal。lugala。nurra?。rab₃。sag₄。saŋ₄。ŋušurₓ。šaraₓ。šarra。šarru。šarrum。šar₃。šugur,nurra,o0000434
𒈗𒃵,,lugal.gam。|lugal.gam|,,lugal.gam。|lugal.gam|,,dimₓ,,
𒈗𒃶,dim9。dim₉,dim9。lugal.gan。|lugal.gan|,DIM9。dim9,dim₉。lugal.gan。|lugal.gan|,DIM9。LUGAL.GAN,dim₉。kamad₂,,
𒈗𒄰,dim11。dim₁₁,dim11。lugal.hi×bad。|lugal.hi×bad|,dim11,dim₁₁。lugal.hi×bad。|lugal.hi×bad|,,dim₁₁,,
𒈘,adamen2。adamen₂。adamin2。adamin₂。dadrum。kukuₓ,adamen2。adamin2。lugal&lugal。|lugal&lugal|,(adamen2)。LUGAL&LUGAL。adamen2。adamin2,adamen₂。adamin₂。dadrum。kukuₓ。lugal&lugal。|lugal&lugal|,DADRUM。LUGALoverLUGAL,adamen₂。adamin₂。dadrum?。gug₅。kukuₓ,dadrum,o0001912
𒈙,adamenₓ。gug5。gug₅,gug5。lugal%lugal。lugal@lugal。|lugal@lugal|,(gug5)。LUGAL@LUGAL。gug5,adamenₓ。gug₅。lugal%lugal。lugal@lugal。|lugal@lugal|,ADAMEN2。ADAMIN2。GUG5。LUGAL.LUGALinversum。LUGALopposingLUGAL,adamenₓ。adamin₂。eₓ。gug₅,gug₅,o0001912
𒈚,dimₓ,lugal@s,dim3,dimₓ。lugal@s,DIM3。LUGALšeššig,dimₓ,dimₓ,o0000435
𒈛,huluh。lah3。laha3。laha₃。lah₃。lih3。lih₃。luh。luhu。nah。rah。rih。ruh。subur2。subur₂。sugal7。sugal₇。sukal。sukkal。szukal。szukkal。šukal。šukkal,lah3。laha3。lih3。subur2。sugal7。szukal。szukkal,LUḪ。SUKKAL。Sukkal。huluh。lah3。lih3。luh。luḫ。làḫ。rah。riḫ。sugal7。sukal。sukkal,huluh。laha₃。lah₃。lih₃。luh。luhu。nah。rah。rih。ruh。subur₂。sugal₇。sukal。sukkal。šukal。šukkal,LAḪ3。LAḪA3。LIḪ3。LUḪ。LUḪU。NAḪ。RAḪ。RIḪ。RUḪ。SUBUR2。SUGAL7。SUKAL。SUKKAL。ŠUKAL。ŠUKKAL。ḪULUḪ,huluh。laha₃?。lah₃。lih₃。likₓ。luh。luhu。nah。rah。rih。ruh。subur₂。sugal₇。sukal。sukkal。šukal。šukkal,nah,o0000436
𒈜,"bah3。bah₃。buh。dugaₓ。dunga2。dunga₂。ilumer3。ilumer₃。ka5。ka₅。kusun。kuszum2。kušum₂。lab2。lab₂。leb。lep。lib。libi。lip。lu5。lub。lugₓ。lul。lulu。lup。lu₅。nagar3。nagar₃。nar。nari。pah。pan2。pan₂。pih。puh。sar7。sar₇。se30。se₃₀。sulug。sulun。szat,am。szatam。szattam。sze11。tumga。zalag3。zalag₃。zulug。šatam。šattam。šaṭam。še₁₁","bah3。dunga2。ilumer3。ka5。kuszum2。lab2。lak242。lak244。lu5。nagar3。pan2。sar7。se30。szat,am。szatam。szattam。sze11。zalag3", lul。KA5。LUL。NAR。ka5。lib。lip。lu5。lub。lul。nar。pah,bah₃。buh。dugaₓ。dunga₂。ilumer₃。ka₅。kusun。kušum₂。lab₂。lak242。lak244。leb。lep。lib。libi。lip。lub。lugₓ。lul。lulu。lup。lu₅。nagar₃。nar。nari。pah。pan₂。pih。puh。sar₇。se₃₀。sulug。sulun。tumga。zalag₃。zulug。šatam。šattam。šaṭam。še₁₁,BAḪ3BUḪ。DUNGA2。KA5。KUŠUM2。LAB2。LEB。LIB。LIBI。LIP。LU5。LUB。LUL。LULU。LUP。NAR。NARI。PAN2。PAḪ。PIḪ。PUḪ。SAR7。SULUG。ZULUG。ŠATAM。ŠATTAM。ŠE11,bah₃。buh。dugaₓ。dunga₂。ilumer₃。ka₅。kusun。kušum₂。lab₂?。leb。lep。lib。libi。lip。lub。lugₓ。lukₓ。lul。lulu。lup。lu₅。nagar₃。nar。nara。nari。pah。pan₂?。pih?。puh。sar₇。se₃₀。sulug。sulun。tumga。zalag₃。zulug。šatam。šattam。šaṭam。še₁₁,pih,o0000437
𒈜𒀀,ka10。ka₁₀,ka10。lul.a。|lul.a|,ka10,ka₁₀。lul.a。|lul.a|,KA10。LUL.A,ka₁₀。libₓ。lulₓ,,
𒈜𒁆,tegi2。tegi₂。tigi2。tigi₂。tigu2。tigu₂,lul.balag。tegi2。tigi2。tigu2。|lul.balag|,,lul.balag。tegi₂。tigi₂。tigu₂。|lul.balag|,LUL.BALAG。TEGI2。TIGI2。TIGU2,tegi₂。tigi₂。tigu₂,,
𒈝,"eger5。eger₅。egir5。egir₅。eŋir5。eŋir₅。gamₓ。gu15。gud6。gud₆。gum2。gumu。gum₂。gun5。gun₅。guz。gu₁₅。hu5。hum。humu。hus。huz。hu₅。kunₓ。kus,2。kus2。kus₂。kuŋₓ。kuṣ₂。lamₓ。lu4。lum。luma。lumu。lu₄。nim4。nim₄。nu4。num2。num₂。nu₄。qum3。qum₃","eger5。egir5。eŋir5。gu15。gud6。gum2。gun5。hu5。kus,2。kus2。lu4。nim4。nu4。num2。qum3",LUM。gum2。gun5。hum。lu4。lum。lu₄。nim4。num2。núm。qum3。ḪUM。ḪUS。ḫum。ḫus,eger₅。egir₅。eŋir₅。gamₓ。gud₆。gumu。gum₂。gun₅。guz。gu₁₅。hum。humu。hus。huz。hu₅。kunₓ。kus₂。kuŋₓ。kuṣ₂。lamₓ。lum。luma。lumu。lu₄。nim₄。num₂。nu₄。qum₃,GU15。GUD6。GUM2。GUMU。GUN5。GUZ。KUS2。KUZ2。KUṢ2。LU4。LUM。LUMU。NIM4。NU4。NUM2。QUM3。ḪU5。ḪUM。ḪUS。ḪUZ,gamₓ。gud₆。gumu。gum₂。gun₅。guz。gu₁₅。hubₓ。hum。humu。hunₓ。hus。huz?。hu₅。kunₓ?。kus₂。kuŋₓ?。kuṣ₂。lamₓ。lubₓ。lum。luma。lumu。lu₄。nim₄?。num₂。nu₄。qum₃,huz,o0000438
𒈝𒈝,gugumu。luhum,lum.lum。|lum.lum|,,gugumu。luhum。lum.lum。|lum.lum|,GUGUMU。LUM.LUM。LUḪUM,gugumu。luhum?,,
𒈝𒍪𒍪,,lum×zu&zu,,lum×zu&zu,,,,
𒈞,gum2-gum2。gumgum。gum₂-gum₂,gum2-gum2。lum%lum。lum&lum。|lum&lum|,(gumgum)。LUM&LUM。gumgum,gumgum。gum₂-gum₂。lum%lum。lum&lum。|lum&lum|,GUMGUM。LUMoverLUM,gumgum。gum₂-gum₂,gum₂-gum₂,o0001926
𒈞𒁽,gum2-gum2-kasz4。gum₂-gum₂-kaš₄,gum2-gum2-kasz4。lum&lum.du@s。|lum&lum.du@s|,,gum₂-gum₂-kaš₄。lum&lum.du@s。|lum&lum.du@s|,,gumgumₓ。gum₂-gum₂-kaš₄,,
𒈞𒋙,guhszu2。guhšu₂。gum2-gum2-szu2。gumgumszu。gumgumšu。gum₂-gum₂-šu₂,guhszu2。gum2-gum2-szu2。gumgumszu。lum&lum.šu₂。|lum&lum.šu₂|,guhšu2,guhšu₂。gumgumšu。gum₂-gum₂-šu₂。lum&lum.šu₂。|lum&lum.šu₂|,GUMGUM。GUḪŠU2。LUMoverLUM.ŠU2,guhšu₂。gumgumšu。gum₂-gum₂-šu₂,,
𒈟,lugud3。lugud₃,lugud3。lum&lum.gar&gar。|lum&lum.gar&gar|,(lugud3)。LÙGUD。lugud3。lùgud,lugud₃。lum&lum.gar&gar。|lum&lum.gar&gar|,LUGUD3。LUMoverLUM.GARoverGAR。LUMoverLUM.NIG2overNIG2,lugud₃,lugud₃,o0001924
𒈠,ma。pesz3。peszsze。pešše。peš₃。wa6。wa₆,pesz3。peszsze。wa6,MA。MA_。Ma。PÈŠ。[m]a。[m]a!。[ma。_ma。m]a。ma。ma#。ma]。ma_。ma⸣。pesz3。pèš,ma。pešše。peš₃。wa₆,MA。PEŠ3。PEŠŠE。WA6,ma。pešše。peš₃。wa₆,ma,o0000444
𒈡,szirₓ。širₓ,ma@g×tak₄。szirₓ。|ma@g×tak₄|,,ma@g×tak₄。|ma@g×tak₄|。širₓ,MAxTAK4,širₓ,širₓ,o0001989
𒈢,durba。haszhur。hašhur,haszhur。ma@g,MA@g。haszhur。hašhur。hašḫur。ḪAŠḪUR。ḫašhur。ḫašḫur,durba。hašhur。ma@g,DURBA。DURKU。MAgunû。ḪAŠḪUR,durba。hašhur,durba,o0000445
𒈣,ma2。ma₂,ma2,<ma2。MA2。Ma2。MÁ。ma2。ma₂。má,ma₂,MA2。MA’,huₓ。ma₂,ma₂,o0000452
𒈣𒅊,sur10。sura10。sura₁₀。surru2。surru₂。sur₁₀。zur3。zur₃,ma₂.igi@g。sur10。sura10。surru2。zur3。|ma₂.igi@g|,SUR10。sur10,ma₂.igi@g。sura₁₀。surru₂。sur₁₀。zur₃。|ma₂.igi@g|,MA2.SIG7andsimilar。SUR10。SURA。SURA10。SURRU2。ZUR3,sura₁₀。surru₂。sur₁₀。zur₃,,
𒈣𒆕,delluₓ。dilurₓ。dirgulₓ。targulₓ,ma₂.kak。|ma₂.kak|,,delluₓ。dilurₓ。dirgulₓ。ma₂.kak。targulₓ。|ma₂.kak|,,None,,
𒈣𒈮,dellu。dergul。dilu。dilur。dimgul。dirgul。durgul。targul,ma₂.mug。|ma₂.mug|,DIMGUL。dimgul。targul,dellu。dergul。dilu。dilur。dimgul。dirgul。durgul。ma₂.mug。targul。|ma₂.mug|,DELLU。DELU。DELUR。DERGUL。DILU。DILUR。DIMGUL。DIRGUL。DURGUL。MA2.MUG。TARGUL,dellu。dergul。dilu。dilur。dimgul。dirgul。durgul。targul,,
𒈤,al6。al₆。mah。maha。meh。mih。szutur。šutur,al6。mah@v。szutur, mah。MAH。MAḪ。mah。mah_。maḫ。szutur。⸢maḫ⸣,al₆。mah。mah@v。maha。meh。mih。šutur,AL6。MAḪ。MAḪA。MEḪ。MIḪ。ŠUTUR。ŠUTURU,al₆。mah。mah@v。maha。meh。mih。šutur,meh,o0000446
𒈥,gar7。gar₇。mar。mara。war2。war₂。ŋar7。ŋar₇,gar7。war2。ŋar7,MAR。Mar。jar7。mar,gar₇。mar。mara。war₂。ŋar₇,GAR7。MAR。MARA。RAM3。WAR2,gar₇。mar。mara。muraₓ。war₂。ŋar₇,mar,o0000448
𒈥𒌅,amurrum,mar.tu。|mar.tu|,,amurrum。mar.tu。|mar.tu|,,amurrum,,
𒈦,"1/2(disz)。1/2(disz@c)。1/2(diš)。1/2(diš@c)。ba7。basz。baš。ba₇。ma7。mas。mas,。masz。masza。maś。maš。maša。maṣ。ma₇。sa9。sa₉。til9。til₉。wasz。waš。zipah","1/2。1/2(disz)。1/2(disz@c)。ba7。basz。emaš。ma7。mas,。masz。masza。maš.x。sa9。til9。wasz。|maš.x|","1/2。1/2(disz)。MAS。MASZ。MAŠ。[ma]š。_MASZ。_masz。ba7。basz。ba₇。ma]š。mas。mas,。masz。masz_。maš。sa9。sa₉。zipah",1/2。1/2(diš)。1/2(diš@c)。baš。ba₇。emaš。mas。maś。maš。maš.x。maša。maṣ。ma₇。sa₉。til₉。waš。zipah。|maš.x|,BA7。BAŠ。MA7。MAS。MAŠ。MAṢ。SA9。TIL9。WAŠ。ZIPAZ。ZIPAḪ。½,%akk maś。1/2(ban₂)。1/2(diš)。baš。ba₇。mas。maš。maša。maṣ。ma₇。naš。sa₉。til₉。waš。zapahₓ。zipah,1/2,o0000449
𒈦.x,emasz。emaš,emasz。emaš,,,,,,
𒈦𒂗𒆕,maszda2。mašda₂,maszda2。maš.en.kak。mašgagen。|maš.en.kak|,,maš.en.kak。mašda₂。mašgagen。|maš.en.kak|,MAŠ.EN.GAG。MAŠDA2,mašda₂。mašgagen,,
𒈦𒄘𒃼,dal2。dalla。dal₂,dal2。lak063。maš.gu₂.gar₃。|maš.gu₂.gar₃|,DALLA。DALLA;。dalla。dalla;,dalla。dal₂。lak063。maš.gu₂.gar₃。|maš.gu₂.gar₃|,DAL2。DALLA。IDIGNA。IDIGNU。MAŠ.GU2.GAR3,dalla。dal₂。zubₓ,,
𒈦𒆕,maszda。mašda,maszda。maš.kak。|maš.kak|,maszda,maš.kak。mašda。|maš.kak|,MAŠ.GAG。MAŠDA,mašda,,
𒈦𒆕𒂗,maszda3。mašda₃,maszda3。maš.kak.en。|maš.kak.en|,,maš.kak.en。mašda₃。|maš.kak.en|,MAŠ.GAG.EN。MAŠDA3,mašda₃,,
𒈦𒈫,,maš.min。|maš.min|,,maš.min。|maš.min|,,mašmin。sagmin。saŋmin,,
𒈦𒉺,masz3。maš₃,masz3。maš.pa。|maš.pa|,,maš.pa。maš₃。|maš.pa|,MAŠ.PA。MAŠ3,maš₃,,
𒈦𒌋,gidim2。gidim₂。giguru2。giguru₂,gidim2。giguru2。maš.u。|maš.u|,GÍDIM。gidim2。gídim,gidim₂。giguru₂。maš.u。|maš.u|,GIDIM2。GIGURU2。MAŠ.U,gidim₂。giguru₂,,
𒈦𒌋𒌋,maszmin。mašmin。sagman。sagmin。saŋgidim。saŋman。saŋmin,maszmin。maš.u.u。|maš.u.u|,,maš.u.u。mašmin。sagman。sagmin。saŋgidim。saŋman。saŋmin。|maš.u.u|,MAŠ.MAN。SAGMAN。SAGMIN,,,
𒈦𒌋𒌋𒌋,saŋesz?。saŋeš?,maš.u.u.u。saŋesz?。|maš.u.u.u|,,maš.u.u.u。saŋeš?。|maš.u.u.u|,,,,
𒈧,kun8。kun₈。masz2。maszaku。maz0。maz2。maz₀。maz₂。mašaku。maš₂,kun8。masz2。maszaku。maz0。maz2,MASZ2。MAŠ2。MÁŠ。_masz2。masz2。maš2。máš,kun₈。maz₀。maz₂。mašaku。maš₂,KUN8。MAŠ2,kun₈。maz₂。mašaku。maš₂,kun₈,o0000451
𒈨,ba13。ba₁₃。desz4。deš₄。disz4。diš₄。gaₓ。geₓ。isib。iszib。išib。ma6。ma₆。me。men2。men₂。mesz2。meš₂。mi3。mi₃。sep。sib。sip。szab4。szeb。szep。szib。szip。tuba。šab₄。šeb。šep。šib。šip,ba13。desz4。disz4。iszib。ma6。men2。mesz2。mi3。szab4。szeb。szep。szib。szip,ME。MEŠ2。Me。deš4。isib。išib。m[e。me。me#。me]。me_。meš2。mi3。méš。mì。sib。sip。szib。szip。ŠEb?。šib。šip,ba₁₃。deš₄。diš₄。gaₓ。geₓ。isib。išib。ma₆。me。men₂。meš₂。mi₃。sep。sib。sip。tuba。šab₄。šeb。šep。šib。šip,100。BA13。DEŠ4。ISIB。IZIB。IŠIB。MA6。ME。MEN2。MEŠ2。MI3。QAD4。QAT4。SIB。SIP。TUBA。ŠAB4。ŠEB。ŠIB。ŠIP,ba₁₃。deš₄?。diš₄?。esibₓ。galₓ。gaₓ。geₓ。isib。išib。ma₆。me。men₂。meš₂。mi₃。sep。sib。sip。tuba。šab₄。šeb。šep。šib。šip,sip,o0000453
𒈨𒀭𒊺𒉀,kurku,me.an.še.naga。|me.an.še.naga|,,kurku。me.an.še.naga。|me.an.še.naga|,KURKU。ME.AN.ŠE.NAGA,kurku,,
𒈨𒉣𒋳,gaszamₓ。gašamₓ,gaszamₓ。me.nun.tag。|me.nun.tag|,,gašamₓ。me.nun.tag。|me.nun.tag|,,gašamₓ,,
𒈨𒌍,esz17。eš₁₇。mes3。mesz。mes₃。meš。misz2。miš₂。wisz。wiš,esz17。me.u.u.u。mes3。mesz。misz2。wisz。|me.u.u.u|,MESZ。MEsz。MEŠ。Meš。m[eš。m[eš]。mesz。mesz_。meš。miš2。míš,eš₁₇。me.u.u.u。mes₃。meš。miš₂。wiš。|me.u.u.u|,EŠ17。ME+EŠ。ME.EŠ。MES3。MEŠ。MIŠ。MIŠ2。WIŠ,,,
𒈩,"kiszib。kišib。mes。mes,。mesa。mesi。mesz3。mez。meš₃。meṣ。mis。mis,。misz。miš。miṣ。red。ret。rid。rit。rit,。riṭ","kiszib。mes,。mesz3。mis,。misz。rit,","KIŠIB。MES。MEz。RID。dub!(MES)。kiszib。kišib。mes。mes,。mesz3。mez。meš3。mis。miš。red。ret。rid。rit。rit,",kišib。mes。mesa。mesi。mez。meš₃。meṣ。mis。miš。miṣ。red。ret。rid。rit。riṭ,KIŠEB。KIŠIB。MES。MESA。MEZ。MEŠ3。MEṢ。MIS。MIŠ。MIṢ。RED。RID。RIT。RIṬ,dubₓ?。kišib。mes。mesa?。mesi。mez。meš₃。meṣ。mis。miš。miṣ。pisaŋₓ。red。ret。rid。rit。riṭ,red,o0000454
𒈩𒊒,rig11。rig₁₁,mes.ru。rig11。|mes.ru|,,mes.ru。rig₁₁。|mes.ru|,MES.RU。RIG11,rig₁₁,,
𒈪,"dugud2。dugud₂。ga12。ga₁₂。ge6。ge₆。gi6。gig2。giggi。gigi2。gigi₂。gig₂。gikki。gi₆。ku10。ku10-ku10。kukku5。kukku₅。kuku5。kuku₅。ku₁₀。ku₁₀-ku₁₀。me2。me₂。mi。musz9。muszi。muszu。muši。mušu。muš₉。s,il2。sil4。sil₄。wi4。wi₄。ŋe6。ŋe₆。ŋi6。ŋizza。ŋi₆。ṣil₂","dugud2。ga12。ge6。gegge。geg₂。gi6。gig2。gigi2。ku10。ku10-ku10。kukku5。kuku5。me2。musz9。muszi。muszu。s,il2。sil4。wi4。ŋe6。ŋi6", ĝi6。GI6。MI。[mi。ge6。ge6_。gi6。gig2。giggi。je6。ji6。ku10。kukku5。me2。mi。mé。ĜE6。ĝe6。ĝi6,dugud₂。ga₁₂。gegge。geg₂。ge₆。giggi。gigi₂。gig₂。gikki。gi₆。kukku₅。kuku₅。ku₁₀。ku₁₀-ku₁₀。me₂。mi。muši。mušu。muš₉。sil₄。wi₄。ŋe₆。ŋizza。ŋi₆。ṣil₂,DUGUD2。E9。GA12。GE6。GI6。GIG2。GIGI2。GIKKI。KU10。KUKKU5。ME2。MI。MUŠ9。MUŠI。MŪŠU。WI4。ŠAMBILLA。ṢIL2,anzuₓ。dugud₂?。ga₁₂?。gegge。geg₂。ge₆。giggi。gigi₂。gig₂。gikki。gissuₓ。gi₆。kukku₅。kuku₅。ku₁₀。ku₁₀-ku₁₀。me₂。mi。muši。mušu。muš₉。sil₄。simₓ。suₓ。wi₄。zilₓ。ŋe₆。ŋissuₓ。ŋizza。ŋi₆。ṣil₂,mi,o0000455
𒈪𒈪,kukku2。kukkug2。kukkug₂。kukku₂,kukku2。kukkug2。mi.mi。|mi.mi|,kukku2,kukkug₂。kukku₂。mi.mi。|mi.mi|,KU10.KU10。KUKKU2。MI.MI,kukkug₂。kukku₂,,
𒈪𒈾𒀊𒌋𒄞,szutumₓ。šutumₓ,mi.na.ab.u.gud。szutumₓ。|mi.na.ab.u.gud|,,mi.na.ab.u.gud。|mi.na.ab.u.gud|。šutumₓ,,šutumₓ,,
𒈪𒉭,ge17。ge₁₇。gi17。gib3。gib₃。gig。gi₁₇。kik。kiŋ。qiq,ge17。geg。gi17。gib3。kib₃,GIG。_gig。_gig_。ge17。gig。gig_,geg。ge₁₇。gib₃。gig。gi₁₇。kib₃。kik。kiŋ。qiq,GE17。GI17。GIB3。GIG。GIK。GIQ。KIK。MI.NUNUZ。QIQ,,,
𒈫,2(disz)。2(disz@c)。2(diš)。2(diš@c)。menₓ。min。mina。szin2。szina。šina。šin₂,02。2。2(disz)。2(disz@c)。szin2。szina, 2。2。2(disz)。2(disz)?。MIN。[2]。_2(disz)。min。min#。min_,02。2。2(diš)。2(diš@c)。menₓ。min。mina。šina。šin₂,120。2。2/60。MIN。MINA。signofrepetition。ŠIN2。ŠINA,2(diš)。menₓ。min。mina。šina。šin₂?,2,o0000456
𒈬,gu10。gu₁₀。i14。ia5。ia₅。i₁₄。mehida。mehidi。mehidu。mu。muhaldim。muhaldima。suh7。suh₇。szad2。szu10。szum3。szumu。tah3。tah₃。tuh3。tuh₃。wu4。wu₄。ŋu10。ŋu₁₀。šad₂。šumu。šum₃。šu₁₀,gu10。i14。ia5。suh7。szad2。szu10。szum3。szumu。tah3。tuh3。wu4。ŋu10, MU。 mu。MU。Mu。[mu。[mu]。_mu。gu10。gu₁₀。i14。ia5。ju10。mu。mu#。mu_。muhaldim。szum3。ĝu10。ĝu₁₀。šum3,gu₁₀。ia₅。i₁₄。mehida。mehidi。mehidu。mu。muhaldim。muhaldima。suh₇。tah₃。tuh₃。wu₄。ŋu₁₀。šad₂。šumu。šum₃。šu₁₀,GU10。I14。IA5。MEḪIDA。MEḪIDI。MEḪIDU。MU。MUḪALDIM。SEG12。SIG12。SUḪ7。TAḪ3。TUḪ3。WU4。ŠAD2。ŠAT2。ŠU10。ŠUM3。ŠUMU。ŠUMU3,gu₁₀。ia₅。i₁₄。mehida。mehidi。mehidu。mu。muhaldim。muhaldima。suh₇。tah₃。tuh₃。wu₄。ŋu₁₀。šad₂?。šumu。šum₃。šu₁₀,mu,o0000457
𒈬𒁍,mudra6。mudra₆。mudru6。mudru₆,mu.bu。mudra6。mudru6。|mu.bu|,,mu.bu。mudra₆。mudru₆。|mu.bu|,MEZE2。MEZER。MU.BU。MUDRA。MUDRA6。MUDRU6,mudra₆。mudru₆。munzerₓ,,
𒈬𒈨𒌋𒌋𒌋,szumati。szuwati。šumati。šuwati,mu.me.u.u.u。szumati。szuwati。|mu.me.u.u.u|,,mu.me.u.u.u。|mu.me.u.u.u|。šumati。šuwati,,,,
𒈬𒍑𒌆𒉿,musztu2。musztug2。muštug₂。muštu₂,mu.uš.tug₂.pi。musztu2。musztug2。|mu.uš.tug₂.pi|,,mu.uš.tug₂.pi。muštug₂。muštu₂。|mu.uš.tug₂.pi|,MU.UŠ.TUG2.PI。MUŠTU2。MUŠTUG2。UŠTU2。UŠTUG2,muštug₂。muštu₂,,
𒈭,"dah。t,ah。tah。taha。tuh2。tuh₂。ṭah","mu&mu。t,ah。tuh2。|mu&mu|","DAḪ。DAḪ;。MU&MU。TAḪ。dah。daḫ;。t,ah。t]ah。tah。taḫ",dah。mu&mu。tah。taha。tuh₂。|mu&mu|。ṭah,DAḪ。MUoverMU。TAḪ。TAḪA。TUḪ2。ṬAḪ,dah。siskurₓ。tah。taha。tuh₂。ṭah,tah,o0002016
𒈮,buk。gaggim。gagim。gakim。guggim。gugim。gukim。mug。muga。muguₓ。muk。muq。puk。szuk2。wuk。šuk₂,szuk2,MUG。buk。gaggim。guggim。mug。muq,buk。gaggim。gagim。gakim。guggim。gugim。gukim。mug。muga。muguₓ。muk。muq。puk。wuk。šuk₂,BUG。BUK。GAGIM。GAKIM。GUGIM。GUKIM。MUG。MUK。MUQ。PUG。PUK。UTTU4。WUK。ŠUK2,buk。gaggim。gagim。gakim。guggim。gugim。gukim。mug。muga。muguₓ。muk。muq。puk。uttu₄。wuk。zadimₓ。šuk₂,buk,o0000458
𒈯,"ut,u4。uttu4。uttu₄。uṭu₄。zadim","mug@g。ut,u4。uttu4",MUG@g。ZADIM。zadim,mug@g。uttu₄。uṭu₄。zadim,MUG3。MUGgunû。MUK3。MUQ3。UTTU4。ZADIM,uttuₓ。uṭu₄。zadim,zadim,o0000459
𒈰,munsub。munszub。munšub。musub。sub5。sub₅。sumur3。sumur₃。szub4。šub₄,munszub。sub5。sumur3。szub4,MUNSUB。MUNSUB;。MUNŠUB。munsub。munsub;。munšub,munsub。munšub。musub。sub₅。sumur₃。šub₄,MUNSUB。MUNŠUB。MUSUB。SIG2.SUḪUR。SUB5。SUMUR3。ŠUB4,munsub。munšub。musub。sub₅。sumur₃。ušₓ。šub₄。šuduyuₓ,munsub,o0000460
𒈱,eŋir6。eŋir₆。mur7。mur8。murgu2。murgu₂。mur₇。mur₈,eŋir6。mur7。mur8。murgu2。ŋurgu₂,(mur7)。mur7。murgu2,eŋir₆。murgu₂。mur₇。mur₈。ŋurgu₂,EGER5。EGIR5。MUR8。MURGU2,eger₅?。egir₅?。eŋir₅?。lumₓ。murgu。murgu₂。mur₇。mur₈。ŋurgu。ŋurgu₂。ŋur₂₃。ŋur₂₄,murgu₂,o0000461
𒈲,"imdudu。irhan。mus。musz。muz。muš。nerah。nirah。s,er。s,ir。s,ur2。sahan。szahan2。szer10。szerah。szir10。uludi。uluki。wusz。wuš。zer3。zer₃。zir3。zir₃。šahan₂。šerah。šer₁₀。šir₁₀。ṣer。ṣir。ṣur₂","musz。muṣ。s,er。s,ir。s,ur2。szahan2。szer10。szerah。szir10。wusz。zer3。zir3","MUŠ。_musz_。mus。musz。muš。s,er。s,ir。s,ur2。zir3。zìr。ṣir。ṣúr",imdudu。irhan。mus。muz。muš。muṣ。nerah。nirah。sahan。uludi。uluki。wuš。zer₃。zir₃。šahan₂。šerah。šer₁₀。šir₁₀。ṣer。ṣir。ṣur₂,IRḪAN。MUS。MUŠ。NIRAḪ。RIG13。RIK13。SAḪAN。UTUDI。UTUKI。WUŠ。ZER3。ZIR3。ŠAḪAN2。ŠIR10。ṢAR3。ṢER。ṢIR。ṢIRI。ṢUR2,imdudu。irhan。mus。muz。muš。muṣ。nerah。nirah。nirahₓ。sahan?。suhₓ。suₓ。uludi?。uluki?。wuš。zer₃。zir₃。šahan₂?。šerah。šer₁₀。šir₁₀。šubaₓ。ṣar₃。ṣer。ṣir。ṣur₂,mus,o0000463
𒈲𒄭𒈲,,muš&hi&muš,,muš&hi&muš,,,,
𒈲𒆕𒈲,,muš&kak&muš,,muš&kak&muš,,,,
𒈲𒊭,,muš.ša。|muš.ša|,,muš.ša。|muš.ša|,,šubaₓ,,
𒈳,,muš×a。|muš×a|,,muš×a。|muš×a|,MUŠxA,šeₓ,nan,o0002032
𒈴,,muš×kur,,muš×kur,MUŠxKUR,girₓ,nan,o0002033
𒈵,,muš×za。|muš×za|,,muš×za。|muš×za|,MUŠxZA,šeₓ,nan,o0002035
𒈶,,muš&muš。muš&muš×,MUŠ&MUŠ。MUŠ&MUŠ;,muš&muš。muš&muš×,MUŠDAMA2。MUŠoverMUŠ。RI8。RIN4,arinaₓ。mušₓ,nan,o0002024
𒈶𒀀𒈾,,muš&muš.a.na。|muš&muš.a.na|,,muš&muš.a.na。|muš&muš.a.na|,,arinaₓ,,
𒈷,arinaₓ,muš&muš×(a.na)。|muš&muš×(a.na)|,,arinaₓ。muš&muš×(a.na)。|muš&muš×(a.na)|,ARINA。ERINA8。IRINA。MUŠoverMUŠxA.NA,arinaₓ,arinaₓ,o0002025
𒈸,kunigara4。kunigara₄。muszdama2。muszkuₓ。muszₓ。mušdama₂。muškuₓ。mušₓ。re8。re₈。ri8。rin4。rin₄。ri₈,kunigara4。lak236。muszdama2。muszkuₓ。muszₓ。muš%muš。re8。ri8。rin4。|muš%muš|,MUŠ%MUŠ。RI8。ri8,kunigara₄。lak236。muš%muš。mušdama₂。muškuₓ。mušₓ。re₈。rin₄。ri₈。|muš%muš|,MUŠDAMA2。MUŠcrossingMUŠ。RI8。RIN4,arinaₓ。kunigara₄。mušdama₂。muškuₓ。mušₓ。re₈。rin₄。ri₈,kunigara₄,o0002021
𒈸𒀀𒈾,arina。erina8。erina₈。irina,erina8。muš%muš.a.na。|muš%muš.a.na|,arina。erina8,arina。erina₈。irina。muš%muš.a.na。|muš%muš.a.na|,,arina。erina₈。irina,,
𒈹,ennin。ga-sza-an-an-na。ga-ša-an-an-na。inana。inanna。inini。innana。innin。isztar。ištar。mim2。mim₂。musz3。muszku。mušku。muš₃。nin2。ninni6。ninni₆。nin₂。sar5。sar₅。se27。sed6。sedi6。sedi₆。sed₆。se₂₇。suba4。suba₄。suh10。suh₁₀。suku6。sukud3。sukud₃。sukusz。sukuš。suku₆。sus2。susbu4。susbu₄。sus₂。suz2。suz₂。sze23。szed12。szuba4。zanaru。šed₁₂。še₂₃。šuba₄,ga-sza-an-an-na。isztar。mim2。musz3。muszku。muš₃&muš₃。nin2。ninni6。sar5。se27。sed6。sedi6。suba4。subi₄。suh10。suku6。sukud3。sukusz。sus2。susbu4。suz2。sze23。szed12。szuba4,INANA。INANNA。INNIN。INNIN;。ISZTAR。Inana。Inanna。IŠTAR。Ištar。MUŠ₃。MÙŠ。inana。inanna。innana。innin。innin;。isztar。ištar。musz3。muš3。mùš。se27。suh10。suku6。šuba₄,ennin。ga-ša-an-an-na。inana。inanna。inini。innana。innin。ištar。mim₂。mušku。muš₃。muš₃&muš₃。ninni₆。nin₂。sar₅。sedi₆。sed₆。se₂₇。suba₄。subi₄。suh₁₀。sukud₃。sukuš。suku₆。susbu₄。sus₂。suz₂。zanaru。šed₁₂。še₂₃。šuba₄,ENNIN。INANNA。INNANA。INNIN。MIM2。MUŠ3。MUŠKU。NIN2。NINNI6。SAR5。SE27。SED6。SUKU6。SUKUD3。SUKUŠ。SUS2。SUSBU4。SUZBU4。SUḪ10。ZANARU。ZANARUM。ZANNARU。ŠE23。ŠED12。ŠUBA4,ennin。ga-ša-an-an-na。inana。inanna。inini。innana。innin。ištar。mim₂?。mušku。muš₃。ninni₆?。nin₂。sar₅。sedi₆。sed₆。se₂₇。suba₄?。subi₄。suh₁₀。sukud₃。sukuš。suku₆。susbu₄。sus₂。suz₂。zanaru。zannaru。šed₁₂。še₂₃。šuba₄?,inanna,o0000466
𒈹𒀊,sugal5。sugal₅。zabala5。zabalam5。zabalam₅。zabala₅,muš₃.ab。sugal5。zabala5。zabalam5。|muš₃.ab|,,muš₃.ab。sugal₅。zabalam₅。zabala₅。|muš₃.ab|,MUŠ3.AB。ZABALA5。ZABALAM5,sugal₅。zabalam₅。zabala₅,,
𒈹𒀕,sugal3。sugal₃。zabala3。zabalam3。zabalam₃。zabala₃,muš₃.ab@g。sugal3。zabala3。zabalam3。|muš₃.ab@g|,,muš₃.ab@g。sugal₃。zabalam₃。zabala₃。|muš₃.ab@g|,MUŠ3.UNUG。ZABALA3。ZABALAM3,sugal₃。zabalam₃。zabala₃,,
𒈹𒀕𒍝,zabalaₓ,muš₃.ab@g.za。|muš₃.ab@g.za|,,muš₃.ab@g.za。zabalaₓ。|muš₃.ab@g.za|,,zabalaₓ,,
𒈹𒁍,susbu3。susbu₃。suzbu3。suzbu₃,muš₃.bu。susbu3。suzbu3。|muš₃.bu|,,muš₃.bu。susbu₃。suzbu₃。|muš₃.bu|,MUŠ3.BU。SUSBU3。SUZBU3,susbu₃。suzbu₃,,
𒈹𒁲,amagi。amagi2。amagi3。amagi4。amagi₂。amagi₃。amagi₄。amagiₓ。halba。halba2。halba6。halba₂。halba₆。halbi。halbi2。halbi6。halbi₂。halbi₆。halbiₓ。halbu。halbu2。halbu6。halbu₂。halbu₆。mabi。mabi2。mabi3。mabi₂。mabi₃。mabiₓ。mammi。mammi2。mammi3。mammi₂。mammi₃。mammiₓ。se10。se24。se25。se26。se9。sed。sed3。sed4。sed5。sed8。sedi。sedi3。sedi4。sedi5。sedi8。sedi₃。sedi₄。sedi₅。sedi₈。sed₃。sed₄。sed₅。sed₈。sedₓ。se₁₀。se₂₄。se₂₅。se₂₆。se₉。seₓ。sid。sze12。sze17。sze18。sze4。sze5。szed10。szed11。szed7。szed8。szed9。szedₓ。šed₁₀。šed₁₁。šed₇。šed₈。šed₉。šedₓ。še₁₂。še₁₇。še₁₈。še₄。še₅,amagea。amagi2。amagi3。amagi4。halba2。halba6。halbi2。halbi6。halbu2。halbu6。mabi2。mabi3。mammi2。mammi3。muš₃.di。se10。se24。se25。se26。se9。sed3。sed4。sed5。sed8。sedi3。sedi4。sedi5。sedi8。se₂₉。sze12。sze17。sze18。sze4。sze5。szed10。szed11。szed7。szed8。szed9。szedₓ。|muš₃.di|,SED。se25。sed4,amagea。amagi。amagi₂。amagi₃。amagi₄。amagiₓ。halba。halba₂。halba₆。halbi。halbi₂。halbi₆。halbiₓ。halbu。halbu₂。halbu₆。mabi。mabi₂。mabi₃。mabiₓ。mammi。mammi₂。mammi₃。mammiₓ。muš₃.di。sed。sedi。sedi₃。sedi₄。sedi₅。sedi₈。sed₃。sed₄。sed₅。sed₈。sedₓ。se₁₀。se₂₄。se₂₅。se₂₆。se₂₉。se₉。seₓ。sid。|muš₃.di|。šed₁₀。šed₁₁。šed₇。šed₈。šed₉。šedₓ。še₁₂。še₁₇。še₁₈。še₄。še₅,MUŠ3.DI。SE25。SED4。ŠE17。ŠED10,amagiₓ。halbaₓ。halbiₓ。mabiₓ。mammiₓ。sedi₄。sed₄。se₂₅。šed₁₀。še₁₇,,
𒈹𒂞,inszuszinak。inšušinak。susan。szuszin。szuszina。szuszinak。szuszum。šušin。šušina。šušinak。šušum,inszuszinak。muš₃.eren。susin。susina。szuszin。szuszina。szuszinak。szuszum。|muš₃.eren|。šušun,,inšušinak。muš₃.eren。susan。susin。susina。|muš₃.eren|。šušin。šušina。šušinak。šušum。šušun,MUŠ3.EREN。ŠUŠUMx,inšušinak。susan。susin。susina。šušin。šušina。šušinak。šušum。šušun,,
𒈹𒈹,,inanna&inanna,,inanna&inanna,,,,
𒈹𒋁,,,,,MUŠ3.ŠEŠ2。ŠŪŠU。ŠŪŠUM,šušin,,
𒈹𒍝,nam-ri。suba3。suba₃。szuba3。šuba₃,muš₃.za。suba3。subi₃。szuba3。|muš₃.za|,,muš₃.za。nam-ri。suba₃。subi₃。|muš₃.za|。šuba₃,MUŠ3.ZA。ŠUBA3,nam-ri。suba₃。subi₃。subₓ。zabalamₓ。zabalaₓ。šuba₃,,
𒈹𒍝𒀕,sugal4。sugal₄。zabala4。zabalam4。zabalam₄。zabala₄,muš₃.za.ab@g。sugal4。zabala4。zabalam4。|muš₃.za.ab@g|,zabala4,muš₃.za.ab@g。sugal₄。zabalam₄。zabala₄。|muš₃.za.ab@g|,MUŠ3.ZA.UNUG。ZABALA4。ZABALAM4,sugal₄。zabalam₄。zabala₄,,
𒈺,,muš₃×a。|muš₃×a|,,muš₃×a。|muš₃×a|,MUŠ3xA。SE24。SED3。ŠE12。ŠED9,šedₓ。šeₓ,nan,o0002040
𒈻,,muš₃×(a.di)。|muš₃×(a.di)|,se9。sed。sid。szed7。še4,muš₃×(a.di)。|muš₃×(a.di)|,AMAGI。AMAM。AŠUGI。MABI。MAMMI。MUŠ3xA.DI。SE9。SED。SEDI。SID。ŠE4。ŠED7。ḪALBA。ḪALBI。ḪALBU,amagaₓ。amagi。halba。halbi。halbu。mabi。mammi。sed。sedi。se₉。sid。šed₇。še₄,nan,o0002040
𒈼,,muš₃×di。|muš₃×di|,,muš₃×di。|muš₃×di|,MUŠ3xDI,amagiₓ。halbaₓ。halbiₓ。sedₓ。seₓ。šeₓ,nan,o0002040
𒈽,musz2。muš₂。se28。sed7。sedi7。sedi₇。sed₇。se₂₈。sih4。sih₄。su10。suh。suku5。sukud2。sukud₂。suku₅。sus。susbu2。susbu₂。suszbu。suz。suzbu2。suzbu₂。sušbu。su₁₀。sze24。szed13。szuh。szukₓ。szusbu。szuszinakₓ。tiszpak。tišpak。šed₁₃。še₂₄。šuh。šukₓ。šusbu。šušinakₓ,musz2。muš₃@g。se28。sed7。sedi7。sih4。su10。suku5。sukud2。susbu2。suszbu。suzbu2。sze24。szed13。szuh。szukₓ。szusbu。szuszinakₓ。tiszpak,MÚŠ。SUḪ。SUḪ;。musz2。muš2。múš。suh。suku5。suḫ。suḫ;,muš₂。muš₃@g。sedi₇。sed₇。se₂₈。sih₄。suh。sukud₂。suku₅。sus。susbu₂。suz。suzbu₂。sušbu。su₁₀。tišpak。šed₁₃。še₂₄。šuh。šukₓ。šusbu。šušinakₓ,AḪULAB。MUŠ2。MUŠ3gunû。SE28。SED7。SIḪ4。SU10。SUKU5。SUKUD2。SUS。SUSBU2。SUZ。SUZBU2。SUḪ。TIŠPAK。ŠE24。ŠED13。ŠUZBU。ŠUḪ,muš₂。sedi₇。sed₇。se₂₈。sih₄。suh。sukud₂。suku₅。sus。susbu₂。suz。suzbu₂。sušbu。su₁₀。tišpak。šed₁₃。še₂₄。šuh。šukₓ。šusbu。šušinakₓ,sus,o0000467
𒈽𒁍,susbu。suzbu,muš₃@g.bu。|muš₃@g.bu|,,muš₃@g.bu。susbu。suzbu。|muš₃@g.bu|,MUŠ2.BU。SUSBU。SUZBI。SUZBU,susbu。suzbu,,
𒈽𒋠𒇴,,muš₃@g.sik₂.lam。|muš₃@g.sik₂.lam|,,muš₃@g.sik₂.lam。|muš₃@g.sik₂.lam|,,šušuₓ,,
𒈾,aniku。na。ne6。ne₆。nu8。nu₈,ne6。nu8, na。Na。[na。n[a?。n]a!?。na。na!。na]。na_,aniku。na。ne₆。nu₈,NA。NE6。NU8,aniku。na。ne₆。nu₈,na,o0000469
𒈾𒊒,hurim。hurin,na.ru。|na.ru|,hurin,hurim。hurin。na.ru。|na.ru|,,hurim?。hurin?,,
𒈿,daramₓ。na2。nad3。nad₃。na₂。ne7。ne₇。nu2。nud。nu₂。timuaₓ,na2。nad3。na₂.x。ne7。ni-ir。nu2。|na₂.x|。ŋešnu₃,NA2。NÁ。NÚ。na2。na₂。nu2。nud。ná。nú,daramₓ。nad₃。na₂。na₂.x。ne₇。ni-ir。nud。nu₂。timuaₓ。|na₂.x|。ŋešnu₃,NA2。NAD3。NE7。NU2。NUD,daramₓ。gešnu₃。nad₃。na₂。ne₇。nud。nu₂。timuaₓ。ŋešnu₃。šedₓ。šeₓ,nud,o0000476
𒈿.x,ni-ir,ni-ir,,,,,,
𒉀,eresz2。ereš₂。erisz2。eriš₂。hilib2。hilib₂。naga。nak2。nak₂。nama。nanga6。nanga₆。naŋa。nidaba2。nidaba₂。nisaba2。nisaba₂。te3。teme。te₃。tu22。tu₂₂。uhul,eresz2。erisz2。hilib2。nak2。nanga6。nidaba2。nisaba2。te3。tu22,NAGA。NÍDABA。Te3。naga。nak2。naĝa。te3,ereš₂。eriš₂。hilib₂。naga。nak₂。nama。nanga₆。naŋa。nidaba₂。nisaba₂。teme。te₃。tu₂₂。uhul,DEME2。EREŠ2。ERIŠ2。NAG2。NAGA。NAK2。NANGA6。NIDABA2。NISABA2。TE3。TEME2。TU22。ḪILIB2,ereš₂。eriš₂。hamunₓ。hilib₂。naga。nak₂。nama。nanga₆。nanibgalₓ。naŋa。nidaba₂。nisaba₂。teme。te₃。tu₂₂。uga₃。uhul,naga,o0000470
𒉁,teme2。teme₂。temeₓ,naga@180。teme2,NAGA@180,naga@180。teme₂。temeₓ,DEME。NAGAinversum。TE3。TEME,teme₂。temeₓ,teme₂,o0000471
𒉂,tu23。tu₂₃,naga×šu@t。tu23。|naga×šu@t|,,naga×šu@t。tu₂₃。|naga×šu@t|,NAGAxŠUtenû。TU23,tu₂₃,tu₂₃,o0002057
𒉃,dalhamun7。dalhamun₇。hamun,dalhamun7。naga@naga。|naga@naga|,NAGA@NAGA,dalhamun₇。hamun。naga@naga。|naga@naga|,DALḪAMUN7。NAGA.NAGAinversum。NAGAopposingNAGA。ḪAMUN,dalhamun₇。hamun,dalhamun₇,o0002052
𒉄,alla。bulug4。bulug₄。e10。e₁₀。haia。haya。ildumₓ。illa。lamga。nagar。nagara。niminₓ,bulug4。e10。naŋar,NAGAR。nagar,alla。bulug₄。e₁₀。haia。haya。ildumₓ。illa。lamga。nagar。nagara。naŋar。niminₓ,ALLA。BULUG4。E10。ILLA。LAMGA。NAGAR。NAGARA。NANGAR。ḪAIA。ḪAIU,alla。bulug₄。e₁₀。haia。haya。ildumₓ。illa。lamga?。nagar。nagara。naŋar。niminₓ?,alla,o0000473
𒉄𒁍,ildu3。ildum3。ilduma3。ilduma₃。ildumma3。ildumma₃。ildum₃。ildu₃,dulum₂。ildu3。ildum3。ilduma3。ildumma3。nagar.bu。|nagar.bu|,ildum3,dulum₂。ilduma₃。ildumma₃。ildum₃。ildu₃。nagar.bu。|nagar.bu|,ILDU3。ILDUM3。ILDUMA3。ILDUMMA3。NAGAR.BU,dulum₂。ilduma₃。ildumma₃。ildum₃。ildu₃,,
𒉄𒍞,tugul。tuhul,nagar.za@t。|nagar.za@t|,TUGUL。tugul。tuhul,nagar.za@t。tugul。tuhul。|nagar.za@t|,NAGAR.AD4。TUGUL。TUḪUL,dubulₓ。tugul。tuhul,,
𒉅,,nam@n,,nam@n,BIR5。BUR5。BURU5。NAMnutillu,birₓ。buru₅。bur₅。parₓ,,
𒉆,bir5。bir₅。biₓ。na7。nam。na₇。pir6。pir₆。si13。sin2。sin₂。si₁₃。szam4。szen3。szim2。śim2。śim₂。šam₄。šen₃。šim₂,bir5。na7。pir6。si13。sin2。szam4。szen3。szim2。śim2, nam。NAM。SÍN。[nam。nam。nam#?。sin2。ŠAM4。šim2,bir₅。biₓ。nam。na₇。pir₆。sin₂。si₁₃。śim₂。šam₄。šen₃。šim₂,BIR5。BUR5。BURU5。LAM6。NA7。NAM。PIR6。SI13。SIM。SIN2。ŚIM2。ŚIN2。ŠAM4。ŠEM2。ŠEN3。ŠIM2,%akk śim₂。ber₅。bir₅。biₓ。nam。na₇。pir₆。sim。sin₂。si₁₃。šam₄。šen₃。šim₂,nam,o0000474
𒉆𒂗,pala2。pala₂,nam.en。pala2。|nam.en|,pala2,nam.en。pala₂。|nam.en|,NAM.EN。PALA2,pala₂,,
𒉆𒈗,pala,nam.lugal。|nam.lugal|,pala,nam.lugal。pala。|nam.lugal|,NAM.LUGAL。PALA,pala,,
𒉆𒊩𒌆,pala3。pala₃,nam.sal.tug₂。pala3。|nam.sal.tug₂|,pala3。pàla,nam.sal.tug₂。pala₃。|nam.sal.tug₂|,NAM.NIN。NAM.SAL.TUG2。PALA3,,,
𒉆𒋢,rug2。rug₂,nam.su。rug2。|nam.su|,,nam.su。rug₂。|nam.su|,NAM.SU。RUG2,rug₂,,
𒉇,nam2。nam₂,nam2,NAM₂。Nam2。NÁM。nam2。nam₂。nám,nam₂,NAM2。seeTUG2,nam₂,nam₂,o0000475
𒉈,"bar7。bar₇。be7。bel。be₇。bi2。bil。bila。bili。bir9。bir₉。bi₂。de3。de₃。di7。didalₓ。di₇。du17。du₁₇。ge9。ge₉。gi9。gibil4。gibil₄。gir10。gir₁₀。gi₉。gum3。gum₃。ibbiₓ。izi。izu。ku16。kum2。kum₂。kun9。kun₉。ku₁₆。lam2。lama2。lama₂。lam₂。le9。lem4。lem₄。le₉。li9。lim4。lim₄。li₉。me12。me₁₂。ne。ni5。ni₅。nunₓ。pe5。pel。pe₅。pi5。pil。pi₅。qum2。qum₂。s,ah。s,eh2。szarₓ。sze6。szeg6。szemₓ。szeŋ6。t,e3。t,i5。te4。te₄。ti9。ti₉。zah。ziₓ。šarₓ。šeg₆。šemₓ。šeŋ₆。še₆。ṣah。ṣeh₂。ṭe₃。ṭi₅","bar7。be7。bi2。bir9。de3。di7。du17。ge9。gi9。gibil4。gibil⁻。gir10。gum3。ibbi₂。ibbiₓ。ku16。kum2。kun9。lam2。lama2。le9。lem4。li9。lim4。me12。ni5。pe5。pi5。qum2。s,ah。s,eh2。szarₓ。sze6。szeg6。szemₓ。szeŋ6。t,e3。t,i5。te4。ti9。šar₉。šarₓ"," bi2。 ne。BÍ。DE3。DÈ。GIR10。IZI。NE。[bi2。bar7。bar₇。bel。bi2。bi2]。bil。bir9。bi₂。bí。de3。di7。dè。gibil4。izi。kum2。kúm。lam2。lem4。li9。lim4。li₉。lám。ne。pi5。pil。szej6。t,e3。te4。zah。ŠEG6。še6。šeĝ6。ṭè",bar₇。bel。be₇。bil。bila。bili。bir₉。bi₂。de₃。didalₓ。di₇。du₁₇。ge₉。gibil⁻。gibil₄。gir₁₀。gi₉。gum₃。ibbi₂。izi。izu。kum₂。kun₉。ku₁₆。lama₂。lam₂。lem₄。le₉。lim₄。li₉。me₁₂。ne。ni₅。nunₓ。pel。pe₅。pil。pi₅。qum₂。te₄。ti₉。zah。ziₓ。šar₉。šeg₆。šemₓ。šeŋ₆。še₆。ṣah。ṣeh₂。ṭe₃。ṭi₅,BAR7。BE7。BE8。BEL。BI2。BIL。BIR9。DE3。DI7。DU17。GE9。GI9。GIBIL4。GIR10。GUM3。IZI。IZU。KU16。KUM2。KUN7。KUN9。LAM2。LAMA2。LE9。LEM4。LI9。LISI。NE。NI5。PE5。PEL。PI5。PIL。QUM2。SAḪ5。SUḪ8。TE4。TI9。ZAḪ。ŠE6。ŠEG6。ṢAḪ。ṢEḪ2。ṢIḪ2。ṬE3。ṬI5,baraₓ。bar₇。bel。be₇。bil。bila。bili。birbirₓ。bir₉。bi₂。dedalₓ。de₃。didalₓ。di₇。du₁₇?。ge₉。gibil⁻。gibil₄。gir₁₀。gi₉。gum₃。ibbi₂。izi。izu。kum₂。kun₉。ku₁₆。lama₂。lam₂。lem₄。le₉。lim₄。li₉。me₁₂。ne。ni₅。nunₓ。pel。pe₅。pil。pi₅。qum₂。sarₓ。te₄。ti₉。zah。ziₓ。ŋe₉。ŋi₉。šar₉。šeg₆。šemₓ。šeŋ₆。še₆。ṣah。ṣeh₂。ṭe₃。ṭi₅,ne,o0000477
𒉈𒄀,enₓ。gibil6。gibil₆。gir18。gira3。gira₃。girra。gir₁₈,gibil6。gir18。gira3。ne.gi。|ne.gi|,GIBIL₆。gibil6,enₓ。gibil₆。gira₃。girra。gir₁₈。ne.gi。|ne.gi|,GIBIL6。GIRA3。NE.GI,enₓ。gibil₆。gira₃。girra。gir₁₈,,
𒉈𒊒,/nerim/。erim2。erima2。erima₂。erim₂。erin7。erin₇。ne-ru。rim3。rim₃。rum2。rum₂,erim2。erima2。erin7。ne.ru。rim3。rum2。|ne.ru|,ERIM₂。RIM3。erim2。rim3。ÉRIM。érim,/nerim/。erima₂。erim₂。erin₇。ne-ru。ne.ru。rim₃。rum₂。|ne.ru|,ERIM2。ERIN7。NE.RU。RIM3。RUM2,erima₂。erim₂。erin₇。ne-ru。rim₃。riₓ。rum₂,,
𒉈𒋛𒀀,dubₓ。ganzer2。ganzer₂。ganzir2。ganzir₂。udub3。udub₃,ganzer2。ganzir2。ne.si.a。udub3。|ne.si.a|,,dubₓ。ganzer₂。ganzir₂。ne.si.a。udub₃。|ne.si.a|,GANZER2。GANZIR2。NE.DIR。UDUB3,dubₓ。ganzer₂。ganzir₂。udub₃,,
𒉈𒋜,lisi。lisin,ne.si@g。|ne.si@g|,lisin,lisi。lisin。ne.si@g。|ne.si@g|,LISI。LISIN。NE.SU4,lisi。lisin,,
𒉉,enten。entena。esz13。eš₁₃,esz13。ne×a。|ne×a|,(enten)。ENTEN。enten,enten。entena。eš₁₃。ne×a。|ne×a|,ENTEMENA。ENTEN。ENTENA。EŠ13。NExA,enten。entena。eš₁₃,enten,o0002070
𒉊,emesz2。emeš₂。esz12。eš₁₂,emesz2。esz12。ne×ud。|ne×ud|,ÉMEŠ。émeš,emeš₂。eš₁₂。ne×ud。|ne×ud|,EMEŠ2。EŠ12。NExUD,emeš₂。eš₁₂,emeš₂,o0002071
𒉋,bel2。bel₂。bi5。bil2。bil₂。bi₅。ge10。ge₁₀。gi10。gibi。gibil。gibila。gil4。gil₄。gi₁₀。ne8。ne₈。pel2。pel₂。pil2。pil₂,bel2。bi5。bil2。ge10。gi10。gil4。ne8。ne@s。pel2。pil2,BIL2。BÍL。GIBIL。GIBIL;。bel2。bi5。bil2。bil₂。bíl。gibil。gibil;。pil2。píl,bel₂。bil₂。bi₅。ge₁₀。gibi。gibil。gibila。gil₄。gi₁₀。ne@s。ne₈。pel₂。pil₂,BE7。BEL2。BI5。BIL2。GE10。GI10。GIBIL。GIBILA。LI13。NE8。NExPAB。NEšeššig。PEL2。PI6。PIL2。PIL5,bel₂。bil₂。bi₅。ge₁₀。gibi。gibil。gibila。gigiₓ。gil₄。gi₁₀。ne₈。pel₂。pil₂,gibi,o0000478
𒉌,"'a5。be3。be₃。bu16。bu₁₆。dig。digi。dik。diq。gamar。gub4。gub₄。gur13。gur₁₃。haₓ。i3。ia3。ia₃。iliₓ。i₃。le2。le₂。li2。lid2。lid₂。li₂。mu5。mu₅。ne2。ne₂。ni。s,al。sal3。sal₃。sar3。sar₃。sul2。sul₂。susz2。suš₂。szal3。szamnu。szar8。tik2。tik₂。tiq2。tiq₂。ya3。ya₃。zagga。zal。zala。zalli。zanga。zar2。zar₂。zaŋa。šal₃。šamnu。šar₈。ʾa₅。ṣal","'a5。be3。bu16。gub4。gur13。i3。ia3。lak798。le2。li2。lid2。mu5。ne2。s,al。sal3。sar3。sul2。susz2。szal3。szamnu。szar8。tik2。tiq2。u₂₄。ya3。zar2。šaman","<ni>。<né>。I3。NI。[ni。be3。bu₁₆(NI)。dik。diq。i3。i3_。ia3。i₃。le2。li2。li₂。lé。lí。mu5。n[i。ne2。ne₂。ni。ni#。ni?。ni]。né。s,al。zal。zar2。Ì。ì。ṣal。⸢ni⸣",be₃。bu₁₆。dig。digi。dik。diq。gamar。gub₄。gur₁₃。haₓ。ia₃。iliₓ。i₃。lak798。le₂。lid₂。li₂。mu₅。ne₂。ni。sal₃。sar₃。sul₂。suš₂。tik₂。tiq₂。u₂₄。ya₃。zagga。zal。zala。zalli。zanga。zar₂。zaŋa。šal₃。šaman。šamnu。šar₈。ʾa₅。ṣal,BE3。BU16。DIG。DIGI。DIK。DIQ。GAMAR。GUB4。GUR13。I3。IA3。LE2。LI2。LID2。MU5。NE2。NI。SAL3。SAR3。SUL2。SUŠ2。TIG2。TIK2。TIQ2。WA2。ZA7。ZAGGA。ZAL。ZALA。ZALLI。ZANGA。ZAR2。ŠAL3。ŠAMAN。ŠAR8。ŠUL2。ʿA5。ṢA2。ṢAL,%akk šamnu。aₓ。be₃。bu₁₆。degiₓ。deₓ。dig。digi。dik。diq。gamar。gub₄。gur₁₃。haₓ。ia₃。idₓ。iliₓ。i₃。le₂。libₓ。lid₂。li₂。mu₅。ne₂。ni。sal₃。sar₃。sul₂。suš₂。tanaₓ。tik₂。tiq₂。u₂₄。ya₃。zagga。zal。zala。zalli。zanga。zar₂。zaŋa。šal₃。šamanₓ。šar₈。šitaₓ。ʾa₅。ṣal,diq,o0000479
𒉌𒄑,par4。para4。para₄。par₄,ni.giš。par4。para4。|ni.giš|,par4。par₄,ni.giš。para₄。par₄。|ni.giš|,,para₄。par₄,,
𒉌𒇻,libₓ,ni.lu。|ni.lu|,,libₓ。ni.lu。|ni.lu|,,libiₓ。libₓ。ligiₓ,,
𒉌𒉌,ilī,ni.ni。|ni.ni|,,ilī。ni.ni。|ni.ni|,,%akk/n ilī,,
𒉌𒌇,delmun。dilmun。dilmuna。telmun。tilmun,ni.tuk。|ni.tuk|,Tilmun。delmun。dilmun,delmun。dilmun。dilmuna。ni.tuk。telmun。tilmun。|ni.tuk|,DELMUN。DILMUN。NI.TUK。TELMUN。TILMUN,alₓ。delmun。dilmun。dilmuna。telmun。tilmun,,
𒉌𒌓,aban。bar4。bar₄。dag3。dag₃。dak3。dak₃。daq3。daq₃。i4。ia4。ia₄。i₄。na4。na₄。tak3。tak₃。taq3。taq₃。ya4。ya₄。za2。za₂,bar4。dag3。dak3。daq3。i4。ia4。na4。ni.ud。par₇。tak3。taq3。ya4。za2。|ni.ud|,DÀG。NA4。NA₄。dag3。dak3。dàg。i4。na4。na₄。tak3。taq3。za2。zá,aban。bar₄。dag₃。dak₃。daq₃。ia₄。i₄。na₄。ni.ud。par₇。tak₃。taq₃。ya₄。za₂。|ni.ud|,I4。IA4。NA4。NI.UD。ZA2,,,
𒉌𒌓𒂗,enna,ni.ud.en。|ni.ud.en|,,enna。ni.ud.en。|ni.ud.en|,ENNA。NA4.EN。NI.UD.EN,,,
𒉌𒌓𒅎,enaqa,enaqa,,,,,,
𒉌𒌓𒆠,atum,ni.ud.ki。|ni.ud.ki|,,atum。ni.ud.ki。|ni.ud.ki|,ATUM。NA4.KI。NI.UD.KI,,,
𒉍,,,,,NIxE,None,nan,o0002120
𒉎,me10。me₁₀。ni2。ni₂,me10。ni2, ni2。NI2。NI₂。NÍ。ni2。ní,me₁₀。ni₂,NI2,me₁₀?。ni₂,me₁₀,o0000486
𒉏,alamaₓ。deh3。dehi3。dehi₃。deh₃。dih3。dihi3。dihi₃。dih₃。elam。elama。elamu。enim2。enim₂。nam3。nam₃。nem。ni7。nim。nima。ni₇。nu3。num。nu₃。rum3。rum₃。tehe3。tehe₃。tehi3。tehi₃。tu8。tum4。tumu4。tumu₄。tum₄。tu₈,deh3。dehi3。dih3。dihi3。enim2。nam3。ni7。nu3。rum3。tehe3。tehi3。tu8。tum4。tumu4,ELAM。NIM。NUM。_nim。elam。nem。nim。num。tum4,alamaₓ。dehi₃。deh₃。dihi₃。dih₃。elam。elama。elamu。enim₂。nam₃。nem。nim。nima。ni₇。num。nu₃。rum₃。tehe₃。tehi₃。tumu₄。tum₄。tu₈,DEḪ3。DEḪI3。DIḪ2。DIḪ3。ELAM。ELAMU。ENIM2。NAM3。NAM4。NEM。NI6。NI7。NIM。NIMA。NU3。NUM。RUM3。TEḪI3。TU8。TUM4,alamaₓ。dehi₃。deh₃。dihi₃。dih₃。elam。elama。elamu。enim₂。nam₃。nem。nim。nima。ni₇。num。nu₃。rum₃?。tehe₃。tehi₃。tumu₄。tum₄。tu₈,num,o0000482
𒉐,kir17。kir₁₇。kuₓ。tu25。tum3。tumu3。tumu₃。tum₃。tu₂₅,kir17。nim×gan₂@t。tu25。tum3。tumu3。tum₃⁻。|nim×gan₂@t|,TUM₃。TÙM。tum3。tùm,kir₁₇。kuₓ。nim×gan₂@t。tumu₃。tum₃。tum₃⁻。tu₂₅。|nim×gan₂@t|,KIR17。KIR2。KIRI9。NIMxKAR2。QIR2。TU25。TUM3。TUMU3,kir₁₇。kuₓ。tumu₃。tum₃。tum₃⁻。tu₂₅,kir₁₇,o0002081
𒉑,kir7。kir₇。tum11。tum₁₁,kir7。nim×(gar.gan₂@t)。tum11。|nim×(gar.gan₂@t)|,KIR7。kir7,kir₇。nim×(gar.gan₂@t)。tum₁₁。|nim×(gar.gan₂@t)|,KER7。KIR7。NIMxNIG2.KAR2。TUM11,kir₇。tum₁₁,kir₇,o0002080
𒉒,gur9。gur₉。inda。nida2。nida₂。ninda2。ninda₂。ugu7。ugu₇,gur9。nida2。ninda2。ugu7,NÍNDA。inda。ninda2。nínda,gur₉。inda。nida₂。ninda₂。ugu₇,GUR9。INDA。NINDA2,gur₉。inda。nida₂。ninda₂。ugu₇,gur₉,o0000483
𒉒  𒌋,,ninda₂×u,,ninda₂×u,,,,
𒉒  𒌑,,ninda₂×u₂,,ninda₂×u₂,,,,
𒉓,san3。san₃。szam3。szan。šam₃。šan,ninda₂×an。san3。szam3。szan。|ninda₂×an|,szam3。ŠAM3。ŠÀM。šam3。šàm,ninda₂×an。san₃。|ninda₂×an|。šam₃。šan,NINDA2xAN。SAN3。ŠAM2v6。ŠAM3。ŠAN,samₓ。san₃。saₓ。šam₃。šan,šan,o0002095
𒉔,indadili。indagaraₓ。szurum7。šurum₇,ninda₂×aš。szurum7。|ninda₂×aš|,,indadili。indagaraₓ。ninda₂×aš。|ninda₂×aš|。šurum₇,NINDA2xAŠ,indadili。indagaraₓ?。šurum₇,indadili,o0002096
𒉕,indadilida。szuszurum。šušurum,ninda₂×(aš.aš)。szuszurum。|ninda₂×(aš.aš)|,,indadilida。ninda₂×(aš.aš)。|ninda₂×(aš.aš)|。šušurum,NINDA2xAŠ.AŠ,indadilida。saₓ。šušurum,indadilida,o0002083
𒉖,indagara。indagra,ninda₂×gud。|ninda₂×gud|,,indagara。indagra。ninda₂×gud。|ninda₂×gud|,INDAGARA。NINDA2xGU4,indagara。indagra,indagara,o0002102
𒉗,endamekar。nindamekar,ninda₂×(me.gan₂@t)。|ninda₂×(me.gan₂@t)|,,endamekar。nindamekar。ninda₂×(me.gan₂@t)。|ninda₂×(me.gan₂@t)|,NINDA2xME.KAR2,endamekar。nindamekar,endamekar,o0002085
𒉘,ag2。aga2。aga₂。ag₂。aka2。aka₂。am2。am₂。aŋ2。aŋ₂。eg3。eg₃。em3。em₃。eŋ3。eŋ₃。ig3。ig₃。im3。im₃。iŋ3。iŋ₃。ram。rama,ag2。aga2。aka2。am2。aŋ2。eg3。em3。eŋ3。ig3。im3。iŋ3。ninda₂×ne。|ninda₂×ne|,<eĝ3>。RAM。RAM;。ag2。aga2。aj2。aĝ2。aĝ₂。eg3。ej3。eĝ3。ij3。r[a]m!?。ram。ram;。ÁG。ág。áĝ。èĝ,aga₂。ag₂。aka₂。am₂。aŋ₂。eg₃。em₃。eŋ₃。ig₃。im₃。iŋ₃。ninda₂×ne。ram。rama。|ninda₂×ne|,AG2。AGA2。AKA2。AM2。EG3。EM3。IG3。IM3。NINDA2xNE。RAM。RAMA,aga₂。ag₂。aka₂。am₂。aq₂。aŋa₂。aŋ₂。eg₃。em₃。eŋ₃。ig₃。im₃。iŋ₃。ram。rama。raₓ。ugₓ,ram,o0002109
𒉙,,ninda₂×numun。ninda₂×nun。nindaₓ。|ninda₂×numun|,,ninda₂×numun。ninda₂×nun。nindaₓ。|ninda₂×numun|,AZU。NINDA2xNUN。UZU2。UŠBAR2。UŠBUR2。ZU5,None,nindaₓ,o0002111
𒉚,agₓ。sa10。sam2。sam₂。sa₁₀。szam2。šam₂,ninda₂×še。sa10。sam2。szam2。|ninda₂×še|,SA10。SZAM2。_sa10_。sa10。sam2。szam2。ŠAM2。ŠÁM。šam2。šám,agₓ。ninda₂×še。sam₂。sa₁₀。|ninda₂×še|。šam₂,NINDA2xŠE。ŠAM2v5,agₓ。nindaₓ。sam₂。sa₁₀。šam₂,sam₂,o0002118
𒉚𒀀,,ninda₂×še.a。|ninda₂×še.a|,,ninda₂×še.a。|ninda₂×še.a|,NINDA2xŠE.A。ŠAM2v4,None,,
𒉚𒀀𒀭,,ninda₂×še.a.an。|ninda₂×še.a.an|,,ninda₂×še.a.an。|ninda₂×še.a.an|,NINDA2xŠE.A.AN。ŠAM2v2,None,,
𒉚𒀭,,ninda₂×(še.an)。|ninda₂×(še.an)|,,ninda₂×(še.an)。|ninda₂×(še.an)|,,None,,
𒉛,,ninda₂×(še.a).an。|ninda₂×(še.a).an|,,ninda₂×(še.a).an。|ninda₂×(še.a).an|,,None,nan,o0002118
𒉜,,ninda₂×(še.aš)。|ninda₂×(še.aš)|,,ninda₂×(še.aš)。|ninda₂×(še.aš)|,NINDA2xŠE.AŠ,1/3(aš@c@v)。1/3(aš@v)。1/3(|NINDA₂×(ŠE.1(AŠ))|)。1/3(|NINDA₂×(ŠE.AŠ)|)。saₓ,nan,o0002093
𒉝,,ninda₂×(še.aš.aš)。|ninda₂×(še.aš.aš)|,,ninda₂×(še.aš.aš)。|ninda₂×(še.aš.aš)|,NINDA2xŠE.AŠ.AŠ,2/3(aš@c@v)。2/3(aš@v)。2/3(|NINDA₂×(ŠE.2(AŠ))|)。2/3(|NINDA₂×(ŠE.AŠ.AŠ)|)。saₓ,nan,o0002094
𒉞,muru11。murum11。murum₁₁。muru₁₁。ubudil。ubudili。ugu7-dil。ugudil。ugudili。ugu₇-dil。ur7。uru6。urum。uru₆。ur₇。uszbar6。uszbur6。ušbar₆。ušbur₆,muru11。murum11。ninda₂×(u₂.aš)。ugu7-dil。ur7。uru6。uszbar6。uszbur6。|ninda₂×(u₂.aš)|,ubudili,murum₁₁。muru₁₁。ninda₂×(u₂.aš)。ubudil。ubudili。ugudil。ugudili。ugu₇-dil。urum。uru₆。ur₇。ušbar₆。ušbur₆。|ninda₂×(u₂.aš)|,MURU11。MURUM。MURUM11。NINDA2xU2.AŠ。UBUDIL。UBUDILI。UGUDIL。UGUDILI。UR7。URU6。URUM。UŠBAR6。UŠBUR6,murum₁₁。muru₁₁。ubudil。ubudili。ugudil。ugudili。urum。uru₆。ur₇。ušbar₆。ušbur₆,ugudil,o0002088
𒉟,suhusz2。suhuš₂,ninda₂×uš。suhusz2。|ninda₂×uš|,,ninda₂×uš。suhuš₂。|ninda₂×uš|,NINDA2xUŠ,suhušₓ,suhuš₂,o0002114
𒉠,mur2。muri。muru2。murub4。murub₄。muru₂。mur₂。nesag。nesaŋ。nisag。nisaŋ。zag3。zag₃。zaŋ3。zaŋ₃,mur2。muru2。murub4。zag3。zaŋ3,MURUB4。MURUB₄。Muru2。MÚRU。NISAG。muru2。murub4。múru。nisag。nisaj。sag5。saj5。zàĝ,muri。murub₄。muru₂。mur₂。nesag。nesaŋ。nisag。nisaŋ。zag₃。zaŋ₃,NESAG2。NISAG2。SAG5。ZAG3,nesag。nesaŋ。nisag。nisaŋ。sag₆。saŋ₆。saₓ。zag₃。zaŋ₃。zaₓ,muri,o0000485
𒉡,la3。la₃。nu。sarₓ。sir5。sir₅。szir5。ul2。ul₂。šir₅,la3。sir5。szir5。ul2, nu。NU。Nu。[nu]。_nu。la3。n]u。nu。nu#。ul2。⸢nu⸣,la₃。nu。sarₓ。sir₅。ul₂。šir₅,LA3。NU。SIR5。U23。UL2。ŠIR5,la₃。nu。sarₓ?。sir₅?。surₓ?。ul₂。šir₅?,nu,o0000487
𒉢,duri。enszab。enšab。gesznu。gešnu。gisznu。gišnu。nu11。numₓ。nurₓ。nu₁₁。pil6。pil₆。sakarₓ。ŋesznuₓ。ŋešnuₓ,enszab。gesznu。gisznu。lak024。lak24。nu11。pil6。ŋesznuₓ。ŋešnuₓ,NU11。nu11,duri。enšab。gešnu。gišnu。lak024。lak24。numₓ。nurₓ。nu₁₁。pil₆。sakarₓ,NU11,duri?。enšab。gešnu?。gišnu?。mušnaₓ。numₓ。nurₓ。nu₁₁。pil₆?。sakarₓ。sudₓ。ŋešnu。ŋizzalₓ,duri,o0000491
𒉢𒁓,bur4。buru4。buru₄。bur₄。gasₓ,bur4。buru4。lagašₓ。nu₁₁.bur。|nu₁₁.bur|,buru4。buru₄,buru₄。bur₄。gasₓ。lagašₓ。nu₁₁.bur。|nu₁₁.bur|,,buru₄。bur₄。gasₓ。lagašₓ。ugaₓ,,
𒉢𒁓𒆷,lagas。lagasa。lagasz。lagasza。lagaš。lagaša,lagasz。lagasza。nu₁₁.bur.la。|nu₁₁.bur.la|,lagas。lagasz。lagaš。lagaš[,lagas。lagasa。lagaš。lagaša。nu₁₁.bur.la。|nu₁₁.bur.la|,,lagas。lagasa。lagaš。lagaša,,
𒉢𒄑,ŋesznu。ŋešnu。ŋisznu。ŋišnu,nu₁₁.giš。|nu₁₁.giš|。ŋesznu。ŋisznu,ĝešnu,nu₁₁.giš。|nu₁₁.giš|。ŋešnu。ŋišnu,,ŋešnu。ŋišnu,,
𒉢𒅕,buru15。buru₁₅。gesznu2。gešnu₂。gisznu2。gišnu₂。sirru。ŋesznu2。ŋešnu₂。ŋisznu2。ŋišnu₂,buru15。gesznu2。gisznu2。nu₁₁.ir。|nu₁₁.ir|。ŋesznu2。ŋisznu2,buru15,buru₁₅。gešnu₂。gišnu₂。nu₁₁.ir。sirru。|nu₁₁.ir|。ŋešnu₂。ŋišnu₂,,buru₁₅。gešnu₂。gišnu₂。sirru。ŋešnu₂。ŋišnu₂,,
𒉣,"...ri。abₓ。agargaraₓ。dabaₓ。dabₓ。erida。eridu。eridug。eriduga。gar6。gara6。gara₆。gar₆。li11。li₁₁。nu6。nun。nuna。nunun。nuŋₓ。nu₆。rabₓ。s,il。sil2。sil₂。za4。zalₓ。za₄。zel。zil。ṣil","gar6。gara6。li11。nu6。s,il。sil2。za4","NUN。NUNa。eridu。eridug。nun。s,il。zil。ṣil",...ri。abₓ。agargaraₓ。dabaₓ。dabₓ。erida。eridu。eridug。eriduga。gara₆。gar₆。li₁₁。nun。nuna。nunun。nuŋₓ。nu₆。rabₓ。sil₂。zalₓ。za₄。zel。zil。ṣil,ERIDA。ERIDU。ERIDUG。GAR6。GARA6。LI11。NU6。NUN。NUNA。SIL2。ZA4。ZEL。ZIL。ṢIL,abₓ。dabaₓ。dabₓ。erida。eridu。eridug。eriduga。gara₆。gar₆。li₁₁。numₓ。nun。nuna。nunun。nuŋₓ。nu₆。rabₓ。sil₂。xriₓ。zalₓ?。za₄。zel。zil。ṣil,zel,o0000488
𒉣𒆠,,nun.ki。|nun.ki|,,nun.ki。|nun.ki|,GUR19。GURU19。GURUD。KUR11。KURU11。KURUD。KURUDA。NUN.KI,guruda。nunpeₓ,,
𒉣𒇬,immalₓ。malₓ。surum。szilamₓ。tur3。tur₃。šilamₓ,nun.lagar。szilamₓ。tur3。|nun.lagar|,TUR3。TUr3。TÙR。tur3。tùr,immalₓ。malₓ。nun.lagar。surum。tur₃。|nun.lagar|。šilamₓ,NUN.LAGAR。SURUM。TUR3,immalₓ。malₓ。surum。tur₃。ummalₓ。šilam⁻。šilamₓ。šurumₓ,,
𒉣𒈨,abgal。abgal2。abgal₂。abgalₓ,abgal2。nun.me。|nun.me|,ABGAL。abgal,abgal。abgal₂。abgalₓ。nun.me。|nun.me|,ABGAL。NUN.ME,abgal,,
𒉣𒈨𒁺,abrig。abrig2。abrig₂。{+ab2}abrig。{+ab₂}abrig,abrig2。nun.me.du。{+ab2}abrig。|nun.me.du|,abrig,abrig。abrig₂。nun.me.du。{+ab₂}abrig。|nun.me.du|,ABRIG。NUN.ME.DU,abrig,,
𒉣𒈨𒅤,,nun.me.ka×gan₂@t。|nun.me.ka×gan₂@t|,abgal2,nun.me.ka×gan₂@t。|nun.me.ka×gan₂@t|,ABGAL2。NUN.ME.PU3,abgal₂?,,
𒉣𒈨𒅴,,nun.me.ka×me。|nun.me.ka×me|,,nun.me.ka×me。|nun.me.ka×me|,,abgalₓ?,,
𒉣𒈨𒋳,gaszam。gaszszu。gašam。gaššu,gaszam。gaszszu。nun.me.tag。|nun.me.tag|,gašam,gašam。gaššu。nun.me.tag。|nun.me.tag|,GAŠAM。GAŠŠU。NUN.ME.TAG,gašam。gaššu,,
𒉣𒉣𒊺,,nun&nun&še,,nun&nun&še,,,,
𒉣𒊺,kiszi12。kiši₁₂,kiszi12。nun.še。|nun.še|,,kiši₁₂。nun.še。|nun.še|,KIŠI12。NUN.ŠE,kiši₁₂。zixₓ,,
𒉣𒊺𒇲,,nun.še.lal。|nun.še.lal|,,nun.še.lal。|nun.še.lal|,,None,,
𒉤,gagaₓ。galgaₓ。ŋalgaₓ,nun.lagar×gar。|nun.lagar×gar|,,gagaₓ。galgaₓ。nun.lagar×gar。|nun.lagar×gar|。ŋalgaₓ,NUN.LAGARxGAR。TUR3xNIG2,gagaₓ。galgaₓ。ŋalgaₓ,gagaₓ,o0002126
𒉥,,nun.lagar×maš。|nun.lagar×maš|,(uš6)。uš6,nun.lagar×maš。|nun.lagar×maš|,ARḪUŠ3。IMMAL。NUN.LAGARxBAR。NUN.LAGARxMAŠ。UŠ6。ŠALLAM。ŠALLAM2。ŠILLAM2,arhuš₃。immal。turₓ。uš₆。šalam₂。šallam₂。šilam₂,nan,o0002129
𒉦,arhus2。arhusz2。arhusz3。arhus₂。arhuš₂。arhuš₃。immal。immal2。immal₂。szalam2。szallam。szallam2。szilam。szilam2。szilaₓ。usz5。usz6。uš₅。uš₆。šalam₂。šallam。šallam₂。šilam。šilam₂。šilaₓ,arhus2。arhusz2。arhusz3。immal2。nun.lagar×sal。szalam2。szallam。szallam2。szilam。szilam2。szilaₓ。usz5。usz6。|nun.lagar×sal|。šilam⁻,arhuš2。immal2。ŠILAM。šilam,arhus₂。arhuš₂。arhuš₃。immal。immal₂。nun.lagar×sal。uš₅。uš₆。|nun.lagar×sal|。šalam₂。šallam。šallam₂。šilam。šilam⁻。šilam₂。šilaₓ,ARḪUŠ2。IMMAL2。NUN.LAGARxMUNUS。NUN.LAGARxSAL。UŠ5。ŠALLAM。ŠILAM,arhus₂。arhuš₂。immal₂。turₓ。uš₅。šallam。šilam。šilaₓ。šillatₓ,šilam,o0002129
𒉧,akarₓ,(nun.lagar×sal)&(nun.lagar×sal)。nun.lagar×sal&nun.lagar×sal。|(nun.lagar×sal)&(nun.lagar×sal)|,,(nun.lagar×sal)&(nun.lagar×sal)。akarₓ。nun.lagar×sal&nun.lagar×sal。|(nun.lagar×sal)&(nun.lagar×sal)|,AKAR。EGA2。NUN.LAGARxSALoverNUN.LAGARxSAL。ŠILAMoverŠILAM,akarₓ。akraₓ,akarₓ,o0000630
𒉨,...rig,nun.lagar×uš。|nun.lagar×uš|,,...rig。nun.lagar×uš。|nun.lagar×uš|,GAGAx。GALGAx。NUN.LAGARxUŠ。TUR3xUŠ,xrigₓ,nan,o0002130
𒉩,agargara。garₓ。nappilu,aŋarŋara。nun@t,(agargara)。NUN@t。agargara,agargara。aŋarŋara。garₓ。nappilu。nun@t,AGARGARA。NUNPE。NUNtenû,%akk nappilu。agargara。aŋarŋara。garₓ,agargara,o0000489
𒉩𒆠,gur19。guru19。gurud。guruda。guru₁₉。gur₁₉。kur11。kuru11。kurud。kuruda。kuru₁₁。kur₁₁。nunpe。nunpeₓ。zilpe,gur19。guru19。kur11。kuru11。nun@t.ki。|nun@t.ki|,,gurud。guruda。guru₁₉。gur₁₉。kurud。kuruda。kuru₁₁。kur₁₁。nun@t.ki。nunpe。nunpeₓ。zilpe。|nun@t.ki|,GUR19。GURU19。GURUD。KUR11。KURU11。KURUD。KURUDA。NUNtenû.KI,gurud。guru₁₉。gur₁₉。kurud。kuruda。kuru₁₁。kur₁₁。nunpe。zilpe,,
𒉩𒊺,zi...,nun@t.še。|nun@t.še|,,nun@t.še。zi...。|nun@t.še|,,zixₓ,,
𒉪,nar3。naraₓ。nar₃。nenerₓ。ner。ninir。nir。nira。nur。ri5。ri₅。szer7。tirₓ。šer₇,nar3。nun&nun。ri5。szer7。|nun&nun|, nir。NIR。NUN&NUN。ner。nir。szer7,naraₓ。nar₃。nenerₓ。ner。ninir。nir。nira。nun&nun。nur。ri₅。tirₓ。|nun&nun|。šer₇,LIR。NAR3。NER。NIR。NIRA。NUNoverNUN。NUR。RI5。ŠER7,lurₓ。naraₓ。nar₃。nenerₓ。ner。ninir。nir。nira。nur。ri₅。tirₓ?。šer₇,nira,o0002123
𒉫,adamen4。adamen₄。adamin4。adamin₄。eribura。iribura。liri6。liri₆。liru6。lirum6。lirum₆。liru₆。szed3。szeszszed。szid3。urgilim。šed₃。šeššed。šid₃,adamen4。adamin4。liri6。liru6。lirum6。nun%nun。szed3。szeszszed。szid3。|nun%nun|,NUN%NUN。adamin4。šed3。šeššed,adamen₄。adamin₄。eribura。iribura。liri₆。lirum₆。liru₆。nun%nun。urgilim。|nun%nun|。šed₃。šeššed。šid₃,ADAMEN4。ADAMIN4。ERBURA。ERIBURA。IRBURA。LIRI6。LIRU6。LIRUM6。NUNcrossingNUN。SASIRRA。URGILIM。ŠED3,adamen₄。adamin₄。eribura。irburaₓ。iribura。liri₆。lirum₆。liru₆。urgilim。šed₃。šeššed。šid₃,eribura,o0002122
𒉬,akar。ega2。ega₂,ega2。nun%nun.lagar&lagar。nun.lagar&nun.lagar。|nun%nun.lagar&lagar|,(akar)。akar,akar。ega₂。nun%nun.lagar&lagar。nun.lagar&nun.lagar。|nun%nun.lagar&lagar|,NUNcrossingNUN.LAGARoverLAGAR,akar。ega₂,akar,o0002121
𒉭,[...]di。[...]gida。huburₓ。nunu。nunus。nunuz。nus。nuz。pel5。pel₅。sug9。sug₉,[...]di。[...]gida。ab₂%ab₂。huburₓ。nunuz.ab₂×x。pel5。sug9。|nunuz.ab₂×x|,NUNUZ。nunus。nunuz,ab₂%ab₂。nunu。nunus。nunuz。nunuz.ab₂×x。nus。nuz。pel₅。sug₉。|nunuz.ab₂×x|,NIDA。NUNU。NUNUS。NUNUZ。NUS。NUZ。PEL5。SUG9,gunidaₓ。nunu。nunus。nunuz。nus。nuz。pel₅。sug₉?,nus,o0000490
𒉭𒀖,nisagga,nunuz.ab₂。|nunuz.ab₂|,,nisagga。nunuz.ab₂。|nunuz.ab₂|,NISAGGA。NUNUZ.AB2,None,,
𒉭𒁶,nigi3。nigi₃,nigi3。nunuz.dim₂。|nunuz.dim₂|,,nigi₃。nunuz.dim₂。|nunuz.dim₂|,NIGI7。NUNUZ.GIM,nigi₃,,
𒉭𒆨,nisaga,nunuz.kisim₅。|nunuz.kisim₅|,,nisaga。nunuz.kisim₅。|nunuz.kisim₅|,NISAGGA。NUNUZ.KISIM5,nisaga,,
𒉮,saman5。saman₅。szakan5。usan3。usan3-sur5。usanduₓ。usansuruₓ。usan₃。usan₃-sur₅。usun。uzunₓ。šakan₅,nunuz.ab₂×ašgab。saman5。szakan5。usan3。usan3-sur5。|nunuz.ab₂×ašgab|,USAN3。usan3。ÙSAN。ùsan,nunuz.ab₂×ašgab。saman₅。usanduₓ。usansuruₓ。usan₃。usan₃-sur₅。usun。uzunₓ。|nunuz.ab₂×ašgab|。šakan₅,NUNUZ.KISIM5xAŠGAB。SAMAN5。USAN3。USUN。alsoNUNUZ.AB2xAŠGAB。ŠAKAN5,saman₅。usanduₓ。usansuruₓ。usan₃。usan₃-sur₅。usun。uzunₓ。šakan₅,šakan₅,o0002146
𒉯,hubur。mud3。mud₃。pihu2。pihu₂,mud3。nunuz.ab₂×bi。pihu2。|nunuz.ab₂×bi|,MÙD。mud3。mùd,hubur。mud₃。nunuz.ab₂×bi。pihu₂。|nunuz.ab₂×bi|,,haraₓ。hubur。mud₃。pihu₂,hubur,o0002147
𒉰,lahtan5。lahtan₅,lahtan5。nunuz.ab₂×dug。|nunuz.ab₂×dug|,,lahtan₅。nunuz.ab₂×dug。|nunuz.ab₂×dug|,LAḪTA5。LAḪTAN5。NUNUZ.AB2xDUG。NUNUZ.KISIM5xDUG,lahtan₅,lahtan₅,o0002148
𒉱,usanₓ,nunuz.ab₂×gud。|nunuz.ab₂×gud|,,nunuz.ab₂×gud。usanₓ。|nunuz.ab₂×gud|,NUNUZ.AB2xGU4。NUNUZ.AB2xGUD。NUNUZ.KISIM5xGU4。NUNUZ.KISIM5xGUD,usagₓ。usanₓ,usanₓ,o0002149
𒉲,pihu6。pihu₆,nunuz.ab₂×igi@g。pihu6。|nunuz.ab₂×igi@g|,,nunuz.ab₂×igi@g。pihu₆。|nunuz.ab₂×igi@g|,NUNUZ.AB2xIGIgunû。NUNUZ.AB2xSIG7。NUNUZ.KISIM5xIGIgunû。NUNUZ.KISIM5xSIG7。PIḪU6,pihu₆,pihu₆,o0002150
𒉳,mud8。mud₈,mud8。nunuz.ab₂×kad₃。|nunuz.ab₂×kad₃|,,mud₈。nunuz.ab₂×kad₃。|nunuz.ab₂×kad₃|,MUD8。NUNUZ.AB2xKAD3。NUNUZ.KISIM5xKAD3,mud₈,mud₈,o0002151
𒉴,lahtan。lahtaₓ,nunuz.ab₂×la。|nunuz.ab₂×la|,(lahtan)。LAḪTAN。lahtan。laḫtan,lahtan。lahtaₓ。nunuz.ab₂×la。|nunuz.ab₂×la|,LAḪTA。LAḪTAN。NUNUZ.KISIM5xLA。alsoNUNUZ.AB2xLA,haraₓ。lahtan。lahtaₓ。mudₓ。usagₓ,lahtan,o0002152
𒉵,lahtan4。lahtan₄,lahtan4。nunuz.ab₂×ne。|nunuz.ab₂×ne|,,lahtan₄。nunuz.ab₂×ne。|nunuz.ab₂×ne|,LAḪTA4。LAḪTAN4。NUNUZAB2xNE。NUNUZKISIM5xNE,lahtan₄,lahtan₄,o0002153
𒉶,lahtan2。lahtan₂,lahtan2。nunuz.ab₂×sila₃。|nunuz.ab₂×sila₃|,LÁḪTAN。láḫtan,lahtan₂。nunuz.ab₂×sila₃。|nunuz.ab₂×sila₃|,LAḪTA2。LAḪTAN2。NUNUZ.KISIM5xSILA3。alsoNUNUZ.AB2xSILA3,lahtan₂,lahtan₂,o0002154
𒉷,harubₓ,nunuz.ab₂×u₂。|nunuz.ab₂×u₂|,,harubₓ。nunuz.ab₂×u₂。|nunuz.ab₂×u₂|,NUNUZ.AB2xU2,harubₓ,harubₓ,o0002155
𒉸,haraₓ,nunuz.kisim₅×bi。|nunuz.kisim₅×bi|,,haraₓ。nunuz.kisim₅×bi。|nunuz.kisim₅×bi|,MUD3。NUNUZ.KISIM5xBI。PIḪU2。ḪUBUR,haraₓ,haraₓ,o0002162
𒉹,lahtan3。lahtan₃,lahtan3。nunuz.kisim₅×bi.u。|nunuz.kisim₅×bi.u|,,lahtan₃。nunuz.kisim₅×bi.u。|nunuz.kisim₅×bi.u|,LAḪTA3。LAḪTAN3。MUD3.U。NUNUZ.KISIM5xBI.U,lahtan₃,lahtan₃,o0002161
𒉺,"addirₓ。ari3。ari₃。aru。ba2。ba₂。dur6。duru6。duru₆。dur₆。endur。gesztara。geštara。gidar。gidirₓ。gidri。gidru。giszturu。gišturu。had。hanisz3。haniš₃。has,2。has2。has₂。hat。hat,。hata。haz2。haz₂。haṣ₂。haṭ。hendur。hud。kumₓ。kun2。kun₂。lar。lu9。lug2。lug₂。lun。luŋ2。luŋa2。luŋa₂。luŋ₂。lu₉。masz4。maš₄。midra。mu6。mua。muati。muatu。mudru。muwa。muwati。muya。muyati。mu₆。pa。sag3。sag₃。sak3。sak₃。seg3。seg₃。si29。sig3。sigga2。sigga₂。sig₃。siqqa。si₂₉。sullat2。sullat₂。szag3。szullat2。ugula。ugulu。zag2。zag₂。zak2。zak₂。zaq2。zaq₂。ŋedar。ŋedru。ŋeszturu。ŋešturu。ŋidri。ŋidru。šag₃。šullat₂","ari3。ba2。dur6。duru6。gesztara。giszturu。hanisz3。has,2。has2。hat,。haz2。kun2。lu9。lug2。luŋ2。luŋa2。masz4。mu6。sag3。sak3。seg3。si29。sig3。sigga2。sullat2。szag3。szullat2。zag2。zak2。zaq2。ŋeszturu","GIDRU。MUATI。PA。Pa。SIG3。UGULA。_gidri。ba2。bá。gidri。gidri_。gidru。had。hat。hat,。haṭ。hendur。jidru。lar。muati。pa。sag3。sag3#?。sig3。sàg。sèg。ugula。ĝidru。ḫat",addirₓ。ari₃。aru。ba₂。duru₆。dur₆。endur。geštara。gidar。gidirₓ。gidri。gidru。gišturu。had。haniš₃。has₂。hat。hata。haz₂。haṣ₂。haṭ。hendur。hud。kumₓ。kun₂。lar。lug₂。lun。luŋa₂。luŋ₂。lu₉。maš₄。midra。mua。muati。muatu。mudru。muwa。muwati。muya。muyati。mu₆。pa。sag₃。sak₃。seg₃。sigga₂。sig₃。siqqa。si₂₉。sullat₂。ugula。ugulu。zag₂。zak₂。zaq₂。ŋedar。ŋedru。ŋešturu。ŋidri。ŋidru。šag₃。šullat₂,ARI3。ARU。BA2。DURU6。ENDUR。GIDRI。GIDRU。GIŠTURU。KUN2。KUNGA。KUR10。LAR。LU9。LUG2。LUN。MAŠ4。MIDRA。MU6。MUA。MUATI。MUATU。MUDRA。MUDRU。MUIA。PA。SAG3。SAK3。SEG3。SEGGA2。SIG3。SIGGA2。SULLAT2。UGULA。UGULU。WI2。ZAG2。ZAK2。ZAQ2。ŠAG3。ŠAK3。ŠAQ3。ŠULLAT2。ḪAD。ḪAMAN。ḪANIŠ3。ḪAS2。ḪAT。ḪATA。ḪAZ2。ḪAṢ2。ḪAṬ。ḪENDUR。ḪUD,addirₓ。ari₃。aru。ba₂。duru₆?。dur₆。endur。geštara。gidar。gidirₓ。gidri。gidru。gišturu。had。haniš₃。has₂。hat。hata。haz₂。haṣ₂。haṭ。hendur。hud。kumₓ。kun₂。lar。lug₂。lun。luŋa₂。luŋ₂。lu₉。maš₄。midra。mua。muati。muatu。mudru。munsubₓ。muwa。muwati。muya。muyati。mu₆。pa。sag₃。sak₃。seg₃。sigga₂。sig₃。siqqa。si₂₉。sullat₂。ugula。ugulu。uₓ。zag₂。zak₂。zaq₂。ŋedar。ŋedru。ŋešturu。ŋidri。ŋidru。šag₃。šullat₂,pa,o0000497
𒉺𒀠,szabra。szapra。šabra。šapra,pa.al。szabra。szapra。|pa.al|,szabra。šabra,pa.al。|pa.al|。šabra。šapra,,šabra。šapra,,
𒉺𒀭,billuda。billudu。biluda。garza。garzu。kusz4。kuš₄。ŋarza。ŋarzu,kusz4。pa.an。|pa.an|,_garza。biluda。garza。jarza。ĝarza,billuda。billudu。biluda。garza。garzu。kuš₄。pa.an。|pa.an|。ŋarza。ŋarzu,BILLUDA。BILLUDU。BILUDA。GARSU。GARZA。GARZU。KUŠ4。PA.AN,billuda。billudu。biluda。garza。garzu。kuš₄。ŋarza。ŋarzu,,
𒉺𒁖,gabar。kabar。kapar。nagada。rig10。rig₁₀。ririg。udul11。udul9。udul₁₁。udul₉。utul11。utul9。utul₁₁。utul₉,pa.dag.kisim₅×gud。pa.dag.kisim₅×kak。rig10。udul11。udul9。utul11。utul9。|pa.dag.kisim₅×gud|。|pa.dag.kisim₅×kak|,,gabar。kabar。kapar。nagada。pa.dag.kisim₅×gud。pa.dag.kisim₅×kak。rig₁₀。ririg。udul₁₁。udul₉。utul₁₁。utul₉。|pa.dag.kisim₅×gud|。|pa.dag.kisim₅×kak|,,,,
𒉺𒁦,,udul₄,,udul₄,PA.AMAŠ。UDUL4。UTUL4,udul₄。utul₄,,
𒉺𒁺,maszkim3。maškim₃,maszkim3。pa.du。|pa.du|,,maškim₃。pa.du。|pa.du|,,maškim₃,,
𒉺𒁼,maszkim2。maškim₂,maszkim2。pa.du@g。|pa.du@g|,maszkim2。maškim2,maškim₂。pa.du@g。|pa.du@g|,,maškim₂,,
𒉺𒁽,barim。maszkim。maškim。parim,barim。maszkim。pa.du@s。parim。parimₓ。|pa.du@s|,maszkim。maškim,maškim。pa.du@s。parimₓ。|pa.du@s|,,barimₓ。maškim。parimₓ,,
𒉺𒂅,hursag。hursaŋ,pa.dun₃。|pa.dun₃|,,hursag。hursaŋ。pa.dun₃。|pa.dun₃|,,hursag。hursaŋ,,
𒉺𒂍,szabra2。szapra2。šabra₂。šapra₂,pa.e₂。szabra2。szapra2。|pa.e₂|,,pa.e₂。|pa.e₂|。šabra₂。šapra₂,,šabra₂。šapra₂,,
𒉺𒂷,luga。luŋa,pa.ga₂。|pa.ga₂|,,luga。luŋa。pa.ga₂。|pa.ga₂|,LUGA。PA.GA2,luga。luŋa,,
𒉺𒃶,sag2。sag₂。seg11。seg₁₁。sig11。sig₁₁。sikiₓ,pa.gan。sag2。seg11。sig11。|pa.gan|,sag2,pa.gan。sag₂。seg₁₁。sig₁₁。sikiₓ。|pa.gan|,PA.GAN。SAG2。SEG11。SIG11,sag₂。seg₁₁。sig₁₁。sikiₓ,,
𒉺𒄀,zigₓ,pa.gi。|pa.gi|,,pa.gi。zigₓ。|pa.gi|,,sigₓ。zigₓ,,
𒉺𒄐𒉻,,addir₃。pa.gisal.pad。|pa.gisal.pad|,,addir₃。pa.gisal.pad。|pa.gisal.pad|,,addir₃,,
𒉺𒄐𒋛𒀀,,pa.gisal.si.a。|pa.gisal.si.a|,,pa.gisal.si.a。|pa.gisal.si.a|,,None,,
𒉺𒄐𒋛𒀀𒉻,,pa.gisal.si.a.pad。|pa.gisal.si.a.pad|,,pa.gisal.si.a.pad。|pa.gisal.si.a.pad|,,None,,
𒉺𒄛,,pa.gu₂×nun。|pa.gu₂×nun|,,pa.gu₂×nun。|pa.gu₂×nun|,,musubₓ,,
𒉺𒄝,,musubₓ。pa.gu₂@g。|pa.gu₂@g|,,musubₓ。pa.gu₂@g。|pa.gu₂@g|,,munsubₓ,,
𒉺𒄸,rig8。rig₈,pa.hub₂。rig8。|pa.hub₂|,,pa.hub₂。rig₈。|pa.hub₂|,,rig₈,,
𒉺𒄸𒁺,rig7。rig₇,pa.hub₂.du。rig7。|pa.hub₂.du|,rig7,pa.hub₂.du。rig₇。|pa.hub₂.du|,,rig₇,,
𒉺𒅁,hamanzer。sab。sap。sip4。sipa2。sipa₂。sip₄。szab。szaba。szap。szib3。szip3。szub3。szup3。šab。šaba。šap。šib₃。šip₃。šub₃。šup₃,pa.ib。saba。sip4。sipa2。szab。szaba。szap。szib3。szip3。szub3。szup3。|pa.ib|,sab。sap。szab。szap。ŠAB。šab。šap,hamanzer。pa.ib。sab。saba。sap。sipa₂。sip₄。|pa.ib|。šab。šaba。šap。šib₃。šip₃。šub₃。šup₃,PA.IB。SAB。SAP。SIP4。SIPA2。ŠAB。ŠABA。ŠAP。ŠIB3。ŠIP3。ŠUB3。ŠUP3,hamanzer。sab。saba。sap。sipa₂。sip₄。šab。šaba。šap。šib₃。šip₃。šub₃。šup₃,,
𒉺𒆕,hudbu。hutpu,pa.kak。|pa.kak|,,hudbu。hutpu。pa.kak。|pa.kak|,,%akk hutpu。hudbu,,
𒉺𒇻,nuska2。nuska₂。nusku2。nusku₂。nuszka2。nuszku2。nuška₂。nušku₂。re'e。re'i。re'u。reʾe。reʾi。reʾu。sap3。sap₃。sib2。siba。sibad。sib₂。sip2。sipa。sipad。sip₂。szab5。szap5。zip3。zip₃。šab₅。šap₅,nuska2。nusku2。nuszka2。nuszku2。pa.lu。re'e。re'i。re'u。sap3。sib2。sip2。szab5。szap5。zip3。|pa.lu|, sipad。SIPA。SIPAD。_sipa_。sib2。sipa。sipad,nuska₂。nusku₂。nuška₂。nušku₂。pa.lu。reʾe。reʾi。reʾu。sap₃。siba。sibad。sib₂。sipa。sipad。sip₂。zip₃。|pa.lu|。šab₅。šap₅,NUSKA2。NUSKU2。NUŠKA2。NUŠKU2。PA.LU。RE’E。RE’I。SAP3。SIB2。SIBA。SIBAD。SIP2。SIPA。SIPAD。ŠAB5。ŠAP2。ŠAP5,%akk reʾu。nuska₂。nusku₂。nuška₂。nušku₂。reʾe。reʾi。sap₃。siba。sibad。sib₂。sipa。sipad。sip₂。subaₓ。zip₃。šab₅。šap₅,,
𒉺𒈗,garza2。garza₂。girza。ŋarza2。ŋarza₂,garza2。pa.lugal。|pa.lugal|。ŋarza2,garza2,garza₂。girza。pa.lugal。|pa.lugal|。ŋarza₂,GARZA。GARZA2。GARZU2。GIRZA2。PA.LUGAL,garza₂。girza。ŋarza₂,,
𒉺𒈨𒌋𒌋𒌋,ari5。ari₅,ari5。pa.me.u.u.u。|pa.me.u.u.u|,,ari₅。pa.me.u.u.u。|pa.me.u.u.u|,,,,
𒉺𒉣𒇬,udulₓ,pa.nun.lagar。|pa.nun.lagar|,,pa.nun.lagar。udulₓ。|pa.nun.lagar|,,udulₓ。utulₓ,,
𒉺𒊷,erida2。erida₂。erimₓ。gangud。szanga7。tidimₓ。šanga₇,erida2。pa.ša₆。szanga7。|pa.ša₆|,,erida₂。erimₓ。gangud。pa.ša₆。tidimₓ。|pa.ša₆|。šanga₇,,erida₂。erimₓ。gangud。tidimₓ。šanga₇,,
𒉺𒊺,isin。iszin。išin,isina。iszin。pa.še。|pa.še|,,isin。isina。išin。pa.še。|pa.še|,,isin。isina。išin,,
𒉺𒋢,tertu,pa.su。|pa.su|,,pa.su。tertu。|pa.su|,GARSU。PA.SU。TERTUM,%akk tertu,,
𒉺𒋤𒂖,,pa.sud.el。|pa.sud.el|,,pa.sud.el。|pa.sud.el|,,sugₓ,,
𒉺𒋼,en5。en₅,en5。pa.te。|pa.te|,,en₅。pa.te。|pa.te|,,en₅。ninₓ,,
𒉺𒋼𒋛,ensag。ensi2。ensik。ensi₂,ensi2。pa.te.si。|pa.te.si|,ENSI2。ENSÍ。ensi2。ensi₂。énsi,ensag。ensik。ensi₂。pa.te.si。|pa.te.si|,,ensag。ensik。ensi₂,,
𒉺𒋼𒋛𒃻,ensiₓ,pa.te.si.gar。|pa.te.si.gar|,,ensiₓ。pa.te.si.gar。|pa.te.si.gar|,,ensiₓ,,
𒉺𒌆,enszada。enszadu。enšada。enšadu。nuska。nusku。nuszka。nuška,enszada。enszadu。nuszka。pa.tug₂。|pa.tug₂|,NUSKA。enšada。nuska。nusku。nuszka,enšada。enšadu。nuska。nusku。nuška。pa.tug₂。|pa.tug₂|,ENŠADA。ENŠADU。NUSKA。NUSKU。NUŠKA。NUŠKU。PA.TUG2,enšada。enšadu。ninšatumₓ。nuska。nusku。nuška,,
𒉺𒌇𒁺,,pa.tuk.du。|pa.tuk.du|,,pa.tuk.du。|pa.tuk.du|,,rigₓ,,
𒉺𒍇,suliliₓ。zililiₓ。zilulu,pa.uru×min。|pa.uru×min|,zilulu,pa.uru×min。suliliₓ。zililiₓ。zilulu。|pa.uru×min|,,suliliₓ。zililiₓ。zilulu,,
𒉺𒍜,dud。duda。duduₓ。dunda。tud2。tudu。tud₂。tunda,pa.uzu。tud2。|pa.uzu|,duda,dud。duda。duduₓ。dunda。pa.uzu。tudu。tud₂。tunda。|pa.uzu|,DUD。DUDA。PA.UZU。TUD2。TUDU。TUNDA,dud。duda。duduₓ。dunda。tudu。tud₂。tunda,,
𒉻,"bad2。bad₂。bat2。bat₂。bu15。bu₁₅。kur6。kurum6。kurummaₓ。kurum₆。kur₆。pad。pada。pat。pat,。pata。paṭ。paₓ。szug。szuk。szuku。szukun3。szukur2。szuq。szutug。szutugₓ。šug。šuk。šuku。šukun₃。šukur₂。šuq。šutug。šutugₓ","bad2。bat2。bu15。kur6。kurum6。pat,。szug。szuk。szuku。szukun3。szukur2。szuq。szutug。szutugₓ","BÁD。PAD。PADa。bu15。kur6。kurum6。pad。pat。pat,。paṭ。szuk。szuku。szukur2。ŠUK。ŠUKU。šuk。šuku",bad₂。bat₂。bu₁₅。kurummaₓ。kurum₆。kur₆。pad。pada。pat。pata。paṭ。paₓ。šug。šuk。šuku。šukun₃。šukur₂。šuq。šutug。šutugₓ,BAD2。BAT2。BAṬ2。BU15。KUR6。KURUM6。PAD。PADA。PAT。PATA。PAṬ。ŠUDUG。ŠUG。ŠUK。ŠUKU。ŠUKUN3。ŠUKUR2。ŠUQ。ŠUTUG,bad₂。bat₂。burₓ。bu₁₅。guₓ。kurummaₓ。kurum₆。kur₆。pad。pada。pat。pata。paṭ。paₓ。šatₓ。šug。šuk。šuku。šukun₃。šukur₂。šuq。šutug,pad,o0000498
𒉻𒀭𒈹,nidba。nindaba。ninni7。ninnim7。ninnim₇。ninni₇,ninni7。ninnim7。niŋdaba。pad.an.muš₃。|pad.an.muš₃|,nidba。ninni7,nidba。nindaba。ninnim₇。ninni₇。niŋdaba。pad.an.muš₃。|pad.an.muš₃|,NIDBA。NINNI7。NINNIM7。PAD.AN.MUŠ3。PAD.DINGIR+INNIN。PAD.DINGIRINNIN,nidba。nindaba。ninnim₇。ninni₇。niŋdaba,,
𒉻𒀭𒈽,,pad.an.muš₂。|pad.an.muš₂|,,pad.an.muš₂。|pad.an.muš₂|,,nindabaₓ,,
𒉻𒂁𒄑𒋛,,pad.dug.giš.si。|pad.dug.giš.si|,,pad.dug.giš.si。|pad.dug.giš.si|,,None,,
𒉻𒈹,nidba2。nidba₂。nindabaₓ。ninnimₓ,nidba2。niŋdaba₂。pad.muš₃。|pad.muš₃|,,nidba₂。nindabaₓ。ninnimₓ。niŋdaba₂。pad.muš₃。|pad.muš₃|,NIDBA2。PAD.MUŠ3,nidba₂。nindabaₓ。ninnimₓ。ninniₓ。niŋdaba₂,,
𒉼,ba10。ban。bana。ba₁₀。pan。pana。tir5。tir₅,ba10。tir5,BAN。PAN。ban。pan。pana,ban。bana。ba₁₀。pan。pana。tir₅,BA10。BAN。PAN。PANA。TER5。TIR5。ŠE15,ban。bana。ba₁₀?。pan。pana。tir₅,ban,o0000499
𒉽,aha3。aha₃。ba14。bab。bap。ba₁₄。gur12。gur₁₂。kur2。kuru2。kuru₂。kur₂。pa4。pab。pap。pa₄。qur4。qur₄,aha3。ba14。gur12。kur2。kuru2。pa4。pap.pap×še。qur4。|pap.pap×še|,KUR2。KÚR。PAB。PAP。bab。kur2。kúr。pa4。pab。pap,aha₃。bab。bap。ba₁₄。gur₁₂。kuru₂。kur₂。pab。pap。pap.pap×še。pa₄。qur₄。|pap.pap×še|,AḪ4。AḪA3。BA14。BAB。BAP。GUR12。KUR2。KURU2。PA4。PAB。PAP。QUR4,aha₃。bab。bap。ba₁₄。gur₁₂。kuru₂。kur₂。pab。pap。pa₄。qur₄。tabₓ,pap,o0000500
𒉽𒂊,pa5。pad5。pad₅。pa₅,pa5。pad5。pap.e。|pap.e|,PA5。pa5,pad₅。pap.e。pa₅。|pap.e|,PA5。PAB.E。PAD5,pad₅。pa₅,,
𒉽𒄬,pusz2。puš₂,pap.hal。pusz2。|pap.hal|,PÚŠ。pusz2。púš,pap.hal。puš₂。|pap.hal|,BUŠ2。PAB.ḪAL。PUŠ2,puš₂,,
𒉽𒅊,isima。isimu。isimud。pap-ugur2。pap-ugur₂,pap-ugur2。pap.igi@g。|pap.igi@g|,isimud,isima。isimu。isimud。pap-ugur₂。pap.igi@g。|pap.igi@g|,ISIMA。ISIMU。PAB.SIG7,isima。isimu。isimud。pap-ugur₂,,
𒉽𒅊𒉣𒈨,isimu4。isimud4。isimud₄。isimu₄,isimu4。isimud4。pap.igi@g.nun.me。|pap.igi@g.nun.me|,,isimud₄。isimu₄。pap.igi@g.nun.me。|pap.igi@g.nun.me|,ISIMA4。PAB.SIG7.NUN.ME,isimud₄。isimu₄,,
𒉽𒅊𒉣𒈨𒂬,,,,,KUM3。PAB.SIG7.NUN.ME.UBARA,None,,
𒉽𒅖,pa6。pad6。pad₆。pa₆,pa6。pad6。pap.iš。|pap.iš|,PA6。pa6,pad₆。pap.iš。pa₆。|pap.iš|,PA6。PAB.IŠ。PAD6,pad₆。pa₆,,
𒉽𒈿,zu8。zu₈,pap.na₂。zu8。|pap.na₂|,,pap.na₂。zu₈。|pap.na₂|,,subₓ。zu₈,,
𒉽𒉽,aman。bu10。bulug3。bulug₃。bulunₓ。buluŋ3。buluŋ₃。bur13。bur₁₃。bu₁₀。dim4。dim₄。munu4。munu₄。pur13。pur₁₃,bu10。bulug3。buluŋ3。bur13。dim4。munu4。pap&pap。pap.pap。pap.pap.4×idim。pur13。|pap.pap.4×idim|。|pap.pap|。šušru。šuššub,BÙLUG。bulug3。buluĝ₃。bùlug。dim4。munu₄,aman。bulug₃。bulunₓ。buluŋ₃。bur₁₃。bu₁₀。dim₄。munu₄。pap&pap。pap.pap。pap.pap.4×idim。pur₁₃。|pap.pap.4×idim|。|pap.pap|。šušru。šuššub,BU10。BULUG3。BUR13。DIG2。DIM4。MANU。MUNU4。MUNU6。PUR13,aman。bulug₃。bulunₓ。buluŋ₃。bur₁₃。bu₁₀。dim₄。munu₄。munₓ。pur₁₃,,
𒉽𒉽.x,szuszru。szuszszub。šušru。šuššub,szuszru。szuszszub。šušru。šuššub,,,,,,
𒉽𒉽𒉽𒉽,,pap.pap&pap.pap,,pap.pap&pap.pap,,,,
𒉽𒊺𒉽,munu5。munu₅,munu5。pap.še.pap。|pap.še.pap|,,munu₅。pap.še.pap。|pap.še.pap|,BULUG3xŠE。BULUG4。MUNU4。MUNU5。PAB.ŠE.PAP,munu₅,,
𒉾,ge19。ge₁₉。gilili。gilim2。gilim₂。gilin。ka6。ka₆。kilim。kilin。kisz5。kiszi5。kiszib2。kišib₂。kiši₅。kiš₅。kusz10。kuš₁₀。nika。pesz2。peš₂。pisz2。piš₂,ge19。gilim2。ka6。kisz5。kiszi5。kiszib2。kusz10。pesz2。pisz2,PÉŠ。gilin。kilim。pesz2。peš2。peš₂。péš,ge₁₉。gilili。gilim₂。gilin。ka₆。kilim。kilin。kišib₂。kiši₅。kiš₅。kuš₁₀。nika。peš₂。piš₂,,ašbarₓ。ge₁₉。gilili。gilim₂。gilin。ka₆。kilim。kilin。kišib₂。kiši₅。kiš₅。kuš₁₀。nika。peš₂。piš₂,nika,o0000501
𒉿,a3。am7。am₇。aw。a₃。baₓ。be6。be₆。bi3。bi₃。buₓ。daₓ。ew。eₓ。geltan。geszdu。gesztu。gesztug。gesztunuₓ。gešdu。geštu。geštug。geštunuₓ。giszdu。gisztu。gisztug。gisztunuₓ。gišdu。gištu。gištug。gištunuₓ。i16。ia8。ia₈。iu2。iu₂。iw。i₁₆。ma9。ma₉。me8。mesztunuₓ。meštunuₓ。me₈。mi5。misztunuₓ。mištunuₓ。mi₅。musztu。musztug。muštu。muštug。neda。pa12。pa₁₂。pe。pi。ta7。tal2。tala2。tala₂。tal₂。ta₇。til7。til₇。u17。usztu。usztug。uw。uštu。uštug。u₁₇。wa。we。wi。wu。ya。ye。yi。yu。ŋestug。ŋeszdu。ŋesztu。ŋesztug。ŋešdu。ŋeštu。ŋeštug。ŋistug。ŋiszdu。ŋisztu。ŋisztug。ŋišdu。ŋištu。ŋištug,a3。am7。be6。bi3。geszdu。gesztu。gesztug。gesztunuₓ。giszdu。gisztu。gisztug。gisztunuₓ。i16。ia8。iu2。ma9。me8。mesztunuₓ。mi5。misztunuₓ。musztu。musztug。pa12。ta7。tal2。tala2。til7。u17。usztu。usztug。ŋeszdu。ŋesztu。ŋesztug。ŋiszdu。ŋisztu。ŋisztug,GESZTU。GESZTUG。GEszTU。PI。WA。Wa。We。YA。Ya。[pe]。_gesztu。_À。a3。am7。aw。bi3。bì。ew。ex。gesztu。gesztug。geštu。geštug。ia8。iw。mi5。musztu。muštug。pe。pi。tal2。uw。wa。we。wi。wu。ya。ye。yi。yu。À。à。ĝeštu,am₇。aw。a₃。baₓ。be₆。bi₃。buₓ。daₓ。ew。eₓ。geltan。gešdu。geštu。geštug。geštunuₓ。gišdu。gištu。gištug。gištunuₓ。ia₈。iu₂。iw。i₁₆。ma₉。meštunuₓ。me₈。mištunuₓ。mi₅。muštu。muštug。neda。pa₁₂。pe。pi。tala₂。tal₂。ta₇。til₇。uw。uštu。uštug。u₁₇。wa。we。wi。wu。ya。ye。yi。yu。ŋestug。ŋešdu。ŋeštu。ŋeštug。ŋistug。ŋišdu。ŋištu。ŋištug,A3。AM7。AW。BE6。BI3。EW。GAGGU。GELTAN。GEŠDU。GEŠTU。GEŠTUG。I16。IA。IA8。II。IU。IU2。IW。JA。JE。JI。JU。MA9。ME8。MI5。MUŠTU。MUŠTUG。NEDA。PA12。PE。PI。TA7。TAL2。TALA2。TE11。TIL7。U17。UW。UŠTU。UŠTUG。WA。WE。WI。WU。YA。YE。YI。YU。ṬI6,am₇。aw。a₃。baₓ。be₆。bi₃。buₓ。daₓ。ew。eₓ。geltan。gešdu。geštu。geštug。geštunuₓ。gišdu。gištu。gištug。gištunuₓ。ia₈。iu₂。iw。i₁₆。ma₉。meštunuₓ。me₈。mištunuₓ。mi₅。muštu。muštug。neda。pa₁₂。pe。pi。tala₂。tal₂。ta₇。til₇。uw。uštu。uštug。u₁₇。wa。we。wi。wu。ya。ye。yi。yu。ŋestug。ŋešdu。ŋeštu。ŋeštug。ŋistug。ŋišdu。ŋištu。ŋištug,pi,o0000502
𒉿𒄑𒌆,ŋesztuₓ。ŋeštuₓ,pi.giš.tug₂。|pi.giš.tug₂|。ŋesztuₓ,,pi.giš.tug₂。|pi.giš.tug₂|。ŋeštuₓ,,ŋeštuₓ,,
𒊀,wa4。wa₄,pi×a。wa4。|pi×a|,,pi×a。wa₄。|pi×a|,PIxA。WA4,wa₄,wa₄,o0002247
𒊁,,,,,PIxAB,None,nan,o0002246
𒊂,,,,,PIxBI,None,nan,o0002248
𒊃,,,,,PIxBU,None,nan,o0002249
𒊄,we2。we₂,pi×e。we2。|pi×e|,,pi×e。we₂。|pi×e|,PIxE,we₂,we₂,o0002250
𒊅,wi2。wi₂,pi×i。wi2。|pi×i|,wí,pi×i。wi₂。|pi×i|,PIxI。WI2,wi₂,wi₂,o0002252
𒊆,,,,,PIxIB,None,nan,o0002251
𒊇,wu2。wu₂,pi×u。wu2。|pi×u|,,pi×u。wu₂。|pi×u|,PIxU。WU2,wu₂,wu₂,o0002253
𒊈,wu3。wu₃,pi×u₂。wu3。|pi×u₂|,,pi×u₂。wu₃。|pi×u₂|,PIxU2。WU3,wu₃,wu₃,o0002254
𒊉,taltal,pi%pi。|pi%pi|,,pi%pi。taltal。|pi%pi|,PIcrossingPI。TALTAL,taltal,taltal,o0002235
𒊊,ne3。ne₃。nisku。niskum。pil7。pil₇。pirig。piriga。piriŋ。piriŋa。ug2。ug₂。uŋ2。uŋ₂,ne3。nemurₓ。pil7。piriŋ⁺。ug2。uŋ2,PIRIG。ne3。pirig。pirij。pirij+。piriĝ。ug2,nemurₓ。ne₃。nisku。niskum。pil₇。pirig。piriga。piriŋ。piriŋa。piriŋ⁺。ug₂。uŋ₂,NE3。PIL7。PIRIG。UG2,nemurₓ。ne₃。nisku。niskum。pil₇。pirig。piriga。piriŋ。piriŋa。surₓ。ug₂。uŋ₂,ug₂,o0000503
𒊊𒀕𒃲,nergal。nerigal,pirig.ab@g.gal。|pirig.ab@g.gal|,,nergal。nerigal。pirig.ab@g.gal。|pirig.ab@g.gal|,NERGAL。NERIGAL。PIRIG.ERI11.GAL,nergal。nerigal,,
𒊊𒊊,didanu。didanum。didnu。didnum。tidanu。tidanum。tidnim。tidnu,didanu。didanum。didnu。didnum。pirig.pirig。tidanu。tidanum。tidnim。tidnu。|pirig.pirig|,,pirig.pirig。|pirig.pirig|,DIDNU。PIRIG.PIRIG。TIDNU,didanu。didanum。didnu。didnum。tidanu。tidanum。tidnim。tidnu,,
𒊊𒌉,nemurₓ。nimurₓ,nemur₂。nemurₓ。pirig.tur。|pirig.tur|,,nemur₂。nimurₓ。pirig.tur。|pirig.tur|,,nemur₂。nimurₓ,,
𒊋,nib,pirig×kal。|pirig×kal|,(nib)。NIB。NIb。nib,nib。pirig×kal。|pirig×kal|,NIB。NIB2。PIRIGxKAL,nib,nib,o0002243
𒊌,pirig3。pirig₃。piriŋ3。piriŋ₃。u21。udₓ。ug。uk。uku4。uku₄。uq。u₂₁,pirig3。pirig×ud。piriŋ3。u21。ug⁻。uku4。|pirig×ud|,UG。Uk。[u]k。pirig3。piriĝ₃。ug。uk。uq,pirig×ud。pirig₃。piriŋ₃。udₓ。ug。ug⁻。uk。uku₄。uq。u₂₁。|pirig×ud|,DUNGA3。PIRIG3。PIRIGxUD。U21。UG。UK。UKU4。UQ,dešₓ。pirig₃。piriŋ⁺。piriŋ₃。udₓ。ug。ug⁻。uk。uku₄。uq。u₂₁,ug,o0002244
𒊍,"as。as,。asa。az。aza。aṣ。ugₓ。us,4。us4。us₄。uz4。uz₄。uṣ₄","as,。az⁻。pirig×za。us,4。us4。uz4。|pirig×za|","AS。AS,。AS;。AZ。aS。as。as,。as;。az。aṣ。us4",as。asa。az。aza。az⁻。aṣ。pirig×za。ugₓ。us₄。uz₄。uṣ₄。|pirig×za|,AS。ASA。AZ。AZA。AṢ。PIRIGxZA。US4。UZ4。UṢ4,as。asa。az。aza。az⁻。aṣ。ugₓ。us₄。uz₄。uṣ₄,as,o0002245
𒊎,tidnum,didanu。didanum。didnu。didnum。pirig@pirig。tidanu。tidanum。tidnim。tidnu。|pirig@pirig|,(tidnum)。TIDNUM。tidnum,didanu。didanum。didnu。didnum。pirig@pirig。tidanu。tidanum。tidnim。tidnu。tidnum。|pirig@pirig|,DIDNU。GIR3.GIR3inversum。TIDNU,tidnum,tidnum,o0002242
𒊏,ra。rah2。rah₂,rah2,<ra>。RA。Ra。[r]a。r[a。ra。ra#。ra]。rah2,ra。rah₂,RA。RAḪ2,ra。rah₂,ra,o0000510
𒊏𒊏,kutu2。kutu₂,kutu2。ra.ra。|ra.ra|,,kutu₂。ra.ra。|ra.ra|,KUTU2。RA.RA,kutu₂?,,
𒊐,rab。raba。rap,,RAB。rab。rap,rab。raba。rap,GAMME。RAB。RABA。RAP,rab。raba。rap,rap,o0000511
𒊐𒃲,guszur2。gušur₂。ur13。ur₁₃。ŋuszur2。ŋušur₂,guszur2。rab.gal。ur13。|rab.gal|。ŋuszur2,,gušur₂。rab.gal。ur₁₃。|rab.gal|。ŋušur₂,GUŠUR2。RAB.GAL。UR13,gušur₂。ur₁₃?。ŋušur₂,,
𒊐𒃶,dim8。dim₈,dim8。rab.gan。|rab.gan|,DIM8。dim8,dim₈。rab.gan。|rab.gan|,DIM8。RAB.GAN,dim₈,,
𒊐𒄰,dim10。dim₁₀,dim10。rab.hi×bad。|rab.hi×bad|,,dim₁₀。rab.hi×bad。|rab.hi×bad|,,dim₁₀,,
𒊐𒈤,,rab.mah。|rab.mah|,,rab.mah。|rab.mah|,,gušurₓ。ŋušurₓ,,
𒊐𒌉𒌉,ŋuszurₓ。ŋušurₓ,rab.tur.tur。|rab.tur.tur|。ŋuszurₓ,,rab.tur.tur。|rab.tur.tur|。ŋušurₓ,,gušurₓ。ŋušurₓ,,
𒊑,"bagₓ。bakₓ。dal。dala。de5。degₓ。de₅。di5。di₅。esz11。eš₁₁。re。ri。rig5。rig₅。sza7。t,al。tal。tala。ša₇。ṭal","de5。di5。esz11。rig5。sza7。t,al","RE。RI。Re。TAL。[re。[re]。[ri。ar!(RI)。ar(RI)。dal。de5。di5。re。re]。ri。ri>。ri]。t,al。t[a]la。t[al]。tal。tala。ṭal",bagₓ。bakₓ。dal。dala。degₓ。de₅。di₅。eš₁₁。re。ri。rig₅。tal。tala。ša₇。ṭal,DAL。DALA。DE5。DI5。EŠ11。GAR16。RE。RI。RIG5。SAR5。TA6。TAL。TALA。ŠA7。ṬAL,bagₓ。bakₓ。dal。dala。degₓ。de₅。di₅。eš₁₁。huₓ。re。ri。rig₅。tal。tala。ša₇。ṭal,re,o0000514
𒊒,geszba。geszbu。geszpa。geszpu。gešba。gešbu。gešpa。gešpu。ilar。illar。illulu。illur。illuru。ru。sub7。sub₇。szib2。szub。szuba5。szup。ŋeszba。ŋeszbu。ŋeszpa。ŋeszpu。ŋešba。ŋešbu。ŋešpa。ŋešpu。šib₂。šub。šuba₅。šup,geszba。geszbu。geszpa。geszpu。sub7。szib2。szub。szuba5。szup。ŋeszba。ŋeszbu。ŋeszpa。ŋeszpu,<ru>。RU。SZUB。gešbu。gešpu。illar。jeszpa。ru。ru#。szub。szup。ĝešpa。ŠUB。šub。šup,gešba。gešbu。gešpa。gešpu。ilar。illar。illulu。illur。illuru。ru。sub₇。ŋešba。ŋešbu。ŋešpa。ŋešpu。šib₂。šub。šuba₅。šup,ILAR。ILLAR。ILLULU。ILLURU。RU。SUB7。ŠEB2。ŠIB2。ŠUB。ŠUBA5。ŠUP,gešba。gešbu。gešpa。gešpu。ilar。illar。illulu。illur。illuru。ru。sub₇。ŋešba。ŋešbu。ŋešpa。ŋešpu。šib₂。šub。šuba₅。šup。šuₓ,ru,o0000516
𒊒𒉈,,ru.ne。|ru.ne|,,ru.ne。|ru.ne|,,rimₓ,,
𒊒𒍤,,šub×zi&zi,,šub×zi&zi,,,,
𒊓,gid3。gid₃。sa。sza10。śa。ša₁₀,gid3。sa@v。sza10,SA。Sa。_sa。gid3。sa。sa],gid₃。sa。sa@v。śa。ša₁₀,GID3。SA。ŚA。ŠA10,%akk śa。gid₃?。sa。sa@v。ša₁₀,sa,o0000517
𒊓𒄵𒆕,ellandu,sa.hi×še.kak。|sa.hi×še.kak|,,ellandu。sa.hi×še.kak。|sa.hi×še.kak|,,ellandu,,
𒊓𒉌,,,,,GAR2。SA.NI,None,,
𒊔,kesz4。kesze4。keše₄。keš₄。kiszi4。kiši₄,kesz4。kesze4。kiszi4。kiše₄。sag@n,KIŠI4。kiši4,keše₄。keš₄。kiše₄。kiši₄。sag@n,KEŠ4。KEŠE4。KEŠI4。KIŠ4。KIŠI4。SAGnutillu,keše₄。keš₄。kiše₄。kiši₄,kiši₄,o0000520
𒊕,dul7。dul₇。dunga。res。resz。reš。ris。risz。riš。rēszu。rēšu。sa12。sag。saga。saggar。sak。samₓ。san。saq。saŋ。saŋa。saŋŋar。sa₁₂。sur14。sur₁₄。sza24。szag。szak。szaq。šag。šak。šaq。ša₂₄,dul7。resz。risz。rēszu。sa12。sur14。sza24。szag。szak。szaq, saj。 saĝ。SAG。SAĜ。Sag。Saĝ。[s]ag。[saĝ]。_sag。_saga_。dul7。resz。reš。ris。risz。riš。sag。sag#。sag_。saga。saga_。saj。sak。san。saĝ。szag。szak。szaq。šak。šaq,dul₇。dunga。res。reš。ris。riš。rēšu。sag。saga。saggar。sak。samₓ。san。saq。saŋ。saŋa。saŋŋar。sa₁₂。sur₁₄。šag。šak。šaq。ša₂₄,DUL7。DUNGA。DURU。RES。REŠ。RIS。RIŠ。SA12。SAG。SAGA。SAGGAR。SAK。SAN。SAQ。SUR14。ŠA24。ŠAG。ŠAK。ŠAQ,%akk/n rēšu。akaₓ。dilibₓ。dul₇。dunga。mezeₓ。muhhumₓ。res。reš。ris。riš。sag。saggar。sak。samₓ。san。saq。saŋ。saŋa。saŋduₓ。saŋminₓ。saŋŋar。sa₁₂。sur₁₄。zugₓ。šag。šak。šaq。ša₂₄。šegₓ,saq,o0000518
𒊕𒀭,tirigi,sag.an。|sag.an|,,sag.an。tirigi。|sag.an|,SAG.AN。TIRIGI,tirigi?,,
𒊕𒂅,szasuk。šasuk,sag.dun₃。szasuk。|sag.dun₃|,,sag.dun₃。|sag.dun₃|。šasuk,,šasuk,,
𒊕𒂡,durme,sag.ezen。|sag.ezen|,,durme。sag.ezen。|sag.ezen|,DURME。SAG.EZEN,durme,,
𒊕𒉺𒆸,zarah,sag.pa.lagab。|sag.pa.lagab|, zarah,sag.pa.lagab。zarah。|sag.pa.lagab|,IGIRA。SAG.PA.LAGAB。ZARAḪ,zarah,,
𒊕𒊩,eru2。erum2。erum₂。eru₂,eru2。erum2。sag.sal。|sag.sal|,,erum₂。eru₂。sag.sal。|sag.sal|,ERU2。ERUM2。SAG.MUNUS,erum₂。eru₂。igiraₓ,,
𒊖,kabₓ,sag×a。|sag×a|,,kabₓ。sag×a。|sag×a|,SAGxA,kabₓ,kabₓ,o0002272
𒊗,sagdu。saŋdu,sag×du。|sag×du|,,sagdu。sag×du。saŋdu。|sag×du|,SAGDU。SAGxDU,%akk/n muhhuₓ。sagdu。saŋdu,sagdu,o0002274
𒊘,uru10。urum3。urum₃。uru₁₀,sag×dub。uru10。urum3。|sag×dub|,(uru10)。uru10,sag×dub。urum₃。uru₁₀。|sag×dub|,SAGxDUB,urum₃。uru₁₀,uru₁₀,o0002273
𒊙,hulumₓ,sag×ha。|sag×ha|,,hulumₓ。sag×ha。|sag×ha|,SAGxḪA,haₓ。hulumₓ?。huₓ,hulumₓ,o0002277
𒊚,muh2。muh₂,muh2。sag×kak。|sag×kak|,(muh2)。muh2,muh₂。sag×kak。|sag×kak|,MUḪ2。SAGxGAG,%akk/n muhhuₓ。muhhumₓ。muh₂,muh₂,o0002279
𒊚𒃮,xₓ,sag×kak.gaba。|sag×kak.gaba|,[xx]。x]x。xx。xx;。xx],sag×kak.gaba。xₓ。|sag×kak.gaba|,,xₓ,,
𒊛,...gukin,sag×kur。|sag×kur|,,...gukin。sag×kur。|sag×kur|,SAGxKUR,xgukinₓ,nan,o0002280
𒊜,hulum2。hulum₂,hulum2。sag×lum。|sag×lum|,,hulum₂。sag×lum。|sag×lum|,SAGxLUM。ḪULUM2,%akk/n muhhuₓ。hulum₂,hulum₂,o0002281
𒊝,kan3。kan5。kana3。kana5。kana₃。kana₅。kan₃。kan₅,kan3。kan5。kana3。kana5。sag×mi。|sag×mi|,kan3,kana₃。kana₅。kan₃。kan₅。sag×mi。|sag×mi|,KAN3。KANA3。SAGxMI,kana₃。kan₃,kan₃,o0002282
𒊞,dilib4。dilib₄,dilib4。sag×nun。|sag×nun|,,dilib₄。sag×nun。|sag×nun|,DILIB4。SAGxNUN,dilib₄,dilib₄,o0002283
𒊟,dilib6。dilib₆。eru3。erum3。erum₃。eru₃,dilib6。eru3。erum3。sag×sal。|sag×sal|,(eru3)。eru3,dilib₆。erum₃。eru₃。sag×sal。|sag×sal|,DILIB6。ERU3。ERUM3。SAGxMUNUS,dilib₆。erum₃。eru₃。zarahₓ,dilib₆,o0002284
𒊠,dilib3。dilib₃,dilib3。sag×šid。saŋ×šid。|sag×šid|,DÌLIB。dilib3。dìlib,dilib₃。sag×šid。saŋ×šid。|sag×šid|,DILIB3。LIB5。SAGxŠID。URU10。URUM3,dilib₃,dilib₃,o0002293
𒊡,,sag×tab,,sag×tab,SAGxTAB,None,nan,o0000211
𒊢,usag。usug3。usug₃。zug3。zug₃,sag×u₂。usug3。zug3。|sag×u₂|,,sag×u₂。usag。usug₃。zug₃。|sag×u₂|,SAGxU2。USUG3。UZUG3。ZUG3,usag。usug₃。uzug₃。zug₃,usag,o0002292
𒊣,muh3。muh₃,muh3。sag×ub。|sag×ub|,,muh₃。sag×ub。|sag×ub|,SAGDU。SAGxUB,muh₃,muh₃,o0002287
𒊤,lib5。lib₅,lib5。sag×um。|sag×um|,,lib₅。sag×um。|sag×um|,DILIB3。LIB5。SAGxUM,lib₅?,lib₅,o0002288
𒊥,gud2。guda3。guda₃。gudu2。gudu₂。gud₂,gud2。guda3。gudu2。sag×ur。|sag×ur|,(gud2)。gud2,guda₃。gudu₂。gud₂。sag×ur。|sag×ur|,GUD2。GUDA3。GUDU2。SAGxUR,guda₃。gudu₂。gud₂,gud₂,o0002289
𒊦,dilib5。dilib₅,dilib5。sag×uš。|sag×uš|,,dilib₅。sag×uš。|sag×uš|,DILIB5。SAGxUŠ,dilib₅,dilib₅,o0002291
𒊧,sagminₓ。saŋminₓ,sag&sag。|sag&sag|,SAG&SAG,sag&sag。sagminₓ。saŋminₓ。|sag&sag|,SAGMINx。SAGoverSAG,sagminₓ。saŋminₓ,sagminₓ,o0002263
𒊨,"dilₓ。dul3。dul₃。kusz2。kuszu4。kušu₄。kuš₂。muh4。muhhu。muh₄。s,almu。sumur。sur2。sur₂。szur2。ugu5。ugu₅。śur2。śur₂。šur₂。ṣalmu","dil₂。dil₂⁻。dilₓ。dul3。kusz2。kuszu4。muh4。s,almu。sag@g。sumur⁻。sur2。sur₂⁻。szur2。ugu5。śur2",DUL3。DUL₃。DÙL。SAG@g。dul3。dul3_。dul₃。dùl。kusz2。kuš2。kúš。sumur。sur2。šur2。šúr,dil₂。dil₂⁻。dul₃。kušu₄。kuš₂。muhhu。muh₄。sag@g。sumur。sumur⁻。sur₂。sur₂⁻。ugu₅。śur₂。šur₂。ṣalmu,ANDUL。DUL3。KUŠ2。KUŠU4。MUḪ4。SAGgunû。SUMUR。SUR2。UGU5。ŚUR2。ŠUR2。ṢUR2,%akk śur₂。%akk/n muhhuₓ。%akk/n ṣalmu。alanₓ。andulₓ。dil₂。dil₂⁻。dul₃。kušu₄。kuš₂。kuš₂⁻。lumašₓ。malakumₓ。muh₄。sumur。sumur⁻。sur₂。sur₂⁻。ugu₅。šur₂。šur₂⁻。ṣalam,dul₃,o0000519
𒊩,f。gal4。gal₄。gambiₓ。kal4。kal₄。lagarₓ。mam2。mam₂。man2。man₂。mem。mi2。mim。min2。min₂。mi₂。mu10。mug2。mug₂。muk0。muk3。muk₀。muk₃。munus。munuz。murub。mu₁₀。nunusₓ。rag。rak。raq。sal。sala。sza12。szal。szel4。ŋal4。ŋal₄。šal。ša₁₂。šel₄,gal4。galla₄。geme。kal4。mam2。man2。mi2。min2。mu10。mug2。muk0。muk3。sza12。szal。szel4。ŋal4, MUNUS。 munus。F。MUNUS。Mi2。Munus。MÍ。SAL。_munus。_munus_。f。gal4。mi2。mim。munus。munus_。mí。mín。rag。rak。raq。sal。szal。šal,f。galla₄。gal₄。gambiₓ。geme。kal₄。lagarₓ。mam₂。man₂。mem。mim。min₂。mi₂。mug₂。muk₀。muk₃。munus。munuz。murub。mu₁₀。nunusₓ。rag。rak。raq。sal。sala。ŋal₄。šal。ša₁₂。šel₄,GAL4。GEME。KAL4。MAM2。MAN2。MI2。MIM。MIN2。MU10。MUNUS。MUNUZ。RAG。RAK。RAQ。RAT2。SAL。SALA。ŚAL。ŠA12。ŠAL。ŠEL4,f。galaₓ。galla₄。gal₄。gambiₓ。gemeₓ。kal₄。lagarₓ。mam₂。man₂。mem。meₓ。mim。min₂。mi₂。mug₂。muk₃。munus。munuz。murub。mu₁₀。nunusₓ。nunuzₓ。rag。rak。raq。sal。sala。ŋal₄。šal。ša₁₂。šel₄。ṣalₓ,rag,o0000522
𒊩𒀠,eme7。eme₇。sukkal3。sukkal₃,eme7。sal.al。sukkal3。|sal.al|,,eme₇。sal.al。sukkal₃。|sal.al|,EME7。GALA2。MUNUS.AL。SUKKAL3,eme₇。sukkal₃,,
𒊩𒀲,eme3。eme₃,eme3。sal.anše。|sal.anše|, eme3。eme3,eme₃。sal.anše。|sal.anše|,EME3。MUNUS.ANŠE,eme₃,,
𒊩𒀴𒁮,nitadamₓ,sal.arad.dam。|sal.arad.dam|,,nitadamₓ。sal.arad.dam。|sal.arad.dam|,,murubₓ。nitadamₓ,,
𒊩𒀾𒃼,asz2-gar3。aš₂-gar₃,asz2-gar3。sal.aš₂.gar₃。zeh。|sal.aš₂.gar₃|,,aš₂-gar₃。sal.aš₂.gar₃。zeh。|sal.aš₂.gar₃|,SAL.AŠ2.GAR3。ZEḪ,{munus}aš₂-gar₃,,
𒊩𒁇,rak0。rak₀,rak0。sal.bar。|sal.bar|,,rak₀。sal.bar。|sal.bar|,,rak₀,,
𒊩𒂗,emeₓ,sal.en。|sal.en|,,emeₓ。sal.en。|sal.en|,,emeₓ,,
𒊩𒂠,ege2。eger3。eger₃。ege₂。egi2。egir3。egir₃。egi₂。ninₓ,ege2。eger3。egi2。egir3。sal.eš₂。|sal.eš₂|,egi2。egir3。ÉGI。égi,eger₃。ege₂。egir₃。egi₂。ninₓ。sal.eš₂。|sal.eš₂|,EGE2。EGER3。EGI2。EGIR3。MUNUS.EGI。MUNUS.ŠE3,eger₃。ege₂。egir₃。egi₂。ninₓ,,
𒊩𒃢,kir11。kir₁₁。mirₓ,kir11。sal.ga₂×pa。|sal.ga₂×pa|, kir11。kir11,kir₁₁。mirₓ。sal.ga₂×pa。|sal.ga₂×pa|,KIR11。KIR8。MUNUS.SILA4,kir₁₁。mirₓ,,
𒊩𒄸,eme5。emerah。eme₅。lagar3。lagar₃。sukkal2。sukkal₂,eme5。lagar3。sal.hub₂。sukkal2。tunₓ。|sal.hub₂|,,emerah。eme₅。lagar₃。sal.hub₂。sukkal₂。tunₓ。|sal.hub₂|,DELMUN。DILMUN。EME5。LAGAR3。MUNUS.ḪUB2。SUKKAL2。TELMUN。TILMUN,algamešₓ。emerah。eme₅。lagar₃。rigₓ。sukkal₂,,
𒊩𒆪,e13。e₁₃。nen9。nen₉。nin9。nin₉,e13。nen9。nin9。sal.ku。|sal.ku|, nin9。NIN9。nin9,e₁₃。nen₉。nin₉。sal.ku。|sal.ku|,E13。NEN9。NIN9,,,
𒊩𒆳,amat。amtu。ge12。gem3。geme2。geme₂。gem₃。ge₁₂。gi12。gim3。gim₃。gin5。gin₅。gi₁₂,amti。ge12。gem3。geme2。gi12。gim3。gin5。sal.kur。|sal.kur|, geme2。GEME2。GEMÉ。Geme2。GÉME。GÌM。_geme2。_geme2_。amat。amtu。geme2。géme,amat。amti。amtu。geme₂。gem₃。ge₁₂。gim₃。gin₅。gi₁₂。sal.kur。|sal.kur|,AMAT。AMTU。GE12。GEM3。GEME2。GI12。GIM3。GIN5。MUNUS.KUR,amat。amti。amtu。gamₓ。geme₂。gem₃。ge₁₂。gim₃。gin₅。gi₁₂,,
𒊩𒆵,kuszuₓ。kuszₓ。kuyaₓ。kušuₓ。kušₓ,kuszuₓ。kuszₓ。sal.kušu₂。|sal.kušu₂|,,kuyaₓ。kušuₓ。kušₓ。sal.kušu₂。|sal.kušu₂|,,kuyaₓ。kušuₓ。kušₓ,,
𒊩𒆷,gal4-la。gala2。gala₂。galla2。galla₂。gal₄-la。kala2。kala₂,gal4-la。gala2。galla2。kala2。sal.la。|sal.la|,,gala₂。galla₂。gal₄-la。kala₂。sal.la。|sal.la|,GALA2。GALLA2。KALA2。MUG2。MUNUS.LA。MURUB,gala₂。galla₂。gal₄-la。kala₂,,
𒊩𒆸,emeziₓ,sal.lagab。|sal.lagab|,,emeziₓ。sal.lagab。|sal.lagab|,,emeziₓ。murubₓ,,
𒊩𒇬,emesz。emezi。emeš。eziₓ。garimₓ。garinₓ。murub2。murub₂。umahₓ。usuh,emesz。murub2。sal.lagar。|sal.lagar|,(emeš)。emeš。murub2,emezi。emeš。eziₓ。garimₓ。garinₓ。murub₂。sal.lagar。umahₓ。usuh。|sal.lagar|,EMEZI。EMEŠ。MUNUS.LAGAR。MURUB2。USUḪ,emezi。emeš。eziₓ。garimₓ。garinₓ。murub₂。umahₓ?。usuh?,,
𒊩𒈠,mam3。mam₃。mim-ma。mim4。mim₄,mam3。mim4。sal.ma。|sal.ma|,MUNUS+MA,mam₃。mim-ma。mim₄。sal.ma。|sal.ma|,E13。EREŠ。ERIŠ。IN5。MAM3。MIM4。MIN4。MUNUS.MAE5。NEN。NEN9。NI4。NIM2。NINA3,mam₃。mim-ma。mim₄,,
𒊩𒈨,lagar2。lagar₂。lukur,lagar2。sal.me。|sal.me|,LUKUR。_lukur。lukur,lagar₂。lukur。sal.me。|sal.me|,LAGAR2。LUKUR。MUNUS.ME,lagar₂。lukur,,
𒊩𒋠,nin10。nin₁₀,nin10。sal.sik₂。|sal.sik₂|,,nin₁₀。sal.sik₂。|sal.sik₂|,MUNUS.SIG2。NIN10,nin₁₀,,
𒊩𒋰𒆲,megidaₓ,sal.tab.kun。|sal.tab.kun|,,megidaₓ。sal.tab.kun。|sal.tab.kun|,,megidaₓ?,,
𒊩𒋺,kid8。kid₈,kid8。sal.tak₄。|sal.tak₄|,,kid₈。sal.tak₄。|sal.tak₄|,KID8。MUNUS.KID2,kid₈,,
𒊩𒌆,e5。eresz。ereš。erisz。eriš。e₅。in5。in₅。min4。min₄。nen。ni4。nim2。nim₂。nin。nina3。nina₃。ni₄,e5。eresz。erisz。in5。min4。ni4。nim2。nina3。sal.tug₂。|sal.tug₂|, nin。EREsz。EREš。NIN。Nin。e5。eresz。ereš。nen。ni4。nim2。nin,ereš。eriš。e₅。in₅。min₄。nen。nim₂。nin。nina₃。ni₄。sal.tug₂。|sal.tug₂|,E5。EREŠ。ERIŠ。IN5。MIN4。NEM2。NEN。NI4。NIM2。NIN。NINA3,,,
𒊩𒌆𒉽𒅊𒉣𒈨𒂬,nenkum。ninkum,sal.tug₂.pap.igi@g.nun.me.ezen×kaskal。|sal.tug₂.pap.igi@g.nun.me.ezen×kaskal|,,nenkum。ninkum。sal.tug₂.pap.igi@g.nun.me.ezen×kaskal。|sal.tug₂.pap.igi@g.nun.me.ezen×kaskal|,NENKUM。NIN.PAB.SIG7.NUN.ME.UBARA。NINKUM,,,
𒊩𒌇,dilmunₓ,sal.tuk。|sal.tuk|,,dilmunₓ。sal.tuk。|sal.tuk|,DELMUN。DILMUN。MUNUS.TUK。TELMUN。TILMUN,dilmun@v。dilmunₓ,,
𒊩𒌓,eribₓ,sal.ud。|sal.ud|,,eribₓ。sal.ud。|sal.ud|,,eribₓ,,
𒊩𒌓𒂔,muru5。murum5。murum₅。muru₅,muru5。murub₅。murum5。sal.ud.edin。|sal.ud.edin|,,murub₅。murum₅。muru₅。sal.ud.edin。|sal.ud.edin|,MUNUS.UD.EDIN。MURU5。MURUM5,murub₅。murum₅。muru₅,,
𒊩𒌨,nig。nik。niq。niŋ,sal.ur。|sal.ur|,NIG。nig。nik。niq,nig。nik。niq。niŋ。sal.ur。|sal.ur|,MUNUS.UR。NAK3。NIG。NIK。NIQ,nig。nik。niq。niŋ,,
𒊩𒍑,gidlam4。gidlam₄。gitlam4。gitlam₄。nidalam4。nidalam₄。nidlam4。nidlam₄。nintah3。nintah₃。nita3。nitadam4。nitadam₄。nitah3。nitah₃。nitalam4。nitalam₄。nita₃。nitlam4。nitlam₄。ŋidlam4。ŋidlam₄,gidlam4。gitlam4。nidalam4。nidlam4。nintah3。nita3。nitadam4。nitah3。nitalam4。nitlam4。sal.uš。|sal.uš|。ŋešdana₄。ŋešdan₄。ŋeštana₄。ŋeštan₄。ŋidlam4,,gidlam₄。gitlam₄。nidalam₄。nidlam₄。nintah₃。nitadam₄。nitah₃。nitalam₄。nita₃。nitlam₄。sal.uš。|sal.uš|。ŋešdana₄。ŋešdan₄。ŋeštana₄。ŋeštan₄。ŋidlam₄,GIDLAM4。GITLAM4。MUNUS.UŠ。NIDALAM4。NIDLAM4。NINTAḪ3。NITA3。NITALAM4。NITAḪ3。NITLAM2。NITLAM4,gidlam₄。gitlam₄。gišₓ。karkidₓ。mussaₓ。nidalam₄。nidlam₄。nigirsiₓ。nintah₃。nitadam₄。nitah₃。nitalam₄。nita₃。nitlam₄。niŋirsiₓ。ŋešdana₄。ŋešdan₄。ŋeštana₄。ŋeštan₄。ŋidlam₄,,
𒊩𒍑𒁮,gidlam。gitlam。mada。mudnaₓ。murub5。murub₅。nidalam。nidlam。nitadam。nitalam。nitlam。ŋidlam。ŋitlam,murub5。murub₅。sal.uš.dam。|sal.uš.dam|。ŋešdan。ŋešdana。ŋeštan。ŋeštana,nitadam。nitalam。ĝidlam,gidlam。gitlam。mada。mudnaₓ。nidalam。nidlam。nitadam。nitalam。nitlam。sal.uš.dam。|sal.uš.dam|。ŋešdan。ŋešdana。ŋeštan。ŋeštana。ŋidlam。ŋitlam,GIDLAM。GITLAM。MUNUS.UŠ.DAM。NIDALAM。NIDLAM。NITALAM。NITLAM,gidlam。gitlam。mada。mudnaₓ。nidalam。nidlam。nitadam。nitalam。nitlam。ŋešdan。ŋešdana。ŋeštan。ŋeštana。ŋidlam。ŋitlam,,
𒊩𒍑𒁲,gambi。gammu。gamu。munussa。mussa,gaiₓ。sal.uš.di。|sal.uš.di|,munussa,gaiₓ。gambi。gammu。gamu。munussa。mussa。sal.uš.di。|sal.uš.di|,GAMBI。GAMMU。GAMU。MUNUS.UŠ.DI。MUNUS.UŠ.DI.ḪU。MUSSA,gambi?。gammu?。gamu。munussa。mussa,,
𒊪,,,,,GARIG2。RIG6。SAL+LAGABetc.。SAL.LAGABxAŠ2。ZUM2,None,nan,o0002309
𒊫,sagga2。sagga3。sagga4。sagga5。sagga6。sagga₂。sagga₃。sagga₄。sagga₅。sagga₆。sanga2。sanga3。sanga4。sanga5。sanga6。sanga7。sanga₂。sanga₃。sanga₄。sanga₅。sanga₆。sanga₇。sangaₓ。sangu2。sangu3。sangu4。sangu5。sangu6。sangu₂。sangu₃。sangu₄。sangu₅。sangu₆。saŋa2。saŋa3。saŋa4。saŋa5。saŋa6。saŋa7。saŋa₂。saŋa₃。saŋa₄。saŋa₅。saŋa₆。saŋa₇。saŋaₓ。saŋŋa2。saŋŋa3。saŋŋa4。saŋŋa5。saŋŋa6。saŋŋa7。saŋŋa₂。saŋŋa₃。saŋŋa₄。saŋŋa₅。saŋŋa₆。saŋŋa₇,lak175。sagga2。sagga3。sagga4。sagga5。sagga6。sanga2。sanga3。sanga4。sanga5。sanga6。sanga7。sangu2。sangu3。sangu4。sangu5。sangu6。saŋa2。saŋa3。saŋa4。saŋa5。saŋa6。saŋa7。saŋŋa2。saŋŋa3。saŋŋa4。saŋŋa5。saŋŋa6。saŋŋa7,SANGA₂,lak175。sagga₂。sagga₃。sagga₄。sagga₅。sagga₆。sanga₂。sanga₃。sanga₄。sanga₅。sanga₆。sanga₇。sangaₓ。sangu₂。sangu₃。sangu₄。sangu₅。sangu₆。saŋa₂。saŋa₃。saŋa₄。saŋa₅。saŋa₆。saŋa₇。saŋaₓ。saŋŋa₂。saŋŋa₃。saŋŋa₄。saŋŋa₅。saŋŋa₆。saŋŋa₇,SANGA2,hirinₓ。sanga₂。saŋa₂,sanga₂,o0000523
𒊬,e14。e₁₄。kiri6。kiri₆。ma4。ma₄。mu2。mud6。mud₆。mu₂。nisaₓ。nisi。nisig。nissa。nisza。niša。sahar2。sahar₂。sakar。sar。sara。sariₓ。se15。se₁₅。si15。sig19。sig₁₉。si₁₅。sza8。szakar。szar。szara7。szer9。szir9。śar。šakar。šar。šara₇。ša₈。šer₉。šir₉,e14。kiri6。ma4。mu2。mud6。nisza。sahar2。sar@90。se15。si15。sig19。sza8。szakar。szar。szara7。szer9。szir9,KIRI6。Mú。SAR。Sar。[š]ar。kiri6。kiri6_。kiri₆。mu2。mú。nisi。nisig。sakar。sar。sara。szakar。szar。ša[r。šar,e₁₄。kiri₆。ma₄。mud₆。mu₂。nisaₓ。nisi。nisig。nissa。niša。sahar₂。sakar。sar。sar@90。sara。sariₓ。se₁₅。sig₁₉。si₁₅。śar。šakar。šar。šara₇。ša₈。šer₉。šir₉,KIRI6。LAMBI。MA4。MU2。MUD6。NISI。NISIG。NISSA。SAKAR。SAR。SARA。SAḪAR2。SI15。ŚAR。ŠA8。ŠAKAR。ŠAR。ŠARA7。ŠER9。ŠIR9,%akk śar。e₁₄。kiri₆。ma₄。mud₆。mu₂。nisaₓ?。nisi。nisig。nissa。niša。sahar₂。sakar。sar。sar@90。sara。sariₓ。saₓ。se₁₅。sig₁₉。si₁₅。šakar。šar。šara₇。ša₈。šer₉。šir₉,sara,o0000524
𒊬𒊬,sarsa,sar&sar。sar.sar。|sar.sar|,,sar&sar。sar.sar。sarsa。|sar.sar|,,sarsa,,
𒊬𒍪𒍪,,sar×zu&zu,,sar×zu&zu,,,,
𒊭,ara。en8。en₈。li5。li₅。na5。na₅。sa20。sa₂₀。sza。zur8。zur₈。ša,en8。li5。na5。sa20。sza。zur8,[š]a。en8。sza。zur8。ŠA。šA。š[a。š]a。ša。ša!。ša],ara。en₈。li₅。na₅。sa₂₀。zur₈。ša,ARA。EN8。LI5。NA5。SA20。ZUR8。ŠA,ara。en₈。li₅。na₅。sa₂₀。zur₈。ša,ara,o0002824
𒊮,didala。lib3。lib₃。lip3。lip₃。peszₓ。pešₓ。sa19。sa₁₉。sza3。szab2。szag4。szalambi。šab₂。šag₄。šalambi。ša₃,lib3。lip3。peszₓ。sa19。sza3。szab2。szag4。szalambi, šag4。SZA3。_sza3_。lib3。lìb。lìb]。szA3。sza3。sza3_。szag4。száb。ŠA3。ŠAG4。ŠÀ。ša3。šag4。šag₄。šà。šáb,didala。lib₃。lip₃。pešₓ。sa₁₉。šab₂。šag₄。šalambi。ša₃,GUBLA。LIB3。LIP3。SA19。ŠA3。ŠAB2。ŠAG4,didala?。iškilaₓ。lib₃。lip₃。pešₓ。sa₁₉。šab₂。šag₄。šalambi。ša₃,šag₄,o0002828
𒊮𒀀,kadraₓ,|ša₃.a|。ša₃.a,,kadraₓ。|ša₃.a|。ša₃.a,,kadraₓ,,
𒊮𒁹,lidda2。lidda₂。lidₓ,lidda2。|ša₃.diš|。ša₃.diš,,lidda₂。lidₓ。|ša₃.diš|。ša₃.diš,LIDDA2。ŠA3.DIŠ,lidda₂。lidₓ,,
𒊮𒄀,anzalub。buglu。hanzalub。puglu。pugluₓ,|ša₃.gi|。ša₃.gi,,anzalub。buglu。hanzalub。puglu。pugluₓ。|ša₃.gi|。ša₃.gi,ANZALUB。ŠA3.GI。ḪANZALUB,anzalub。buglu。hanzalub。puglu,,
𒊮𒄑𒊬,szalambiₓ。šalambiₓ,szalambiₓ。|ša₃.giš.sar|。ša₃.giš.sar,,|ša₃.giš.sar|。šalambiₓ。ša₃.giš.sar,,šalambiₓ,,
𒊮𒆸,iszhara2。išhara₂,iszhara2。|ša₃.lagab|。ša₃.lagab,,išhara₂。|ša₃.lagab|。ša₃.lagab,IŠḪARA2。ŠA3.LAGAB,išhara₂,,
𒊮𒈫𒁲,tibula3。tibula₃。tigidla3。tigidla₃,tibula3。tigidla3。|ša₃.min.di|。ša₃.min.di,,tibula₃。tigidla₃。|ša₃.min.di|。ša₃.min.di,TIBULA3。TIGIDLA3。ŠA3.MIN.DI,tibula₃。tigidla₃,,
𒊮𒈫𒆜,tibula2。tibula₂。tigidla2。tigidla₂,tibula2。tigidla2。|ša₃.min.kaskal|。ša₃.min.kaskal,,tibula₂。tigidla₂。|ša₃.min.kaskal|。ša₃.min.kaskal,TIBULA2。TIGIDLA2。ŠA3.MIN.KASKAL,tibula₂。tigidla₂,,
𒊮𒈫𒋻,tibula。tigidlaₓ,|ša₃.min.tar|。ša₃.min.tar,,tibula。tigidlaₓ。|ša₃.min.tar|。ša₃.min.tar,TIBULA。TIGIDLA。ŠA3.MIN.TAR,tibula。tigidlaₓ,,
𒊮𒊬,lambi,|ša₃.sar|。ša₃.sar,,lambi。|ša₃.sar|。ša₃.sar,ŠA3.SAR。ŠALAMBI,lambi,,
𒊮𒋻,tigidla,|ša₃.tar|。ša₃.tar,,tigidla。|ša₃.tar|。ša₃.tar,,tigidla,,
𒊯,ber7。ber₇。bir7。bir₇。isli。iszkila。iszkili。iszla。iszli。iškila。iškili。išla。išli。kiri4。kiri₄。kiszli。kišli。pesz4。peš₄。pisz4。piš₄。sur4。sur₄,ber7。bir7。isla。iszkila。iszkili。iszla。iszli。kiri4。kiszli。pesz4。pisz4。sur4。|ša₃×a|。ša₃×a,PEŠ4。peš4,ber₇。bir₇。isla。isli。iškila。iškili。išla。išli。kiri₄。kišli。peš₄。piš₄。sur₄。|ša₃×a|。ša₃×a,BER7。BIR7。IŠKILA。IŠKILI。IŠKILLA。IŠLA。IŠLI。KIRI4。PEŠ4。PIŠ4。SUR4。ŠA3xA,ber₇。bir₇。isla。isli。iškila?。iškili?。išla。išli。kiri₄。kišli。libₓ。peš₄。piš₄。sur₄,isla,o0002695
𒊰,habrud3。habruda3。habruda₃。habrud₃。nanam2。nanam₂,habrud3。habruda3。nanam2。|ša₃×bad|。ša₃×bad,,habruda₃。habrud₃。nanam₂。|ša₃×bad|。ša₃×bad,NANAM2。ŠA3xBAD。ḪABRUD3。ḪABRUDA3,habburudaₓ。habruda₃。habrud₃。nanam₂,habrud₃,o0002696
𒊱,,,,,ŠA3xGIŠ,None,nan,o0002697
𒊲,nanam。nenim。ninim,|ša₃×ne|。ša₃×ne,,nanam。nenim。ninim。|ša₃×ne|。ša₃×ne,NANAM。NENIM。NINIM。ŠA3xNE,nanam。nenim。ninim,ninim,o0002698
𒊳,gudu5。gudu₅。sza26。ša₂₆,gudu5。sza26。|ša₃×šu₂|。ša₃×šu₂,,gudu₅。|ša₃×šu₂|。ša₂₆。ša₃×šu₂,GUDU5。ŠA3xŠU2,gudu₅。ša₂₆,gudu₅,o0002703
𒊴,pesz13。peš₁₃,pesz13。|ša₃×tur|。ša₃×tur,,peš₁₃。|ša₃×tur|。ša₃×tur,PEŠ13。ŠA3xTUR,peš₁₃,peš₁₃,o0002701
𒊵,habburudaₓ。habrud4。habruda4。habruda₄。habrud₄,habrud4。habruda4。|ša₃×u|。ša₃×u,,habburudaₓ。habruda₄。habrud₄。|ša₃×u|。ša₃×u,ŠA3xU。ḪABRUD4。ḪABRUDA4,habburudaₓ。habruda₄。habrud₄,habburudaₓ,o0002702
𒊶,ber6。ber₆。bir6。bir₆,ber6。bir6。|ša₃×(u.a)|。ša₃×(u.a),(bir6)。BIR6。bir6,ber₆。bir₆。|ša₃×(u.a)|。ša₃×(u.a),BIR6。ŠA3xU.A,None。ber₆。bir₆,ber₆,o0002694
𒊷,a10。a₁₀。geszimmar。gesznimbar。gešimmar。gešnimbar。giszimmar。gisznimbar。gišimmar。gišnimbar。had3。had₃。hud4。hud₄。nimbar。pa9。pa₉。sa6。sag9。sag₉。sa₆。seg6。seg₆。sig6。sig₆。sza6。szag5。ŋeszimmar。ŋesznimbar。ŋešimmar。ŋešnimbar。ŋiszimmar。ŋisznimbar。ŋišimmar。ŋišnimbar。šag₅。ša₆,a10。geszimmar。gesznimbar。giszimmar。gisznimbar。had3。hud4。pa9。sa6。sag9。seg6。sig6。sza6。szag5。ŋeszimmar。ŋesznimbar。ŋešninbar。ŋiszimmar。ŋisznimbar, sag9。GIŠIMMAR。GIŠIMMAR;。SA6。giszimmar。gišimmar。gišimmar;。pa9。sa6。sag9。sig6。szag5。ĝišnimbar。ŠAG5。ŠA₆。šag5,a₁₀。gešimmar。gešnimbar。gišimmar。gišnimbar。had₃。hud₄。nimbar。pa₉。sag₉。sa₆。seg₆。sig₆。ŋešimmar。ŋešnimbar。ŋešninbar。ŋišimmar。ŋišnimbar。šag₅。ša₆,A10。DIDALA。ERIN5。GEŠNIMBAR。GIŠIMMAR。GIŠNIMBAR。PA9。SA6。SAG9。SEG6。SIG6。ŠA6。ŠAG5。ŠANGA。ḪAD3。ḪUD4,a₁₀?。gešimmar。gešnimbar。gišimmar。gišnimbar。had₃。hud₄。nimbar。pa₉。sag₉。sa₆。seg₆。sig₆。siqqaₓ。ŋešimmar。ŋešnimbar。ŋešninbar。ŋišimmar。ŋišnimbar。šag₅。ša₆,ŋešnimbar,o0002829
𒊷𒌉,,|ša₆.tur|。ša₆.tur,,|ša₆.tur|。ša₆.tur,SA6.TUR。SUḪḪUS,suhuš₂,,
𒊸,szab0。szab6。szap0。szap6。šab₀。šab₆。šap₀。šap₆,szab0。szab6。szap0。szap6,,šab₀。šab₆。šap₀。šap₆,ŠAB6,šab₆。šap₆,šab₀,o0002825
𒊹,1(szar2)。1(szar2@c)。1(szargal)。1(szargal@c)。1(šargal)。1(šargal@c)。1(šar₂)。1(šar₂@c)。sar2。sara2。sara₂。sare2。sare₂。sar₂。szar2。szar2@c。szara6。szargal。šara₆。šargal。šar₂。šar₂@c,1(szar2)。1(szar2@c)。1(szargal)。1(szargal@c)。3600。lak809。n01。sar2。sara2。sare2。szar2。szar2@c。szara6。szargal, šar2。3600。[šar2。[šar2]。szar2。ŠAR2。ŠÁR。šar2。šar₂。šár,1(šargal)。1(šargal@c)。1(šar₂)。1(šar₂@c)。3600。lak809。n01。sara₂。sare₂。sar₂。šara₆。šargal。šar₂。šar₂@c,3600。DE8。DI2。KUGU。SAR2。TE2。TI2。ZEZE。ŚAR2。ŠA13。ŠAD3。ŠAR2。ŠARA6。ṬE2。ṬI2,1(šargal)。1(šargal@c)。1(šar₂)。1(šar₂@c)。1(šar₂@c@v)。sara₂。sare₂。sar₂。šara₆。šargal。šargal@c。šar₂。šar₂@c,3600,o0002827
𒊺,asznan2。ašnan₂。niga。nigan。nigu。sag13。sag₁₃。sze。u20。u₂₀。še,asznan2。sag13。sze。u20,SZE。_sze。_sze_。ašnan2。niga。nigu。sze。sze_。u20。ŠE。še。še!,ašnan₂。niga。nigan。nigu。sag₁₃。u₂₀。še,AŠNAN2。NIGA。NIGU。U20。ŠE,ašnan₂。niga。nigan。nigu。nigₓ。sag₁₃。u₂₀。še。šiₓ,nigu,o0002831
𒊺𒁑,munu6。munu₆,munu6。|še.bulug|。še.bulug,MUNU6,munu₆。|še.bulug|。še.bulug,,munu₆,,
𒊺𒂠𒉣𒁍,,|še.eš₂.nun.bu|。še.eš₂.nun.bu,,|še.eš₂.nun.bu|。še.eš₂.nun.bu,SAMAN3。ŠE.ŠE3.NUN.BU,saman₃。šakkanₓ,,
𒊺𒄷𒌉,bibad。bibe,bebad。|še.hu.tur|。še.hu.tur,,bebad。bibad。bibe。|še.hu.tur|。še.hu.tur,,,,
𒊺𒅆𒌉,isinₓ,|še.igi.tur|。še.igi.tur,,isinₓ。|še.igi.tur|。še.igi.tur,,isinₓ,,
𒊺𒆕,henbur2。henbur₂,henbur2。|še.kak|。še.kak,,henbur₂。|še.kak|。še.kak,ŠE.GAG。ḪENBUR2,henbur₂,,
𒊺𒆥,kinₓ,|še.kin|。še.kin,,kinₓ。|še.kin|。še.kin,,gurₓ。kinₓ。sagaₓ。sigₓ,,
𒊺𒆥𒆥,sagaₓ,|še.kin.kin|。še.kin.kin,,sagaₓ。|še.kin.kin|。še.kin.kin,,gurₓ。sagaₓ,,
𒊺𒈗,szesag。šesag,szesag。|še.lugal|。še.lugal,,|še.lugal|。še.lugal。šesag,ŠE.LUGAL。ŠESAG,šesag,,
𒊺𒉀,nidaba。nisaba。tuₓ,|še.naga|。še.naga,NISABA。nidaba。nisaba,nidaba。nisaba。tuₓ。|še.naga|。še.naga,NIDABA。NISABA。ŠE.NAGA,None。eriš₂。hamunₓ。hilib₂。naŋa。nidaba。nisaba。tuₓ,,
𒊺𒉇,szuszₓ。šušₓ,szuszₓ。|še.nam₂|。še.nam₂,,|še.nam₂|。še.nam₂。šušₓ,,susₓ。šušinₓ。šušₓ,,
𒊺𒉣𒆸𒊺𒉣𒆸,,še.nun.lagab&še.nun.lagab,,še.nun.lagab&še.nun.lagab,,,,
𒊺𒉪𒆸𒊺𒉪𒆸,,še.nun&nun.lagab&še.nun&nun.lagab,,še.nun&nun.lagab&še.nun&nun.lagab,,,,
𒊺𒉪𒊺𒉪,,še.nun&nun&še.nun&nun,,še.nun&nun&še.nun&nun,,,,
𒊺𒉽𒉽,munuₓ,|še.pap.pap|。še.pap.pap,,munuₓ。|še.pap.pap|。še.pap.pap,BULUG5。ŠE.PAB.PAB,munuₓ,,
𒊺𒊺,,še&še,,še&še,,,,
𒊺𒊺𒆥,gurₓ,|še.še.kin|。še.še.kin,,gurₓ。|še.še.kin|。še.še.kin,,gurₓ。sagaₓ,,
𒊺𒊺𒉪,asznan。asznana。ašnan。ašnana。ezennaₓ。ezim2。ezim₂。ezin2。ezina2。ezina₂。ezinu2。ezinu₂。ezin₂,asznan。asznana。ezim2。ezin2。ezina2。ezinam₂。ezinan₂。ezinu2。|še.še.nun&nun|。še.še.nun&nun,asznan。ašnan,ašnan。ašnana。ezennaₓ。ezim₂。ezinam₂。ezinan₂。ezina₂。ezinu₂。ezin₂。|še.še.nun&nun|。še.še.nun&nun,,,,
𒊺𒋀,szemusz。šemuš,szemusz。|še.šeš|。še.šeš,,|še.šeš|。še.šeš。šemuš,,šemuš,,
𒊺𒋦,ubiₓ,|še.suhur|。še.suhur,,ubiₓ。|še.suhur|。še.suhur,,,,
𒊺𒌁,,ezinu,,ezinu,AŠNAN。EZIM2。EZIN2。EZINA2。EZINU。EZINU2。ŠE.TIR,ašnan。ašnana。ezennaₓ。ezim₂。ezinam₂。ezinan₂。ezina₂。ezinu₂。ezin₂,,
𒊻,"bazbazₓ。us。us,。usz10。uz。uza。uzu3。uzu₃。uš₁₀。uṣ","us,。usz10。uzu3。|še.hu|。še.hu","US。UZ。us。us,。uz。uṣ",bazbazₓ。us。uz。uza。uzu₃。uš₁₀。uṣ。|še.hu|。še.hu,US。UZ。UZU3。UŠ10。UŠ11。UṢ。ŠE.ḪU,bazbazₓ。us。uz。uza。uzu₃。uš₁₀。uṣ,uz,o0002714
𒊻𒌉,,,,,BIBAD。BIBE。UZ.TUR,bebad。bibad。bibe,,
𒊼,garadin2。garadin₂。karadin2。karadin₂,garadin2。karadin2。|še&še.gad&gad.gar&gar|。še&še.gad&gad.gar&gar,(karadin2)。karadin2,garadin₂。karadin₂。|še&še.gad&gad.gar&gar|。še&še.gad&gad.gar&gar,GARADIN2。KARADIN2。ŠEoverŠE.GADoverGAD.NIG2overNIG2,garadin₂。karadin₂,garadin₂,o0002705
𒊽,garadin3。garadin₃。karadin3。karadin₃,garadin3。karadin3。|še&še.tab&tab.gar&gar|。še&še.tab&tab.gar&gar,(karadin3)。karadin3,garadin₃。karadin₃。|še&še.tab&tab.gar&gar|。še&še.tab&tab.gar&gar,GARADIN3。KARADIN3。ŠEoverŠE.TABoverTAB.NIG2overNIG2,garadin₃。karadin₃,garadin₃,o0002708
𒊾,kiszi6。kiši₆。sa21。sabar2。sabar₂。sa₂₁。seg14。segga。seg₁₄。sig14。sigga。sig₁₄。szeg9。szega9。szegga。szenbar。szenₓ。szeŋ9。šega₉。šegga。šeg₉。šenbar。šenₓ。šeŋ₉,kiszi6。lak263。sa21。sabar2。seg14。sig14。szeg9。szega9。szegga。szenbar。szenₓ。szeŋ9。šeŋbar,ŠEG9。šeg9。šeg₉,kiši₆。lak263。sabar₂。sa₂₁。segga。seg₁₄。sigga。sig₁₄。šega₉。šegga。šeg₉。šenbar。šenₓ。šeŋbar。šeŋ₉,KIŠI6。SA21。SEG14。SEGGA。SIG14。SIGGA。ŠEG9。ŠEGA9。ŠENBAR。ŠU2.ŠE.KU.GAG,armanuₓ。kiši₆。mašdaₓ。sabar₂。sa₂₁。segga。seg₁₄。sigga。sig₁₄。šega₉。šegbarₓ。šegga。šeg₉。šenbar?。šenₓ。šeŋbar?。šeŋ₉,sigga,o0002832
𒊾𒁇,sabar,|šeg₉.bar|。šeg₉.bar,,sabar。|šeg₉.bar|。šeg₉.bar,SABAR。ŠEG9.BAR,sabar,,
𒊿,dur10。dur₁₀。rik4。rik₄。rug。ruk。ruq。ruqu。san2。san₂。sun6。sun₆。szen。szin。szun。zin。šen。šin。šun,dur10。rik4。san2。sun6。su×a。szen。szin。szun,ZIN。dur10。ruk。szen。szen#。szin。szun。ŠEN。ŠUN。ŠUN;。šen。šin。šun。šun;,dur₁₀。rik₄。rug。ruk。ruq。ruqu。san₂。sun₆。su×a。zin。šen。šin。šun,DUR10。DUR6。RIG4。RIK4。RIQ4。RUG。RUK。RUQ。RUQU。SAN。SAN2。SUN6。SUxA。ŠAN3。ŠEN。ŠIN。ŠUN,dur₁₀。rik₄。rug。ruk。ruq。ruqu。san₂。sun₆。zin。šemₓ。šen。šin。šun,ruk,o0002833
𒋀,"ah2。aha2。aha₂。ahi。ah₂。mun4。mun₄。musz5。muš₅。sas。ses。sis。sisz。siš。szas。szas,。szasz。sze16。szes。szes,。szesz。szis,。szisz。sziz。zahₓ。šas。šaš。šaṣ。šes。šeš。šeṣ。še₁₆。šiz。šiš。šiṣ","ah2。aha2。mun4。musz5。sisz。szas。szas,。szasz。sze16。szes。szes,。szesz。szis,。szisz。sziz",SZESZ。musz5。ses。sis。sisz。szesz。szisz。ŠEŠ。šas。šeš。šiš,aha₂。ahi。ah₂。mun₄。muš₅。sas。ses。sis。siš。zahₓ。šas。šaš。šaṣ。šes。šeš。šeṣ。še₁₆。šiz。šiš。šiṣ,AḪ2。AḪA2。AḪI。MUN4。MUŠ5。NAN。SES。SIS。SIŠ。URI3。URIN。URU3。ŠAS。ŠAŠ。ŠAṢ。ŠE16。ŠES。ŠEŠ。ŠEṢ。ŠIS。ŠIZ。ŠIŠ。ŠIṢ,aha₂。ahi。ah₂。mun₄。muš₅。sasₓ。ses。sis。siš。zahₓ。zaₓ。šas。šaz。šaš。šaṣ。šes。šeš。šeṣ。še₁₆。šiz。šiš。šiṣ,nan,o0002834
𒋀𒀊,ura16。uram2。uram₂。ura₁₆。uri5。urim5。urim₅。uri₅。uru15。urum6。urum₆。uru₁₅,ura16。uram2。uri5。urim5。uru15。urum6。|šeš.ab|。šeš.ab,URI₅。Uri5。uri5。urim5。uri₅,uram₂。ura₁₆。urim₅。uri₅。urum₆。uru₁₅。|šeš.ab|。šeš.ab,URA16。URAM2。URI5。URIM5。URU15。URUM6。ŠEŠ.AB,uram₂。ura₁₆。urim₅。uri₅。urum₆。uru₁₅,,
𒋀𒀕,ura15。uram。ura₁₅。uri2。urim2。urim₂。uri₂。uru14。urum5。urum₅。uru₁₄,ura15。uri2。urim2。uru14。urum5。|šeš.ab@g|。šeš.ab@g,uri2,uram。ura₁₅。urim₂。uri₂。urum₅。uru₁₄。|šeš.ab@g|。šeš.ab@g,URA15。URAM。URI2。URIM2。URU14。URUM5。ŠEŠ.UNUG,uram。ura₁₅。urim₂。uri₂。urum₅。uru₁₄,,
𒋀𒄷𒄷,urinₓ,|šeš.hu.hu|。šeš.hu.hu,,urinₓ。|šeš.hu.hu|。šeš.hu.hu,,urinₓ,,
𒋀𒅁,dugₓ。duₓ,|šeš.ib|。šeš.ib,,dugₓ。duₓ。|šeš.ib|。šeš.ib,,dugₓ。duₓ,,
𒋀𒆠,nan2。nanna。nan₂,nan2。|šeš.ki|。šeš.ki,NANNA。Nanna。nan2。nanna,nanna。nan₂。|šeš.ki|。šeš.ki,URU3.KI,nanna。nan₂,,
𒋁,sze8。szesz2。szisz2。šeš₂。še₈。šiš₂,sze8。szesz2。szisz2,SZESZ2。sze8。szesz2。ŠEŠ₂。ŠÉŠ。še8。šeš2。šeš₂。šéš,šeš₂。še₈。šiš₂,ADKIN。AŠ6。SIG2.LAM。SIKIN。ŠE8。ŠEŠ2。ŠIKIN2。ŠIKIN3。ŠIŠ2,adkinₓ。šeš₂。še₈。šiš₂,še₈,o0002836
𒋂,szeszlam。šešlam,szeszlam,ŠEŠLAM。šešlam,šešlam,ŠEŠLAM,šešlam,šešlam,o0002835
𒋃,"ag3。ag₃。ak3。aka3。aka₃。ak₃。alal2。alal₂。alamu2。alamu₂。almu2。almu₂。aŋ3。aŋ₃。bisag2。bisag₂。bisan2。bisan₂。bisaŋ2。bisaŋ₂。dilib。dim12。dim₁₂。elal2。elal₂。gir13。gir₁₃。gud9。gud₉。ka9。kas7。kas₇。ka₉。kid4。kid₄。kirban。kiri8。kiri₈。la10。lag。lak。laka。laq。la₁₀。lik2。lik₂。liq2。liq₂。mer4。mer₄。nesag2。nesag₂。nesaŋ2。nesaŋ₂。nisag2。nisag₂。nisaŋ2。nisaŋ₂。pa8。pa₈。pisag2。pisag₂。pisan2。pisan₂。pisaŋ2。pisaŋ₂。sag5。sagga。sag₅。sanga。sangu。saŋ5。saŋa8。saŋa₈。saŋŋa。saŋ₅。sid2。sid₂。sila11。silag。silaŋ。sila₁₁。silaₓ。sinₓ。sit2。sit₂。subₓ。szanga。sze14。szed。szet。szid。szit。szit,。szita5。sziti。szitim2。szub6。szud4。szudum。szutum3。te6。te₆。tu14。tuba3。tuba₃。tu₁₄。ubisag。umbisag。umbisaŋ。ut,u2。uttu2。uttu₂。uṭu₂。zadra。zadri。zadru。zandar。zandara。šanga。šed。šet。še₁₄。šid。šit。šita₅。šiti。šitim₂。šiṭ。šub₆。šudum。šud₄。šutum₃","ag3。ak3。aka3。alal2。alamu2。almu2。aŋ3。bisag2。bisan2。bisaŋ2。dim12。elal2。gir13。giri₁₃。gud9。ka9。kas7。kid4。kiri8。la10。lik2。liq2。mer4。nesag2。nesaŋ2。nisag2。nisaŋ2。pa8。pisag2。pisan2。pisaŋ2。sag5。saŋ5。saŋa8。sid2。sila11。sit2。szanga。sze14。szed。szet。szid。szit。szit,。szita5。sziti。szitim2。szub6。szud4。szudum。szutum3。te6。tu14。tuba3。ut,u2。uttu2","GIR13。KA9。LAG。SAG5。SANGA。SANGA~b。UMBISAG。[š]et。aka3。dilib。ka9。lag。lak。lak?]。laq。pa8。pisaj2。sajja。sanga。sangu。saĝ5。sila11。szet。szid。szit。szit,。umbisag。ŠID。šed。šet。šid。šit。šita5",ag₃。aka₃。ak₃。alal₂。alamu₂。almu₂。aŋ₃。bisag₂。bisan₂。bisaŋ₂。dilib。dim₁₂。elal₂。giri₁₃。gir₁₃。gud₉。kas₇。ka₉。kid₄。kirban。kiri₈。lag。lak。laka。laq。la₁₀。lik₂。liq₂。mer₄。nesag₂。nesaŋ₂。nisag₂。nisaŋ₂。pa₈。pisag₂。pisan₂。pisaŋ₂。sagga。sag₅。sanga。sangu。saŋa₈。saŋŋa。saŋ₅。sid₂。silag。silaŋ。sila₁₁。silaₓ。sinₓ。sit₂。subₓ。te₆。tuba₃。tu₁₄。ubisag。umbisag。umbisaŋ。uttu₂。uṭu₂。zadra。zadri。zadru。zandar。zandara。šanga。šed。šet。še₁₄。šid。šit。šita₅。šiti。šitim₂。šiṭ。šub₆。šudum。šud₄。šutum₃,AG3。AK3。AKA3。ALAL2。ALAMU2。ALMU2。BISAG2。BISAN2。DILIB。DIM12。ELAL2。GIR13。GUD9。KA9。KAS7。KID4。KIR15。KIRI8。LA10。LAG。LAK。LAKA。LAQ。LIG2。LIK2。LIQ2。MER4。NESAG2。NISAG2。PA8。PISAG2。PISAN2。PIŠ10。QIR9。SAG5。SAGGA。SAMAG3。SANGA。SANGU。SED2。SID2。SIL11。SILA11。SILAG。SILx。SIN3。SIT2。TE6。TU14。TUBA3。UBISAG。UM3。UMBISAG。UTTU2。UTTU3。ZADRU。ZAG3。ZANDARA。ŠANGA。ŠANGU。ŠANGU2。ŠE14。ŠED。ŠID。ŠIT。ŠITA5。ŠITI。ŠITIM2。ŠIṬ。ŠUB6。ŠUD4。ŠUDUM,ag₃。aka₃。ak₃。alal₂。alamu₂。almu₂。aŋ₃。bisag₂。bisan₂。bisaŋ₂。dilib。dim₁₂。elal₂。giri₁₃。gir₁₃。gud₉。kas₇。ka₉。kid₄。kirban。kiri₈。lag。lak。laka。laq。la₁₀。lik₂。liq₂。mer₄。nesag₂。nesaŋ₂。nisag₂。nisaŋ₂。pa₈。pisag₂。pisan₂。pisaŋ₂。sagga。sag₅。sandaₓ。sanga。sangu。saŋa₈。saŋŋa。saŋ₅。sid₂。silag。silaŋ。sila₁₁。sinₓ。sit₂。subₓ。te₆。tuba₃。tu₁₄。ubisag。umbisag。umbisaŋ。uttu₂。uṭu₂。zadra。zadri。zadru。zandar。zandara。šanga。šed。šet。še₁₄。šid。šit。šita₅。šiti。šitim₂。šiṭ。šub₆。šudum。šud₄。šutum₃,sangu,o0002837
𒋃𒊒,rigₓ,|šid.ru|。šid.ru,,rigₓ。|šid.ru|。šid.ru,,rigₓ,,
𒋄,alal。alalmu。alamu。alaₓ。almu。bisag3。bisag₃。bisan3。bisan₃。bisaŋ3。bisaŋ₃。bizeg3。bizeg₃。bizem3。bizem₃。elal。hubhub。kirbanu。mezeg。mezem。mezeŋ。mizeg。mizem。pisag3。pisag₃。pisan3。pisan₃。pisaŋ3。pisaŋ₃。ubisag2。ubisag₂。umbisag2。umbisag₂。umbisaŋ2。umbisaŋ₂,bisag3。bisan3。bisaŋ3。bizeg3。bizem3。pisag3。pisan3。pisaŋ3。ubisag2。umbisag2。umbisaŋ2。|šid×a|。šid×a,alal。mezej。pisan3。umbisag2。ÚMBISAG。úmbisag,alal。alalmu。alamu。alaₓ。almu。bisag₃。bisan₃。bisaŋ₃。bizeg₃。bizem₃。elal。hubhub。kirbanu。mezeg。mezem。mezeŋ。mizeg。mizem。pisag₃。pisan₃。pisaŋ₃。ubisag₂。umbisag₂。umbisaŋ₂。|šid×a|。šid×a,ALAL。ALAMU。ALMU。BISAG3。BISAN3。BIZEG3。BIZEM3。ELAL。MEZEG。MEZEM。PISAG3。PISAN3。UBISAG2。UMBISAG2。ŠIDxA。ḪUBḪUB,alal。alalaₓ。alalmu。alamu。alaₓ。almu。bisag₃。bisan₃。bisaŋ₃。bizeg₃。bizem₃。elal。hubhub。kirbanu?。mezeg。mezem。mezeŋ。mezeₓ。mizeg。mizem。pisag₃。pisan₃。pisaŋ₃。ubisag₂。umbisag₂。umbisaŋ₂,elal,o0002743
𒋅,hubhub2。hubhub₂,hubhub2。|šid×im|。šid×im,,hubhub₂。|šid×im|。šid×im,ŠIDxIM。ḪUBḪUB2,hubhub₂,hubhub₂,o0002744
𒋆,asila2。asilal2。asilal₂。asila₂。asilla2。asilla₂。bappir2。bappira2。bappira₂。bappir₂。lumgi。lunga。mud5。mud₅。mulugₓ。ningi。nugₓ。nungi。reg。rek。req。rig。rik。riq。sem。sim。sirasz。siraš。siris。sirisz。siriš。su20。su₂₀。szem。szembi2。szembizi。szembizid。szi6。szim。szimbi2。szimbizi。šem。šembizi。šembizid。šembi₂。šim。šimbizi。šimbi₂。ši₆,asila2。asilal2。asilla2。babir₂。bappir2。bappira2。mud5。sirasz。sirisz。su20。szem。szembi2。szembizi。szembizid。szi6。szim。szimbi2。szimbizi,SIM。lunga。rig。rik。riq。sim。szem。szim。ŠIM。šem。šim,asilal₂。asila₂。asilla₂。babir₂。bappira₂。bappir₂。lumgi。lunga。mud₅。mulugₓ。ningi。nugₓ。nungi。reg。rek。req。rig。rik。riq。sem。sim。siraš。siris。siriš。su₂₀。šem。šembizi。šembizid。šembi₂。šim。šimbizi。šimbi₂。ši₆,ASILA2。ASILAL2。ASILLA2。BAPPIR2。BAPPIRA2。BAPPIRU2。LUMGI。LUNGA。MUD5。NINGI。NUNGI。REQ。RIG。RIK。RIQ。SIRAŠ。SIRIS。SU20。ŚIM。ŠEM。ŠEMBIZI。ŠEMKAŠZI。ŠI6。ŠIM。ŠIMBI2。ŠIMBIZI,%akk śem。%akk śim。asilal₂。asila₂。asilla₂。babir₂。bappira₂。bappiruₓ。bappir₂。birₓ。girimₓ。lumgi。lunga。mud₅。mulugₓ。ningi。nugₓ。nungi。reg。rek。req。rig。rik。riq。sem。siraš。siris。siriš。su₂₀。šem。šembizi。šembizid。šembi₂。šembulugₓ。šim。šimbizi。šimbi₂。ši₆,rik,o0002838
𒋆𒀭𒈦,ligidba2。ligidba₂,ligidba2。|šim.an.maš|。šim.an.maš,,ligidba₂。|šim.an.maš|。šim.an.maš,LIGIDBA。LIGIDBA2。ŠIM.AN.MAŠ。ŠIM.DINGIRMAŠ,ligidba₂,,
𒋆𒀭𒊩𒌆𒅁,ligidba,|šim.an.sal.tug₂.ib|。šim.an.sal.tug₂.ib,,ligidba。|šim.an.sal.tug₂.ib|。šim.an.sal.tug₂.ib,LIGIDBA。ŠIM.AN.NIN.IB。ŠIM.DINGIRNIN.URTA,,,
𒋆𒁄,,|šim.bal|。šim.bal,,|šim.bal|。šim.bal,,šembulugₓ,,
𒋇,dumgal。lumgi2。lumgi₂。lunga2。lunga₂。ningi2。ningi₂。nungi2。nungi₂。sirasz2。siraš₂。siris2。siris₂,lumgi2。lunga2。ningi2。nungi2。sirasz2。siris2。|šim×a|。šim×a,DUMGAL。dumgal,dumgal。lumgi₂。lunga₂。ningi₂。nungi₂。siraš₂。siris₂。|šim×a|。šim×a,DUMGAL。LUMGI2。LUNGA。LUNGA2。NINGI2。NUNGI2。SIRAŠ2。SIRIS。SIRIS2。ŠIMxA,dumgal。lumgi₂。lunga₂。ningi₂。nungi₂。siraš₂。siris₂,dumgal,o0002748
𒋈,szembulug4。szimbulug4。šembulug₄。šimbulug₄,szembulug4。szimbulug4。|šim×bal|。šim×bal,(šembulug4)。šembulug4,|šim×bal|。šembulug₄。šimbulug₄。šim×bal,NUG4。ŠEMBULUG4。ŠEMMUG。ŠEMMUG3。ŠIMBULUG4。ŠIMMUG3。ŠIMxBAL,nugₓ。šembulug₄。šimbulug₄,šembulug₄,o0002749
𒋉,szembulug5。szemmug。szimbulug5。szimmug。šembulug₅。šemmug。šimbulug₅。šimmug,szembulug5。szemmug。szimbulug5。szimmug。|šim×bulug|。šim×bulug,,|šim×bulug|。šembulug₅。šemmug。šimbulug₅。šimmug。šim×bulug,ŠEMBULUG5。ŠEMMUG。ŠIMBULUG5。ŠIMMUG。ŠIMxBULUG,šembulug₅。šemmug。šimbulug₅。šimmug,šembulug₅,o0002750
𒋊,nug2。nug₂,nug2。|šim×din|。šim×din,(nug2)。nug2,nug₂。|šim×din|。šim×din,NUG2。ŠIMxDIN,nug₂,nug₂,o0002751
𒋋,bappir。bappira。birₓ。lumgi3。lumgi₃。lunga3。lunga₃。ningi3。ningi₃。nungi3。nungi₃。sirasz3。siraš₃。siris3。siris₃。szinₓ。šinₓ,babir。lumgi3。lunga3。ningi3。nungi3。sirasz3。siris3。szinₓ。|šim×gar|。šim×gar,BAPPIR。bappir,babir。bappir。bappira。birₓ。lumgi₃。lunga₃。ningi₃。nungi₃。siraš₃。siris₃。|šim×gar|。šim×gar。šinₓ,BAPIR。BAPPIR。BAPPIRA。LUMGI。LUMGI3。LUNGA3。LUNGI。NINGI。NINGI3。NUNGI。NUNGI3。SIRAŠ3。SIRIS3。ŠIMxNIG2。ŠIMxNINDA,babir。bappir。bappira。bappiruₓ。birₓ。lumgi₃。lunga₃。ningi₃。nungi₃。siraš₃。siris₃。šinₓ,siraš₃,o0002752
𒋌,szembulug3。szimbulug3。šembulug₃。šimbulug₃,szembulug3。szimbulug3。|šim×igi|。šim×igi,(šembulug3)。šembulug3,|šim×igi|。šembulug₃。šimbulug₃。šim×igi,BULUG8。ŠEMBULUG3。ŠIMBULUG3。ŠIMxIGI,šembulug₃。šimbulug₃,šembulug₃,o0002754
𒋍,szembi。szimbi。šembi。šimbi,szembi。szimbi。|šim×igi@g|。šembi⁻。šim×igi@g,szimbi。šembi,|šim×igi@g|。šembi。šembi⁻。šimbi。šim×igi@g,ŠEMBI。ŠEMKAŠ。ŠIMBI。ŠIMxIGIgunû。ŠIMxSIG7,šembi。šimbi,šembi,o0002753
𒋎,szembulugₓ。šembulugₓ,szembulugₓ。|šim×kušu₂|。šim×kušu₂,,|šim×kušu₂|。šembulugₓ。šim×kušu₂,ŠIMxKUŠU2,bulugₓ。šembulugₓ。šimbulugₓ,šembulugₓ,o0002755
𒋏,szaqa2。szaqu2。szuquₓ。šaqa₂。šaqu₂。šuquₓ,szaqa2。szaqu2。szuquₓ。|šim×lul|。šim×lul,(šaqa2)。šaqa2,|šim×lul|。šaqa₂。šaqu₂。šim×lul。šuquₓ,ŠAQA2。ŠAQU2。ŠIMxLUL,šaga₂。šaqa₂。šaqu₂。šuquₓ,šaqa₂,o0002756
𒋐,nug。szimbulug2。šimbulug₂,szimbulug2。|šim×mug|。šim×mug,,nug。|šim×mug|。šimbulug₂。šim×mug,BULUG6。NUG。ŠEMBULUG2。ŠIMBULUG2。ŠIMxMUG,nug。šimbulug₂?,nug,o0002757
𒋑,szemeszal。szemmiszla。szemszala。szimeszal。szimeszszal。szimmeszla。šemešal。šemmišla。šemšala。šimešal。šimeššal。šimmešla,szemeszal。szemmiszla。szemszala。szimeszal。szimeszszal。szimmeszla。|šim×sal|。šim×sal,(šemešal)。šemešal,|šim×sal|。šemešal。šemmišla。šemšala。šimešal。šimeššal。šimmešla。šim×sal,ŠEMEŠAL。ŠEMLILLA。ŠEMMEŠLA。ŠIMEŠAL。ŠIMMEŠLA。ŠIMxMUNUS。ŠIMxSAL,šemešal。šemmišla。šemšala。šimešal。šimeššal。šimmešla,šemešal,o0002759
𒋒,szinig。šinig,szinig。šeneg,szinig。ŠINIG。šinig,šeneg。šinig,GAD.NAGA。ŠINIG,šeneg。šinig,šinig,o0002839
𒋓,as5。asz7。as₅。aš₇。gasaₓ。sil8。sil₈。sir4。siru。sirum。sir₄。szer。szir。szur3。šer。šir。šur₃,as5。asz7。ašgi₂。sil8。sir4。szer。szir。szur3。šeri,SZIR。aš7。szir。szur3。ŠIR。šer。šir。šur3,as₅。ašgi₂。aš₇。gasaₓ。sil₈。siru。sirum。sir₄。šer。šeri。šir。šur₃,AS5。AŠ7。DURI。NU11。PIL6。SIL8。SIR4。SIRU。SIRUM。ŠER。ŠIR。ŠUR3,as₅。ašgi₂。aš₇。gasaₓ。sil₈。siru。sirum。sir₄。šer。šeri。šir。šur₃,šeri,o0002840
𒋓𒄄,asz7-gi4。aszgi。ašgi。aš₇-gi₄,asz7-gi4。aszgi。|šir.gi₄|。šir.gi₄,,ašgi。aš₇-gi₄。|šir.gi₄|。šir.gi₄,,ašgi。aš₇-gi₄,,
𒋔,,,ŠIR@t,,ŠIRtenû,None,nan,o0000492
𒋔𒋡,ŋizzal2。ŋizzal₂,|šir@t.sila₃|。ŋizzal2。šir@t.sila₃,,|šir@t.sila₃|。ŋizzal₂。šir@t.sila₃,GIZAL3。GIZZAL2。ŠIRtenû.SILA3,ŋešniₓ。ŋizzal₂,,
𒋕,numma,nu₁₁&nu₁₁.bur&bur。|nu₁₁&nu₁₁.bur&bur|,,numma。nu₁₁&nu₁₁.bur&bur。|nu₁₁&nu₁₁.bur&bur|,ŠIRoverŠIR.BURoverBUR,numma,numma,o0002163
𒋖,eszda3。ešda₃。lidda。nuₓ。szita。šita,eszda3。lak503。szita,(šita)。ŠITA。šita,ešda₃。lak503。lidda。nuₓ。šita,EŠDA3。LIDDA。ŠITA,ešda₃。lidda。meₓ。nuₓ。tišdanₓ。šita,lidda,o0002842
𒋖𒄑,,,,,EŠDA。GA2.GIŠ。LIDDA。RIG3。UDUB2。UDUG2。UTUG2。ŠITA2。ḪA8,alₓ。ešda。gišha。ha₈?。liddaₓ。rig₃。udub₂。udug₂。utug₂?。šita₂,,
𒋖𒄑𒌆,eszda2。esztaₓ。ešda₂。eštaₓ。i9。i₉,eszda2。esztaₓ。i9。|šita.giš.tug₂|。šita.giš.tug₂,,ešda₂。eštaₓ。i₉。|šita.giš.tug₂|。šita.giš.tug₂,,ešda₂。eštaₓ。i₉,,
𒋗,1(szu)。1(szu@c)。1(šu)。1(šu@c)。kat7。kat₇。qad。qat。qata。sagiₓ。szu。šu,1(szu)。1(szu@c)。kat7。szu, šu。Qat。SZU。[szu]。[šu。_szu。_szu_。qad。qat。szU。szu。szu#。ŠU。š]u。šu。šu!,1(šu)。1(šu@c)。kat₇。qad。qat。qata。sagiₓ。šu,KAT6。KAT7。QAD。QAT。QATA。ŠU,1(šu)。1(šu@c)。giriₓ。kat₇。qad。qat。qata。sagiₓ。takaₓ。šu。šu@c,qat,o0002845
𒋗𒀭,giri20。giri₂₀,giri20。|šu.an|。šu.an,,giri₂₀。|šu.an|。šu.an,GIRI20。ŠU.AN,giri₂₀,,
𒋗𒁁,udu2。udu₂。usz16。uš₁₆。zapah。zipah2。zipah₂,udu2。usz16。zipah2。|šu.bad|。šu.bad,,udu₂。uš₁₆。zapah。zipah₂。|šu.bad|。šu.bad,UDU2。UŠ16。ZAPAḪ。ŠU.BAD,udu₂。uš₁₆?。zapah。zipah₂,,
𒋗𒁍,dubul。dulu。ul7。ul₇,ul7。|šu.bu|。šu.bu,,dubul。dulu。ul₇。|šu.bu|。šu.bu,DUBUL。DULU。UL7。ŠU.BU,dubul。dulu。ul₇,,
𒋗𒁲,,,,,SUḪUB4。ŠU.DI.EŠ,None,,
𒋗𒁲𒌋𒌋𒌋,sahab2。sahab₂。suhub4。suhub₄。szahab2。szuhub4。šahab₂。šuhub₄,sahab2。suhub4。suhubₓ。szahab2。szuhub4。|šu.di.u.u.u|。šu.di.u.u.u,suhub4,sahab₂。suhub₄。suhubₓ。|šu.di.u.u.u|。šahab₂。šu.di.u.u.u。šuhub₄,,,,
𒋗𒁶,girah,|šu.dim₂|。šu.dim₂,,girah。|šu.dim₂|。šu.dim₂,GIRAḪ。ŠU.GIM,girah,,
𒋗𒁹,sahab。suhub3。suhub₃。szahab。šahab,suhub3。szahab。|šu.diš|。šu.diš,,sahab。suhub₃。|šu.diš|。šahab。šu.diš,SAGIL。SAḪAB。SUḪUB3。ŠAGIL。ŠAḪAB。ŠU.DIŠ,sahab。suhub₃。šahab,,
𒋗𒂞𒈨,szurmenₓ。šurmenₓ,szurmenₓ。|šu.eren.me|。šu.eren.me,,|šu.eren.me|。šu.eren.me。šurmenₓ,,šurmenₓ,,
𒋗𒂵,suhub5。suhub₅,suhub5。|šu.ga|。šu.ga,,suhub₅。|šu.ga|。šu.ga,SUḪUB5。ŠU.GA,suhub₅,,
𒋗𒃶,pesz8。peš₈,pesz8。|šu.gan|。šu.gan,,peš₈。|šu.gan|。šu.gan,PEŠ8。ŠU.GAN,peš₈?,,
𒋗𒃸,durunₓ。szukra。szunigin。šukra。šunigin,szukra。szunigin。|šu.gan₂@t|。šu.gan₂@t,szunigin,durunₓ。|šu.gan₂@t|。šu.gan₂@t。šukra。šunigin,ŠU.KAR2。ŠUKRA,durunₓ。šukra。šunigin。šuniŋin,,
𒋗𒃻,,|šu.gar|。šu.gar,,|šu.gar|。šu.gar,,tukumₓ,,
𒋗𒃻𒌉𒇲,tukum。tukumₓ。tukun,|šu.gar.tur.lal|。šu.gar.tur.lal,tukum,tukum。tukumₓ。tukun。|šu.gar.tur.lal|。šu.gar.tur.lal,TUKUM。TUKUN。ŠU.NIG2.TUR.LAL,tukum。tukun,,
𒋗𒃻𒌉𒇲𒁉,tukumbi。tukumbiₓ。tukunbi,|šu.gar.tur.lal.bi|。šu.gar.tur.lal.bi,tukumbi,tukumbi。tukumbiₓ。tukunbi。|šu.gar.tur.lal.bi|。šu.gar.tur.lal.bi,TUKUMBI。TUKUNBI。ŠU.NIG2.TUR.LAL.BI,tukumbi。tukunbi,,
𒋗𒄀,szu-gi。šu-gi,szu-gi。|šu.gi|。šu.gi,,|šu.gi|。šu-gi。šu.gi,,šu-gi,,
𒋗𒄃,szugi。šugi,szugi。|šu.gi%gi|。šu.gi%gi,,|šu.gi%gi|。šu.gi%gi。šugi,,šugi,,
𒋗𒄩,szukudₓ。šukudₓ,szukudₓ。|šu.ha|。šu.ha。šukud₂。šukud₃。šukudₓ。šuku₂。šuku₃,,|šu.ha|。šu.ha。šukud₂。šukud₃。šuku₂。šuku₃,,šukud₂。šuku₂,,
𒋗𒆒,pesz14。peš₁₄,pesz14。|šu.kad₄|。šu.kad₄,,peš₁₄。|šu.kad₄|。šu.kad₄,,peš₁₄,,
𒋗𒆗,liri。liru。lirum。szugbar。szugmasz。szukbar。šugbar。šugmaš。šukbar,szugbar。szugmasz。szukbar。|šu.kal|。šu.kal,lirum,liri。liru。lirum。|šu.kal|。šu.kal。šugbar。šugmaš。šukbar,,liri。liru。lirum。šugbar?。šugmaš?。šukbar?,,
𒋗𒆸,tinurₓ,|šu.lagab|。šu.lagab,,tinurₓ。|šu.lagab|。šu.lagab,,tinurₓ,,
𒋗𒆸𒈾,delen2。delena2。delena₂。delen₂。dilim4。dilim₄。dilin2。dilina2。dilina₂。dilin₂。durun3。duruna3。duruna₃。durun₃。tinur2。tinur₂,delen2。delena2。dilim4。dilin2。dilina2。durun3。duruna3。tinur2。|šu.lagab.na|。šu.lagab.na,,delena₂。delen₂。dilim₄。dilina₂。dilin₂。duruna₃。durun₃。tinur₂。|šu.lagab.na|。šu.lagab.na,DELEN2。DELENA2。DILEN2。DILENA2。DURUN3。DURUNA3。ŠU.LAGAB.NA,delena₂。delen₂。dilim₄。dilina₂。dilin₂。duruna₃。durun₃。tinur₂,,
𒋗𒇲𒌉,,|šu.lal.tur|。šu.lal.tur,,|šu.lal.tur|。šu.lal.tur,,tukumbiₓ。tukumₓ,,
𒋗𒇽,giri19。giri₁₉,giri19。|šu.lu₂|。šu.lu₂,,giri₁₉。|šu.lu₂|。šu.lu₂,GIRI19。ŠU.LU2,giri₁₉,,
𒋗𒈗,giri21。giri₂₁,giri21。|šu.lugal|。šu.lugal,,giri₂₁。|šu.lugal|。šu.lugal,GIRI21。ŠU.LUGAL,giri₂₁,,
𒋗𒈜,suslug,|šu.lul|。šu.lul,,suslug。|šu.lul|。šu.lul,SUSLUG。ŠU.LUL,suslug,,
𒋗𒈨𒂞,szurmen。szurmin。šurmen。šurmin,szurmen。szurmin。|šu.me.eren|。šu.me.eren,,|šu.me.eren|。šu.me.eren。šurmen。šurmin,,šurmen。šurmin,,
𒋗𒈫,qa4。qad2。qad₂。qat2。qat₂。qa₄,qa4。qad2。qat2。|šu.min|。šu.min,qad2。qat2,qad₂。qat₂。qa₄。|šu.min|。šu.min,QA4。QAD2。QAT2。ŠU.MIN,qad₂。qat₂。qa₄,,
𒋗𒈫𒈨𒌋𒌋𒌋,qati,|šu.min.me.u.u.u|。šu.min.me.u.u.u,,qati。|šu.min.me.u.u.u|。šu.min.me.u.u.u,,,,
𒋗𒉀,tu5。tu₅,tu5。|šu.naga|。šu.naga,tu5,tu₅。|šu.naga|。šu.naga,TU5。ŠU.NAGA,tu₅,,
𒋗𒉽𒉽,geszbu2。geszpu2。gešbu₂。gešpu₂。ŋeszbaₓ。ŋeszbu2。ŋeszpu2。ŋešbaₓ。ŋešbu₂。ŋešpu₂,geszbu2。geszpu2。gešba₂。|šu.pap.pap|。ŋeszbaₓ。ŋeszbu2。ŋeszpu2。ŋešba₂。šu.pap.pap,gešpu2。ĝéšbu,gešba₂。gešbu₂。gešpu₂。|šu.pap.pap|。ŋešba₂。ŋešbaₓ。ŋešbu₂。ŋešpu₂。šu.pap.pap,GEŠBU2。GEŠPU2。ŠU.BULUG3,gešba₂。gešbu₂。gešpaₓ。gešpu₂。ŋešba₂。ŋešbu₂。ŋešpaₓ。ŋešpu₂,,
𒋗𒋛𒁲,sahabₓ,|šu.si.di|。šu.si.di,,sahabₓ。|šu.si.di|。šu.si.di,,sahabₓ,,
𒋗𒌉,,|šu.tur|。šu.tur,,|šu.tur|。šu.tur,,tukumₓ,,
𒋗𒌋,szu-u。šu-u,szu-u。|šu.u|。šu.u,,|šu.u|。šu-u。šu.u,,šu-u,,
𒋗𒍤,,šu×zi&zi,,šu×zi&zi,,,,
𒋘,lilₓ,|šu&šu@180|。šu&šu@180,,lilₓ。|šu&šu@180|。šu&šu@180,ŠUoverinvertedŠU,lilₓ?。šuₓ,lilₓ,o0002764
𒋙,eszsza2。ešša₂。gala6。gala₆。szu2。szubartin。szudul。szudulu。szudun。szusz2。szutul。šubartin。šudul。šudulu。šudun。šutul。šuš₂。šu₂,eszsza2。gala6。szu2。szubartin。szudul。szudulu。szudun。szusz2。szutul。|šu₂.dun₃@g@g@s|。šu₂.dun₃@g@g@s,[šú。[šú]。szu2。szusz2。ŠUDUL。ŠUDUL;。ŠUDUN。ŠÚ。š[ú。šu2。šudul;。šudun。šu₂。šú。šú],ešša₂。gala₆。|šu₂.dun₃@g@g@s|。šubartin。šudul。šudulu。šudun。šutul。šuš₂。šu₂。šu₂.dun₃@g@g@s,1/6。EŠŠAx。GALA6。ŠU2。ŠUBARTIN。ŠUŠ2,ešša₂。gala₆。šubartin。šuš₂。šu₂,šuš₂,o0002850
𒋙𒀭,en2。en₂。gibil7。gibil₇。gibir2。gibir₂。kibir3。kibir₃。kunga2。kunga₂。kungi2。kungi₂。sze9。še₉,en2。gibil7。gibir2。kibir3。kunga2。kungi2。sze9。|šu₂.an|。šu₂.an,EN2。KÚNGA。en2。kunga2。kúnga。ÉN。én,en₂。gibil₇。gibir₂。kibir₃。kunga₂。kungi₂。|šu₂.an|。še₉。šu₂.an,,None。en₂。gibil₇。gibir₂。iši₂。keš₃。kibir₃。kunga₂。kungi₂。suhul。sulgar。še₉。šuhub,,
𒋙𒀭𒄲,kesz3。keszi3。keši₃。keš₃。kiszi3。kiši₃,kesz3。keszi3。kiszi3。|šu₂.an.hi×gad|。šu₂.an.hi×gad,KÈŠ。kesz3。keš3。kèš,keši₃。keš₃。kiši₃。|šu₂.an.hi×gad|。šu₂.an.hi×gad,EN2.ŠAR2xGAD。KEŠ3。KEŠI3。KIŠI3,keši₃。keš₃。kiši₃,,
𒋙𒀯,iszi2。iši₂。kunga。kungaₓ。kungi。suhub。suhub2。suhub₂。suhul。sulgar。szuhub。szuhub2。šuhub。šuhub₂,iszi2。suhub2。szuhub。szuhub2。|šu₂.3xan|。|šu₂.3×an|。šu₂.3xan。šu₂.3×an,KUNGA。kunga。šuhub,iši₂。kunga。kungaₓ。kungi。suhub。suhub₂。suhul。sulgar。|šu₂.3xan|。|šu₂.3×an|。šuhub。šuhub₂。šu₂.3xan。šu₂.3×an,IŠI2。KUNGA。KUNGA2。KUNGI。SULGAR。SUḪUB。SUḪUL。ŠU2.MUL。ŠUḪUB,iši₂。kunga。kungi。suhub。suhul。sulgar。šuhub,,
𒋙𒀾,gibil2。gibil₂。gibir。kibir2。kibir₂,gibil2。kibir2。|šu₂.aš₂|。šu₂.aš₂,GÍBIL。gíbil,gibil₂。gibir。kibir₂。|šu₂.aš₂|。šu₂.aš₂,GIBIL2。GIBIR。KIBIR。KIBIR2。ŠU2.AŠ2,gibil₂。gibir。kibir₂。kungaₓ,,
𒋙𒁁,zipahₓ,|šu₂.bad|。šu₂.bad,,zipahₓ。|šu₂.bad|。šu₂.bad,,zipahₓ,,
𒋙𒂈,,,,,ŠU2.DUN4。ŠUDUL。ŠUDULU。ŠUDUN。ŠUTUL。ŠUTUN,šudul。šudulu。šudun。šutul,,
𒋙𒉀,kiszi14。kiši₁₄。sa17。sa₁₇。sigaₓ。szeg8。šeg₈,kiszi14。sa17。szeg8。|šu₂.naga|。šu₂.naga,ŠEG8。šeg8,kiši₁₄。sa₁₇。sigaₓ。|šu₂.naga|。šeg₈。šu₂.naga,KIŠI14。SA17。ŠEG8。ŠU2.NAGA,kiši₁₄。sa₁₇。sigaₓ。šeg₈,,
𒋙𒉈,lal6。lal₆。lil5。lil₅。ne4。ne₄,lal6。lil5。ne4。|šu₂.ne|。šu₂.ne,LIL5。lil5,lal₆。lil₅。ne₄。|šu₂.ne|。šu₂.ne,LAL6。LIL5。NE4。ŠU2.NE,lal₆?。lil₅。ne₄,,
𒋙𒌋𒌋𒌋,lal5。lal₅。lil3。lil₃,lal5。lil3。|šu₂.u.u.u|。šu₂.u.u.u,LÌL。lìl,lal₅。lil₃。|šu₂.u.u.u|。šu₂.u.u.u,,,,
𒋙𒌍,,,,,LAL5。LIL3。ŠU2.EŠ,lal₅?。lil₃,,
𒋙𒌪,szudul3。szudun3。szutul3。šudul₃。šudun₃。šutul₃,szudul3。szudun3。szutul3。|šu₂.ur@s|。šu₂.ur@s,,|šu₂.ur@s|。šudul₃。šudun₃。šutul₃。šu₂.ur@s,ŠU2.URšeššig。ŠUDUL3。ŠUDUN3。ŠUTUL3。ŠUTUN3,šudul₃。šudun₃。šutul₃,,
𒋚,"s,eh。sah2。sah₂。sih。subar。subir。subur。szah。szaha。szeh。szih。szubar。szubur。szubura。szuh2。zeh2。zeh₂。zih2。zih₂。šah。šaha。šeh。ših。šubar。šubur。šubura。šuh₂。ṣeh","s,eh。sah2。saha。szah。szaha。szeh。szih。szubar。szubur。szubura。szuh2。zeh2。zih2", šubur。SZAH。saḫ2。subur。szah。szih。szubur。ŠAḪ。šah。šaḫ。ših。šubur,saha。sah₂。sih。subar。subir。subur。zeh₂。zih₂。šah。šaha。šeh。ših。šubar。šubur。šubura。šuh₂。ṣeh,SAḪ2。SEḪ。SIḪ。SUBAR。SUBIR。SUBUR。ŠAḪ。ŠAḪA。ŠEḪ。ŠIḪ。ŠUBUR。ŠUBURA。ŠUḪ2。ṢAḪ2。ṢEḪ。ṢIḪ,saha。sah₂?。sih。subar。subir。subur。zeh₂。zih₂。šah。šaha。šeh。ših。šubar。šubur。šubura。šuh₂。ṣeh,sih,o0002848
𒋛,"huₓ。s,i3。se。seg9。seg₉。si。sig9。sig₉。sze2。szi2。śe。śi。še₂。ši₂。ṣi₃","s,i3。seg9。sig9。sze2。szi2"," si。SI。Se。[si。s,i3。se。si。si]。sig9。sze2。szi2。še2。ši2。šé",huₓ。se。seg₉。si。sig₉。śe。śi。še₂。ši₂。ṣi₃,SE。SEG9。SI。SIG9。ŚE。ŚI。ŠE2。ŠI2。ṢI3,%akk śe。%akk śi。huₓ。maₓ。se。seg₉。si。sig₉。uₓ。še₂。ši₂。ṣi₃,se,o0000525
𒋛𒀀,"dir。diri。dirig。du26。du₂₆。mal2。mal₂。nindar。sa5。sa₅。t,er。t,ir。ter4。ter₄。tir4。tir₄。usz15。uszub。ušub。uš₁₅。ṭer。ṭir","du26。mal2。sa5。si.a。t,er。t,ir。ter4。tir4。usz15。uszub。|si.a|","DIR。SA5。dir。diri。dirig。mal2。sa5。t,ir。ṭer。ṭir",dir。diri。dirig。du₂₆。mal₂。nindar。sa₅。si.a。ter₄。tir₄。ušub。uš₁₅。|si.a|。ṭer。ṭir,DER。DIR。DIRI。DIRIG。DU26。MAL2。NINDAR。SA5。SI.A。SU12。TER4。TIR4。UŠ15。UŠUB。ṬER。ṬIR,dir。diri。dirig。du₂₆。mal₂。nindar。nindubₓ。sa₅。siₓ。ter₄。tir₄。ušub。uš₁₅。ṭer。ṭir,,
𒋛𒀀𒁔,sabu,si.a.bur₂。|si.a.bur₂|,,sabu。si.a.bur₂。|si.a.bur₂|,DIR.BUR2。SABU,sabu,,
𒋛𒄑𒉻𒂁,,si.giš.pad.dug。|si.giš.pad.dug|,,si.giš.pad.dug。|si.giš.pad.dug|,,None,,
𒋜,gunuₓ。sa11。sa₁₁。si4。si₄。su4。su₄。usan4。usan₄。śi2。śi₂。śu2。śu₂,sa11。si4。si@g。su4。usan4。śi2。śu2,SI@g。SI₄。SU4。sa11。si4。si₄。su4。su₄,gunuₓ。sa₁₁。si@g。si₄。su₄。usan₄。śi₂。śu₂,GUNNU。SA11。SI4。SIgunû。SU4。USAN4。ŚI2。ŚU2。ŠI5。ŠU7,%akk śi₂。%akk śu₂。gunuₓ。sa₁₁。si₄。su₄。usan₄。šiₓ,gunuₓ,o000052
𒋜𒀀,su9。su₉,si@g.a。su9。|si@g.a|,,si@g.a。su₉。|si@g.a|,SU4.A。SU9,su₉,,
𒋝,bek。big。bik。epig。ipig。pik。piq。se11。seg。sek。se₁₁。si11。sig。siga。sik。siq。si₁₁。szag6。szak6。szek。szeŋ。szeₓ。szi3。szig。szik。sziq。zig2。zig₂。zik2。zik₂。ziq2。ziq₂。śe2。śe₂。śi3。śi₃。šag₆。šak₆。šek。šeŋ。šeₓ。šig。šik。šiq。ši₃,se11。si11。szag6。szak6。szek。szeŋ。szeₓ。szi3。szig。szik。sziq。zig2。zik2。ziq2。śe2。śi3。šeg,SIG。pik。si11。sig。sik。siq。szi3。szik。sziq。zig2。zik2。šik。šì,bek。big。bik。epig。ipig。pik。piq。seg。sek。se₁₁。sig。siga。sik。siq。si₁₁。zig₂。zik₂。ziq₂。śe₂。śi₃。šag₆。šak₆。šeg。šek。šeŋ。šeₓ。šig。šik。šiq。ši₃,BIG。BIK。BIQ。EPIG。IPIG。PIG。PIK。PIQ。SE11。SEG。SI11。SI16。SIG。SIGA。SIK。SIQ。ZIG2。ZIK2。ZIK3。ZIQ2。ZIQ3。ŚE2。ŚI3。ŠAG6。ŠAK6。ŠE19。ŠEG。ŠI3。ŠIG。ŠIK。ŠIQ,%akk śe₂。%akk śi₃。bek。big。bik。epig。ipig。pik。piq。seg。sek。se₁₁。sig。siga。sik。siq。si₁₁。zig₂。zik₂。ziq₂。šag₆?。šak₆?。šek。šeŋ。šeₓ。šig。šik。šiq。ši₃,sig,o0000527
𒋝𒈬𒁍,mudraₓ。munzerₓ,sig.mu.bu。|sig.mu.bu|,,mudraₓ。munzerₓ。sig.mu.bu。|sig.mu.bu|,,mudraₓ。munzerₓ,,
𒋞,bar5。bar₅。eger6。eger₆。egir6。egir₆。gar8。gara8。gara₈。gar₈。kulla。kulluₓ。murgu。seg4。seg₄。sig4。sig₄。sze27。szeb4。szed16。szeg12。ŋar8。ŋar₈。šeb₄。šed₁₆。šeg₁₂。še₂₇,bar5。eger6。egir6。gar8。gara8。seg4。sig4。sze27。szeb4。szed16。szeg12。ŋar8。ŋurgu,MURGU。SIG4。SIG₄。gar8。jar8。murgu。sig4。szeg12。šeg12。šeg₁₂,bar₅。eger₆。egir₆。gara₈。gar₈。kulla。kulluₓ。murgu。seg₄。sig₄。ŋar₈。ŋurgu。šeb₄。šed₁₆。šeg₁₂。še₂₇,BAR5。EGER6。EGIR6。GAR8。KULLA。LUM。MAR4。MUR7。MURGU。SEG4。SIG4。SIGA4。ŠE27。ŠED16。ŠEG12。ŠIG6。ŠIK6,alurₓ。bar₅。egarₓ。eger₆?。egir₆?。gara₈。gar₈。kulla。kulluₓ。rimₓ。seg₄。sig₄。ŋar₈。šeb₄。šed₁₆。šeg₁₂。še₂₇,murgu,o0000528
𒋞𒅂,banda5。banda₅。uru9。uru₉,banda5。sig₄.idim。uru9。|sig₄.idim|,,banda₅。sig₄.idim。uru₉。|sig₄.idim|,,banda₅。urumₓ?。uru₉,,
𒋞𒋞𒋙,lahhuszuₓ。lahhušuₓ,lahhuszuₓ。sig₄.sig₄.šu₂。|sig₄.sig₄.šu₂|,,lahhušuₓ。sig₄.sig₄.šu₂。|sig₄.sig₄.šu₂|,,lahhušuₓ,,
𒋟,guhszu。guhšu。hiₓ。lahhuszu。lahhušu。szikahara。šikahara,guhszu。lahhuszu。sig₄&sig₄.šu₂。szikahara。|sig₄&sig₄.šu₂|,,guhšu。hiₓ。lahhušu。sig₄&sig₄.šu₂。|sig₄&sig₄.šu₂|。šikahara,GUḪŠU。GUḪŠU2。LAḪḪUŠU。SIG4overSIG4.ŠU2。ŠIKAḪARA,guhšu。hiₓ。lahhušu。šikahara,guhšu,o0002344
𒋠,seg2。seg₂。sig2。sig₂。sik2。siki。sik₂。szek2。szeq2。szik2。sziq2。šek₂。šeq₂。šik₂。šiq₂,seg2。sig2。sik2。szek2。szeq2。szik2。sziq2,SIG2。SIKI。SÍG。sig2。sik2。siki。szek2。síg。šék,seg₂。sig₂。siki。sik₂。šek₂。šeq₂。šik₂。šiq₂,LAḪRUM2。SEG2。SIG2。SIK2。SIKI。U15。UA3。ŠEK2。ŠEQ2。ŠIG2。ŠIK2。ŠIQ2,lahrumₓ。seg₂。sig₂。siki。sik₂。uaₓ。uₓ。šek₂。šeq₂。šik₂。šiq₂,siki,o0000529
𒋠𒀸,dibₓ。ganamₓ。ganaₓ。gayayuₓ。laharₓ。lahruₓ。mudru4。mudrum4。mudrum₄。mudru₄。szurimₓ。szurunₓ。szuruₓ。usₓ。uₓ。waₓ。šurimₓ。šurunₓ。šuruₓ,mudru4。mudrum4。sik₂.aš。szurimₓ。szurunₓ。szuruₓ。|sik₂.aš|,ux,dibₓ。ganamₓ。ganaₓ。gayayuₓ。laharₓ。lahruₓ。mudrum₄。mudru₄。sik₂.aš。usₓ。uₓ。waₓ。|sik₂.aš|。šurimₓ。šurunₓ。šuruₓ,MUDRU4。MUDRUM4。SIG2.AŠ,dibₓ。ganamₓ。ganaₓ。gayayuₓ。laharₓ。lahruₓ。mudrum₄。mudru₄。usₓ。uₓ。waₓ。šurimₓ。šurumₓ。šurunₓ。šuruₓ,,
𒋠𒁍,mudra5。mudra₅。mudru5。mudru₅。suluhu2。suluhu₂。sulumhi2。sulumhi₂。zuluhu2。zuluhu₂。zulumhi2。zulumhi₂,mudra5。mudru5。sik₂.bu。suluhu2。sulumhi2。zuluhu2。zulumhi2。|sik₂.bu|,,mudra₅。mudru₅。sik₂.bu。suluhu₂。sulumhi₂。zuluhu₂。zulumhi₂。|sik₂.bu|,MUDRA5。MUDRU5。SIG2.BU。SULUḪU2。ZULUMḪI2。ZULUḪU2,mudra₅。mudru₅。suluhu₂。sulumhi₂。zuluhu₂。zulumhi⁻。zulumhi₂,,
𒋠𒇴,adkin。asz6。aš₆。sikin。szikin3。udkinₓ。šikin₃,asz6。sik₂.lam。szikin3。|sik₂.lam|,adkin,adkin。aš₆。sikin。sik₂.lam。udkinₓ。|sik₂.lam|。šikin₃,,adkin。aš₆。sikin。udkinₓ?。šikin₃。šušuₓ,,
𒋠𒇴𒄴𒈨𒌋,,,,,SIG2.LAM.AḪ.ME.U,None,,
𒋠𒇴𒋦,asz5。aš₅。munsub2。munsub₂。munszub2。munšub₂。musub2。musub₂。muzer。muzir,asz5。munsub2。munszub2。musub2。sik₂.lam.suhur。|sik₂.lam.suhur|,MÚNSUB。MÚNŠUB。asz5。múnšub,aš₅。munsub₂。munšub₂。musub₂。muzer。muzir。sik₂.lam.suhur。|sik₂.lam.suhur|,,aš₅。munsub₂。munšub₂。musub₂。muzer?。muzir?,,
𒋠𒈬𒁍,sagmunzer。sagmunzir,sik₂.mu.bu。|sik₂.mu.bu|,,sagmunzer。sagmunzir。sik₂.mu.bu。|sik₂.mu.bu|,SAGMUNZER。SAGMUNZIR。SIG2.MU.BU,sagmunzer。sagmunzir,,
𒋠𒉺𒅁,hamanzerₓ。hamanzirₓ,sik₂.pa.ib。|sik₂.pa.ib|,,hamanzerₓ。hamanzirₓ。sik₂.pa.ib。|sik₂.pa.ib|,SIG2.ŠAB。ḪAMANZER。ḪAMANZIR。ḪUMUZER。ḪUMUZIR,hamanzerₓ。hamanzirₓ。humunzerₓ,,
𒋠𒋤,suluhu。sulumhi。zuluhu。zulumhi,sik₂.sud。zulumhi⁻。|sik₂.sud|,zulumhi。zulumḫi,sik₂.sud。suluhu。sulumhi。zuluhu。zulumhi。zulumhi⁻。|sik₂.sud|,SIG2.SUD。SULUḪU。ZULUMḪI。ZULUḪU,suluhu。sulumhi。zuluhu。zulumhi,,
𒋠𒋦,munsubₓ,sik₂.suhur。|sik₂.suhur|,,munsubₓ。sik₂.suhur。|sik₂.suhur|,,None。munsubₓ,,
𒋡,ga5。ga₅。ka4。ka₄。qa。qû。sal4。sala4。sala₄。sal₄。sil3。sila3。sila₃。sil₃。szal2。šal₂,ga5。ka4。sal4。sala4。sil3。sila3。szal2,QA。Qa。SILA3。SÌLA。ga5。ka4。qa。sila3。sila₃。szal2。sìla,ga₅。ka₄。qa。qû。sala₄。sal₄。sila₃。sil₃。šal₂,GA5。KA4。QA。SAL4。SIL3。SILA3。ŠAL2。ŠIL2。ŠITA6,%akk/n qû。ga₅。ka₄。qa。sala₄。sal₄。sila₃。sil₃。šal₂,qa,o0000530
𒋡𒃮,,sila₃.gaba。|sila₃.gaba|,,sila₃.gaba。|sila₃.gaba|,,sagiₓ。šagia,,
𒋡𒋗𒃮,sagi。szagia。šagia,sila₃.šu.gaba。szagia。|sila₃.šu.gaba|。šagiaₓ,,sagi。sila₃.šu.gaba。|sila₃.šu.gaba|。šagia。šagiaₓ,,sagi。sagiaₓ。šagia,,
𒋢,gusz。guš。kus。kusz。kuz。kuš。su。sudₓ。sug6。sug₆。sum3。sum₃。szu11。szuruppakₓ。śu。šuruppakₓ。šu₁₁,gusz。kusz。su.ru×kur。sug6。sum3。szu11。szuruppakₓ。|su.ru×kur|, sug6。KUSZ。KUŠ。SU。SU?。Su。kusz。kuš。su。sug6。sum3。szu11,guš。kus。kuz。kuš。su。su.ru×kur。sudₓ。sug₆。sum₃。|su.ru×kur|。śu。šuruppakₓ。šu₁₁,1/36。GUŠ。KUS。KUZ。KUŠ。SU。SUG6。SUM3。ŚU。ŠU11,%akk śu。eₓ。guš。kus。kuz。kuš。maškum。su。sug₆。sum₃。šu₁₁,su,o0000531
𒋢𒀀,aktum2。aktum₂,aktum2。su.a。|su.a|,,aktum₂。su.a。|su.a|,AKTUM2。SU.A,aktum₂,,
𒋢𒂔,,su.edin。suburₓ。|su.edin|,,su.edin。suburₓ。|su.edin|,,suburₓ,,
𒋢𒆠𒇻𒂠𒆠,ugnimₓ,su.ki.lu.eš₂.ki。|su.ki.lu.eš₂.ki|,,su.ki.lu.eš₂.ki。ugnimₓ。|su.ki.lu.eš₂.ki|,,None,,
𒋢𒆳,,su.kur。|su.kur|,,su.kur。|su.kur|,,sudₓ,,
𒋢𒆳𒊒,sud3。sud₃。szuripak。szurippak。szurupak。szuruppag。szuruppak。šuripak。šurippak。šurupak。šuruppag。šuruppak,su.kur.ru。sud3。szuripak。szurippak。szurupak。szuruppag。szuruppak。|su.kur.ru|,sud3。šuruppag,su.kur.ru。sud₃。|su.kur.ru|。šuripak。šurippak。šurupak。šuruppag。šuruppak,SU.KUR.RU。SUD3。ŠURIPAK。ŠURIPPAK。ŠURUPAK。ŠURUPPAK,sud₃。šuripak。šurippak。šurupak。šuruppag。šuruppak,,
𒋣,e6。e₆,e6。su&su。|su&su|,(e6)。SU&SU。e6,e₆。su&su。|su&su|,E6。SUoverSU,e₆,e₆,o0002367
𒋣𒀀,e6-a。e₆-a,e6-a。su&su.a。|su&su.a|,,e₆-a。su&su.a。|su&su.a|,,e₆-a,,
𒋤,"sar4。sar₄。ser。sir。su3。sud。sug4。sug₄。su₃。szir8。szud。szut。szut,。szuz。zir0。zir4。zir₀。zir₄。zu6。zu₆。śu3。śu₃。šir₈。šud。šut。šuz。šuṭ","sar4。su3。sud⁻。sug4。su₃⁻。szir8。szud。szut。szut,。szuz。zir0。zir4。zu6。śu3",SUD。sir。su3。sud。sug4。su₃。szud。sù。ŠUD。ŠUD;。šud;,sar₄。ser。sir。sud。sud⁻。sug₄。su₃。su₃⁻。zir₀。zir₄。zu₆。śu₃。šir₈。šud。šut。šuz。šuṭ,ALALA2。BUgunû。GIDI5。MALALA。SAR4。SER。SIG13。SIR。SU3。SUD。SUG4。ZU6。ZUKU。ŚU3。ŠIR8。ŠUD。ŠUT。ŠUZ。ŠUṬ,%akk śu₃。sar₄。ser。sir。siₓ。sud。sud⁻。sug₄。su₃。su₃⁻。zir₄。zu₆。šir₈。šud。šut。šuz。šuṭ。šuₓ,sud,o0000532
𒋤𒉣𒂠𒌅,,sud.nun.eš₂.tu。|sud.nun.eš₂.tu|,,sud.nun.eš₂.tu。|sud.nun.eš₂.tu|,,samanₓ,,
𒋤𒉣𒊺𒂠,,sud.nun.še.eš₂。|sud.nun.še.eš₂|,,sud.nun.še.eš₂。|sud.nun.še.eš₂|,,samanₓ,,
𒋤𒉺𒂖,sugₓ,sud.pa.el。|sud.pa.el|,,sud.pa.el。sugₓ。|sud.pa.el|,,sugₓ,,
𒋥,"adarₓ。ildag。ra4。rad。rat。rat,。rata。raṭ。ra₄。rit2。rit₂。rud。rut,。ruṭ。sud2。sud₂。susu。susₓ。szidaₓ。szita3。szitanₓ。szuszu。zusu。šidaₓ。šitanₓ。šita₃。šušu","ra4。rat,。rit2。rut,。sud2。szidaₓ。szita3。szitanₓ。szuszu。šitan。šitanₓ。šiten",RAD。SUD₂。ra4。rad。rat。rit2。ŠITA3。ŠÌTA。šita3。šìta,adarₓ。ildag。rad。rat。rata。raṭ。ra₄。rit₂。rud。ruṭ。sud₂。susu。susₓ。zusu。šidaₓ。šitan。šita₃。šiten。šušu,ILDAG。RA4。RAD。RAT。RATA。RAṬ。RIT2。RUD。RUṬ。SUD2。SUSU。ZUSU。ZUŠU。ŠITA3,adarₓ。ildag。mešezanₓ。rad。rat。rata。raṭ。ra₄。rit₂。rud。ruṭ。sud₂。susu?。susₓ。zusu。šidaₓ。šitan。šita₃。šitenₓ。šušu,rud,o0000534
𒋦,suh2。suhur。suh₂。sumur2。sumur₂。ubi2。ubi₂。ugab,suh2。sumur2。ubi2,SUḪUR。suhur。suḫur,suhur。suh₂。sumur₂。ubi₂。ugab,SIḪ3。SUMUR2。SUḪ2。SUḪ3。SUḪUR。UBI2。UGAB,suhur。suh₂?。sumur₂。ubi₂。ugab。zidₓ,suhur,o0000535
𒋧,/zeŋ/。ari6。ari₆。sar8。sar₈。se3。seg10。seg₁₀。se₃。si3。sig10。sig₁₀。sik10。sik₁₀。sim2。sim₂。si₃。su12。sum。sumu。sun3。sun₃。su₁₂。sze19。szum2。szumu2。szun4。zar3。zar₃。śum2。śum₂。še₁₉。šumu₂。šum₂。šun₄,ari6。sar8。se3。seg10。si3。sig10。sik10。sim2。su12。sun3。sze19。szum2。szumu2。szun4。zar3。śum2,SUM。SÌ。se3。si3。sig10。sim2。sum。sun3。szum2。sè。sì。ŠÚM。šum2。šúm,/zeŋ/。ari₆。sar₈。seg₁₀。se₃。sig₁₀。sik₁₀。sim₂。si₃。sum。sumu。sun₃。su₁₂。zar₃。śum₂。še₁₉。šumu₂。šum₂。šun₄,ARI6。SAR8。SE3。SEG10。SI3。SIG10。SIM2。SU12。SUM。SUMU。SUN3。ZAR3。ŚUM2。ŠE19。ŠE21。ŠU15。ŠUM2。ŠUMU2。ŠUN4,%akk śum₂。ari₆。arₓ。sar₈。seg₁₀。se₃。sig₁₀。sik₁₀。sim₂。si₃。sum。sumu。sun₃。su₁₂。zar₃。še₁₉。šumu₂。šum₂。šun₄,sumu,o0000536
𒋨,sumasz。sumaš。uszbar4。uszbur4。ušbar₄。ušbur₄,sumasz。uszbar4。uszbur4,SUMAŠ。sumaš,sumaš。ušbar₄。ušbur₄,AZU2。SUBAR2。SUMAŠ。UŠBAR4。UŠBUR4,sumaš。ušbar₄?。ušbur₄,sumaš,o0000537
𒋨𒈦,,sumaš.maš。|sumaš.maš|,,sumaš.maš。|sumaš.maš|,,ušbarₓ,,
𒋨𒈨,gudu11。gudug2。gudug₂。gudu₁₁。luhszaₓ。luhšaₓ,gudu11。gudug2。luhszaₓ。sumaš.me。|sumaš.me|,,gudug₂。gudu₁₁。luhšaₓ。sumaš.me。|sumaš.me|,,gudug₂。gudu₁₁。luhšaₓ,,
𒋩,"sur。sura。szur。t,ir3。śur。šur。ṭir₃","szur。t,ir3",SUR。SZUR。Sur。sur。szur。ŠUR。šur,sur。sura。śur。šur。ṭir₃,SI15。SUR。SURRU。ŚUR。ŠUR。ṬIR3,%akk śur。sur。sura。šarₓ。šur。ṭir₃,sura,o0000539
𒋪,sur9。sura9。sura₉。surru。sur₉。zur2。zur₂,sur9。sura9。zur2,(sur9)。SUR9。sur9。zur2,sura₉。surru。sur₉。zur₂,MA2.KASKAL.SIG7andsimilar。SUR9。SURA。SURA9。SURRU。ZUR2,sura₉。surru。sur₉。zur₂,sur₉,o0000540
𒋫,"da2。da₂。t,a2。ta。ṭa₂","da2。t,a2","TA。TA*。Ta。[t]a。[ta。da2。dá。t,á。ta。ta?。ta]",da₂。ta。ṭa₂,DA2。TA。ṬA2,da₂。ta。ṭa₂,ta,o0000541
𒋬,,,,,DA2。TA*。ṬA2,None,nan,o0000543
𒋭,alammusz。alammuš。alamusz。alamuš。lal3。lal₃。ru8。ru₈,alammusz。alamusz。lal3。ru8。ta×hi。|ta×hi|,alammuš。lal3。lal₃,alammuš。alamuš。lal₃。ru₈。ta×hi。|ta×hi|,,alammuš。alamuš。lal₃。ru₈,lal₃,o0002407
𒋮,gansisₓ,ta×mi。|ta×mi|,,gansisₓ。ta×mi。|ta×mi|,GANMUŠ。GANSISGASIS。KABTA。TAxMI,gansisₓ,gansisₓ,o0002408
𒋯,gansis。ganzerₓ。kabta,ta@g,TA@g。gansis,gansis。ganzerₓ。kabta。ta@g,GANMUŠ2。GANSIS。GANZERx。GANZIRx。GASIS。KABTA。TAgunû,gansis。ganzerₓ。kabta。taₓ,gansis,o0000542
𒋰,"dab2。dab₂。dap2。dapa2。dapa₂。dap₂。min6。min₆。t,ab。t,ap。tab。taba。tap。tapa。ṭab。ṭap","dab2。dap2。dapa2。min6。t,ab。t,ap。tab@t","TAB。min₆。t,ab。tab。tap",dab₂。dapa₂。dap₂。min₆。tab。tab@t。taba。tap。tapa。ṭab。ṭap,,dab₂。dapa₂。dap₂。manₓ。min₆。tab。taba。tap。tapa。ṭab。ṭap,tab,o0000544
𒋰𒀸,,tab.aš。|tab.aš|,,tab.aš。|tab.aš|,,,,
𒋰𒆲,megida2。megida₂。megidda2。megidda₂,megida2。megidda2。tab.kun。|tab.kun|,MÉGIDDA。mégidda,megida₂。megidda₂。tab.kun。|tab.kun|,MEGIDA2。MEGIDDA2。TAB.KUN,megida₂。megidda₂,,
𒋰𒋰𒀸,ia7。ia₇,ia7。tab.tab.aš。|tab.tab.aš|,IA7。ia7,ia₇。tab.tab.aš。|tab.tab.aš|,,ia₇,,
𒋰𒋰𒋰,asz4。aš₄,asz4。tab.tab.tab。|tab.tab.tab|,AŠ4。aš4,aš₄。tab.tab.tab。|tab.tab.tab|,,aš₄,,
𒋰𒋰𒋰𒀸,imin2。imina2。imina₂。imin₂。umun8。umun₈,imin2。imina2。tab.tab.tab.aš。umun8。|tab.tab.tab.aš|,imin2。ÍMIN。ímin,imina₂。imin₂。tab.tab.tab.aš。umun₈。|tab.tab.tab.aš|,,imina₂。imin₂。umun₈,,
𒋰𒋰𒋰𒋰,ussa2。ussa₂。ussu2。ussu₂,tab.tab.tab.tab。ussa2。ussu2。|tab.tab.tab.tab|,ÚSSU。ússu,tab.tab.tab.tab。ussa₂。ussu₂。|tab.tab.tab.tab|,,ussa₂。ussu₂,,
𒋰𒋰𒋰𒋰𒀸,ilimmu2。ilimmu₂,ilimmu2。tab.tab.tab.tab.aš。|tab.tab.tab.tab.aš|,ÍLIMMU。ílimmu,ilimmu₂。tab.tab.tab.tab.aš。|tab.tab.tab.tab.aš|,,ilimmu₂,,
𒋰𒋾,megida。megidda,tab.ti。|tab.ti|,MEGIDDA。megida。megidda,megida。megidda。tab.ti。|tab.ti|,MEGIDA。MEGIDDA。TAB.TI,megida。megidda,,
𒋱,ubinigga。ubiszaga。ubišaga,tab&tab.ni&ni.diš&diš。ubiszaga。|tab&tab.ni&ni.diš&diš|,ubišaga,tab&tab.ni&ni.diš&diš。ubinigga。ubišaga。|tab&tab.ni&ni.diš&diš|,TABoverTAB.NIoverNI.DIŠoverDIŠ。UBIŠAGA,ubišaga,ubišaga,o0002382
𒋲,buruₓ。burₓ。gurinₓ。gurunₓ。kurunₓ,4×tab。|4×tab|,,4×tab。buruₓ。burₓ。gurinₓ。gurunₓ。kurunₓ。|4×tab|,TABsquared,buruₓ。burₓ。gurinₓ。gurunₓ。kurunₓ,,
𒋳,da6。daq6。daq₆。da₆。gurusz4。guruš₄。sub6。subu。sub₆。suhₓ。sum6。sum₆。suₓ。szan2。szerid。szerim。szu14。szum。szumu3。szusz4。ta3。tag。taga。tak。taka。taq。ta₃。tibir。tuku5。tuku₅。uttuₓ。zil2。zil₂。śum。šan₂。šerid。šerim。šum。šumu₃。šuš₄。šu₁₄,da6。daq6。gurusz4。sub6。sum6。szan2。szerid。szerim。szu14。szum。szumu3。szusz4。ta3。tuku5。zil2,TAG。Ta3。[ta]k。[tak。da6。sum6。szum。szum#。ta3。ta[k。tag。tak。taq。tibir。tuku5。tà。ŠUM。šu[m。šum,daq₆。da₆。guruš₄。subu。sub₆。suhₓ。sum₆。suₓ。tag。taga。tak。taka。taq。ta₃。tibir。tuku₅。uttuₓ。zil₂。śum。šan₂。šerid。šerim。šum。šumu₃。šuš₄。šu₁₄,BAḪ2。DA6。DAG6。DAQ6。GURUŠ4。PAḪ2。SUB6。SUBU。SUM6。TA3。TAG。TAGA。TAK。TAKA。TAQ。TIBIR。TUK5。TUKU5。ZIL2。ZIZ5。ŚUM。ŠAN2。ŠERID。ŠERIM。ŠU14。ŠUM。ŠUMU3。ŠUŠ4,%akk śum。daq₆。da₆。guruš₄。subu。sub₆。suhₓ。sum₆。suₓ。tag。taga。tak。taka。taq。ta₃。tibir。tuku₅。uttuₓ。zil₂。šan₂。šerid。šerim。šum。šumu₃。šuš₄。šu₁₄,tak,o0000546
𒋳𒃵𒈨,szumgamme。šumgamme,szumgamme。tag.gam.me。|tag.gam.me|,,tag.gam.me。|tag.gam.me|。šumgamme,,šumgamme,,
𒋳𒋗,,,,,TAG.ŠU。TIBIR2,None,,
𒋳𒋳,ziz5。ziz₅,tag.tag。ziz5。|tag.tag|,,tag.tag。ziz₅。|tag.tag|,TAG.TAG。ZIZ5。ZIZU,ziz₅,,
𒋳𒌆,szeraₓ。szerimₓ。šeraₓ。šerimₓ,szeraₓ。szerimₓ。tag.tug₂。|tag.tug₂|,,tag.tug₂。|tag.tug₂|。šeraₓ。šerimₓ,SILIG3。TAG.TUG2。TIBIR4。UD4。UT4。UTTU,šeraₓ。šerimₓ,,
𒋳𒌓,,,,,SILIG2。TAG.UD。TIBIR3,None,,
𒋴,,,,,TAGxBI,tibirₓ,,
𒋵,silig4。silig₄。tibir5。tibir₅,silig4。tag×gud。tibir5。|tag×gud|,(silig4)。(tibir5)。silig4。tibir5,silig₄。tag×gud。tibir₅。|tag×gud|,SILIG4。TAGxGU4。TAGxGUD。TIBIR5,silig₄。tibir₅,silig₄,o0002396
𒋶,tibirₓ,tag×še。|tag×še|,,tag×še。tibirₓ。|tag×še|,TAGxŠE,tibirₓ,tibirₓ,o0002400
𒋷,tibir2。tibir₂,tag×šu。tibir2。|tag×šu|,(tibir2)。tibir2,tag×šu。tibir₂。|tag×šu|,TAGxŠU。TIBIR2,tibir₂,tibir₂,o0002401
𒋸,"silig3。silig₃。tibir4。tibir₄。ut,u。uttu。uṭu","silig3。tag×tug₂。tibir4。ud₄。ut,u。|tag×tug₂|",(silig3)。UTTU。silig3。uttu,silig₃。tag×tug₂。tibir₄。ud₄。uttu。uṭu。|tag×tug₂|,SILIG3。TAGxTUG2。TIBIR4。UD4。UT4。UTTU,silig₃。tibir₄。ud₄。uttu。utuₓ。ut₄。uṭu,silig₃,o0002398
𒋹,silig2。silig₂。tibir3。tibir₃,silig2。tag×ud。tibir3。|tag×ud|,(silig2)。silig2,silig₂。tag×ud。tibir₃。|tag×ud|,SILIG2。TAGxUD。TIBIR3,silig₂。tibir₃,silig₂,o0002399
𒋺,"azad2。azad₂。da13。dad。dat。da₁₃。erbura。gid6。gid₆。gudibir。gudₓ。irbura。kamₓ。kid2。kid₂。kit2。kit₂。szuru6。szurum6。szuₓ。t,at。ta6。tad。tag4。tag₄。tak4。taka4。taka₄。tak₄。tat。ta₆。tukₓ。urₓ。šurum₆。šuru₆。šuₓ。ṭat","azad2。da13。gid6。kid2。kit2。szuru6。szurum6。szuₓ。t,at。ta6。tag4。tak4。taka4",KÍD。TAG4。TAK4。TAK₄。da13。dat。kid2。kíd。ta6。tag4。tak4。taka4。tat,azad₂。dad。dat。da₁₃。erbura。gid₆。gudibir。gudₓ。irbura。kamₓ。kid₂。kit₂。tad。tag₄。taka₄。tak₄。tat。ta₆。tukₓ。urₓ。šurum₆。šuru₆。šuₓ。ṭat,AZAD2。DA13。DAD。DAT。GID6。GUDIBIR。KID2。KIT2。SASIRRA。TA6。TAD。TAG4。TAK4。TAK5。TAKA4。TAT。ŠID3。ŠIT3。ŠIṬ3。ŠURU6。ŠURUM6。ṬAD。ṬAT,azad₂。dad。dat。da₁₃。erbura。esirₓ。gid₆。gudibir。gudₓ。irbura。kamₓ。kid₂。kit₂。tad。tag₄。taka₄。tak₄。tat。ta₆。tukₓ。urₓ。šurum₆。šuru₆。šuₓ。ṭat,dad,o0000547
𒋺𒀩,zermuszkuₓ。zermuškuₓ,tak₄.alan。zermuszkuₓ。|tak₄.alan|,,tak₄.alan。zermuškuₓ。|tak₄.alan|,,alanₓ。zermuškuₓ,,
𒋺𒋺,dadda。tatge,tak₄.tak₄。|tak₄.tak₄|,,dadda。tak₄.tak₄。tatge。|tak₄.tak₄|,KID2.KID2。TAG4.TAG4,dadda。tatge,,
𒋻,"dar6。dar₆。gud4。gud₄。has。has,。hasz。haz。haš。haṣ。hiz。hus2。hus₂。ku5。kud。kudma。kuksu。kur5。kuru5。kurum5。kurum₅。kuru₅。kur₅。kut。kutu。ku₅。qadmaₓ。qadmu。qud。qudma。qudmu。qumₓ。qut。qutu。sel。sil。sila。siₓ。sulu。szar7。szel。szil。t,ar。t,ir2。tar。tara。taₓ。ter2。ter₂。tir2。tir₂。ursagsim。ursaŋsim。zil0。zil3。zil₀。zil₃。šar₇。šel。šil。ṭar。ṭir₂","dar6。gud4。has,。hasz。hus2。ku5。kur5。kuru5。kurum5。szar7。szel。szil。t,ar。t,ir2。ter2。tir2。zil0。zil3","(tar)。KUD。SILA。TAR。_sila_。has。has,。hasz。haz。haš。haṣ。ku5。kud。kur5。kut。ku₅。qud。qut。sil。sila。szil。t,ar。tar。tara。tír。šel。šil。ḫaš。ṭar",dar₆。gud₄。has。haz。haš。haṣ。hiz。hus₂。kud。kudma。kuksu。kurum₅。kuru₅。kur₅。kut。kutu。ku₅。qadmaₓ。qadmu。qud。qudma。qudmu。qumₓ。qut。qutu。sel。sil。sila。siₓ。sulu。tar。tara。taₓ。ter₂。tir₂。ursagsim。ursaŋsim。zil₀。zil₃。šar₇。šel。šil。ṭar。ṭir₂,DAR6。DIM5。GUD4。GUG3。GUK。KU5。KUD。KUKSU。KUR5。KURU5。KURUM5。KUT。KUTU。KUṬ。QADMU。QUD。QUDMU。QUT。QUTU。SIL。SILA。SULU。TAR。TARA。TER2。TIM2。TIR2。ŠAR7。ŠIL。ḪAS。ḪAZ。ḪAŠ。ḪAṢ。ḪUS2。ṢIL3。ṬAR。ṬIR2。ṬUR6,dar₆。gud₄。has。haz。haš。haṣ。hiz。hus₂。kud。kudma。kuksu。kurum₅。kuru₅。kur₅。kut。kutu。ku₅。qadmaₓ。qadmu。qud。qudma。qudmu。qumₓ。qut。qutu。sel。sil。sila。siₓ。sulu。tar。tara。taₓ。ter₂。tir₂。ursagsim。ursaŋsim。zil₃。šar₇。šel。šil。ṭar。ṭir₂,haz,o0000548
𒋼,"de4。de₄。di12。di₁₂。gal5。gallaₓ。gal₅。gul3。gul₃。mul2。mul₂。t,e4。t,i4。te。teg3。teg₃。temen。temennaₓ。temₓ。ten。teŋ3。teŋ₃。ti7。ti₇。ṭe₄。ṭi₄","de4。di12。gal5。gul3。mul2。t,e4。t,i4。teg3。teŋ3。ti7","TE。Te。[t]e。[te。[te]。gal5。mul2。nunuz!(TE)zabar。t,e4。t[e]。t]e。te。te!。teg3。tej3。temen。ten。ṭe4。ṭe₄",de₄。di₁₂。gallaₓ。gal₅。gul₃。mul₂。te。teg₃。temen。temennaₓ。temₓ。ten。teŋ₃。ti₇。ṭe₄。ṭi₄,DE4。DI12。GAL5。GAR13。GUL3。MUL2。TE。TEG3。TEMEN。TEN。TI7。ṬE4。ṬI4,de₄。di₁₂。gallaₓ。gal₅。gul₃。karₓ。kurunₓ。mul₂。ruₓ。te。teg₃。temen。temennaₓ。temₓ。ten。teŋ₃。ti₇。unuₓ。ṭe₄。ṭi₄,te,o0000550
𒋼𒀀,gar14。gar₁₄。ka11。kar。kara。ka₁₁。kir8。kir₈。qar2。qar₂,gar14。ka11。kir8。qar2。te.a。|te.a|, kar。KAR。[kar]。_kar。_kar_。k[ar]。kar。kar],gar₁₄。kar。kara。ka₁₁。kir₈。qar₂。te.a。|te.a|,GAR14。KA11。KAR。KARA。KIR8。QAR2。TE.A,gar₁₄。kar。kara。ka₁₁。kir₈。qar₂。unuₓ,,
𒋼𒀊,unu6。unug3。unug₃。unu₆,te.ab。unu6。unug3。|te.ab|,unu6,te.ab。unug₃。unu₆。|te.ab|,TE.AB。UNU6。UNUG3,unug₃。unu₆,,
𒋼𒀕,unu2。unug2。unug₂。unu₂,te.ab@g。unu2。unug2。|te.ab@g|,unu2,te.ab@g。unug₂。unu₂。|te.ab@g|,TE.UNUG。UNU2。UNUG2,unug₂。unu₂。unₓ,,
𒋼𒇲,gal5-la。galla。galu。gal₅-la。gulla,gal5-la。mullaₓ。te.lal。|te.lal|。ŋulla,,galla。galu。gal₅-la。gulla。mullaₓ。te.lal。|te.lal|。ŋulla,GALLA。TE.LAL,galla。galu。gal₅-la。gulla。mullaₓ。ŋulla,,
𒋼𒈨,mete,te.me。|te.me|,,mete。te.me。|te.me|,METE。TE+ME,mete,,
𒋼𒈹,unuₓ,te.muš₃。|te.muš₃|,,te.muš₃。unuₓ。|te.muš₃|,,unuₓ,,
𒋼𒋼,,te&te,,te&te,,,,
𒋽,gar13。gar₁₃。gur8。gura8。gura₈。guru8。guru₈。gur₈。qur8。qur₈。qurₓ。ru10。ru₁₀。teₓ。ur12。uru5。uru₅。ur₁₂,gar13。gur8。gura8。guru8。maru⁻。qur8。ru10。te@g。ur12。uru5,GUR8。TE@g。URU5。URU5;。gur8。gur₈。ru10。uru5。uru5;。uru₅,gar₁₃。gura₈。guru₈。gur₈。maru⁻。qur₈。qurₓ。ru₁₀。te@g。teₓ。uru₅。ur₁₂,GAR13。GUR8。GURA8。KUR9。RU10。TEgunû。UR12。URU5,galₓ。gar₁₃。gura₈。guru₈。gur₈。maru。qur₈。ru₁₀。tenₓ。teₓ。uru₅。ur₁₂,gur₈,o0000551
𒋽𒀕,unu7。unug4。unug₄。unu₇,te@g.ab@g。unu7。unug4。|te@g.ab@g|,,te@g.ab@g。unug₄。unu₇。|te@g.ab@g|,GUR8.UNUG。UNU7。UNUG4,unug₄。unu₇,,
𒋾,"de9。de₉。di3。di₃。t,e6。t,i3。te9。teŋ4。teŋ₄。te₉。ti。tig4。tig₄。til3。tila3。tila₃。til₃。tiŋ4。tiŋ₄。ṭe₆。ṭi₃","de9。di3。t,e6。t,i3。te9。tel₃。teŋ4。tig4。til3。tila3。tiŋ4","TI。TIL3。Ti。[t]i。[ti。di3。t,i3。t[i。t[i]。t]i。te9。ti。ti!。ti]。tig4。tij4。til3。til₃。ṭi3。ṭì",de₉。di₃。tel₃。teŋ₄。te₉。ti。tig₄。tila₃。til₃。tiŋ₄。ṭe₆。ṭi₃,DE9。DI3。TE9。TI。TIBNU。TIG4。TIL3。TILA3。ṬE6。ṬI3,de₉。di₃。tel₃。teŋ₄。te₉。ti。tibnu。tidimₓ。tig₄。tila₃。til₃。tiŋ₄。ṭe₆。ṭi₃,ti,o0000553
𒋿,tana。tibnu,ti@t,TI@t,tana。ti@t。tibnu,TIBNU。TItenû,%akk/n tibnu。tanaₓ,tana,o0000554
𒌀,sumun。sun。suna。szum4。szumun。tel。til。ug7。ug₇。usz2。uš₂。šumun。šum₄,szum4。szumun。ug7。usz2,SUMUN。TIL。sumun。sun。szumun。tel。til。ug7。usz2。uš2。úš。⸢til⸣,sumun。sun。suna。tel。til。ug₇。uš₂。šumun。šum₄,TIL,sumun。sun。suna。tel。til。ug₇。uš₂。šumun。šum₄,tel,o0000555
𒌁,"dir4。dir₄。ezina3。ezina₃。ezinu3。ezinu₃。gamun2。gamun₂。ninni8。ninni₈。panaₓ。qiszat。qišat。si30。si₃₀。szabu。sze15。t,er5。t,ir5。ter。tir。šabu。še₁₅。ṭer₅。ṭir₅","dir4。ezina3。ezinam₃。ezinu3。gamun2。ninni8。qiszat。si30。szabu。sze15。t,er5。t,ir5。|še.nun&nun|。še.nun&nun",TIR。TIr。Ter。ter。tir,dir₄。ezinam₃。ezina₃。ezinu₃。gamun₂。ninni₈。panaₓ。qišat。si₃₀。ter。tir。|še.nun&nun|。šabu。še.nun&nun。še₁₅。ṭer₅。ṭir₅,DIR4。EZINA3。EZINU3。GAMUN2。NINNI8。TER。TIR。ŠAḪ3。ŠE15。ṬIR5,ašnanₓ。dir₄。ezinam₃。ezina₃。ezinu₃。gamun₂。ninni₈。panaₓ。qišat。si₃₀。ter。tir。šabu。še₁₅。ṭer₅。ṭir₅,ter,o0002726
𒌂,ezinaₓ。ezinuₓ,(še.nun&nun)×tak₄。|(še.nun&nun)×tak₄|,,(še.nun&nun)×tak₄。ezinaₓ。ezinuₓ。|(še.nun&nun)×tak₄|,TIRxTAK4,ezinaₓ。ezinuₓ,ezinaₓ,o0000640
𒌃,garadin6。garadin₆。karadin6。karadin₆。nenni5。nenni₅。ninni5。ninni₅,(še.nun&nun)&(še.nun&nun)。garadin6。karadin6。nenni5。ninni5。|(še.nun&nun)&(še.nun&nun)|,NINNI5。ninni5。ninni₅,(še.nun&nun)&(še.nun&nun)。garadin₆。karadin₆。nenni₅。ninni₅。|(še.nun&nun)&(še.nun&nun)|,GARADIN6。KARADIN6。NENNI5。NINNI5。TIRoverTIR,garadin₆?。karadin₆?。nenni₅。ninni₅。ninniₓ,garadin₆,o0000639
𒌃𒆸,,(še.nun&nun)&(še.nun&nun).lagab。|(še.nun&nun)&(še.nun&nun).lagab|,,(še.nun&nun)&(še.nun&nun).lagab。|(še.nun&nun)&(še.nun&nun).lagab|,,None,,
𒌃𒆸𒆸,garadin4。garadin₄。karadin4。karadin₄,(še.nun&nun)&(še.nun&nun).lagab.lagab。garadin4。karadin4。|(še.nun&nun)&(še.nun&nun).lagab.lagab|,,(še.nun&nun)&(še.nun&nun).lagab.lagab。garadin₄。karadin₄。|(še.nun&nun)&(še.nun&nun).lagab.lagab|,GARADIN4。KARADIN4。NINNI5.NIGIN。TIRoverTIR.LAGAB+LAGAB。TIRoverTIR.LAGAB.LAGAB,garadin₄。karadin₄,,
𒌄,garadin。karadin,(še.nun&nun)&(še.nun&nun).gad&gad.gar&gar。|(še.nun&nun)&(še.nun&nun).gad&gad.gar&gar|,(karadin)。garadin。karadin,(še.nun&nun)&(še.nun&nun).gad&gad.gar&gar。garadin。karadin。|(še.nun&nun)&(še.nun&nun).gad&gad.gar&gar|,GARADIN。KARADIN。TIRoverTIR.GADoverGAD.NIG2overNIG2,garadin。karadin,garadin,o0000635
𒌅,"du2。dud2。dud₂。dur11。dur₁₁。du₂。hu2。hudusz。huduš。hu₂。martu。martum。namszesze。namšeše。t,u2。tu。tud。tum12。tum₁₂。tur5。tur₅。ṭu₂","du2。dud2。dur11。hu2。hudusz。namszesze。rec147。t,u2。tum12。tur5",",tu。DU2。DÚ。TU。Tu。[tu。du2。dur11。dú。t,u2。tu。tud。tur5。ṭu2。ṭú",dud₂。dur₁₁。du₂。huduš。hu₂。martu。martum。namšeše。rec147。tu。tud。tum₁₂。tur₅。ṭu₂,DU2。DUR11。PI10。TU。TUD。TUM12。TUR5。ṬU2,dud₂。dur₁₁。du₂。gurₓ。huduš。hu₂。kurₓ。kuₓ。martu。martum。namšeše。ruₓ。tu。tud。tum₁₂。tur₅。ṭu₂,tu,o0000556
𒌅𒌅,,tu&tu,,tu&tu,,,,
𒌆,aszlag2。azalag2。azalag₂。azlag2。azlag₂。ašlag₂。dul5。dul₅。i6。i₆。mu4。mur10。mur₁₀。mu₄。taskarin。taszkarin。taškarin。te5。te₅。tiszkarin。tiszkarini。tiškarin。tiškarini。tu9。tubaₓ。tug2。tug₂。tuk2。tuku2。tuku₂。tuk₂。tu₉。umusz。umuš。usz4。uš₄,aszlag2。azalag2。azlag2。dašgari。dul5。i6。mu4。mur10。taszkarin。te5。tiszkarin。tiszkarini。tu9。tuba₄。tubaₓ。tug2。tuk2。tuku2。umusz。usz4, tug2。TUG2。TUG₂。TÚG。azlag2。dul5。dul₅。mu4。mur10。taskarin。taszkarin。taškarin。tu9。tug2。tug₂。túg。umusz。umuš,azalag₂。azlag₂。ašlag₂。dašgari。dul₅。i₆。mur₁₀。mu₄。taskarin。taškarin。te₅。tiškarin。tiškarini。tuba₄。tug₂。tuku₂。tuk₂。tu₉。umuš。uš₄,1/6。60。AZLAG2。DUL5。MU4。MUR10。NAM2。TASKARIN。TAŠKARIN。TE5。TISKARIN。TIŠKARIN。TU9。TUG2。TUK2。TUKU2。TUQ2。UMUŠ。UŠ4,azalag₂。azlag₂。ašlag₂。dašgari。dul₅。egiₓ。i₆。mur₁₀。mušₓ。mu₄。taskarin。taškarin。te₅。tiškarin。tiškarini。tuba₄。tug₂。tuku₂。tuk₂。tumušₓ。tuqₓ。tu₉。umuš。uš₄,dul₅,o0000557
𒌆𒁍𒌆𒌅,,tug₂.bu.tug₂.tu。|tug₂.bu.tug₂.tu|,,tug₂.bu.tug₂.tu。|tug₂.bu.tug₂.tu|,,samanₓ,,
𒌆𒁽,tugir,tug₂.du@s。|tug₂.du@s|,,tugir。tug₂.du@s。|tug₂.du@s|,TUG2.KAŠ4。TUGIR,tugir,,
𒌆𒌓,aszlag。azalag。azlag。ašlag,aszlag。tug₂.ud。|tug₂.ud|,azalag。azlag,azalag。azlag。ašlag。tug₂.ud。|tug₂.ud|,ASLAG。AZALAG。AZLAG。AŠLAG。TUG2.UD,azalag。azlag。ašlag,,
𒌇,du12。duk2。duk₂。du₁₂。rasz2。raš₂。ta9。ta₉。tu12。tug。tuk。tuku。tuq。tu₁₂,du12。duk2。rasz2。ta9。tu12,TUG。TUK。TUKU。du12。duk2。raš2。tug。tuk。tuku。tuq,duk₂。du₁₂。raš₂。ta₉。tug。tuk。tuku。tuq。tu₁₂,DU12。DUG2。DUK2。DUQ2。RAŠ2。TU12。TUG。TUK。TUKU。TUQ,dukuₓ。duk₂。du₁₂。raš₂。ta₉。tug。tuk。tuku。tuq。tu₁₂,tuk,o0000558
𒌇𒌇,duddu。duttu,tuk.tuk。|tuk.tuk|,,duddu。duttu。tuk.tuk。|tuk.tuk|,DUDDU。DUTTU。TUK.TUK,duddu。duttu,,
𒌈,"dam3。dam₃。du4。dum。du₄。eb2。eb₂。eger4。eger₄。egir4。egir₄。ep2。ep₂。geszkadₓ。geškadₓ。giszkadₓ。giškadₓ。ib2。ib₂。ip2。ip₂。ri...。suri。t,u4。t,um。tam4。tam₄。tim2。tim₂。tu4。tum。tu₄。ŋeszkadₓ。ŋeškadₓ。ŋiszkadₓ。ŋiškadₓ。ṭum。ṭu₄","dam3。du4。eb2。eger4。egir4。egur₄。ep2。geszkadₓ。giszkadₓ。ib2。ip2。t,u4。t,um。tam4。tim2。tu4。ŋeszkadₓ。ŋiszkadₓ","IB2。TUM。du4。dum。eb2。ib2。ib₂。t,u4。tim2。tu4。tum。tu₄。ÍB。íb。ṭu4",dam₃。dum。du₄。eb₂。eger₄。egir₄。egur₄。ep₂。geškadₓ。giškadₓ。ib₂。ip₂。ri...。suri。tam₄。tim₂。tum。tu₄。ŋeškadₓ。ŋiškadₓ。ṭum。ṭu₄,DAM3。DU4。DUM。EB2。EGER4。EGIR3。EGIR4。EP2。IB2。IP2。TAM4。TIM2。TIM3。TU4。TUM。ṬU4。ṬUM,dam₃。dum。du₄。eb₂。eger₄。egir₄。egur₄。ep₂。geškadₓ。giškadₓ。guruₓ。gurₓ。ib₂。ilₓ?。ip₂。rixₓ?。siₓ。suri。tam₄。tim₂。tum。tu₄。zibₓ。ŋeškadₓ。ŋiškadₓ。ṭum。ṭu₄,tum,o0000559
𒌉,"ban3。banda3。banda₃。ban₃。damu。di4。di₄。du13。dumu。dumₓ。du₁₃。ibila4。ibila₄。maru。pesz7。peš₇。suhuszₓ。suhušₓ。szak7。szir6。t,ur3。tu19。tul4。tul₄。tur。tura。turu。tu₁₉。zerₓ。šak₇。šir₆。ṭur₃","ban3。banda3。de₁₀。di4。du13。ibila4。pesz7。suhuszₓ。szak7。szir6。t,ur3。tu19。tul4", dumu。 tur。BAN3。BANDÀ。BÀNDA。DUMU。TUR。Tur。_dumu。_dumu_。ban3。banda3。banda3_。bandà。ban₃。bà]n。bàn。di4。du13。dumu。dumu#。peš₇。tu19。tur,banda₃。ban₃。damu。de₁₀。di₄。dumu。dumₓ。du₁₃。ibila₄。maru。peš₇。suhušₓ。tul₄。tur。tura。turu。tu₁₉。zerₓ。šak₇。šir₆。ṭur₃,BAN3。BANDA3。DAMU。DI4。DU13。DUMU。MAR5。MARA5。MARU。MARU5。PEŠ7。TU19。TUL4。TUR。TURA。TURU。ŠIR6。ṬUR3,banda₃。ban₃。buₓ。damu。de₁₀。di₄。dumu。dumₓ。du₁₃。ibila₄。maru。mar₅。peš₇。puₓ。suhušₓ。tirₓ。tul₄。tur。tura。turu。tu₁₉?。zerₓ。šak₇。šir₆。ṭur₃,tura,o0000560
𒌉𒀴,ibila2。ibila₂,ibila2。tur.arad。|tur.arad|,ibila2,ibila₂。tur.arad。|tur.arad|,DUMU.NITA2。IBILA2。TUR.ARAD,ibila₂,,
𒌉𒁹,gena。genan。genna。gina。ginan。ginna。hibis。hibiz。ibilaₓ,tur.diš。|tur.diš|,gena。genna。gina,gena。genan。genna。gina。ginan。ginna。hibis。hibiz。ibilaₓ。tur.diš。|tur.diš|,GENA。GENNA。GINA。GINAN。GINNA。IBILA4。TUR.DIŠ。ḪIBIS。ḪIBIZ,gena。genan。genna。gina。ginan。ginna。hibis。hibiz。ibilaₓ,,
𒌉𒂠,dumu-gi7。dumu-gi₇。kun5。kun₅。kuŋ5。kuŋ₅,dumu-gi7。kun5。kuŋ5。tur.eš₂。|tur.eš₂|,,dumu-gi₇。kun₅。kuŋ₅。tur.eš₂。|tur.eš₂|,KUN5。TUR.ŠE3,dumu-gi₇。kun₅。kuŋ₅,,
𒌉𒊕,ibila3。ibila₃,ibila3。tur.sag。|tur.sag|,,ibila₃。tur.sag。|tur.sag|,DUMU.SAG。IBILA3。TUR.SAG,ibila₃,,
𒌉𒊩𒌉𒌉,murumₓ,tur.sal.tur.tur。|tur.sal.tur.tur|,,murumₓ。tur.sal.tur.tur。|tur.sal.tur.tur|,,murumₓ,,
𒌉𒌉,deₓ-deₓ。di4-di4。di₄-di₄。du13-du13。du₁₃-du₁₃。tilₓ。tur-tur,di4-di4。du13-du13。tur.tur。|tur.tur|,,deₓ-deₓ。di₄-di₄。du₁₃-du₁₃。tilₓ。tur-tur。tur.tur。|tur.tur|,DIDI。TUR.TUR,deₓ-deₓ。di₄-di₄。du₁₃-du₁₃。tilₓ。tur-tur,,
𒌉𒌉𒇲,,,,,DIDLAx。TUR.TUR.LAL,didla,,
𒌉𒍑,ibila,tur.uš。|tur.uš|,IBILA。_ibila_。ibila,ibila。tur.uš。|tur.uš|,DUMU.NITA。IBILA。TUR.UŠ,ibila。suhušₓ,,
𒌊,zazana。zazna。zezna。zizna。zizₓ,tur&tur.za&za。|tur&tur.za&za|,ZIZNA。zizna,tur&tur.za&za。zazana。zazna。zezna。zizna。zizₓ。|tur&tur.za&za|,TURoverTUR.ZAoverZA。ZAZANA。ZAZNA。ZIZNA,zazana。zazna。zezna。zizna。zizₓ,zizna,o0002431
𒌋,1(bur3)。1(bur3@c)。1(bur₃)。1(bur₃@c)。1(u)。1(u@c)。a6。a₆。barₓ。bu12。bur3。bur3@c。buru3。burudₓ。buru₃。bur₃。bur₃@c。buzur。bu₁₂。ge14。geszburₓ。gešburₓ。ge₁₄。gibiru。giburu。giguru。guru12。guru₁₂。ha3。ha₃。hu3。hu₃。puzur。szil3。szu4。szusz。u。u@c。ubuₓ。umun。un2。un₂。uszur5。utahₓ。utuₓ。ušur₅。šil₃。šuš。šu₄,010。1(bur3)。1(bur3@c)。10。a6。bu12。bur3。bur3@c。buru3。bur₃@v。ge14。geszburₓ。guru12。ha3。hu3。szil3。szu4。szusz。u@f。un2。uszur5, 10。1(bur3)。1(u)。10。<<u>>。<u>。BÙR。U。_1(bur3)。_U。_u。bur3。buru3。bùr。ha3。szu4。szusz。u。u_。umun。ŠUŠ。šuš,010。1(bur₃)。1(bur₃@c)。1(u)。1(u@c)。10。a₆。barₓ。burudₓ。buru₃。bur₃。bur₃@c。bur₃@v。buzur。bu₁₂。gešburₓ。ge₁₄。gibiru。giburu。giguru。guru₁₂。ha₃。hu₃。puzur。u。u@c。u@f。ubuₓ。umun。un₂。utahₓ。utuₓ。ušur₅。šil₃。šuš。šu₄,10。10/3600。10/60。A6。BU12。BUR3。BURU3。BUZUR。GE14。GIBURU。GIBURUM。GIGURU。GURU12。IŠ8。PUZUR。U。UMUN。UN2。USUR5。UŠUR5。ŠIL3。ŠU4。ŠUŠ。ḪA3。ḪU3,1(bur₃)。1(u)。a₆。barₓ。burudₓ。buru₃。bur₃。buzur。bu₁₂。dišₓ。gešburₓ。ge₁₄。gibiru。giburu。giguru。guru₁₂。ha₃。hu₃。puzur。u。ubuₓ。umun。unuₓ。un₂。utahₓ。utuₓ。ušur₅。ŋešburₓ。šil₃。šuš。šu₄,010,o0000561
𒌋𒀜,gir4。gir₄。isi3。isim3。isimu3。isimu₃。isim₃。isi₃。kir13。kiriₓ。kir₁₃,gir4。isi3。isim3。isimu3。kir13。u.ad。|u.ad|,GIR4。gir4。kir13。ìsimu,gir₄。isimu₃。isim₃。isi₃。kiriₓ。kir₁₃。u.ad。|u.ad|,GIR4。ISI3。ISIM3。ISIMU3。KIR13。QIR3。U.AD,gir₄。isimu₃。isim₃。isi₃。kiriₓ。kir₁₃,,
𒌋𒁯,aszdar。ašdar。musz7。muš₇。u-gun3。u-gun₃。ugun。ugunu,aszdar。musz7。u-gun3。u.dar。|u.dar|,AŠDAR。AŠDAR;。UGUN。ašdar;。ugun,ašdar。muš₇。u-gun₃。u.dar。ugun。ugunu。|u.dar|,AŠDAR。U.DAR。U.GUN3。UGUN。UGUNU,ašdar。mušₓ。u-gun₃。ugun?。ugunu,,
𒌋𒁴,gakkul3。gakkul₃。kakkul3。kakkul₃。mun6。mun₆,gakkul3。kakkul3。mun6。u.dim。|u.dim|,GÀKKUL。gàkkul,gakkul₃。kakkul₃。mun₆。u.dim。|u.dim|,GAKKUL3。KAKKUL3。MUN6。U.DIM,gakkul₃。kakkul₃。mun₆,,
𒌋𒁵,gakkul。kakkul。mun5。mun₅,mun5。u.dim×še。|u.dim×še|,GAKKUL。gakkul,gakkul。kakkul。mun₅。u.dim×še。|u.dim×še|,GAKKUL。MUN5。U.MUNKAKKUL,gakkul。kakkul。mun₅,,
𒌋𒁹,,11,,11,,,,
𒌋𒂔,bahar3。bahar₃,bahar3。u.edin。|u.edin|,bahar3,bahar₃。u.edin。|u.edin|,BAḪAR3。U.EDIN,bahar₃,,
𒌋𒂙,eszgarₓ。eszgiri。eszkiri。ešgarₓ。ešgiri。eškiri。ganu。girₓ。kir12。kirruₓ。kir₁₂。sibir。szibir。uszbar5。uszbur5。ušbar₅。ušbur₅。šibir,eszgarₓ。eszgiri。eszkiri。kir12。szibir。u.en×gan₂@t。uszbar5。uszbur5。|u.en×gan₂@t|,eszgiri。eškiri。sibir。ŠIBIR。šibir,ešgarₓ。ešgiri。eškiri。ganu。girₓ。kirruₓ。kir₁₂。sibir。u.en×gan₂@t。ušbar₅。ušbur₅。|u.en×gan₂@t|。šibir,,ešgarₓ。ešgiri。eškiri。ganu。girₓ。kirruₓ。kir₁₂?。sibir。ušbar₅?。ušbur₅。šibir,,
𒌋𒂵,dimna。u14。ud6。ud₆。ulₓ。ut6。utah。utu2。utu₂。ut₆。u₁₄。zagₓ。zahan2。zahan₂,u.ga。u14。ud6。ut6。utu2。zahan2。|u.ga|,ud6。ÚTU。útu,dimna。u.ga。ud₆。ulₓ。utah。utu₂。ut₆。u₁₄。zagₓ。zahan₂。|u.ga|,DIMNA。U.GA。U14。UD6。URUM7。UT6。UTAḪ。UTU2。ZAḪAN。ZAḪAN2。ŠU4.GA,dimna。gurₓ。sagₓ。ud₆。ulₓ。utah。utu₂。ut₆。u₁₄?。zagₓ。zahan₂,,
𒌋𒂵𒄭,zahan,u.ga.hi。|u.ga.hi|,,u.ga.hi。zahan。|u.ga.hi|,UTU2.ḪI。ZAḪAN,zahan,,
𒌋𒃶,saman4。saman₄。szagan。szakan。szakkan。szaman2。szaŋan。šagan。šakan。šakkan。šaman₂。šaŋan,saman4。szagan。szakan。szakkan。szaman2。szaŋan。u.gan。|u.gan|,saman4。szaman2。ŠAGAN。ŠAMAN2。šagan。šakan,saman₄。u.gan。|u.gan|。šagan。šakan。šakkan。šaman₂。šaŋan,SAMAN4。U.GAN。ŠAGAN。ŠAKAN。ŠAMAN2。ŠU4.GAN,saman₄。šagan。šakan。šakkan。šaman₂。šaŋan,,
𒌋𒄥,nergalₓ。ugur,u.gur。|u.gur|,,nergalₓ。u.gur。ugur。|u.gur|,U.GUR。UGUR,nergalₓ。ugur,,
𒌋𒅗,ele。eli。mah3。mah₃。muh。ugu。ugun3。ugun₃,mah3。u.ka。ugun3。|u.ka|,Muh。UGU。Ugu。_ugu。_ugu_。eli。muh。muḫ。ugu。ugu_,ele。eli。mah₃。muh。u.ka。ugu。ugun₃。|u.ka|,ELE。ELI。MAḪ3。MUḪ。SAGU。U.GU3。U.KA。UGU。UGUN3,ele。eli。mah₃。muh。saŋdulₓ。ugu。ugun₃,,
𒌋𒆤,szagₓ。szakₓ。szita4。szudul6。szutul6。šagₓ。šakₓ。šita₄。šudul₆。šutul₆,szagₓ。szakₓ。szita4。szudul6。szutul6。u.kid。|u.kid|,ŠITA4。šita4,u.kid。|u.kid|。šagₓ。šakₓ。šita₄。šudul₆。šutul₆,U.KID。ŠITA4。ŠUDUL6。ŠUDUN6。ŠUTUL6。ŠUTUN6,niginₓ。šagₓ。šakₓ。šita₄。šudul₆。šutul₆,,
𒌋𒈦𒆏,gira,u.maš.kab。|u.maš.kab|,,gira。u.maš.kab。|u.maš.kab|,GIRA。U.MAŠ.KAB,gira,,
𒌋𒈫,,12,,12,,,,
𒌋𒈬,udul8。udul₈。udun。umun10。umun₁₀。utul8。utul₈。utun,u.mu。udul8。umun10。utul8。|u.mu|,UDUN。udun,u.mu。udul₈。udun。umun₁₀。utul₈。utun。|u.mu|,U.MU。UDUN。UMUN10,udul₈。udun。uduₓ。umun₁₀?。utul₈。utun,,
𒌋𒊊,kiszi10。kiši₁₀。kusz5。kuszu。kuszum4。kušu。kušum₄。kuš₅,kiszi10。kusz5。kuszu。kuszum4。u.pirig。|u.pirig|,KUŠU。kuszu。kušu,kiši₁₀。kušu。kušum₄。kuš₅。u.pirig。|u.pirig|,KIŠI10。KUZU。KUŠ5。KUŠU。KUŠUM4。U.PIRIG,kiši₁₀。kušu。kušum₄。kuš₅,,
𒌋𒊕,sagdul。sagszu。sagtuszₓ。sagtušₓ。sagšu。saŋszu。saŋšu。uguₓ,sagszu。sagtuszₓ。saŋdul。saŋszu。u.sag。|u.sag|,SAGŠU。sagšu,sagdul。sagtušₓ。sagšu。saŋdul。saŋšu。u.sag。uguₓ。|u.sag|,SAGDUL。SAGŠU。U.SAG。ŠU4.SAG,muhₓ。sagdul。sagtušₓ。sagšu。saŋdul。saŋturₓ。saŋtušₓ。saŋtuₓ。saŋšu。uguₓ,,
𒌋𒊬,baharₓ。bakiru。bakirum。mahar2。mahar₂,mahar2。u.sar。|u.sar|,,baharₓ。bakiru。bakirum。mahar₂。u.sar。|u.sar|,BAKIRU。BAKIRUM。MAḪAR2。U.SAR,baharₓ。bakiru。bakirum。mahar₂?,,
𒌋𒊭,urum7。urum₇。usagₓ,u.ša。urum7。|u.ša|,,u.ša。urum₇。usagₓ。|u.ša|,,sagₓ。saŋₓ。urum₇。usagₓ。zaₓ,,
𒌋𒌆,dul。szudul2。szudun2。szutul2。tul。šudul₂。šudun₂。šutul₂,szudul2。szudun2。szutul2。u.tug₂。|u.tug₂|,DUL。dul。dul]。tul,dul。tul。u.tug₂。|u.tug₂|。šudul₂。šudun₂。šutul₂,DUL。TUL。TULE。U.TUG2。ŠU4.DUL5。ŠUDUL2。ŠUDUN2。ŠUTUL2。ŠUTUN2。ṬUL3,dul。tul。uduₓ。šudul₂。šudun₂。šutul₂,,
𒌋𒌋,2(bur3)。2(bur3@c)。2(bur₃)。2(bur₃@c)。2(u)。2(u@c)。amna2。amna₂。buzur2。buzur₂。giszₓ。gišₓ。mam。man。mana。men5。men₅。mim3。mim₃。min3。mina3。mina₃。min₃。nasz。naš。nes。nesz。neš。nis。nisz。niz。niš。puzur2。puzur₂。szamasz2。szar4。szarru2。szuszana2。szuszanaku。tab4。tab₄。utu3。utu₃。wan。šamaš₂。šarru₂。šar₄。šušanaku。šušana₂,020。2(bur3)。2(bur3@c)。20。amna2。buzur2。giszₓ。ma₁₀。men5。mim3。min3。mina3。nasz。nesz。nisz。puzur2。szamasz2。szar4。szarru2。szuszana2。szuszanaku。tab4。u&u。u.u。utu3。|u.u|,2(u)。20。20;。<MAN。MAN。Man。MÌN。mam。man。min3。mìm。mìn。nes。nesz。nisz。niš。szar4,020。2(bur₃)。2(bur₃@c)。2(u)。2(u@c)。20。amna₂。buzur₂。gišₓ。mam。man。mana。ma₁₀。men₅。mim₃。mina₃。min₃。naš。nes。neš。nis。niz。niš。puzur₂。tab₄。u&u。u.u。utu₃。wan。|u.u|。šamaš₂。šarru₂。šar₄。šušanaku。šušana₂,20。AMNA2。BUZUR2。MA10。MAM。MAN。MANA。MEN5。MIM3。MIN3。MINA3。MURU8。NAŠ。NES。NEŠ。NIS。NIŠ。PUZUR2。U.U。UTU3。WAN。ŠAR4。ŠARRU2。ŠUŠANA2,,,
𒌋𒌋𒁹,,21,,21,21。MAN.DIŠ,,,
𒌋𒌋𒈫,,22,,22,,,,
𒌋𒌋𒌋𒐋,bangaszₓ。bangašₓ,bangaszₓ。u.u.u.aš₃。|u.u.u.aš₃|,,bangašₓ。u.u.u.aš₃。|u.u.u.aš₃|,,,,
𒌋𒌋𒐈,,23,,23,,,,
𒌋𒌋𒐉,,24,,24,,,,
𒌋𒌋𒐊,,25,,25,,,,
𒌋𒌋𒐋,,26,,26,,,,
𒌋𒌋𒐌,,27,,27,,,,
𒌋𒌋𒐍,,28,,28,,,,
𒌋𒌋𒑆,,29,,29,,,,
𒌋𒌓,nigin4。nigin₄。nim3。nim₃。ningin4。ningin₄。szu16。uszu2。uzu5。uzu₅。ušu₂。šu₁₆,nigin4。nim3。ningin4。niŋin₄。szu16。u.ud。uszu2。uzu5。|u.ud|,NIGIN4。nigin4。nim3,nigin₄。nim₃。ningin₄。niŋin₄。u.ud。uzu₅。ušu₂。|u.ud|。šu₁₆,NIGIN4。NIM3。NIMGIN4。NINGIN2。NINGIN4。U.UD。UZU5。UŠU2。ŠU16,nigin₄。nim₃?。ningin₄。niŋarₓ。niŋin₄。uzu₅。ušu₂。šu₁₆,,
𒌋𒌓𒆤,ni9。nig6。nigar。nigin3。nigin₃。nig₆。nimgin3。nimgin₃。ningin3。ningin₃。niŋ6。niŋar。niŋin3。niŋin₃。niŋ₆。ni₉,ni9。nig6。nigin3。nimar。nimgin3。ningin3。niŋ6。niŋin3。u.ud.kid。|u.ud.kid|,NÌGIN。ni9。nigar。nigin3。nìgin,nigar。nigin₃。nig₆。nimar。nimgin₃。ningin₃。niŋar。niŋin₃。niŋ₆。ni₉。u.ud.kid。|u.ud.kid|,NI9。NIG6。NIGIN3。NIMGIN3。NINGIN。NINGIN3。U.UD.KID,nigar。nigin₃。nig₆。nimar。nimgin₃?。ningin₃。niŋar。niŋin₃。niŋ₆。ni₉,,
𒌋𒌪,szutulₓ。šutulₓ,szutulₓ。u.ur@s。|u.ur@s|,,u.ur@s。|u.ur@s|。šutulₓ,ŠU4.URšeššig。ŠUDUL3。ŠUDUN3。ŠUTUL3。ŠUTUN3,šutulₓ,,
𒌋𒍠,buzur3。buzur₃。puzur3。puzur₃,buzur3。puzur3。u.zag。|u.zag|,,buzur₃。puzur₃。u.zag。|u.zag|,BUZUR3。PUZUR3。U.ZAG,buzur₃。puzur₃,,
𒌋𒐈,,13,,13,,,,
𒌋𒐉,,14,,14,,,,
𒌋𒐊,udilia。uia。uya,15。u.5(diš)。|u.5(diš)|,uia,15。u.5(diš)。udilia。uia。uya。|u.5(diš)|,15。U.IA2。UIA。XV,sarₓ。udilia。udiliyaₓ。uia。uya,,
𒌋𒐋,,16,,16,,,,
𒌋𒐌,,17,,17,,,,
𒌋𒐍,,18,,18,,,,
𒌋𒑆,,19,,19,,,,
𒌌,du7。du₇。mul4。mul₄。raₓ。ru5。ru₅。ul。ula。ullu。ullu3。ullu₃。ulu。ur6。ur₆,du7。mul4。ru5。u.gud。ullu3。ur6。|u.gud|,DU7。UL。Ul。[u]l。[ul。du7。du₇。ul。ulu,du₇。mul₄。raₓ。ru₅。u.gud。ul。ula。ullu。ullu₃。ulu。ur₆。|u.gud|,DU7。MUL4。RU5。U.GUD。UL。ULA。ULLU3。ULU。UR6,du₇。mul₄。raₓ。ru₅。ul。ula。ullu₃。ulu。ur₆?,ula,o0002459
𒌍,"3(bur3)。3(bur3@c)。3(bur₃)。3(bur₃@c)。3(u)。3(u@c)。ba3。batu。ba₃。es2。esz。esza2。esze。es₂。eš。eša₂。eše。is5。isz3。is₅。iš₃。nan3。nan₃。s,in。sin。szib0。szip0。usz18。uszu3。ušu₃。uš₁₈。šib₀。šip₀。ṣin","030。3(bur3)。3(bur3@c)。30。ba3。es2。esz。esza2。esze。eše@c。is5。isz3。nan3。s,in。szib0。szip0。u.u.u。usz18。uszu3。|u.u.u|",3(u)。30。ESZ。EŠ。SIN。Sin。ba3。esz。esz#。eš。is5。isz3。sin。uszu3。ušu3。és。ìsz。ìš。ùšu,030。3(bur₃)。3(bur₃@c)。3(u)。3(u@c)。30。batu。ba₃。es₂。eš。eša₂。eše。eše@c。is₅。iš₃。nan₃。sin。u.u.u。ušu₃。uš₁₈。|u.u.u|。šib₀。šip₀。ṣin,30。BA3。BATU。BUR3.BUR3.BUR3。ES2。EZ2。EŠ。EŠA2。EŠE。IS5。IŠ3。NAN3。SENNU。SIN。U.U.U。UZ7。UŠ18。UŠU3。ṢIN,1(eše@c)。3(bur₃)。3(bur₃@c)。3(u)。3(u@c)。batu。ba₃。es₂。eš。eša₂。eše。eše@c。is₅。iš₃。nan₃。sin。uzₓ。ušu₃。uš₁₈。šib₀。šip₀。ṣin,30,o0002471
𒌍𒁹,,31,,31,,,,
𒌍𒈫,,32,,32,,,,
𒌍𒐈,,33,,33,,,,
𒌍𒐉,,34,,34,,,,
𒌍𒐊,,35,,35,,,,
𒌍𒐋,,36,,36,,bangašₓ,,
𒌍𒐌,,37,,37,,,,
𒌍𒐍,,38,,38,,,,
𒌍𒑆,,39,,39,,,,
𒌎,garadin10。garadin₁₀。karadin10。karadin₁₀,garadin10。karadin10。u&u.pa&pa.gar&gar。|u&u.pa&pa.gar&gar|,,garadin₁₀。karadin₁₀。u&u.pa&pa.gar&gar。|u&u.pa&pa.gar&gar|,GARADIN10。KARADIN10。UoverU.PAoverPA.GARoverGAR,garadin₁₀。karadin₁₀,garadin₁₀,o0002441
𒌏,garadin9。garadin₉。karadin9。karadin₉,garadin9。karadin9。u&u.sur&sur。|u&u.sur&sur|,garadin9,garadin₉。karadin₉。u&u.sur&sur。|u&u.sur&sur|,GARADIN9。KARADIN9。UoverU.SURoverSUR,garadin₉。karadin₉,garadin₉,o0002442
𒌐,bargi。maszgi。mašgi,maszgi。u&u.u@v&u@v。|u&u.u@v&u@v|,BARGI。MAŠGI。MAŠGI;。bargi。mašgi;,bargi。mašgi。u&u.u@v&u@v。|u&u.u@v&u@v|,4timesU。BARGI。MAŠGI。UoverU.UreversedoverUreversed,bargi?。mašgi?,bargi,o0002444
𒌑,ba6。ba₆。bu11。bu₁₁。hazabur。kazab。kazabu。kazabur。kazbi。kazbu。keszₓ。kešₓ。kilibu。kusz3。kuszumₓ。kuzbi。kuzbu。kušumₓ。kuš₃。maszammi。maszszam。mat szammi。mat šammi。mašammi。maššam。pu11。pu₁₁。sam。szam。teszbi。tešbi。u2。u₂。wa3。wa₃。wuₓ。šam,ba6。bu11。keszₓ。kusz3。kuszumₓ。maszammi。maszszam。mat szammi。pu11。szam。teszbi。u2。wa3, u2。U2。U₂。ba6。kusz3。kuš3。kùš。sam。szam。u2。u2#。u2]。u₂。Ú。ú。ú?。ŠAM。š]am。šam,ba₆。bu₁₁。hazabur。kazab。kazabu。kazabur。kazbi。kazbu。kešₓ。kilibu。kuzbi。kuzbu。kušumₓ。kuš₃。mat šammi。mašammi。maššam。pu₁₁。sam。tešbi。u₂。wa₃。wuₓ。šam,BA6。BU11。BU8。KASBI。KAZAB。KAZAB2。KAZABU。KAZABUR。KAZBI。KILIBU。KUZBI。KUZBU。KUŠ3。PU11。PU8。SAM。TEŠBI。U2。WA3。ŠA17。ŠA25。ŠAM。ḪAZABUR,%akk/n mat_šammi。ba₆。birₓ。bu₁₁。hazabur。kazab。kazabu。kazabur。kazbi。kazbu。kešₓ。kilibu。kuzbi。kuzbu。kušumₓ。kuš₃。matšammi。matšammuₓ。mašammi。maššam。pu₁₁。sam。tešbi。ugaₓ。u₂。wa₃。wuₓ。šam,sam,o0000599
𒌑𒄈,,,,,ATTU。U2.GIR2。UKUR,None,,
𒌑𒄉,"ad5。adda3。adda₃。addu2。addu₂。ad₅。at,u。aṭu。kisz16。kisza。kiszeg。kiszek。kiszi16。kiszig。kiszik。kiša。kišeg。kišek。kišig。kišik。kiši₁₆。kiš₁₆","ad5。adda3。addu2。at,u。kisz16。kisza。kiszeg。kiszek。kiszi16。kiszig。kiszik。u₂.gir₂@g。|u₂.gir₂@g|",ad5。addu2。kiszeg,adda₃。addu₂。ad₅。aṭu。kiša。kišeg。kišek。kišig。kišik。kiši₁₆。kiš₁₆。u₂.gir₂@g。|u₂.gir₂@g|,AD5。ADDA3。ADDU2。KIŠ16。KIŠA。KIŠI16。U2.GIR2gunû,adda₃。addu₂。ad₅。aṭu。kiša。kišeg。kišek。kišig。kišik。kiši₁₆。kiš₁₆,,
𒌑𒄑𒈪,dimmusz。dimmuš。dimusz。dimuš,dimmusz。dimusz。u₂.giš.mi。|u₂.giš.mi|,,dimmuš。dimuš。u₂.giš.mi。|u₂.giš.mi|,DIMMUŠ。DIMUŠ。U2.GIŠ.MI,dimmuš。dimuš,,
𒌑𒄑𒊬,muthum,u₂.giš.sar。|u₂.giš.sar|,,muthum。u₂.giš.sar。|u₂.giš.sar|,,muthum,,
𒌑𒅗,musug2。musug₂。muzug2。muzug₂。usug2。usug₂。uzug2。uzug₂,musug2。muzug2。usug2。uzug2。u₂.ka。|u₂.ka|,muzug2。uzug2,musug₂。muzug₂。usug₂。uzug₂。u₂.ka。|u₂.ka|,MUSUG2。MUZUG2。U2.KA。USUG2。UZUG2,musug₂。muzug₂。usug₂。uzug₂,,
𒌑𒅲,,muzug₆。u₂.ka×li。|u₂.ka×li|,,muzug₆。u₂.ka×li。|u₂.ka×li|,,muzug₆,,
𒌑𒆠𒋧𒂵,gud3。gud₃,gud3。u₂.ki.sum.ga。|u₂.ki.sum.ga|,gud3。gùd,gud₃。u₂.ki.sum.ga。|u₂.ki.sum.ga|,GUD3。U2.KI.SUM.GA,gud₃,,
𒌑𒆳𒉌𒌇𒆠,musug4。musug₄。muzug4。muzug₄。usug4。usug₄。uzug4。uzug₄,musug4。muzug4。usug4。uzug4。u₂.kur.ni.tuk.ki。|u₂.kur.ni.tuk.ki|,uzug4,musug₄。muzug₄。usug₄。uzug₄。u₂.kur.ni.tuk.ki。|u₂.kur.ni.tuk.ki|,MUZUG4。U2.KUR.NI.DILMUNKI。U2.KUR.NI.TUK.KI。USUG4。UZUG4,musug₄。muzug₄。usug₄。uzug₄,,
𒌑𒆳𒊏,szembirida。szimbirida。šembirida。šimbirida,szembirida。szimbirida。u₂.kur.ra。|u₂.kur.ra|,,u₂.kur.ra。|u₂.kur.ra|。šembirida。šimbirida,U2.KUR.RA。ŠEBIRIDA。ŠIMBIRIDA,šembirida。šimbirida,,
𒌑𒆳𒍝𒈽𒆠,namri。namru,u₂.kur.za.muš₃@g.ki。|u₂.kur.za.muš₃@g.ki|,,namri。namru。u₂.kur.za.muš₃@g.ki。|u₂.kur.za.muš₃@g.ki|,NAMRI。U2.KUR.ZA.MUŠ2.KI。U2.KUR.ŠUBAKI,%akk/n namruₓ。namri,,
𒌑𒉀,,u₂.naga。|u₂.naga|,,u₂.naga。|u₂.naga|,,ugaₓ,,
𒌑𒉀𒂵,uga。ugaₓ,u₂.naga.ga。|u₂.naga.ga|,uga,uga。ugaₓ。u₂.naga.ga。|u₂.naga.ga|,U2.NAGA.GA。UGA,buruₓ。uga,,
𒌑𒊓,didaₓ,u₂.sa。|u₂.sa|,,didaₓ。u₂.sa。|u₂.sa|,,didaₓ。pihuₓ,,
𒌑𒊓𒅗𒆕,pihuₓ,u₂.sa.ka.kak。|u₂.sa.ka.kak|,,pihuₓ。u₂.sa.ka.kak。|u₂.sa.ka.kak|,,pihuₓ,,
𒌑𒊕,muzug。uzug3。uzug₃,uzug3。u₂.sag。|u₂.sag|,(uzug3)。uzug3,muzug。uzug₃。u₂.sag。|u₂.sag|,U2.SAG。USUG3。UZUG3,muzug。uzug₃。zug₃,,
𒌑𒌫,uszbarₓ。ušbarₓ,uszbarₓ。u₂.ur₂。|u₂.ur₂|,,ušbarₓ。u₂.ur₂。|u₂.ur₂|,,ušbarₓ,,
𒌑𒍝𒈹,,u₂.za.muš₃。|u₂.za.muš₃|,,u₂.za.muš₃。|u₂.za.muš₃|,,namruₓ。šubaₓ?。šubuₓ,,
𒌒,ar2。ara2。ara₂。ar₂。ub。uba。ubda。ubu2。ubu₂。up。warₓ,ar2。ara2。ubu2,UB。UP。_ár。ar2。ara2。u[b]。ub。ub]。up。ár,ara₂。ar₂。ub。uba。ubda。ubu₂。up。warₓ,AR2。ARA2。UB。UBU2。UP,ara₂。ar₂。ub。uba。ubda。ubu₂。up。warₓ,up,o0000564
𒌒𒈨,ummaₓ,ub.me。|ub.me|,,ub.me。ummaₓ。|ub.me|,,ummaₓ,,
𒌒𒊑,zamin,ub.ri。|ub.ri|,,ub.ri。zamin。|ub.ri|,AR2.RI。UB.RI。ZAMIN,zamin,,
𒌓,"a12。ah3。ah₃。al5。al₅。amna。ara7。ara₇。ayaₓ。a₁₂。bab2。babar。babbar。bab₂。bar6。baraₓ。bar₆。ber2。ber₂。besz12。beš₁₂。bir2。bir₂。da7。dag2。dag₂。dam2。dam₂。da₇。e8。e₈。gal8。gal₈。ha5。had2。hada2。hada₂。had₂。hasz3。haš₃。ha₅。hesz。heš。his。hisz。hiš。hud2。hud₂。kum4。kum₄。la7。lah。la₇。lih。luhₓ。mās,it。māṣit。par。para。per。pesz12。peš₁₂。pir。pirig2。pirig₂。piriŋ2。piriŋ₂。ra3。ra₃。s,ītu。sa16。salah。sa₁₆。siki2。siki₂。szamasz。szarag。t,am2。ta5。tam。tama。ta₅。tu2。tu₂。u4。ud。ug4。ug₄。ul6。ul₆。um2。um₂。un5。un₅。ut。ut,。uta。utu。uṭ。u₄。wās,it。wāṣit。zalag。zalaga。zalah。zalaqaₓ。zalaₓ。šamaš。šarag。ṣītu。ṭam₂","a12。ah3。al5。ara7。bab2。bar6。ber2。besz12。bir2。da7。dag2。dam2。e8。gal8。ha5。had2。hada2。hasz3。hesz。hisz。hud2。kum4。la7。mās,it。pesz12。pirig2。piriŋ2。ra3。s,ītu。sa16。siki2。szamasz。szarag。t,am2。ta5。tu2。u4。ug4。ul6。um2。un5。ut,。wās,it"," ud。BABBAR。HÁD。TAM。U4。UD。UT。UTU。Utu。U₄。[u4。[u4]。_u4。_u4_。a12。ah3。aḫ₃。babbar。babbar_。bar6。bir2。dag2。dam2。ha5。had2。hisz。lah。laḫ。lih。par。per。pir。ra3。szamasz。t,am2。t]ú。ta5。tam。tu2。tú。u4。u]ṭ。ud。ug4。ug₄。ul6。um2。ut。ut,。utu。uṭ。u₄。zalag。šamaš。ḫiš",ah₃。al₅。amna。ara₇。ayaₓ。a₁₂。babar。babbar。bab₂。baraₓ。bar₆。ber₂。beš₁₂。bir₂。dag₂。dam₂。da₇。e₈。gal₈。hada₂。had₂。haš₃。ha₅。heš。his。hiš。hud₂。kum₄。lah。la₇。lih。luhₓ。māṣit。par。para。per。peš₁₂。pir。pirig₂。piriŋ₂。ra₃。salah。sa₁₆。siki₂。tam。tama。ta₅。tu₂。ud。ug₄。ul₆。um₂。un₅。ut。uta。utu。uṭ。u₄。wāṣit。zalag。zalaga。zalah。zalaqaₓ。zalaₓ。šamaš。šarag。ṣītu。ṭam₂,A12。ADAN。AL5。ALALA3。AMNA。ARA7。AḪ3。BAB2。BABAR。BABBAR。BAR11。BAR6。BER2。BEŠ12。BIR2。DA7。DAG2。DAM2。E8。GAL8。KAZ2。KUM4。LA7。LAḪ。LIḪ。PAR。PARA。PARA11。PER。PEŠ12。PIR。PIRIG2。RA3。SA15。SA16。SIKI2。TA5。TAM。TU2。TUM12。U4。UD。UG4。UL6。UM2。UN5。UT。UTA。UTU。UṬ。ZALAG。ZALAGA。ŠAMAŠ。ḪA5。ḪAD2。ḪAŠ3。ḪEŠ。ḪIŠ。ḪUD2。ḪUT2ḪUṬ2。ṬAM2,%akk/n māṣit。%akk/n wāṣit。%akk/n ṣītu。ah₃。al₅。amna。ara₇。ayaₓ。a₁₂。babar。babbar。bab₂。baraₓ。bar₆。ber₂。beš₁₂。bir₂。dadagₓ。dag₂。dam₂。da₇。e₈。gal₈。hada₂。had₂。haš₃。ha₅。heš。his。hiš。hud₂。kum₄。lah。la₇。lih。luhₓ。par。para。per。peš₁₂。pir。pirig₂。piriŋ₂。ra₃。salah。sa₁₆。siki₂。tam。tama。ta₅。tu₂。ud。ug₄。ul₆。um₂。un₅。ut。uta。utu。uṭ。u₄。waṣitₓ。zalag。zalaga。zalah。zalaqaₓ。zalaₓ。šamaš。šarag。šara₉。ṭam₂,lah,o0000565
𒌓𒀀,pesz9。peš₉,pesz9。ud.a。|ud.a|,,peš₉。ud.a。|ud.a|,PEŠ9。UD.A,None,,
𒌓𒀊,ararama2。ararama₂。ararma2。ararma₂。larsa2。larsam2。larsam₂。larsa₂,ararama2。ararma2。larsa2。larsam2。ud.ab。|ud.ab|,ararma2,ararama₂。ararma₂。larsam₂。larsa₂。ud.ab。|ud.ab|,ARARMA2。LARSA2。LARSAM2。UD.AB,ararama₂。ararma₂。larsam₂。larsa₂,,
𒌓𒀕,arar。ararama。ararma。larsa。larsam,ud.ab@g。|ud.ab@g|,ARARMA。ararma,arar。ararama。ararma。larsa。larsam。ud.ab@g。|ud.ab@g|,ARARMA。LARSA。LARSAM。UD.UNUG。ZARARMA,arar。ararama。ararma。larsa。larsam,,
𒌓𒀭𒋀𒆠,id4。id₄。it4。itaₓ。iti6。iti₆。it₄,id4。it4。iti6。ud.an.šeš.ki。|ud.an.šeš.ki|,id4。it4。iti6,id₄。itaₓ。iti₆。it₄。ud.an.šeš.ki。|ud.an.šeš.ki|,ID4。IT4。ITI6。UD.AN.ŠEŠ.KI,id₄。itaₓ。iti₆?。itudₓ。it₄,,
𒌓𒀭𒌓,szerrida。šerrida,szerrida。ud.an.ud。|ud.an.ud|,,ud.an.ud。|ud.an.ud|。šerrida,SIRRIDA。UD.AN.UD。ŠERRIDA,šerrida,,
𒌓𒁺,ara4。ara₄。e3。ed2。edaₓ。ed₂。e₃。i10。i₁₀。sagus。sagusz。saguš。saŋus。saŋusz。saŋuš,ara4。e3。ed2。i10。sagusz。saŋusz。ud.du。|ud.du|,E3。E₃。e3。ed2。e₃。i10。È。è,ara₄。edaₓ。ed₂。e₃。i₁₀。sagus。saguš。saŋus。saŋuš。ud.du。|ud.du|,ARA4。E3。ED2。I10。SAGUS。SAGUŠ。UD.DU,ara₄。edaₓ。ed₂。e₃。eₓ。i₁₀?。pešpešₓ。sagus。saguš。saŋus。saŋuš,,
𒌓𒁺𒁍,a12-ra2-bu。a₁₂-ra₂-bu,a12-ra2-bu。ud.du.bu。|ud.du.bu|,,a₁₂-ra₂-bu。ud.du.bu。|ud.du.bu|,,a₁₂-ra₂-bu,,
𒌓𒃶,gidi6。gidi₆,gidi6。ud.gan。|ud.gan|,,gidi₆。ud.gan。|ud.gan|,GIDI6。UD.GAN,gidi₆,,
𒌓𒄒𒉣,buranun。buranuna。buranunu。burunun。burununa。sippar。zimbir,ud.giš%giš.nun。zibbir。|ud.giš%giš.nun|,BURANUN。ZIMBIR。buranun。buranuna。zimbir,buranun。buranuna。buranunu。burunun。burununa。sippar。ud.giš%giš.nun。zibbir。zimbir。|ud.giš%giš.nun|,BARANA。BURANUN。BURANUNA。BURUNUN。UD.KIB.NUN。ZIMBIR,buranun。buranuna。buranunu。burunun。burununa。sippar。zibbir。zimbir,,
𒌓𒄯,kaz9。kaz₉,kaz9。ud.hi×aš₂。|ud.hi×aš₂|,,kaz₉。ud.hi×aš₂。|ud.hi×aš₂|,KAZ2。KAZ9。UD.ḪAR,kaz₉?,,
𒌓𒄷𒄭𒉣,abbununna。abbununnaₓ。abbununnu。abbununnuₓ。ibbanunna。ibbanunnaₓ,ud.hu.hi.nun。|ud.hu.hi.nun|,,abbununna。abbununnaₓ。abbununnu。abbununnuₓ。ibbanunna。ibbanunnaₓ。ud.hu.hi.nun。|ud.hu.hi.nun|,IBBANUNNA。UD.MUD.NUN,abbununna。abbununnu。adabₓ。ibbanunna,,
𒌓𒄷𒄭𒉣𒈾,,ud.hu.hi.nun.na。|ud.hu.hi.nun.na|,,ud.hu.hi.nun.na。|ud.hu.hi.nun.na|,,abbununnaₓ。abbununnuₓ。ibbanunnaₓ,,
𒌓𒅗𒁇,sipar。zabar。zibar,ud.ka.bar。|ud.ka.bar|,ZABAR。zabar。zabar_,sipar。ud.ka.bar。zabar。zibar。|ud.ka.bar|,,sipar。zabar。zibar,,
𒌓𒆤,niginₓ,ud.kid。|ud.kid|,,niginₓ。ud.kid。|ud.kid|,,niginₓ,,
𒌓𒈣𒀏,sirara4。sirara₄,sirara4。ud.ma₂.ab×ha。|ud.ma₂.ab×ha|,,sirara₄。ud.ma₂.ab×ha。|ud.ma₂.ab×ha|,SIRARA4。UD.MA2.NINA,sirara₄,,
𒌓𒈣𒀏𒆠𒋳,sirara6。sirara₆,sirara6。ud.ma₂.ab×ha.ki.tag。|ud.ma₂.ab×ha.ki.tag|,sirara6。sirara₆,sirara₆。ud.ma₂.ab×ha.ki.tag。|ud.ma₂.ab×ha.ki.tag|,SIRARA6。UD.MA2.NINA.KI.TAG,sirara₆,,
𒌓𒈣𒀏𒋓,sirara2。sirara₂,sirara2。ud.ma₂.ab×ha.šir。|ud.ma₂.ab×ha.šir|,,sirara₂。ud.ma₂.ab×ha.šir。|ud.ma₂.ab×ha.šir|,SIRARA2。UD.MA2.NINA.ŠIR,sirara₂,,
𒌓𒈣𒀏𒋳,sirara3。sirara₃,sirara3。ud.ma₂.ab×ha.tag。|ud.ma₂.ab×ha.tag|,,sirara₃。ud.ma₂.ab×ha.tag。|ud.ma₂.ab×ha.tag|,SIRARA3。UD.MA2.NINA.TAG,sirara₃,,
𒌓𒉌,abnu。atumₓ。naₓ。yaₓ,ud.ni。|ud.ni|,,abnu。atumₓ。naₓ。ud.ni。yaₓ。|ud.ni|,,%akk abnu。atumₓ。naₓ。yaₓ。zaₓ,,
𒌓𒉣,adab。adaba。arab。darengal。durungal。isurungal。suruengal。surugal。surungal。turungal。usab,ud.nun。|ud.nun|,Adab。adab,adab。adaba。arab。darengal。durungal。isurungal。suruengal。surugal。surungal。turungal。ud.nun。usab。|ud.nun|,ADAB。ARAB。DARENGAL。ITURUNGAL。SURUENGAL。SURUGAL。TURUNGAL。UD.NUN,adab。adaba。arab。darengal。durungal。isurungal。suruengal。surugal。surungal。turungal。usab,,
𒌓𒊩𒄸,algames。algamesz。algameš。algamis,algamesz。ud.sal.hub₂。|ud.sal.hub₂|,algameš,algames。algameš。algamis。ud.sal.hub₂。|ud.sal.hub₂|,ALGAMES。UD.MUNUS.ḪUB2,None。algames。algameš。algamis,,
𒌓𒊬,szaragₓ。szaraₓ。u4-sakar。u₄-sakar。šaragₓ。šaraₓ,szaragₓ。szaraₓ。u4-sakar。ud.sar。|ud.sar|,,ud.sar。u₄-sakar。|ud.sar|。šaragₓ。šaraₓ,,u₄-sakar。šaragₓ。šaraₓ,,
𒌓𒋀𒆠,idₓ。itiₓ,ud.šeš.ki。|ud.šeš.ki|,,idₓ。itiₓ。ud.šeš.ki。|ud.šeš.ki|,,idₓ。itiₓ,,
𒌓𒌓,babar2。babar₂。babbar2。babbar₂。dadag。hahad。hahhadₓ。huhud。larag2。larag₂。tatam,babar2。babbar2。larag2。ud.ud。|ud.ud|,babbar2。bábbar。dadag,babar₂。babbar₂。dadag。hahad。hahhadₓ。huhud。larag₂。tatam。ud.ud。|ud.ud|,BABAR2。BABBAR2。DADAG。LARAG2。UD.UD。ḪAḪAD。ḪUḪUD,babar₂。babbar₂。dadag。hahad。hahhadₓ。huhud。larag₂。tatam,,
𒌓𒌓𒀝,larag,ud.ud.ak。|ud.ud.ak|,,larag。ud.ud.ak。|ud.ud.ak|,LARAG。UD.UD.AG,larag,,
𒌔,ah6。ah₆。akszak。akšak。garu。huya。kesz18。keszi18。keši₁₈。keš₁₈。kua2。kua₂。kuia。kuszaₓ。kuszu3。kuwa2。kuwa₂。kuya2。kuya₂。kušaₓ。kušu₃。u'4。uh2。uhu2。uhu₂。uh₂。uʾ₄,ah6。akszak。kesz18。keszi18。kua2。kuszaₓ。kuszu3。kuwa2。kuya2。u'4。ud.kušu₂。uh2。uhu2。|ud.kušu₂|,UH2。ah6。akszak。uh2。uḫ2。ÚḪ。úh。úḫ,ah₆。akšak。garu。huya。keši₁₈。keš₁₈。kua₂。kuia。kuwa₂。kuya₂。kušaₓ。kušu₃。ud.kušu₂。uhu₂。uh₂。uʾ₄。|ud.kušu₂|,A12.KUŠU2。AKŠAK。AḪ6。GARU。KEŠ18。KEŠI18。KUA2。KUIA。KUŠU3。UD.KUŠU2。UḪ2。UḪU2。U’4,ah₆。akšak。garu。huya。keši₁₈。keš₁₈。kua₂。kuia。kuwa₂。kuya₂。kušaₓ。kušu₃。uhu₂。uh₂。uʾ₄,garu,o0002500
𒌕,,ud×bad。|ud×bad|,,ud×bad。|ud×bad|,UDxBAD,itiₓ。itudₓ,nan,o0002521
𒌖,itima2。itima₂。utima2。utima₂,itima2。ud×mi。utima2。|ud×mi|,ÍTIMA。ítima,itima₂。ud×mi。utima₂。|ud×mi|,ITIMA2。UDxMI。UTIMA2,itima₂。utima₂,itima₂,o0002522
𒌗,a13。arhu。a₁₃。du16。du₁₆。id8。id₈。iti。itid。itu。itud。u22。u₂₂,a13。du16。id8。u22。ud×(u.u.u)。|ud×(u.u.u)|, iti。ITI。ITU。_iti。_iti_。iti。itid。itu,arhu。a₁₃。du₁₆。id₈。iti。itid。itu。itud。ud×(u.u.u)。u₂₂。|ud×(u.u.u)|,,%akk/n arhu。a₁₃。du₁₆。id₈。iti。itid。itu。itud。u₂₂,itu,o0002520
𒌗𒀭𒋀𒆠,iti7。iti₇,iti7。ud×(u.u.u).an.šeš.ki。|ud×(u.u.u).an.šeš.ki|,,iti₇。ud×(u.u.u).an.šeš.ki。|ud×(u.u.u).an.šeš.ki|,ID9。IT9。ITI.AN.ŠEŠ.KI。ITI.DINGIR.NANNA。ITI7,iti₇?,,
𒌘,murubₓ。muruₓ。nesaŋₓ。nisaŋₓ。saŋₓ。zaŋₓ,ud×(u.u.u)@g。|ud×(u.u.u)@g|,,murubₓ。muruₓ。nesaŋₓ。nisaŋₓ。saŋₓ。ud×(u.u.u)@g。zaŋₓ。|ud×(u.u.u)@g|,ITIgunû。MUR2。MURI。MURU2。MURUB4。NESAG。NISAG。UDxU.U.Ugunû。UMUN9。UNU7,muri。murub₄。muru₂。mur₂,murubₓ,o0002519
𒌙,muru13。murub6。murub₆。muru₁₃。murₓ。nesag3。nesag₃。nisag3。nisag₃。sagₓ,muru13。murub6。nesag3。nisag3。ud@g,UD@g,murub₆。muru₁₃。murₓ。nesag₃。nisag₃。sagₓ。ud@g,MURU13。NESAG3。NISAG3。UDgunû,None,murub₆,o0000567
𒌚,itudₓ,ud@s,UD@s,itudₓ。ud@s,ITI。UDšeššig,itiₓ。itudₓ,itudₓ,o0000569
𒌚𒆤,ni11。nigin10。nigin₁₀。ni₁₁,ni11。nigin10。ud@s.kid。|ud@s.kid|,,nigin₁₀。ni₁₁。ud@s.kid。|ud@s.kid|,,nigin₁₀。ni₁₁,,
𒌚𒆵,akszak3。akšak₃,akszak3。ud@s.kušu₂。|ud@s.kušu₂|,,akšak₃。ud@s.kušu₂。|ud@s.kušu₂|,,akšak₃?,,
𒌛,iti2。itid2。itid₂。iti₂。itu2。itud2。itud₂。itu₂,iti2。itid2。itu2。itud2。ud@s×bad。|ud@s×bad|,ÍTI。íti,itid₂。iti₂。itud₂。itu₂。ud@s×bad。|ud@s×bad|,ARAḪ2。ITI2。ITIxBAD。ITU2。UDšeššigxBAD,itid₂。iti₂。itud₂。itu₂,iti₂,o0002516
𒌜,"gidim4。gidim₄。rābis,u。rābiṣu。szedu2。szēdu。udug。uduₓ。utug。šedu₂。šēdu","gidim4。rābis,u。szedu2。szēdu",UDUG。udug,gidim₄。rābiṣu。udug。uduₓ。utug。šedu₂。šēdu,GIDIM4。UDUG。UTUG。ŠEDU2,%akk/n rābiṣu。%akk/n šēdu。gidim₄。udug。uduₓ。utug。šedu₂,gidim₄,o0000570
𒌝,deh2。dehi2。dehi₂。deh₂。dih2。dihi2。dihi₂。dih₂。samag。sumug。szumugₓ。teh2。tehi2。tehi₂。teh₂。u16。um。umu。u₁₆。šumugₓ,deh2。dehi2。dih2。dihi2。szumugₓ。teh2。tehi2。u16,(samag)。UM。Um。[u]m。_um。samag。um。umu,dehi₂。deh₂。dihi₂。dih₂。samag。sumug。tehi₂。teh₂。um。umu。u₁₆。šumugₓ,DEḪ2。DEḪI2。DIḪ2。TEḪI。TEḪI2。U16。UM。UMU,dehi₂。deh₂。dihi₂。dih₂。samagₓ。sumugₓ。tehi₂。teh₂。turₓ。um。umu。u₁₆。šumugₓ,umu,o0000571
𒌝𒆸,,um.lagab。|um.lagab|,,um.lagab。|um.lagab|,,samagₓ。sumugₓ,,
𒌝𒈨,eme2。emeda。eme₂。um-me-da。ummeda,eme2。um.me。|um.me|,EMÉ。eme2。éme,emeda。eme₂。um-me-da。um.me。ummeda。|um.me|,EME2。EMEDA。UM.ME。UMMEDA,emeda。eme₂。um-me-da。ummeda,,
𒌞,samag5。samag₅。sumug5。sumug₅,samag5。sumug5。um×lagab。|um×lagab|,,samag₅。sumug₅。um×lagab。|um×lagab|,UMxLAGAB,samag₅。sumug₅,samag₅,o0002532
𒌟,emeda3。emeda₃。ummeda2。ummeda₂,emeda3。ummeda2。um×(me.da)。|um×(me.da)|,(emeda3)。emeda3,emeda₃。ummeda₂。um×(me.da)。|um×(me.da)|,EMEDA3。UMMEDA2。UMxME.DA,emeda₃。ummeda₂,emeda₃,o0002531
𒌠,samag2。samag₂。sumug2。sumug₂,samag2。sumug2。um×ša₃。|um×ša₃|,(samag2)。samag2,samag₂。sumug₂。um×ša₃。|um×ša₃|,UMxŠA3,samag₂。sumug₂,samag₂,o0002535
𒌡,samag3。samag₃。sumug3。sumug₃,samag3。sumug3。um×u。|um×u|,,samag₃。sumug₃。um×u。|um×u|,SAMAG3。SIMIG3。SUMUG3。UMxU,samag₃。simigₓ。sumug₃,samag₃,o0002534
𒌡𒆸,samag4。samag₄。sumug4。sumug₄,samag4。sumug4。um×u.lagab。|um×u.lagab|,,samag₄。sumug₄。um×u.lagab。|um×u.lagab|,,samag₄。sumug₄,,
𒌢,umbin,,UMBIN。umbin,umbin,DUBBIN。GAD.KID2.UR2。UMBIN,sigₓ。umbin,umbin,o0000572
𒌣,simug。umum。umun2。umun₂,umun2,SIMUG。UMUM。simug。umum。umun2。umun₂,simug。umum。umun₂,DA9。DE2。DI8。DIM6。DU19。MUM。MUN2。NINAGAL。SI7。SIMUG。SIU。UMUM。UMUN2。ṬE5,simug。umum。umun₂,simug,o0000573
𒌤,"abzuₓ。da9。da₉。de2。de₂。di8。dim6。dim₆。di₈。du19。du₁₉。mum。mun2。mun₂。ninagal。si7。siu。si₇。t,e5。ṭe₅","da9。de2。di8。dim6。du19。mun2。si7。t,e5。umum×kaskal。|umum×kaskal|",[de2。de2。de2]。de₂。di8。dé。si7,abzuₓ。da₉。de₂。dim₆。di₈。du₁₉。mum。mun₂。ninagal。siu。si₇。umum×kaskal。|umum×kaskal|。ṭe₅,DE2xKASKAL。UMUMxKASKAL,da₉。de₂。dim₆?。di₈。du₁₉?。mum。mun₂。ninagal。siu。si₇。ṭe₅。ṭiₓ,mum,o0000138
𒌥,deₓ,umum×pa。|umum×pa|,,deₓ。umum×pa。|umum×pa|,DE2xPA。UMUMxPA,deₓ。simugₓ,deₓ,o0002530
𒌦,kalam。kalama。kanam。kanaŋ。u12。ug3。uga3。uga₃。ug₃。uku3。uku₃。umₓ。un。unu4。unu₄。uŋ3。uŋ₃。u₁₂,u12。ug3。uga3。uku3。unu4。uŋ3, uĝ3。KALAM。UG3。UN。Un。[un。[ùg]。_kalam_。_ug3。_un_。kalam。kalama。ug3。uj3。uku3。un。un]。uĝ3。ùg。ùg!。ùĝ,kalam。kalama。kanam。kanaŋ。uga₃。ug₃。uku₃。umₓ。un。unu₄。uŋ₃。u₁₂,KALAM。KALAMA。KANAM。U12。UG3。UKU3。UN。UNU4,kalamₓ。uga₃。ug₃。uku₃。umₓ。un。unu₄。uŋ₃。u₁₂,un,o0000574
𒌧,kalamₓ,un@g,,kalamₓ。un@g,UNgunû,kalam。kalama。kanam。kanaŋ,kalamₓ,o0000575
𒌨,"a8。aia3。aia₃。aya3。aya₃。a₈。das。dasz。daš。desz3。deš₃。dulₓ。kalbu。leq。li7。lig。lik。liki。liq。li₇。lu6。lu₆。nigₓ。ru7。ru₇。szuzi。t,asz。tan8。tan₈。tas。tas,。tasz。tasza。taz。taš。taša。taṣ。tes2。tesz2。tes₂。teš₂。tis,2。tis2。tisz2。tis₂。tiz2。tiz₂。tiš₂。tiṣ₂。ur。ura。uru13。uru₁₃。šuzi。ṭaš","a8。aia3。aya3。dasz。desz3。li7。lu6。ru7。szuzi。t,asz。tan8。tas,。tasz。tasza。tes2。tesz2。tis,2。tis2。tisz2。tiz2。uru13", ur。UR。Ur。_ur。daš。kalbu。leq。lik。liq。tas。tasz。taš。taš]。tes2。tesz2。teš2。tisz2。tiš2。tés。téš。ur,aia₃。aya₃。a₈。das。daš。deš₃。dulₓ。kalbu。leq。lig。lik。liki。liq。li₇。lu₆。nigₓ。ru₇。tan₈。tas。taz。taš。taša。taṣ。tes₂。teš₂。tis₂。tiz₂。tiš₂。tiṣ₂。ur。ura。uru₁₃。šuzi。ṭaš,A8。AIA3。DAS。DAŠ。DEŠ3。LEQ。LI7。LIG。LIK。LIKI。LIQ。LU6。RU7。TAN3。TAS。TAZ。TAŠ。TAŠA。TAṢ。TES2。TEŠ2。TEṢ2。TIS2。TIZ2。TIŠ2。TIṢ2。UR。URU13。ŠUZI,%akk/n kalbu。aia₃。aya₃。a₈。das。daš。deš₃。dulₓ。kalabₓ。leq。lig。lik。liki。liq。li₇。lu₆。nigₓ。ru₇。surₓ。tan₈。tas。taz。taš。taša。taṣ。tes₂。teš₂。tis₂。tiz₂。tiš₂。tiṣ₂。ur。ura。uru₁₃。šudulₓ。šuzi。ṭaš,ur,o0000576
𒌨𒈤,nesza。neša,nesza。ur.mah。|ur.mah|,nesza,neša。ur.mah。|ur.mah|,NEŠA。UR.MAḪ,neša,,
𒌩,liliru。liri8。liri₈。liru8。lirum8。lirum₈。liru₈。ur-ur。urbigu。urbingu,liri8。liru8。lirum8。ur%ur。ur&ur。|ur%ur|,UR%UR。URBINGU。urbingu,liliru。liri₈。lirum₈。liru₈。ur%ur。ur&ur。ur-ur。urbigu。urbingu。|ur%ur|,LIRI8。LIRU8。LIRUM8。URBIGU。URBINGU。URcrossingUR,liliru。liri₈。lirum₈。liru₈。ur-ur。urbigu。urbingu,liliru,o0002536
𒌪,"dul9。dul₉。szudul4。szudul5。szudun5。szutul5。szutun5。t,ul4。tul7。tul₇。šudul₄。šudul₅。šudun₅。šutul₅。šutun₅。ṭul₄","dul9。szudul4。szudul5。szudun5。szutul5。szutun5。t,ul4。tul7。ur@s",UR@s。szutul5,dul₉。tul₇。ur@s。šudul₄。šudul₅。šudun₅。šutul₅。šutun₅。ṭul₄,TUL7。URšeššigDUL9。ŠUDUL5。ŠUDUN5。ŠUTUL5。ŠUTUN5,dul₉。tul₇。šudul₅。šudun₅。šutul₅。šutun₅。ṭul₄,dul₉,o0000578
𒌫,ur2。uru8。uru₈。ur₂,ur2。uru8。ur₂@g, ur2。UR2。UR₂。ur2。ur2#。ur₂。ÚR。úr,uru₈。ur₂。ur₂@g,UR2。URU8。URUM2,uru₈。ur₂,ur₂,o0000585
𒌬,urum9。urum₉,urum9。ur₂×(a.ha)。|ur₂×(a.ha)|,,urum₉。ur₂×(a.ha)。|ur₂×(a.ha)|,UR2xA.ḪA。URUM9,urum₉,urum₉,o0002583
𒌭,,,,,UR2xA.NA,None,nan,o0002584
𒌮,szuhusz2。šuhuš₂,szuhusz2。ur₂×al。|ur₂×al|,,ur₂×al。|ur₂×al|。šuhuš₂,SUḪUŠx。UR2xAL,šuhuš₂,šuhuš₂,o0002588
𒌯,eren8。eren₈。erim7。erim₇。erin9。erin₉。urum4。urum₄。uruₓ,eren8。erim7。erin9。urum4。ur₂×ha。|ur₂×ha|,,eren₈。erim₇。erin₉。urum₄。uruₓ。ur₂×ha。|ur₂×ha|,ERIM7。ERIN9。UR2xḪA。URUM4,eren₈。erim₇。erin₉。urum₄。uruₓ,erim₇,o0002591
𒌰,uszbar。uszbur。ušbar。ušbur,ur₂×nun。uszbar。uszbur。|ur₂×nun|,ušbar,ur₂×nun。ušbar。ušbur。|ur₂×nun|,UR2xNUN。UŠBAR。UŠBUR,ušbar。ušbur,ušbar,o0002595
𒌱,urum8。urum₈。uszbar7。uszbur7。ušbar₇。ušbur₇,urum8。ur₂×u₂。uszbar7。uszbur7。|ur₂×u₂|,,urum₈。ur₂×u₂。ušbar₇。ušbur₇。|ur₂×u₂|,UR2xU2。URUM8。UŠBAR7。UŠBUR7,murumₓ。urum₈。ušbar₇。ušbur₇,urum₈,o0002597
𒌲,muru4。murum4。murum₄。muru₄。ur9。uru7。urum2。urum₂。uru₇。ur₉。uszbar3。uszbur3。ušbar₃。ušbur₃,muru4。murum4。ur9。uru7。urum2。ur₂×(u₂.aš)。uszbar3。uszbur3。|ur₂×(u₂.aš)|,uru7,murum₄。muru₄。urum₂。uru₇。ur₂×(u₂.aš)。ur₉。ušbar₃。ušbur₃。|ur₂×(u₂.aš)|,MURU4。MURUM4。UR2xU2.AŠ。UR9。URU7。URUM2。UŠBAR3。UŠBUR3,murum₄。muru₄。urum₂。uru₇。ur₉。ušbar₃。ušbur₃。ušuburₓ,murum₄,o0002586
𒌳,ar...,ur₂×(u₂.bi)。|ur₂×(u₂.bi)|,,ar...。ur₂×(u₂.bi)。|ur₂×(u₂.bi)|,UR2xU2.BI,arxₓ,nan,o0002587
𒌴,gur15。gur₁₅。ur4。ura4。ura₄。ur₄,gur15。ur4。ura4,ur4,gur₁₅。ura₄。ur₄,GUR15。UR4,gur₁₅。ura₄。ur₄,ur₄,o0000588
𒌵,ari。kinda2。kinda₂。tila。tilla。ur10。uri。uru19。uru₁₉。ur₁₀,kinda2。lak647。ur10。uru19,URI。Uri。kinda2。uri,ari。kinda₂。lak647。tila。tilla。uri。uru₁₉。ur₁₀,ARI。BURoverBUR。BURoverBUR.KI。KINDA2。TILA。TILLAUR10。URI。URI.KI。URI5。URIM。URU19,ari。irₓ。kinda₂。sigₓ。tila。tilla。uri。uriₓ。uru₁₉。ur₁₀,tila,o0000579
𒌶,uri3。urimₓ。urin。uri₃。uru3。urun。uru₃,uri3。uru3,URI3。URU3。uri3。urin。uru3。ÙRU。ùri,urimₓ。urin。uri₃。urun。uru₃,URI3,urimₓ。urin。uri₃。urun。uru₃,urin,o0000581
𒌷,al8。ala。ale。ali。alu。al₈。er4。ere。eri。er₄。ir4。iri。ir₄。lu8。lu₈。re2。re₂。ri2。ri₂。ru9。ru₉。u19。ulu4。ulu₄。uru。u₁₉,al8。er4。ir4。lu8。re2。ri2。ru9。u19。ulu4, iri。IRI。Iri。U19。URU。Uru。_iri。_iri_。ali。alu。er4。eri。iri。iri_。re2。ri2。ru9。rí。u19。uru,ala。ale。ali。alu。al₈。ere。eri。er₄。iri。ir₄。lu₈。re₂。ri₂。ru₉。ulu₄。uru。u₁₉,AL8。ALA。ALE。ALI。ALU。ER4。ERI。ERI4。IR4。IRI。IRI4。LU8。RE2。RI2。RU9。U19。ULU4。URU,ala。ale。ali。alu。al₈。ere。eri。er₄。iri。ir₄。lu₈。re₂。ri₂。ru₉。ulu₄。uru。urumₓ。u₁₉。šigₓ,ala,o0000582
𒌷𒈨𒌋𒌋𒌋,ala2。ala₂,ala2。uru.me.u.u.u。|uru.me.u.u.u|,,ala₂。uru.me.u.u.u。|uru.me.u.u.u|,,,,
𒌸,ararim。arₓ。nagₓ。ru14。ru₁₄。uru18。urua。uru₁₈,ru14。uru18。uru×a。|uru×a|,ru14。uru18,ararim。arₓ。nagₓ。ru₁₄。urua。uru×a。uru₁₈。|uru×a|,ARARIM。URU18。URUA。URUxA,ararim。arₓ。nagₓ。ru₁₄。urua。uru₁₈,urua,o0002553
𒌹,,lak594,,lak594,URUxAŠGAB,None,nan,o0002554
𒌺,barimₓ。kin5。kin₅。ukken。ukkin。unken。unkin。unkinₓ,kin5。uru×bar。uru×maš。|uru×bar|, unken。UKKIN。_ukken_。ukken。ukkin。unken。unkin,barimₓ。kin₅。ukken。ukkin。unken。unkin。unkinₓ。uru×bar。uru×maš。|uru×bar|,KIN5。UKKIN。UNKEN。UNKIN。URUxBAR。URUxMAŠ,barimₓ。kin₅?。kiŋₓ。ukken。ukkin。unken。unkin,unkin,o0002555
𒌻,,,,,URUxDUN,None,nan,o0002557
𒌼,szakir3。szakira3。szikira3。šakira₃。šakir₃。šikira₃,szakir3。szakira3。szikira3。uru×ga。|uru×ga|,(šakir3)。ŠÀKIR。šakir3。šàkir,uru×ga。|uru×ga|。šakira₃。šakir₃。šikira₃,URUxGA。ŠAKIR3。ŠAKIRA3,šakira₃。šakir₃。šikira₃,šakir₃,o0002563
𒌽,araliₓ。urugalₓ,uru×gal。|uru×gal|,,araliₓ。urugalₓ。uru×gal。|uru×gal|,URUxGAL,araliₓ。urugalₓ,araliₓ,o0002560
𒌾,ru11。ru₁₁。ubₓ。uru11。urub。urutamga。uru₁₁,ru11。uru11。uru×gan₂@t。|uru×gan₂@t|,ru11,ru₁₁。ubₓ。urub。urutamga。uru×gan₂@t。uru₁₁。|uru×gan₂@t|,RU11。URU11。URUTAMGA。URUxGAN2tenû。URUxKAR2,erimₓ。ru₁₁。ubₓ。urub。urutamga。uru₁₁,urutamga,o0002561
𒌿,erim3。erimmaₓ。erim₃。erin3。erin₃。irimmaₓ,erim3。erin3。irimma。irimmaₓ。uru×gar。|uru×gar|,erim3。ÈRIM。èrim,erimmaₓ。erim₃。erin₃。irimma。uru×gar。|uru×gar|,ERIM3。ERIN3。URUxNIG2,erimmaₓ。erim₃。erin₃。irimma,erim₃,o0002562
𒍀,gur5。guru5。gurusz3。guruš₃。guru₅。gur₅。guₓ。kur12。kur₁₂。szakir。szakira。szakiri。szurumₓ。šakir。šakira。šakiri。šurumₓ,gur5。guru5。gurusz3。kur12。szakir。szakira。szakiri。szurumₓ。uru×gu。|uru×gu|,GUR5。gur5。guru5。gurusz3。gùruš。kur12,guruš₃。guru₅。gur₅。guₓ。kur₁₂。uru×gu。|uru×gu|。šakir。šakira。šakiri。šurumₓ,GUR5。GURU5。GURUM5。GURUŠ3。KUR12。URUxGU。ŠAKIR。ŠAKIRA。ŠAKIRI,guruš₃。guru₅。gur₅。kur₁₂。šakir。šakira。šakiri。šegₓ。šigₓ。šurumₓ,guru₅,o0002564
𒍁,iriszeb。irišeb。uruszeb。uruszib。urušeb。urušib,iriszeb。uruszeb。uruszib。uru×ha。|uru×ha|,,irišeb。uru×ha。urušeb。urušib。|uru×ha|,URUxḪA。URUŠEB。URUŠIB,irišeb。urušeb。urušib,irišeb,o0002565
𒍂,asal。asalₓ。asar。asara。asari。asaru。asaₓ。banszurₓ。banšurₓ。ilumer2。ilumer₂。iszhuru2。išhuru₂。nūr-ili。silig。silig7。silig₇。szilig。szilig7。šilig。šilig₇,banszurₓ。gišgal×igi。ilumer2。iszhuru2。silig7。szilig。szilig7。uru×igi。|uru×igi|,ASAR。ASARI。asar。asari。silig。šilig,asal。asalₓ。asar。asara。asari。asaru。asaₓ。banšurₓ。gišgal×igi。ilumer₂。išhuru₂。nūr-ili。silig。silig₇。uru×igi。|uru×igi|。šilig。šilig₇,ASAL。ASAR。ASARI。ASARU。IŠḪURU2。SILIG。ev.GIŠGALxIGI。ŠILIG,%akk/n nūr-ili。asal。asar。asara。asari。asaru。asaₓ。banšurₓ。ilumer₂。išdayaₓ。išhuru₂。silig。šilig,asal,o0002566
𒍃,bunₓ,uru×im。|uru×im|,,bunₓ。uru×im。|uru×im|,URUxIM,bunₓ,bunₓ,o0002567
𒍄,,uru×iš,,uru×iš,URUxIŠ,None,nan,o0002568
𒍅,,,,,URUxKI,None,nan,o0002569
𒍆,,,,,URUxLUM,None,nan,o0002571
𒍇,gal3。gal₃。giszgal。gišgal。lu7。lu₇。qal3。qal₃。suk3。suk₃。u18。ul12。ulu3。ulu₃。uluₓ。ul₁₂。uru17。uru₁₇。u₁₈。zik3。zik₃。ŋiszgal。ŋišgal,gal3。giszgal。lu7。lu₇⁻。qal3。suk3。u18。ul12。ulu3。ulu₃⁻。uru17。uru×min。uru₁₇⁻。zik3。|uru×min|。ŋešgal。ŋiszgal,GIŠGAL。U18。gal3。giszgal。gišgal。lu7。u18。ulu3。ulù。ĝišgal,gal₃。gišgal。lu₇。lu₇⁻。qal₃。suk₃。ulu₃。ulu₃⁻。uluₓ。ul₁₂。uru×min。uru₁₇。uru₁₇⁻。u₁₈。zik₃。|uru×min|。ŋešgal。ŋišgal,GAL3。GISGAL。GIŠGAL。LU7。QAL3。SUG3。SUK3。SUKU3。U17。U18。ULU3。URU17。URUxMIN,gal₃?。gišgal。išdayaₓ。lu₇。qal₃。riₓ。suk₃。ulu₃。ul₁₂。uru₁₇。u₁₈。zik₃。ŋešgal。ŋišgal,gal₃,o0002572
𒍈,,uru×(min.ni)。|uru×(min.ni)|。šakiraₓ。šakirₓ,,uru×(min.ni)。|uru×(min.ni)|。šakiraₓ。šakirₓ,URUxPA,None,šakiraₓ,o0002573
𒍉,szegₓ。szigₓ。šegₓ。šigₓ,szegₓ。szigₓ。uru×še。|uru×še|,,uru×še。|uru×še|。šegₓ。šigₓ,KAPRU。URUxŠE,šegₓ。šigₓ,šegₓ,o0002579
𒍊,,,,,URUxSIG4,None,nan,o0002574
𒍋,sigₓ。szeg5。szig5。šeg₅。šig₅,szeg5。szig5。uru×tu。|uru×tu|,(šeg5)。szeg5。szig5。šeg5,sigₓ。uru×tu。|uru×tu|。šeg₅。šig₅,URUxTU。ŠEG5,sigₓ。šeg₅。šig₅,šeg₅,o0002576
𒍋𒌅,,uru×tu&tu,,uru×tu&tu,,,,
𒍋𒍋,szeszszeg。šeššeg,szeszszeg。uru×tu.uru×tu。|uru×tu.uru×tu|,,uru×tu.uru×tu。|uru×tu.uru×tu|。šeššeg,ŠEG5.ŠEG5。ŠEŠŠEG,šeššeg,,
𒍌,,,,,URUxU.GUD。URUxUL,None,nan,o0002552
𒍍,ararimₓ。erarimₓ。erim6。erim₆。erin6。erin₆。eriₓ。ru4。ru₄。uru2。urumₓ。ururim。uruszibₓ。urutamga2。urutamga₂。urušibₓ。uru₂,erim6。erin6。ru4。uru2。uruszibₓ。urutamga2。uru×ud。|uru×ud|, uru2。uru2。ÚRU。úru,ararimₓ。erarimₓ。erim₆。erin₆。eriₓ。ru₄。urumₓ。ururim。urutamga₂。uru×ud。urušibₓ。uru₂。|uru×ud|,ERIM6。ERIN6。RU4。URU2。URURIM。URUTAMGA2。URUxUD,ararimₓ。erarimₓ。erim₆。erin₆。eriₓ。ru₄。urumₓ。ururim。urutamga₂。urušibₓ?。uru₂,erim₆,o0002577
𒍎,bansur。banszur。banszura。banšur。banšura。panszur。panšur。silig5。silig₅。szilig5。šilig₅,banszur。banszura。gišgal×urudu。pansur。panszur。silig5。szilig5。uru×uruda。|uru×uruda|,BANŠUR。banšur。silig5,bansur。banšur。banšura。gišgal×urudu。pansur。panšur。silig₅。uru×uruda。|uru×uruda|。šilig₅,BANSUR。BANŠUR。SILIG5。ev.GIŠGALxURUDU。ŠILIG5,bansur。banšur。banšura。pansur。panšur。silig₅。uruₓ。šilig₅,banšur,o0002578
𒍏,da5。dab6。dab₆。da₅。mebulug。menbulug。minbulug。szen2。urud。uruda。urudu。šen₂,da5。dab6。szen2, urud。URUDA。URUDU。Urudu。dab6。urud。uruda。urudu,dab₆。da₅。mebulug。menbulug。minbulug。urud。uruda。urudu。šen₂,DA5。DAB6。GI27。GIN6。KIN6。MEBULUG。MENBULUG。MIBULUG。MINBULUG。TAB5。URUD。URUDA。URUDU。ŠEN2。ṬAB4,dab₆。da₅。mebulug。menbulug。minbulug。urud。uruda。urudu。šen₂,urud,o0000584
𒍏𒉄,,,,,DIBIRA。TABIRA。TEBIRA。TEBIRU。TIBIRA。URUDA.NAGAR。URUDU.NAGAR,None,,
𒍐,,uruda×u。|uruda×u|,,uruda×u。|uruda×u|,SAMAG333。URUDUxU,samagₓ。sumugₓ,nan,o0002545
𒍐𒆸,sumugₓ,uruda×u.lagab。|uruda×u.lagab|,,sumugₓ。uruda×u.lagab。|uruda×u.lagab|,,samagₓ。sumugₓ,,
𒍐𒌋,samagₓ,uruda×u.u。|uruda×u.u|,,samagₓ。uruda×u.u。|uruda×u.u|,,samagₓ,,
𒍑,"gesz3。geš₃。gisz3。giš₃。guruszₓ。gurušₓ。isz10。iš₁₀。meszₓ。mešₓ。miszₓ。mišₓ。ned。net。net,。neṭ。nid。ninta。nintah。nintahu。nit。nit,。nita。nitah。nitahu。nittaₓ。niṭ。unu8。unu₈。us,2。us2。usa2。usa₂。usu2。usu₂。usz。us₂。uz2。uz₂。uś。uš。uṣ₂。ŋesz3。ŋeš₃。ŋisz3。ŋiš₃","gesz3。gisz3。guruszₓ。isz10。meszₓ。miszₓ。net,。nit,。unu8。us,2。us2。usa2。usu2。usz。uz2。ŋesz3。ŋisz3"," nitah。NINTA。NITA。NITAH。USZ。UŠ。Uš。gesz3。gisz3。giš3。isz10。jesz3。ned。nid。ninta。nit。nit,。nita。nitah。us2。us2]。us2_。usz。uš。uš!。ÚS。ús。úz。ĝeš3。ĝèš",geš₃。giš₃。gurušₓ。iš₁₀。mešₓ。mišₓ。ned。net。neṭ。nid。ninta。nintah。nintahu。nit。nita。nitah。nitahu。nittaₓ。niṭ。unu₈。usa₂。usu₂。us₂。uz₂。uś。uš。uṣ₂。ŋeš₃。ŋiš₃,60。GEŠ3。GIŠ3。GURUŠ2。GURUŠ5。IŠ10。NEṬ。NID。NINTA。NINTAḪ。NIT。NITA。NITAḪ。NITAḪU。NIṬ。UNU8。US2。USU2。UZ2。UŚ。UŠ。UṢ2,%akk uś。geš₃。giš₃。gurušₓ。irₓ。iš₁₀。mešₓ。mišₓ。ned。net。neṭ。nid。nindaₓ。ninta。nintah。nintahu。nit。nita。nitah。nitahu。nittaₓ。niṭ。unu₈。usa₂。usu₂。us₂。uz₂。uš。uṣ₂。ŋeš₃。ŋiš₃,net,o0000595
𒍑𒁇,"ut,u5。uttu5。uttu₅。uṭu₅","ut,u5。uttu5。uš.bar。|uš.bar|",,uttu₅。uš.bar。uṭu₅。|uš.bar|,UTTU5。UŠ.BAR,uttu₅。uṭu₅,,
𒍑𒁍𒁕,arahₓ,uš.bu.da。|uš.bu.da|,,arahₓ。uš.bu.da。|uš.bu.da|,,arahₓ,,
𒍑𒁮,gidlam2。gidlam₂。gitlam2。gitlam₂。madaₓ。nidalam2。nidalam₂。nidlam2。nidlam₂。nitadam2。nitadam₂。nitalam2。nitalam₂。nitlam2。nitlam₂。ŋidlam2。ŋidlam₂。ŋitlam2。ŋitlam₂,gidlam2。gitlam2。nidalam2。nidlam2。nitadam2。nitalam2。nitlam2。uš.dam。|uš.dam|。ŋešdana₂。ŋešdan₂。ŋeštana₂。ŋeštan₂。ŋidlam2。ŋitlam2,ĝidlam2,gidlam₂。gitlam₂。madaₓ。nidalam₂。nidlam₂。nitadam₂。nitalam₂。nitlam₂。uš.dam。|uš.dam|。ŋešdana₂。ŋešdan₂。ŋeštana₂。ŋeštan₂。ŋidlam₂。ŋitlam₂,GIDLAM2。GITLAM。GITLAM2。NIDALAM2。NIDLAM2。NITALAM2。NITLAM2。UŠ.DAM,gidlam₂。gitlam₂。madaₓ。nidalam₂。nidlam₂。nitadam₂。nitalam₂。nitlam₂。ŋešdana₂。ŋešdan₂。ŋeštana₂。ŋeštan₂。ŋidlam₂。ŋitlam₂,,
𒍑𒂵,bunga。bungu,uš.ga。|uš.ga|,,bunga。bungu。uš.ga。|uš.ga|,BUNGU。UŠ.GA,bunga。bungu,,
𒍑𒆪,gala。galₓ。nitaₓ,uš.ku。|uš.ku|,Gala。gala,gala。galₓ。nitaₓ。uš.ku。|uš.ku|,GALA。UŠ.KU,gala。galₓ。nitaₓ,,
𒍑𒊓,dida2。dida₂。pihu5。pihu₅,dida2。pihu5。uš.sa。|uš.sa|,,dida₂。pihu₅。uš.sa。|uš.sa|,,dida₂。pihu₅,,
𒍑𒊩𒁮,gidlam3。gidlam₃。gitlam3。gitlam₃。nidalam3c。nidalam₃c。nidlam3。nidlam₃。nitalam3。nitalam₃。nitlam3。nitlam₃。ŋidlam3。ŋidlam₃。ŋitlam3。ŋitlam₃,gidlam3。gitlam3。nidalam3c。nidlam3。nitalam3。nitlam3。uš.sal.dam。|uš.sal.dam|。ŋešdana₃。ŋešdan₃。ŋeštana₃。ŋeštan₃。ŋidlam3。ŋitlam3,ĝidlam3,gidlam₃。gitlam₃。nidalam₃c。nidlam₃。nitalam₃。nitlam₃。uš.sal.dam。|uš.sal.dam|。ŋešdana₃。ŋešdan₃。ŋeštana₃。ŋeštan₃。ŋidlam₃。ŋitlam₃,GIDLAM3。GITLAM2。GITLAM3。NIDALAM3。NIDLAM3。NITALAM3。NITLAM3。UŠ.MUNUS.DAM,gidlam₃。gitlam₃。nidalam₃。nidlam₃。nitalam₃。nitlam₃。ŋešdana₃。ŋešdan₃。ŋeštana₃。ŋeštan₃。ŋidlam₃。ŋitlam₃,,
𒍑𒌆𒉿,usztu2。usztug2。uštug₂。uštu₂,usztu2。usztug2。uš.tug₂.pi。|uš.tug₂.pi|,,uš.tug₂.pi。uštug₂。uštu₂。|uš.tug₂.pi|,,uštug₂。uštu₂,,
𒍒,kasz3。kaš₃。kisi,kasz3。uš×a。|uš×a|,KÀŠ。kaš3。kàš,kaš₃。kisi。uš×a。|uš×a|,KAŠ3。KISI。UŠxA,kaš₃。kisi,kisi,o0002614
𒍓,galaₓ,uš×ku。|uš×ku|,,galaₓ。uš×ku。|uš×ku|,GALA。UŠxKU,galaₓ,galaₓ,o0002616
𒍔,geszₓ。gešₓ,geszₓ。uš×kur。|uš×kur|,,gešₓ。uš×kur。|uš×kur|,UŠxKUR,aradₓ。gešₓ,gešₓ,o0002615
𒍕,dan6。dan₆。tan6。tan₆,dan6。tan6。uš×tak₄。|uš×tak₄|,dan6。tan6,dan₆。tan₆。uš×tak₄。|uš×tak₄|,DAN6。TAN6。UŠxKID2。UŠxTAK4,danaₓ。dan₆。tan₆,dan₆,o0002617
𒍖,uszₓ。ušₓ,uszₓ。ušx,,ušx。ušₓ,US。UZ。UŠ。UŠX,usₓ。ušₓ,ušx,o0000597
𒍗,,lu₂@g.uš₂。|lu₂@g.uš₂|,USZ2。ÚŠ,lu₂@g.uš₂。|lu₂@g.uš₂|,UŠ2,None,nan,o0000598
𒍘,uszumₓ。ušumₓ,uszumₓ。ušumx,,ušumx。ušumₓ,UŠUMX,ušumₓ,ušumx,o0000596
𒍙,utudi。utuki,,UTUKI。utuki,utudi。utuki,KUR2.IR.GIDIM2。UTUDI。UTUKI,utudi?。utuki?,utudi,o0000591
𒍚,surₓ。ud5。uda5。uda₅。ud₅。us3。us₃。ut5。ut₅。uz3。uza3。uza₃。uzud。uz₃,ud5。uda5。us3。ut5。uz3。uza3,_ud5_。ud5。uz3。ÙZ。ùz,surₓ。uda₅。ud₅。us₃。ut₅。uza₃。uzud。uz₃,MA2.KASKAL。UD5。US3。UT5。UZ3。UZ6。UZA。UZA3,surₓ。uda₅。ud₅。us₃?。ut₅。uza₃。uzud。uz₃,uzud,o0000594
𒍚𒆜,guana,uz₃.kaskal。|uz₃.kaskal|,,guana。uz₃.kaskal。|uz₃.kaskal|,,guana,,
𒍛,meₓ。qablu,gablumₓ。uz₃×kaskal。|uz₃×kaskal|,,gablumₓ。meₓ。qablu。uz₃×kaskal。|uz₃×kaskal|,GUANA。UZ3xKASKAL,%akk/n qablu。gablumₓ。meₓ,gablumₓ,o0002602
𒍜,szer4。szeru。szir4。sziram。szirim。sziru。szirum。usuₓ。uzu。šeru。šer₄。širam。širim。širu。širum。šir₄,szer4。szeru。szir4。sziram。szirim。sziru。szirum。usu₃。usuₓ。uzu@90。širi₄,UZU。_uzu。_uzu_。szir4。usu3。uzu,usu₃。uzu。uzu@90。šeru。šer₄。širam。širim。širi₄。širu。širum。šir₄,SIR7。UZU。ŠER4。ŠIR4。ŠIRAM。ŠIRAŠĪRA。ŠIRI。ŠIRIM。ŠIRU。ŠIRUM。ŠĒRU。ŠĪRAM。ŠĪRI。ŠĪRIM。ŠĪRU。ŠĪRUM,usu₃。uzu。uzu@90。šeru。šer₄。širam。širim。širi₄。širu。širum。šir₄,uzu,o0000592
𒍝,"s,a。sa3。sa₃。za。zagga2。zagga₂。ṣa","s,a。sa3。zagga2。ze₄"," za。S,A。Sa3。SÀ。ZA。Za。[z]a。[za。[za]。s,a。sa3。sà。za。za]。za_。ṣa",sa₃。za。zagga₂。ze₄。ṣa,SA3。ZA。ZAGGA2。ṢA,sa₃。za。zagga₂。zamₓ。ze₄。ṣa,za,o0000603
𒍝𒀭𒈽,szubaₓ。zannaruₓ。šubaₓ,szubaₓ。za.an.muš₃@g。|za.an.muš₃@g|,,za.an.muš₃@g。zannaruₓ。|za.an.muš₃@g|。šubaₓ,,zannaruₓ。šubaₓ,,
𒍝𒂆,nir2。nir₂,nir2。za.dun₃@g。|za.dun₃@g|,,nir₂。za.dun₃@g。|za.dun₃@g|,NIR7。ZA.MIR,nir₂,,
𒍝𒂇,nir7。nir₇,nir7。za.dun₃@g@g。|za.dun₃@g@g|,,nir₇。za.dun₃@g@g。|za.dun₃@g@g|,,nir₇,,
𒍝𒄢,gagₓ。gug。guq,za.gul。|za.gul|,GUG。gug,gagₓ。gug。guq。za.gul。|za.gul|,GUG。GUQ。ZA.GUL,gagₓ。gug。guq,,
𒍝𒅁,nir5。nir₅,nir5。za.ib。|za.ib|,,nir₅。za.ib。|za.ib|,NINI5。NIR5。ZA.IB,nir₅,,
𒍝𒆳,gesztaeₓ。geštaeₓ。giszta'e2。giszta'i2。gištaʾe₂。gištaʾi₂。nira2。nira₂。ŋesztae2。ŋeštae₂,gesztaeₓ。giszta'e2。giszta'i2。nira2。za.kur。|za.kur|。ŋesztae2,,geštaeₓ。gištaʾe₂。gištaʾi₂。nira₂。za.kur。|za.kur|。ŋeštae₂,GIŠTA’E2。GIŠTA’I2。ZA.KUR。ZAGIN,geštaeₓ。gištaʾe₂。gištaʾi₂。nira₂。ŋeštae₂,,
𒍝𒆳𒀀,zagindur,za.kur.a。|za.kur.a|,,za.kur.a。zagindur。|za.kur.a|,ZA.KUR.A。ZAGINDUR,zagindur,,
𒍝𒈹,halbaₓ。suba2。suba₂。szub8。szuba2。szubuₓ。zanaru2。zanaru₂。zannaru2。zannaru₂。šuba₂。šubuₓ。šub₈,suba2。subi₂。szub8。szuba2。szubuₓ。za.muš₃。zanaru2。zanaruₓ。zannaru2。|za.muš₃|,šuba2,halbaₓ。suba₂。subi₂。za.muš₃。zanaru₂。zanaruₓ。zannaru₂。|za.muš₃|。šuba₂。šubuₓ。šub₈,ZA.MUŠ3。ZANARU2。ZANNARU2。ŠUB8。ŠUBA2,None。halbaₓ。suba₂。subi₂。zanaru₂。zannaru₂。šuba₂。šubuₓ。šub₈,,
𒍝𒈹𒀕,sugal2。sugal₂。zabala2。zabalam2。zabalam₂。zabala₂,sugal2。za.muš₃.ab@g。zabala2。zabalam2。|za.muš₃.ab@g|,zabala2,sugal₂。za.muš₃.ab@g。zabalam₂。zabala₂。|za.muš₃.ab@g|,ZA.MUŠ3.UNUG。ZABALA2。ZABALAM2,sugal₂。zabalam₂。zabala₂,,
𒍝𒈹𒁲,,za.muš₃.di。|za.muš₃.di|,halbi2。še5,za.muš₃.di。|za.muš₃.di|,AMAGI。AMAGI3。AŠUGI2。MABI2。MABI3。MAMMI2。MAMMI3。SE10。SED8。ZA.MUŠ3.DI。ŠE5。ŠED8。ḪALBA2。ḪALBI2。ḪALBU2,amagi₃。halba₂。halbi₂。halbu₂。mabi₃。mammi₃。sedi₈。sed₈。se₁₀。šed₈。še₅。šubₓ,,
𒍝𒈽,halba3。halba₃。halbi3。halbi₃。halbu3。halbu₃。suba。szub7。szuba。zannaru。šuba。šub₇,halba3。halbi3。halbu3。subi。szub7。szuba。za.muš₃@g。|za.muš₃@g|,šuba,halba₃。halbi₃。halbu₃。suba。subi。za.muš₃@g。zannaru。|za.muš₃@g|。šuba。šub₇,ZA.MUŠ2。ŠUB7。ŠUBA。ḪALBA3。ḪALBI3,halba₃。halbi₃。halbu₃。suba。subi。zannaruₓ。šuba。šub₇,,
𒍝𒈽𒀕,panu。sugal。unu11。unu₁₁。zabala。zabalam,unu11。za.muš₃@g.ab@g。|za.muš₃@g.ab@g|,zabala。zabalam,panu。sugal。unu₁₁。za.muš₃@g.ab@g。zabala。zabalam。|za.muš₃@g.ab@g|,UNU11。ZA.MUŠ2.UNUG。ZABABU。ZABALA。ZABALAM,panuₓ。sugal。unu₁₁。zabala。zabalam,,
𒍝𒈽𒁲,,za.muš₃@g.di。|za.muš₃@g.di|,,za.muš₃@g.di。|za.muš₃@g.di|,AMAGI4。ZA.MUŠ2.DI。ḪALBA3。ḪALBI3。ḪALBU3,%akk namruₓ。amagi₄。halba₃。halbi₃。halbu₃,,
𒍝𒈽𒂞,szuszuₓ。šušuₓ,szuszuₓ。za.muš₃@g.eren。|za.muš₃@g.eren|,,za.muš₃@g.eren。|za.muš₃@g.eren|。šušuₓ,,šušuₓ,,
𒍝𒉏,nir3。nira3。nira₃。nir₃,nir3。nira3。za.nim。|za.nim|,nir3,nira₃。nir₃。za.nim。|za.nim|,NINI3。NIR3。NIRA3。ZA.NIM,nira₃。nir₃,,
𒍝𒋢,nir4。nir₄,nir4。za.su。|za.su|,,nir₄。za.su。|za.su|,NINI4。NIR4。ZA.SU,nir₄,,
𒍝𒌉,,za&tur,,za&tur,,,,
𒍝𒍝,,za&za,,za&za,,,,
𒍞,ad4。addaₓ。addu4。addu₄。ad₄,ad4。addu4。za@t,AD4。ZA@t。ad4,addaₓ。addu₄。ad₄。za@t,AD4。ADDU4。ERIMtenû。ZAtenû,addaₓ。addu₄。ad₄,ad₄,o0000604
𒍟,gesztae。geštae。giszta'e。giszta'i。gisztae。gištae。gištaʾe。gištaʾi。ŋesztae。ŋeštae,(4×za)×kur。gesztae。giszta'e。giszta'i。gisztae。|(4×za)×kur|。ŋesztae,GIŠTA'E。gišta'e,(4×za)×kur。geštae。gištae。gištaʾe。gištaʾi。|(4×za)×kur|。ŋeštae,4timesZAxKUR。GIŠTA’E。GIŠTA’I。ZAsquaredxKUR,geštae。gištae。gištaʾe。gištaʾi。ŋeštae,geštae,o0000619
𒍠,"bute。buti。butu。en7。en₇。puta。pute。puti。putu。s,ak。sak6。sak₆。saₓ。za3。zag。zak。zaq。za₃。zik0。zik₀。ṣak","en7。lak283。s,ak。sak6。za3。zik0", za3。ZAG。en7。z[a]k。za3。za[k。zag。zak。zaq。zà,bute。buti。butu。en₇。lak283。puta。pute。puti。putu。sak₆。saₓ。zag。zak。zaq。za₃。zik₀。ṣak,BUTE。BUTI。BUTU。EN7。PUD。PUTA。PUTE。PUTI。PUTU。PŪTA。PŪTE。PŪTI。PŪTU。SAG6。SAK6。ZA3。ZAG。ZAK。ZAQ。ṢAK,bute。buti。butu。enkudₓ。en₇。puta。pute。puti。putu。sak₆。saₓ。zag。zak。zaq。za₃。zik₀。ṣak,zak,o0000605
𒍠𒀭,usug。uzug,zag.an。|zag.an|,uzug,usug。uzug。zag.an。|zag.an|,USUG。UZUG。ZAG.AN,usug。uzug,,
𒍠𒂵,,zag.ga。|zag.ga|,,zag.ga。|zag.ga|,,%akk/n būdu,,
𒍠𒄩,būdu。enku。enkud。essad。eszsad。eszszad。ešsad。eššad,eszsad。eszszad。zag.ha。|zag.ha|,enku。enkud,būdu。enku。enkud。essad。ešsad。eššad。zag.ha。|zag.ha|,ENKU。ESSAD。EŠSAD。ZAG.ḪA,%akk/n būdu。enku。enkud。essad。ešsad。eššad,,
𒍡,zamₓ,elles396。zam,,elles396。zam。zamₓ,ZAMX,zamₓ,zam,o0000172
𒍢,"s,e。s,i。se20。se₂₀。si20。si₂₀。ze2。ze₂。zi2。zi₂。ṣe。ṣi","s,e。s,i。se20。si20。ze2。zi2","ZÉ。ZÍ。[ṣe。s,e。s,i。si20。ze2。zi2。zé。zí。ṢI。ṣ]e。ṣe。ṣi",se₂₀。si₂₀。ze₂。zi₂。ṣe。ṣi,ABxPA。SE20。SI20。ZE2。ZI2。ṢE。ṢI,se₂₀。si₂₀。ze₂。zi₂。ṣe。ṣi,ze₂,o0000608
𒍣,"s,e2。s,i2。se2。se₂。si2。si₂。ze。zi。zid。zig3。zig₃。ṣe₂。ṣi₂","s,e2。s,i2。se2。si2。zig3"," zi。ZI。s,e2。s,i2。se2。si2。sé。sí。ze。zi。zi*。zid。zig3。ṢÍ。ṣi2。ṣé。ṣí",se₂。si₂。ze。zi。zid。zig₃。ṣe₂。ṣi₂,GE25。SE2。SI2。TAR5。TARU5。ZE。ZI。ZID。ZIG2。ZIG3。ṢE2。ṢI2,se₂。si₂。ze。zi。zid。zig₃。ṣe₂。ṣi₂,zid,o0000609
𒍣𒆸𒍣𒆸,,zi.lagab&zi.lagab,,zi.lagab&zi.lagab,,,,
𒍣𒈨𒌋𒌋𒌋,ballatu,zi.me.u.u.u。|zi.me.u.u.u|,,ballatu。zi.me.u.u.u。|zi.me.u.u.u|,,,,
𒍤,,zi&zi。|zi&zi|,ZI&ZI,zi&zi。|zi&zi|,ZIoverZI,None,nan,o0002660
𒍤𒀀,aszkiₓ。aškiₓ。ginₓ。lamahuszₓ。lamahušₓ。mudₓ。numunₓ。szubₓ。šubₓ,aszkiₓ。lamahuszₓ。szubₓ。zi&zi.a。zukum₂。|zi&zi.a|,,aškiₓ。ginₓ。lamahušₓ。mudₓ。numunₓ。zi&zi.a。zukum₂。|zi&zi.a|。šubₓ,ZIoverZI.A,aškiₓ。ginₓ。gugₓ。lamahušₓ。mudₓ。numunₓ。suluhu₃。sulumhi₃。zukum₂。zuluhu₃。zulumhi₃。šubₓ,,
𒍤𒂠,,zi&zi.eš₂。|zi&zi.eš₂|,,zi&zi.eš₂。|zi&zi.eš₂|,ZIoverZI.ŠE3,None。zukumₓ。šub₅,,
𒍤𒆸,/szumun/。/šumun/。aszki。aški。gin4。gin₄。gug4。gug₄。gugₓ。lamahusz。lamahuš。mud7。mud₇。numun2。numun₂。suluhu3。suluhu₃。sulumhi3。sulumhi₃。sumₓ。szub5。zukum。zuluhu3。zuluhu₃。zulumhi3。zulumhi₃。šub₅,/szumun/。aszki。gin4。gug4。lamahusz。mud7。numun2。suluhu3。sulumhi3。szub5。zi&zi.lagab。zuluhu3。zulumhi3。|zi&zi.lagab|,NÚMUN。númun。szub5。zukum,/šumun/。aški。gin₄。gug₄。gugₓ。lamahuš。mud₇。numun₂。suluhu₃。sulumhi₃。sumₓ。zi&zi.lagab。zukum。zuluhu₃。zulumhi₃。|zi&zi.lagab|。šub₅,AŠKI。GIN4GUG4。LAMAḪUŠ。MUD7。NUMUN2。SULUḪU3。UMUN12。ZIoverZI.LAGAB。ZUKUM。ZULUMḪI3。ZULUḪU3。ŠUB5,aški。gin₄。gug₄。gugₓ。lamahuš。mud₇。numun₂。suluhu₃。sulumhi₃。sumₓ。zukum。zuluhu₃。zulumhi₃。šub₅,,
𒍥,karaₓ。zi3。zid2。zid₂。zi₃。zuₓ,zi3。zid2。zi₃@t,ZÌ。zi3。zid2。zi₃。zì,karaₓ。zid₂。zi₃。zi₃@t。zuₓ,ZI3。seeŠE3,guruₓ。gurₓ。karaₓ。karₓ。kiriₓ。zid₂。zi₃。zi₃@t。zuₓ,zid₂,o0000613
𒍥𒈖,titabₓ,zi₃.lu₃。|zi₃.lu₃|,,titabₓ。zi₃.lu₃。|zi₃.lu₃|,,titabₓ,,
𒍦,"kad6。kad₆。s,ep。s,ib。s,ibi。s,ip。sib3。sib₃。sip3。sip₃。sum5。sum₅。szib4。zeb。zib。zip。zub2。zub₂。šib₄。ṣep。ṣib。ṣibi。ṣip","aš@z&aš@z&aš@z&aš@z。kad6。s,ep。s,ib。s,ibi。s,ip。sib3。sip3。sum5。szib4。zub2。|aš@z&aš@z&aš@z&aš@z|",ZIB。zib。zib]。zip。ṣib,aš@z&aš@z&aš@z&aš@z。kad₆。sib₃。sip₃。sum₅。zeb。zib。zip。zub₂。|aš@z&aš@z&aš@z&aš@z|。šib₄。ṣep。ṣib。ṣibi。ṣip,KAD6。SIB3。SIP3。SUM5。ZEB。ZIB。ZIP。ZUB2。ŠIP3。ṢIB。ṢIBI。ṢIP,kad₆。sib₃。sip₃。sum₅。zeb。zib。zip。zub₂。šib₄。ṣep。ṣib。ṣibi。ṣip,zib,o0000870
𒍧,bag4。bag₄,aš@k&aš@k&aš@k&aš@k。bag4。|aš@k&aš@k&aš@k&aš@k|,,aš@k&aš@k&aš@k&aš@k。bag₄。|aš@k&aš@k&aš@k&aš@k|,ZIBKABAtenû。ZIBinversum,bag₄。sumₓ,bag₄,o0000869
𒍨,"hasz2。haš₂。hesz2。heš₂。hisz2。hiš₂。s,ib2。zaq4。zaq₄。zeb2。zeb₂。zib2。zib₂。zig。zik。ziq。ziqi。ṣib₂","hasz2。hesz2。hisz2。s,ib2。zaq4。zeb2。zib2", zib2。HASZ2。ZIG。ZIK。ZIK;。hasz2。haš2。zig。zik。zik;。ziq。ḫáš,haš₂。heš₂。hiš₂。zaq₄。zeb₂。zib₂。zig。zik。ziq。ziqi。ṣib₂,NINDA2xEŠ。ZAQ4。ZEK。ZIB2。ZIG。ZIK。ZIQ。ZIQI。ḪAS3。ḪAŚ3。ḪAŠ2。ḪEŠ2。ḪIŠ2。ṢIB2。ṢIP2,haš₂。heš₂。hiš₂。zaq₄。zeb₂。zib₂。zig。zik。ziq。ziqi。ṣib₂,zig,o0000611
𒍩,ziz2。ziz₂,ziz2,ZIZ2。ZÍZ。ziz2。zíz,ziz₂,ZIZ2,ulušinₓ。ziz₂,ziz₂,o0000612
𒍩𒀀,imgagaₓ。imŋaŋaₓ。ud2-duru5。udraₓ。ud₂-duru₅,ud2-duru5。ziz₂.a。|ziz₂.a|,,imgagaₓ。imŋaŋaₓ。udraₓ。ud₂-duru₅。ziz₂.a。|ziz₂.a|,,imgagaₓ。imŋaŋaₓ。udraₓ。ud₂-duru₅,,
𒍩𒀀𒀭,imgaga。imŋaŋa。kiraszi。kiraši。lahra。udra。udru。uluszin。ulušin,kiraszi。uluszin。ziz₂.a.an。|ziz₂.a.an|,,imgaga。imŋaŋa。kiraši。lahra。udra。udru。ulušin。ziz₂.a.an。|ziz₂.a.an|,,imgaga。imŋaŋa。kiraši。lahra?。udra。udru。ulušin,,
𒍩𒀭,imgaga3。imgaga₃。imŋaŋa3。imŋaŋa₃。udra3。udra₃。uluszin3。ulušin₃,imgaga3。imŋaŋa3。udra3。uluszin3。ziz₂.an。|ziz₂.an|,imgaga3,imgaga₃。imŋaŋa₃。udra₃。ulušin₃。ziz₂.an。|ziz₂.an|,,imgaga₃。imŋaŋa₃。kirašiₓ。udra₃。ulušin₃,,
𒍩𒀭𒈾,imgaga2。imgaga₂。imŋaŋa2。imŋaŋa₂。kirasziₓ。kirašiₓ。udra2。udra₂。uluszin2。ulušin₂,imgaga2。imŋaŋa2。kirasziₓ。udra2。uluszin2。ziz₂.an.na。|ziz₂.an.na|,,imgaga₂。imŋaŋa₂。kirašiₓ。udra₂。ulušin₂。ziz₂.an.na。|ziz₂.an.na|,,imgaga₂。imŋaŋa₂。kirašiₓ。udra₂。ulušin₂,,
𒍪,"ka14。ka₁₄。ki6。ki₆。s,u2。su2。su₂。zaₓ。zu。ṣu₂","ka14。ki6。s,u2。su2","ZU。[zu]。s,u2。su2。sú。z[u。zu。zu!。zu]。zu_。ṣu2。ṣú",ka₁₄。ki₆。su₂。zaₓ。zu。ṣu₂,KA14。KI6。SU2。ZU。ṢU2,ka₁₄。ki₆。sudₓ。su₂。zaₓ。zu。ṣu₂,zu,o0000614
𒍪𒀊,absu。abzu,abzu₂。zu.ab。|zu.ab|,ABZU。abzu,absu。abzu。abzu₂。zu.ab。|zu.ab|,ABZU。ZU+AB。ZU.AB,absu。abzu。abzu₂,,
𒍪𒌑,,zu&u₂,,zu&u₂,,,,
𒍪𒍪,,zu&zu,,zu&zu,,,,
𒍫,zu5。zu₅,zu5,zu5,zu₅,ZU5,zu₅,zu₅,o0000618
𒍬,azu。uszbar2。uszbur2。uzu2。uzu₂。ušbar₂。ušbur₂,uszbar2。uszbur2。uzu2。zu₅×a。|zu₅×a|,AZU。azu。uzu2,azu。uzu₂。ušbar₂。ušbur₂。zu₅×a。|zu₅×a|,AZUxA。ZU5xA,azu。uzu₂。ušbar₂。ušbur₂。zuₓ,azu,o0002680
𒍭,zabar2。zabar₂。zubur,zabar2,(zubur)。ZUBUR。zubur,zabar₂。zubur,ZABAR2。ZUBUR。ŠUŠUR,zabar₂。zubur,zabar₂,o0000616
𒍮,"garig。gazum2。gazum₂。hal2。hal₂。hasz4。haš₄。ri4。rig2。rig₂。rik2。rik₂。rimₓ。riq2。riq₂。riŋ2。riŋ₂。ri₄。s,im。s,u。s,um。sim5。sim₅。su14。sum2。sum₂。su₁₄。szu15。zu3。zum。zu₃。šu₁₅。ṣim。ṣu。ṣum","gariŋ₂。gazum2。hal2。hasz4。ri4。rig2。rik2。riq2。riŋ2。s,im。s,u。s,um。sim5。su14。sum2。szu15。zu3","ZUM。[ṣ]u。hasz4。haš4。rik2。ríg。s,u。sum2。súm。zu3。zum。ṢU。ṣu。ṣum",garig。gariŋ₂。gazum₂。hal₂。haš₄。rig₂。rik₂。rimₓ。riq₂。riŋ₂。ri₄。sim₅。sum₂。su₁₄。zum。zu₃。šu₁₅。ṣim。ṣu。ṣum,GARIG。RI4。RIG2。RIK2。RIQ2。SIM5。SU14。SUM2。ZU3。ZUM。ŠU15。ḪAL2。ḪAŠ4。ṢIM。ṢU。ṢUM,erinₓ。garig。gariŋ₂。gazum₂。hal₂。haš₄。kušumₓ。raqₓ。rig₂。rik₂。rimₓ。riq₂。riŋ₂?。ri₄。sim₅?。sum₂。su₁₄。zum。zu₃。šu₁₅?。ṣim。ṣu。ṣum,garig,o0000617
𒍮𒆸,gazumₓ,zum.lagab。|zum.lagab|,,gazumₓ。zum.lagab。|zum.lagab|,,gazumₓ,,
𒍻,,santak₂。uburu。ulil。utag。utak,,santak₂。uburu。ulil。utag。utak,,3/4(iku)。ge₂₂。santag₂。santak₂。santa₂。saŋtak₂。ubura。uburu。ukidₓ。ulil。uma。utag。utak。uzalag。uzalak。šantak₂,ulil,o0000209
𒎃,,zuguz,,zuguz,,zuguz,zuguz,o0001646
𒎊,,ešela,,ešela,,ereₓ。ešela。ešelal。irₓ?。xidₓ。xₓ,ešela,o0021745
𒎓,,nu₁₁@90,,nu₁₁@90,,None,nan,o0000492
𒐀,2(asz)。2(asz@c)。2(aš)。2(aš@c)。2(iku),2(asz)。2(asz@c),,2(aš)。2(aš@c)。2(iku),2。AŠ.AŠ。DIDLI。MAN3。MIN5,2(aš)。2(aš@c)。2(iku)。2(iku@c),,
𒐁,3(asz)。3(asz@c)。3(aš)。3(aš@c)。3(iku),3(asz)。3(asz@c),3(asz)。3(aš),3(aš)。3(aš@c)。3(iku),3。AŠ.AŠ.AŠ。EŠ6,3(aš)。3(aš@c)。3(iku)。3(iku@c)。eš₆,,
𒐂,4(asz)。4(asz@c)。4(aš)。4(aš@c)。4(iku),4(asz)。4(asz@c)。limmuₓ,4(asz),4(aš)。4(aš@c)。4(iku)。limmuₓ,4。ARRAP。AŠoverAŠ.AŠoverAŠ。ERBA。LAM4。LAMMU2。LIM2。LIMMU2。TAB.TAB。TATTAB。TATTAM,4(aš)。4(aš@c)。4(iku)。4(iku@c)。arba。arrap。erba。erbe。lammu₂。lam₄。limmu₂。limmuₓ。limu₂。lim₂,,
𒐃,5(asz)。5(asz@c)。5(aš)。5(aš@c)。5(iku),5(asz)。5(asz@c),,5(aš)。5(aš@c)。5(iku),5。IA7。TAB.TAB.AŠ,5(aš)。5(aš@c)。5(iku)。5(iku@c),5(aš),o0000047
𒐄,6(asz)。6(asz@c)。6(aš)。6(aš@c),6(asz)。6(asz@c),6(asz),6(aš)。6(aš@c),6。AŠ4。TAB.TAB.TAB,6(aš)。6(aš@c)。6(iku)。6(iku@c),,
𒐅,7(asz)。7(asz@c)。7(aš)。7(aš@c),7(asz)。7(asz@c),,7(aš)。7(aš@c),7。IMIN2。TAB.TAB.TAB.AŠ。UMUN8,7(aš)。7(aš@c)。7(iku)。7(iku@c),,
𒐆,8(asz)。8(asz@c)。8(aš)。8(aš@c),8(asz)。8(asz@c),8(asz),8(aš)。8(aš@c),8。TAB.TAB.TAB.TAB。USSA2。USSU2,8(aš)。8(aš@c),,
𒐇,9(asz)。9(asz@c)。9(aš)。9(aš@c),9(asz)。9(asz@c)。9(aš@c@90),,9(aš)。9(aš@c)。9(aš@c@90),9。ILIMMU2。TAB.TAB.TAB.TAB.AŠ,9(aš)。9(aš@c),,
𒐈,3(disz)。3(disz@c)。3(diš)。3(diš@c),03。3(disz)。3(disz@c), 3。#3。3。3(disz)。3(disz)_。3(diš)。[3,03。3(diš)。3(diš@c),3。DIŠ.DIŠ.DIŠ。EŠ5,3(diš)。3(diš@c)@v,,
𒐉,4(barig)。4(barig@c)。4(bariga)。4(bariga@c)。4(disz)。4(disz@c)。4(diš)。4(diš@c)。limmu5。limmu₅。limu5。limu₅。limₓ。nigidalimmu。nilimmu,04。4(disz)。4(disz@c)。limmu5。limu5,(4)。4。4(disz)。4(diš)。NIGIDALIMMU。_4_。limmu5。nigidalimmu,04。4(barig)。4(barig@c)。4(bariga)。4(bariga@c)。4(diš)。4(diš@c)。limmu₅。limu₅。limₓ。nigidalimmu。nilimmu,4。4PI。LIMMU5。NIGIDALIMMU。NILIMMU,4(aš@c@90)。4(barig)。4(barig@c)。4(bariga)。4(bariga@c)。4(diš)。4(diš@c)。limmu₅。limu₅。limₓ。nigidalimmu,,
𒐊,5(disz)。5(disz@c)。5(diš)。5(diš@c)。i2。ia2。ia₂。i₂,05。5(disz)。5(disz@c)。i2。ia2," 5。,i2。5。5(disz)。I2。IÁ。_í。i2。ia2。ia₂。iá。í。ía",05。5(diš)。5(diš@c)。ia₂。i₂,300。5。5x60。GEŠIA。I2。IA2,5(aš@c@90)。5(barig@c)。5(bariga@c)。5(diš)。5(diš@c)。ia₂。i₂,,
𒐋,6(disz)。6(disz@c)。6(diš)。6(diš@c)。asz3。asza3。aszsza3。aša₃。ašša₃。aš₃。deszaₓ。dešaₓ,06。6(disz)。6(disz@c)。asz3。asza3。aszsza3。aš₂.u&u。bania。deszaₓ。|aš₂.u&u|,6。6(disz)。asz3。aš3。ÀŠ。àš,06。6(diš)。6(diš@c)。aša₃。ašša₃。aš₂.u&u。aš₃。bania。dešaₓ。|aš₂.u&u|,1/6。360。6。6x60。AŠ3。AŠA3。AŠŠA3。GEŠAŠ,6(aš@c@90)。6(barig@c)。6(bariga@c)。6(diš)。6(diš@c)。aša₃。ašša₃。aš₃。dešaₓ。iₓ,,
𒐌,7(disz)。7(diš),07。7(disz),7。7(disz),07。7(diš),,7(aš@c@90)。7(barig@c)。7(bariga@c)。7(diš)。7(diš@c)。imin。imina。iminₓ。umunaₓ。umun₇。umunₓ,,
𒐍,8(disz)。8(disz@c)。8(diš)。8(diš@c)。usa。ussu,08。8(disz)。8(disz@c),8。ussu,08。8(diš)。8(diš@c)。usa。ussu,480。8x60。GEŠUSSU。USA。USSA。USSU8,8(diš)。usa。ussu,08,o0000074
𒐎,9(disz)~d。9(disz@c)~a。9(diš)~d。9(diš@c)~a。elimmuₓ。ilimₓ,9(disz)~d。9(disz@c)~a。9(diš),,9(diš)。9(diš)~d。9(diš@c)~a。elimmuₓ。ilimₓ,,9(diš)。9(diš@c)~d。elimmuₓ。ilimmuₓ。ilimₓ,,
𒐏,4(bur3)。4(bur3@c)。4(bur₃)。4(bur₃@c)。4(u)。4(u@c)。limmu3。limmu₃。limu3。limu₃。nimin。nimina。nin5。nina4。nina₄。nin₅。szanabaku2。szanabi2。šanabaku₂。šanabi₂,040。4(bur3)。4(bur3@c)。40。limmu3。limu3。nin5。nina4。szanabaku2。szanabi2,40。NIMIN。nimin,040。4(bur₃)。4(bur₃@c)。4(u)。4(u@c)。40。limmu₃。limu₃。nimin。nimina。nina₄。nin₅。šanabaku₂。šanabi₂,40。4timesBUR3。4timesU。LIMMU。LIMMU3。NIMIN。NIN5。ŠANABI2,4(bur₃)。4(bur₃@c)。4(u)。4(u@c)。limmu₃。limu₃。nimin。nimina。nina₄。nin₅。šanabaku₂。šanabi₂,40,o0000034
𒐏𒁹,,41,,41,,,,
𒐏𒈫,,42,,42,,,,
𒐏𒐈,,43,,43,,,,
𒐏𒐉,,44,,44,,,,
𒐏𒐊,,45,,45,,,,
𒐏𒐋,,46,,46,,,,
𒐏𒐌,,47,,47,,,,
𒐏𒐍,,48,,48,,,,
𒐏𒑆,,49,,49,,,,
𒐐,5(bur3)。5(bur3@c)。5(bur₃)。5(bur₃@c)。5(u)。5(u@c)。illil2。illil₂。kingusila2。kingusila₂。kingusili2。kingusili₂。ninniₓ。ninnu。ninuₓ,050。5(bur3)。5(bur3@c)。50。illil2。kingusila2。kingusili2。u&u.u&u.u。|u&u.u&u.u|,5(u)?。50。NINNU。ninnu,050。5(bur₃)。5(bur₃@c)。5(u)。5(u@c)。50。illil₂。kingusila₂。kingusili₂。ninniₓ。ninnu。ninuₓ。u&u.u&u.u。|u&u.u&u.u|,50。5timesBUR2。5timesU。ILLIL2。KINGUSILA2。KINGUSILI2。KINGUSILLA2。NINNU,5(bur₃)。5(bur₃@c)。5(u)。5(u@c)。illil₂。kingusila₂。kingusili₂。mullil。ninniₓ。ninnu。ninuₓ,,
𒐐𒁹,,51,,51,,,,
𒐐𒈫,,52,,52,,,,
𒐐𒐈,,53,,53,,,,
𒐐𒐉,,54,,54,,,,
𒐐𒐊,,55,,55,,,,
𒐐𒐋,,56,,56,,,,
𒐐𒐌,,57,,57,,,,
𒐐𒐍,,58,,58,,,,
𒐐𒑆,,59,,59,,,,
𒐑,6(bur3)。6(bur₃)。6(u)。6(u@c),6(bur3),,6(bur₃)。6(u)。6(u@c),60。6timesBUR2。6timesU,6(bur₃)。6(bur₃@c)。6(u)。6(u@c)。ašₓ,6(bur₃),o0000059
𒐒,7(bur3)。7(bur₃)。7(u)。7(u@c),7(bur3),,7(bur₃)。7(u)。7(u@c),70。7timesBUR2。7timesU,7(bur₃)。7(bur₃@c)。7(u)。7(u@c)。umunₓ,7(bur₃),o0000066
𒐓,8(bur3)。8(bur₃)。8(u)。8(u@c),8(bur3),,8(bur₃)。8(u)。8(u@c),80。8timesBUR2。8timesU,8(bur₃)。8(bur₃@c)。8(u)。8(u@c)。ussuₓ,,
𒐔,9(bur3)。9(bur₃)。9(u)。9(u@c),9(bur3),,9(bur₃)。9(u)。9(u@c),90。9timesBUR2。9timesU,9(bur₃)。9(bur₃@c)。9(u)。9(u@c)。ilimmuₓ,,
𒐕,1(gesz2)。1(gesz2@c)。1(geš₂)。1(geš₂@c)。gesz2。gesz2@c。geszta。gešta。geš₂。geš₂@c。gi3。gisz2。giš₂。gi₃。ŋesz2。ŋesz2@c。ŋeš₂。ŋeš₂@c。ŋisz2。ŋiš₂,060。1(gesz2)。1(gesz2@c)。60。gesz2。gesz2@c。geszta。geš₂@c@90。geš₂@c@v。geš₂@t。gi3。gisz2。ŋesz2。ŋesz2@c。ŋeš₂@c@v。ŋisz2,1(gesz2)。1(geš2)。60。GISZ2。gesz2。gi3。giš2。géš。gì。jesz2。ĝéš,060。1(geš₂)。1(geš₂@c)。60。gešta。geš₂。geš₂@c。geš₂@c@90。geš₂@c@v。geš₂@t。giš₂。gi₃。ŋeš₂。ŋeš₂@c。ŋeš₂@c@v。ŋiš₂,,1(geš₂)。1(geš₂@c)。1(ŋeš₂)。1(ŋeš₂@c)。gešta。geš₂。geš₂@c。giš₂。gi₃?。ŋeš₂。ŋeš₂@c。ŋiš₂,,
𒐕𒁹,,61,,61,,,,
𒐕𒈫,,62,,62,,,,
𒐕𒌋,,070。70,,070。70,,,,
𒐕𒌋𒁹,,71,,71,,,,
𒐕𒌋𒈫,,72,,72,,,,
𒐕𒌋𒌋,,80,,80,,,,
𒐕𒌋𒌋𒁹,,81,,81,,,,
𒐕𒌋𒌋𒈫,,82,,82,,,,
𒐕𒌋𒌋𒐈,,83,,83,,,,
𒐕𒌋𒌋𒐉,,84,,84,,,,
𒐕𒌋𒌋𒐊,,85,,85,,,,
𒐕𒌋𒌋𒐋,,86,,86,,,,
𒐕𒌋𒌋𒐌,,87,,87,,,,
𒐕𒌋𒌋𒐍,,88,,88,,,,
𒐕𒌋𒌋𒑆,,89,,89,,,,
𒐕𒌋𒐈,,73,,73,,,,
𒐕𒌋𒐉,,74,,74,,,,
𒐕𒌋𒐊,,75,,75,,,,
𒐕𒌋𒐋,,76,,76,,,,
𒐕𒌋𒐌,,77,,77,,,,
𒐕𒌋𒐍,,78,,78,,,,
𒐕𒌋𒑆,,79,,79,,,,
𒐕𒌍,,90,,90,,,,
𒐕𒌍𒁹,,91,,91,,,,
𒐕𒌍𒈫,,92,,92,,,,
𒐕𒌍𒐈,,93,,93,,,,
𒐕𒌍𒐉,,94,,94,,,,
𒐕𒌍𒐊,,95,,95,,,,
𒐕𒌍𒐋,,96,,96,,,,
𒐕𒌍𒐌,,97,,97,,,,
𒐕𒌍𒐍,,98,,98,,,,
𒐕𒌍𒑆,,99,,99,,,,
𒐕𒐈,,63,,63,,,,
𒐕𒐉,,64,,64,,,,
𒐕𒐊,,65,,65,,,,
𒐕𒐋,,66,,66,,,,
𒐕𒐌,,67,,67,,,,
𒐕𒐍,,68,,68,,,,
𒐕𒐏,,100,,100,,,,
𒐕𒐏𒈫,,102,,102,,,,
𒐕𒐏𒐉,,104,,104,,,,
𒐕𒑆,,69,,69,,,,
𒐖,2(gesz2)。2(gesz2@c)。2(geš₂)。2(geš₂@c),2(gesz2)。2(gesz2@c),120,2(geš₂)。2(geš₂@c),,2(geš₂)。2(geš₂@c)。2(ŋeš₂)。2(ŋeš₂@c),2(geš₂),o0000009
𒐖𒌍,,150,,150,,,,
𒐗,3(gesz2)。3(gesz2@c)。3(geš₂)。3(geš₂@c),3(gesz2)。3(gesz2@c),180,3(geš₂)。3(geš₂@c),,3(geš₂)。3(geš₂@c)。3(ŋeš₂)。3(ŋeš₂@c),,
𒐗𒌋𒌋,,200,,200,,,,
𒐘,4(gesz2)。4(gesz2@c)。4(geš₂)。4(geš₂@c),4(gesz2)。4(gesz2@c),240,4(geš₂)。4(geš₂@c),,4(geš₂)。4(geš₂@c)。4(ŋeš₂)。4(ŋeš₂@c),,
𒐙,5(gesz2)。5(gesz2@c)。5(geš₂)。5(geš₂@c),300。5(gesz2)。5(gesz2@c),300,300。5(geš₂)。5(geš₂@c),,5(geš₂)。5(geš₂@c)。5(ŋeš₂)。5(ŋeš₂@c),,
𒐚,6(gesz2)。6(gesz2@c)。6(geš₂)。6(geš₂@c),6(gesz2)。6(gesz2@c),360。6(gesz2),6(geš₂)。6(geš₂@c),,6(geš₂)。6(geš₂@c)。6(ŋeš₂)。6(ŋeš₂@c),,
𒐚𒐏,,400,,400,,,,
𒐛,7(gesz2)。7(gesz2@c)。7(geš₂)。7(geš₂@c),7(gesz2)。7(gesz2@c),420,7(geš₂)。7(geš₂@c),,7(geš₂)。7(geš₂@c)。7(ŋeš₂)。7(ŋeš₂@c),,
𒐜,8(gesz2)。8(gesz2@c)。8(geš₂)。8(geš₂@c),8(gesz2)。8(gesz2@c),480,8(geš₂)。8(geš₂@c),,8(geš₂)。8(geš₂@c)。8(ŋeš₂)。8(ŋeš₂@c),,
𒐜𒌍,,510,,510,,,,
𒐜𒐏,,520,,520,,,,
𒐝,9(gesz2)。9(gesz2@c)。9(geš₂)。9(geš₂@c),9(gesz2)。9(gesz2@c),540,9(geš₂)。9(geš₂@c),,9(geš₂)。9(geš₂@c)。9(ŋeš₂)。9(ŋeš₂@c),9(geš₂),o0000079
𒐞,1(gesz'u)。1(gesz'u@c)。1(geszu)。1(geszu@c)。1(gešu)。1(gešu@c)。1(gešʾu)。1(gešʾu@c)。gesz'u。gešʾu。ŋesz'u。ŋesz'u@c。ŋešʾu。ŋešʾu@c,1(gesz'u)。1(gesz'u@c)。1(geszu)。1(geszu@c)。600。gesz'u。gešʾu@c。gešʾu@v。ŋesz'u。ŋesz'u@c,600,1(gešu)。1(gešu@c)。1(gešʾu)。1(gešʾu@c)。600。gešʾu。gešʾu@c。gešʾu@v。ŋešʾu。ŋešʾu@c,,1(gešu)。1(gešu@c)。1(gešʾu)。1(gešʾu@c)。1(ŋešʾu)。1(ŋešʾu@c)。deššuₓ。gešu。gešʾu。gešʾu@c。ŋešʾu。ŋešʾu@c,,
𒐞𒐕𒐏,,700,,700,,,,
𒐞𒐗𒌋𒌋,,800,,800,,,,
𒐞𒐘,,840,,840,,,,
𒐞𒐘𒌋,,850,,850,,,,
𒐞𒐚𒐏,,1000,,1000,,,,
𒐟,2(gesz'u)。2(gesz'u@c)。2(geszu)。2(geszu@c)。2(gešu)。2(gešu@c)。2(gešʾu)。2(gešʾu@c),2(gesz'u)。2(gesz'u@c)。2(geszu)。2(geszu@c),1200,2(gešu)。2(gešu@c)。2(gešʾu)。2(gešʾu@c),,2(gešu)。2(gešu@c)。2(gešʾu)。2(gešʾu@c)。2(ŋešʾu)。2(ŋešʾu@c),,
𒐠,3(gesz'u)。3(gesz'u@c)。3(geszu)。3(geszu@c)。3(gešu)。3(gešu@c)。3(gešʾu)。3(gešʾu@c),3(gesz'u)。3(gesz'u@c)。3(geszu)。3(geszu@c),1800。3(gesz'u),3(gešu)。3(gešu@c)。3(gešʾu)。3(gešʾu@c),,3(gešu)。3(gešu@c)。3(gešʾu)。3(gešʾu@c)。3(ŋešʾu)。3(ŋešʾu@c),3(gešu),o0000020
𒐡,4(gesz'u)。4(gesz'u@c)。4(geszu)。4(geszu@c)。4(gešu)。4(gešu@c)。4(gešʾu)。4(gešʾu@c),4(gesz'u)。4(gesz'u@c)。4(geszu)。4(geszu@c),,4(gešu)。4(gešu@c)。4(gešʾu)。4(gešʾu@c),,4(gešu)。4(gešu@c)。4(gešʾu)。4(gešʾu@c)。4(ŋešʾu)。4(ŋešʾu@c),,
𒐢,5(gesz'u)。5(gesz'u@c)。5(geszu)。5(geszu@c)。5(gešu)。5(gešu@c)。5(gešʾu)。5(gešʾu@c),5(gesz'u)。5(gesz'u@c)。5(geszu)。5(geszu@c),,5(gešu)。5(gešu@c)。5(gešʾu)。5(gešʾu@c),,5(gešu)。5(gešu@c)。5(gešʾu)。5(gešʾu@c)。5(ŋešʾu)。5(ŋešʾu@c),,
𒐣,2(szar2)。2(szar2@c)。2(šar₂)。2(šar₂@c),2(szar2)。2(szar2@c),7200,2(šar₂)。2(šar₂@c),,2(šargal)。2(šargal@c)。2(šar₂)。2(šar₂@c),,
𒐤,3(szar2)。3(szar2@c)。3(šar₂)。3(šar₂@c),3(szar2)。3(szar2@c),,3(šar₂)。3(šar₂@c),,3(šargal)。3(šargal@c)。3(šar₂)。3(šar₂@c),,
𒐥,3(szar2)@v。3(szar2@c)@v。3(šar₂)@v。3(šar₂@c)@v,3(szar2)@v。3(szar2@c)@v,,3(šar₂)@v。3(šar₂@c)@v,,3(šar₂)@v,,
𒐦,4(szar2)。4(szar2@c)。4(šar₂)。4(šar₂@c),4(szar2)。4(szar2@c),,4(šar₂)。4(šar₂@c),,4(šargal)。4(šargal@c)。4(šar₂)。4(šar₂@c),,
𒐧,5(szar2)。5(szar2@c)。5(šar₂)。5(šar₂@c),5(szar2)。5(szar2@c),,5(šar₂)。5(šar₂@c),,5(šargal)。5(šargal@c)。5(šar₂)。5(šar₂@c),,
𒐨,6(szar2)。6(szar2@c)。6(šar₂)。6(šar₂@c),6(szar2)。6(szar2@c),21600,6(šar₂)。6(šar₂@c),,6(šargal)。6(šargal@c)。6(šar₂)。6(šar₂@c),,
𒐩,7(szar2)。7(szar2@c)。7(šar₂)。7(šar₂@c),7(szar2)。7(szar2@c),,7(šar₂)。7(šar₂@c),,7(šargal)。7(šargal@c)。7(šar₂)。7(šar₂@c),,
𒐪,8(szar2)。8(szar2@c)。8(šar₂)。8(šar₂@c),8(szar2)。8(szar2@c),28800,8(šar₂)。8(šar₂@c),,8(šargal)。8(šargal@c)。8(šar₂)。8(šar₂@c),,
𒐫,9(szar2)。9(szar2@c)。9(šar₂)。9(šar₂@c),9(szar2)。9(szar2@c),,9(šar₂)。9(šar₂@c),,9(šargal)。9(šargal@c)。9(šar₂)。9(šar₂@c),,
𒐬,1(szar'u)。1(szar'u@c)。1(szaru)。1(szaru@c)。1(šaru)。1(šaru@c)。1(šarʾu)。1(šarʾu@c),1(szar'u)。1(szar'u@c)。1(szaru)。1(szaru@c)。šarʾu@c。šarʾu@v。šar₂×u,36000,1(šaru)。1(šaru@c)。1(šarʾu)。1(šarʾu@c)。šarʾu@c。šarʾu@v。šar₂×u,DUBUR2。ŠAR2xU。ŠARU,1(šaru)。1(šaru@c)。1(šarugal@c)。1(šaruʾgal@c)。1(šarʾu)。1(šarʾu@c)。šaru。šaru@c。šarʾu。šarʾu@c,,
𒐭,2(szar'u)。2(szar'u@c)。2(szaru)。2(szaru@c)。2(šaru)。2(šaru@c)。2(šarʾu)。2(šarʾu@c),2(szar'u)。2(szar'u@c)。2(szaru)。2(szaru@c),,2(šaru)。2(šaru@c)。2(šarʾu)。2(šarʾu@c),DUBUR2。ŠAR2xMAN,2(šaru)。2(šaru@c)。2(šarʾu)。2(šarʾu@c),,
𒐮,3(szar'u)。3(szar'u@c)。3(szaru)。3(szaru@c)。3(šaru)。3(šaru@c)。3(šarʾu)。3(šarʾu@c),3(szar'u)。3(szar'u@c)。3(szaru)。3(szaru@c),108000,3(šaru)。3(šaru@c)。3(šarʾu)。3(šarʾu@c),ŠAR2xEŠ,3(šaru)。3(šaru@c)。3(šarʾu)。3(šarʾu@c),,
𒐯,3(szar'u)@v。3(szar'u@c)@v。3(szaru)@v。3(szaru@c)@v。3(šaru)@v。3(šaru@c)@v。3(šarʾu)@v。3(šarʾu@c)@v,3(szar'u)@v。3(szar'u@c)@v。3(szaru)@v。3(szaru@c)@v。3(šaru@v),,3(šaru)@v。3(šaru@c)@v。3(šaru@v)。3(šarʾu)@v。3(šarʾu@c)@v,,3(šaru)@v。3(šarʾu)@v,,
𒐰,4(szar'u)。4(szar'u@c)。4(szaru)。4(szaru@c)。4(šaru)。4(šaru@c)。4(šarʾu)。4(šarʾu@c),4(szar'u)。4(szar'u@c)。4(szaru)。4(szaru@c),,4(šaru)。4(šaru@c)。4(šarʾu)。4(šarʾu@c),ŠAR2xNIMIN,4(šaru)。4(šarʾu),,
𒐱,5(szar'u)。5(szar'u@c)。5(szaru)。5(szaru@c)。5(šaru)。5(šaru@c)。5(šarʾu)。5(šarʾu@c),5(szar'u)。5(szar'u@c)。5(szaru)。5(szaru@c),,5(šaru)。5(šaru@c)。5(šarʾu)。5(šarʾu@c),ŠAR2xNINNU,5(šaru)。5(šaru@c)。5(šarʾu)。5(šarʾu@c),,
𒐲,szargaldisz。šargaldiš,szargaldisz。|šar₂×(gal.diš)|。šar₂×(gal.diš),,|šar₂×(gal.diš)|。šargaldiš。šar₂×(gal.diš),ŠAR2xGAL.DIŠ,šargaldiš,šargaldiš,o0002681
𒐳,szargalmin。šargalmin,szargalmin。|šar₂×(gal.min)|。šar₂×(gal.min),,|šar₂×(gal.min)|。šargalmin。šar₂×(gal.min),ŠAR2xGAL.MIN,šargalmin,šargalmin,o0002682
𒐴,1(bur'u)。1(bur'u@c)。1(burʾu)。1(burʾu@c)。bur'u。bur'u@c。burʾu。burʾu@c,1(bur'u)。1(bur'u@c)。bur'u。bur'u@c。bur'uₓ。u@g,U@g,1(burʾu)。1(burʾu@c)。bur'uₓ。burʾu。burʾu@c。u@g,BUR3gunû。UGUN2。UGUNU2。Ugunû,1(burʾu)。1(burʾu@c)。burʾu。burʾu@c。burʾuₓ,,
𒐵,2(bur'u)。2(bur'u@c)。2(burʾu)。2(burʾu@c),2(bur'u)。2(bur'u@c)。2(buru),,2(buru)。2(burʾu)。2(burʾu@c),,2(burʾu)。2(burʾu@c)。nišₓ,,
𒐶,3(bur'u)。3(bur'u@c)。3(burʾu)。3(burʾu@c),3(bur'u)。3(bur'u@c)。3(buru),,3(buru)。3(burʾu)。3(burʾu@c),,3(burʾu)。3(burʾu@c)。ušuₓ,,
𒐷,3(bur'u)@v。3(bur'u@c)@v。3(burʾu)@v。3(burʾu@c)@v,3(bur'u)@v。3(bur'u@c)@v。3(buru@v),,3(buru@v)。3(burʾu)@v。3(burʾu@c)@v,,3(burʾu)@v,,
𒐸,4(bur'u)。4(bur'u@c)。4(burʾu)。4(burʾu@c),4(bur'u)。4(bur'u@c)。4(buru),,4(buru)。4(burʾu)。4(burʾu@c),,4(burʾu)。4(burʾu@c)。niminₓ,,
𒐹,5(bur'u)。5(bur'u@c)。5(burʾu)。5(burʾu@c),5(bur'u)。5(bur'u@c)。5(buru),,5(buru)。5(burʾu)。5(burʾu@c),,5(burʾu)。5(burʾu@c)。buriaₓ。ninnuₓ,,
𒐺,3(asz@v)。3(asz@v@c)。3(aš@v)。3(aš@v@c)。esz16。eš₁₆,3(asz@v)。3(asz@v@c)。3(aš~a)。esz16,EŠ16。eš16,3(aš@v)。3(aš@v@c)。3(aš~a)。eš₁₆,EŠ16,,,
𒐻,3(asz)@v。3(asz@c)@v。3(aš)@v。3(aš@c)@v。3(iku)@v。esz21。eš₂₁,3(asz)@v。3(asz@c)@v。3(aš~b)。esz21,EŠ21。eš21,3(aš)@v。3(aš@c)@v。3(aš~b)。3(iku)@v。eš₂₁,3。EŠ21。TAB.AŠ,3(aš)@v。3(aš@c)@v。3(iku)@v。eš₂₁,,
𒐼,4(disz)@v。4(disz@c)@v。4(diš)@v。4(diš@c)@v。lammu。limmu。limu,4(disz)@v。4(disz@c)@v,LIMMU。limmu,4(diš)@v。4(diš@c)@v。lammu。limmu。limu,4。LAMMU。LIMMU。LIMU,4(diš)@v。4(diš@c)@v。lammu。limmu。limu,,
𒐽,4(asz@v)。4(asz@v@c)。4(aš@v)。4(aš@v@c)。limmu4。limmu₄,4(asz@v)。4(asz@v@c)。4(aš~a)。limmu4,LIMMU4。limmu4,4(aš@v)。4(aš@v@c)。4(aš~a)。limmu₄,4。EŠ16.AŠ。LIMMU4,4(aš@v)。4(aš@v@c)。limmu₄,,
𒐾,,limmu~a,,limmu~a,,4(diš)~a。4(diš@v)。4(diš@v@c)。limmuₓ,,
𒐿,4(disz@v)。4(disz@v@c)。4(diš@v)。4(diš@v@c)。limmuₓ,4(disz@v)。4(disz@v@c)。limmu~b。limmuₓ,,4(diš@v)。4(diš@v@c)。limmu~b,,4(diš)~b。4(diš@v)~b。4(diš@v@c)~b。limmuₓ,,
𒑀,6(asz@v)。6(asz@v@c)。6(aš@v)。6(aš@v@c)。asz9。aš₉,6(asz@v)。6(asz@v@c)。6(aš~a)。asz9,AŠ9。aš9,6(aš@v)。6(aš@v@c)。6(aš~a)。aš₉,6。AŠ9。EŠ16.EŠ16,6(aš@v)。6(aš@v@c)。aš₉,,
𒑁,7(asz@v)。7(asz@v@c)。7(aš@v)。7(aš@v@c)。imin3。imin₃,7(asz@v)。7(asz@v@c)。7(aš~a)。imin3,ÌMIN。ìmin,7(aš@v)。7(aš@v@c)。7(aš~a)。imin₃,7。EŠ16.EŠ16.AŠ。IMIN3。UMUN9,7(aš@v)。7(aš@v@c)。imin₃,,
𒑂,7(disz)@v。7(disz@c)@v。7(diš)@v。7(diš@c)@v,7(disz)@v。7(disz@c)@v。7(diš~a),,7(diš)@v。7(diš@c)@v。7(diš~a),420。7。7x60。GEŠUMUN。IMIN。IMINA。UMUN。UMUN7,7(diš)@v。7(diš@c)@v。iminₓ,,
𒑃,7(disz)@v~b。7(disz@c)@v~b。7(diš)@v~b。7(diš@c)@v~b。iminₓ,7(disz)@v~b。7(disz@c)@v~b。7(diš~b),,7(diš)@v~b。7(diš@c)@v~b。7(diš~b)。iminₓ,,7(diš)@v~b。7(diš@c)@v~b。iminₓ,,
𒑄,8(disz)@v。8(diš)@v,8(disz)@v,USSU,8(diš)@v,480。8。8x60。GEŠUSSU。USA。USSA。USSU,8(aš@c@90)。8(diš)@v。8(diš@c)。None。ussu,,
𒑅,8(asz@v)。8(asz@v@c)。8(aš@v)。8(aš@v@c)。ussu3。ussu₃,8(asz@v)。8(asz@v@c)。ussu3,ÙSSU。ùssu,8(aš@v)。8(aš@v@c)。ussu₃,8。EŠ16.EŠ16.TAB。USSA3。USSU3,8(aš@v)。8(aš@v@c)。8(aš~a)。ussu₃,,
𒑆,9(disz)。9(disz@c)。9(diš)。9(diš@c)。ilimmu,09。9。9(disz)。9(disz@c)。9(diš),9。ILIMMU。ilimmu,09。9。9(diš@c)。ilimmu,540。9。9x60。ELIMMU。GEŠILIMMU。ILIMMU,9(aš@c@90)。9(diš)~a。9(diš@c)。ilimmu,,
𒑇,9(disz)@v~a。9(disz@c)@v~a。9(diš)@v~a。9(diš@c)@v~a。ilimmu3。ilimmu₃,9(disz)@v~a。9(disz@c)@v~a。9(diš~a)。ilimmu3,ÌLIMMU。ìlimmu,9(diš)@v~a。9(diš@c)@v~a。9(diš~a)。ilimmu₃,9。EŠ16.EŠ16.EŠ16。ILIMMU3,9(aš@v)。9(aš@v@c)。9(aš~a)。9(diš)@v~a。9(diš@c)@v~a。9(diš~a)。ilimmu₃,,
𒑈,9(disz)@v。9(disz@c)@v。9(diš)@v。9(diš@c)@v。ilimmu4。ilimmu₄,9(disz)@v。9(disz@c)@v。9(diš~b)。ilimmu4,ILIMMU4。ilimmu4,9(diš)@v。9(diš@c)@v。9(diš~b)。ilimmu₄,,9(diš)@v。9(diš@c)@v。ilimmu₄,,
𒑉,9(disz@v)。9(disz@v@c)。9(diš@v)。9(diš@v@c)。ilimmuₓ,9(disz@v)。9(disz@v@c)。9(diš~c),,9(diš@v)。9(diš@v@c)。9(diš~c)。ilimmuₓ,9。DIŠoverDIŠoverDIŠ。ILIMMU5,9(diš@v)。9(diš@v@c)。ilimmuₓ,,
𒑊,2(asz@t)。2(asz@t@c)。2(aš@t)。2(aš@t@c),2(asz@t)。2(asz@t@c),,2(aš@t)。2(aš@t@c),TAB,2(aš@t)。2(aš@t@c)。2(bur₃@c)。2(diš@t)。2(iku@t)。2(u@c),,
𒑋,3(asz@t)。3(asz@t@c)。3(aš@t)。3(aš@t@c),3(asz@t)。3(asz@t@c),,3(aš@t)。3(aš@t@c),3。EŠ23,3(aš@t)。3(aš@t@c)。3(diš@t)。3(iku@t),,
𒑌,4(asz@t)。4(asz@t@c)。4(aš@t)。4(aš@t@c),4(asz@t)。4(asz@t@c),,4(aš@t)。4(aš@t@c),,4(aš@t)。4(aš@t@c)。4(diš@t)。4(iku@t),,
𒑍,5(asz@t)。5(asz@t@c)。5(aš@t)。5(aš@t@c),5(asz@t)。5(asz@t@c),,5(aš@t)。5(aš@t@c),,5(aš@t)。5(aš@t@c)。5(diš@t)。5(iku@t),,
𒑎,6(asz@t)。6(asz@t@c)。6(aš@t)。6(aš@t@c),6(asz@t)。6(asz@t@c),,6(aš@t)。6(aš@t@c),,6(aš@t)。6(aš@t@c)。6(diš@t),,
𒑏,1(ban2)。1(ban2@c)。1(ban₂)。1(ban₂@c)。ban2。ban2@c。ban2@v。banda2。banda₂。ban₂。ban₂@c。ban₂@v。sutu,1(ban2)。1(ban2@c)。ban2。ban2@c。ban2@v。banda2,1(ban2)。BAN2。BÁN。ban2。banda2。bán,1(ban₂)。1(ban₂@c)。banda₂。ban₂。ban₂@c。ban₂@v。sutu,BAN2。BANDA2。SŪTU,1(ban₂)。1/2(aš)。banda₂。ban₂。ban₂@v。sutu。sutₓ,,
𒑐,2(ban2)。2(ban2@c)。2(ban₂)。2(ban₂@c)。bamen。bamin。banmin,2(ban2)。2(ban2@c),2(ban2)。BANMIN。banmin,2(ban₂)。2(ban₂@c)。bamen。bamin。banmin,BAMIN。BANMIN。“PA”,2(ban₂)。2(ban₂@c)。bamen。bamin。banmin,,
𒑑,3(ban2)。3(ban2@c)。3(ban₂)。3(ban₂@c),3。3(ban2)。3(ban2@c),,3。3(ban₂)。3(ban₂@c),BAEŠ。BANEŠ。seealsoAŠ2,3(ban₂)。3(ban₂@c)。3(ban₂@c)@v,,
𒑒,4(ban2)。4(ban2@c)。4(ban₂)。4(ban₂@c),4。4(ban2)。4(ban2@c),4(ban2),4。4(ban₂)。4(ban₂@c),4SŪTU。AŠ2.U。BANLIMMU,4(ban₂)。4(ban₂@c),,
𒑓,4(ban2)@v。4(ban2@c)@v。4(ban2@v)。4(ban2@v@c)。4(ban₂)@v。4(ban₂@c)@v。4(ban₂@v)。4(ban₂@v@c),4(ban2)@v。4(ban2@c)@v。4(ban2@v)。4(ban2@v@c),,4(ban₂)@v。4(ban₂@c)@v。4(ban₂@v)。4(ban₂@v@c),,4(ban₂)@v。4(ban₂@c)@v。4(ban₂@v)。4(ban₂@v@c),,
𒑔,5(ban2)。5(ban2@c)。5(ban₂)。5(ban₂@c),5。5(ban2)。5(ban2@c),5(ban2),5。5(ban₂)。5(ban₂@c),5SŪTU。AŠ2.UoverU。BANIA,5(ban₂)。5(ban₂@c),,
𒑕,5(ban2)@v。5(ban2@c)@v。5(ban2@v)。5(ban2@v@c)。5(ban₂)@v。5(ban₂@c)@v。5(ban₂@v)。5(ban₂@v@c),5(ban2)@v。5(ban2@c)@v。5(ban2@v)。5(ban2@v@c),,5(ban₂)@v。5(ban₂@c)@v。5(ban₂@v)。5(ban₂@v@c),,5(ban₂)@v。5(ban₂@c)@v。5(ban₂@v)。5(ban₂@v@c),,
𒑖,2(barig)。2(barig@c)。2(bariga)。2(bariga@c)。nigidamin3。nigidamin₃。nimin3。nimin₃,diš&diš。nigidamin。nigidamin3。nimin3,NIGIDAMIN,2(barig)。2(barig@c)。2(bariga)。2(bariga@c)。diš&diš。nigidamin。nigidamin₃。nimin₃,2PI。4。DIŠoverDIŠ。LIMMU6。NIGIDAMIN。NIMIN3,2(barig)。2(bariga)。nigidamin。nimin₃,2(barig),o0000481
𒑗,3(barig)。3(barig@c)。3(bariga)。3(bariga@c)。niesz。nieš。nigidaesz。nigidaeš,niesz。nigidaesz,3(barig)。NIGIDAEŠ。nigidaeš,3(barig)。3(barig@c)。3(bariga)。3(bariga@c)。nieš。nigidaeš,DIŠoverDIŠ.DIŠ。NIEŠ。NIGIDAEŠ,3(barig)。3(bariga)。nigidaeš,3(barig),o0000480
𒑘,1(esze3)。1(esze3@c)。1(eše₃)。1(eše₃@c)。esze3@c。eše₃@c,1(esze3)。1(esze3@c)。esze3@c,,1(eše₃)。1(eše₃@c)。eše₃@c,AŠ+U。EŠ7。EŠE3,1(eše₃)。1(eše₃@c)。eše₃@c,1(eše₃),o0000007
𒑙,2(esze3)。2(esze3@c)。2(eše₃)。2(eše₃@c),2(esze3)。2(esze3@c),2(eše3),2(eše₃)。2(eše₃@c),EŠEMEN5。EŠEMIN5。“BI”,2(eše₃)。2(eše₃@c),,
𒑚,1/3(disz)。1/3(diš)。szudaₓ。szuszana。szuszszanₓ。šudaₓ。šušana。šuššanₓ,1/3。1/3(disz)。szudaₓ。szuszana。szuszszanₓ,1/3。1/3(disz)。ŠUŠANA。šušana,1/3。1/3(diš)。šudaₓ。šušana。šuššanₓ,1/3。ŠUŠANA,1/3(aš)。1/3(diš)。1/3(iku)。igišŋalₓ。šudaₓ?。šušana。šuššanₓ,1/3,o0002849
𒑛,2/3(disz)。2/3(diš)。szanaba。szanabi。szanapi。szudaminₓ。šanaba。šanabi。šanapi。šudaminₓ,2/3。2/3(disz)。5/6。szanaba。szanabi。szanapi。szudaminₓ,2/3。5/6。ŠANABI。šanabi,2/3。2/3(diš)。5/6。šanaba。šanabi。šanapi。šudaminₓ,2/3。ŠANABA。ŠANABI,2/3(aš)。2/3(diš)。šanaba。šanabi。šanapi。šudaminₓ?,2/3,o0002826
𒑜,5/6(disz)。5/6(disz@c)。5/6(diš)。5/6(diš@c)。kingusila。kingusili。qimku,5/6(disz)。5/6(disz@c),KINGUSILA。kingusila,5/6(diš)。5/6(diš@c)。kingusila。kingusili。qimku,5/6。KINGUSILA。KINGUSILI。KINGUSILLA。KINGUSILLI,5/6(aš)。5/6(aš@c)。5/6(diš)。5/6(diš@c)。kingusila。kingusili。qimku,5/6(diš),o0000283
𒑝,1/3(disz@c)。1/3(diš@c),1/3(disz@c)。f₁,,1/3(diš@c)。f₁,,1/3(aš@c)。1/3(aš@c@90)。1/3(diš@c),f₁,o0000181
𒑞,2/3(disz@c)。2/3(diš@c),2/3(disz@c)。f₂,,2/3(diš@c)。f₂,,2/3(aš@c)。2/3(aš@c@90)。2/3(diš@c),f₂,o0000182
𒑟,1/8,f₃,,1/8。f₃,LAK852,1/8(iku)。1/8(iku@c)。1/8(iku@c@v),1/8,o0000183
𒑠,1/4(iku),f₄,,1/4(iku)。f₄,,1/4(aš@c)。1/4(iku)。1/4(iku@c)。1/4(iku@c@v),1/4(iku),o0000184
𒑡,1/6,f₅,,1/6。f₅,1/6,None,1/6,o0000185
𒑢,1/4,f₆,1/4,1/4。f₆,1/4,None,1/4,o0000186
𒑰,/,p₁,/,/。p₁,,/。p₁,/,o0000505
𒑱,:,p₂,:。[:],:。p₂,:。divisionsign,:。p₂,:,o0000506
𒑲,":""",":""。p₃",,p₃,GAM,":""。p₃",p₃,o0000507
𒑳,:.,p₄,,:.。p₄,3timesxGE23。ILIMMU4,:.。p₄,p₄,o0000508
𒒂,,ad×eš₂。|ad×eš₂|,,ad×eš₂。|ad×eš₂|,,None,nan,o0000775
𒒄,,dug.sila₃.bur。|dug.sila₃.bur|,,dug.sila₃.bur。|dug.sila₃.bur|,,None,nan,o0000898
𒒅,,lak745,,lak745,,None,nan,o0000899
𒒆,,lak746,,lak746,,None,nan,o0000900
𒒈,,(bu&bu)×na₂。lak145。|(bu&bu)×na₂|,,(bu&bu)×na₂。lak145。|(bu&bu)×na₂|,,None,nan,o0000971
𒒋,,dim×eš。|dim×eš|,,dim×eš。|dim×eš|,,None,nan,o0000975
𒒌,,dim×maš。mašgurₓ。|dim×maš|,,dim×maš。mašgurₓ。|dim×maš|,,None,mašgurₓ,o0000979
𒒍,,dim₂×ud。|dim₂×ud|,,dim₂×ud。|dim₂×ud|,,None,nan,o0001009
𒒚,,dug×igi@g。|dug×igi@g|,,dug×igi@g。|dug×igi@g|,,None,nan,o0001022
𒒝,,dug×kušu₂。|dug×kušu₂|,,dug×kušu₂。|dug×kušu₂|,,None,nan,o0001006
𒒦,szugurₓ。šugurₓ,dug×ni。szugurₓ。|dug×ni|,,dug×ni。|dug×ni|。šugurₓ,,None,šugurₓ,o0001031
𒒫,,elles160,,elles160,,ditanₓ。luₓ。tidnumₓ,nan,o0001086
𒒭,tidnumₓ,erin₂+x。|erin₂+x|,,erin₂+x。tidnumₓ。|erin₂+x|,,None,erin₂+x,o0001091
𒒯,,ezen@s×aš。|ezen@s×aš|,,ezen@s×aš。|ezen@s×aš|,,None,nan,o0001093
𒒰,,ezen@s×hi。|ezen@s×hi|,,ezen@s×hi。|ezen@s×hi|,,None,nan,o0001095
𒒱,,ezen@s×igi@g。|ezen@s×igi@g|,,ezen@s×igi@g。|ezen@s×igi@g|,,None,nan,o0001094
𒒲,,ezen@s×la。|ezen@s×la|,,ezen@s×la。|ezen@s×la|,,None,nan,o0001097
𒒳,,ezen@s×lal。|ezen@s×lal|,,ezen@s×lal。|ezen@s×lal|,,None,nan,o0001096
𒒴,,ezen@s×me。|ezen@s×me|,,ezen@s×me。|ezen@s×me|,,None,nan,o0001098
𒒵,,ezen@s×mes。|ezen@s×mes|,,ezen@s×mes。|ezen@s×mes|,,None,nan,o0001117
𒒶,,ezen@s×su。|ezen@s×su|,,ezen@s×su。|ezen@s×su|,,None,nan,o0001289
𒒷,,ezen×su。|ezen×su|,,ezen×su。|ezen×su|,,None,nan,o0001293
𒒼,,ga₂×eren。|ga₂×eren|,,ga₂×eren。|ga₂×eren|,,None,nan,o0001258
𒓀,,edakuaₓ。ga₂×(ha.a)。|ga₂×(ha.a)|,,edakuaₓ。ga₂×(ha.a)。|ga₂×(ha.a)|,,None,edakuaₓ,o0001313
𒓇,halubₓ,ga₂×(ne.e₂)。|ga₂×(ne.e₂)|,,ga₂×(ne.e₂)。halubₓ。|ga₂×(ne.e₂)|,,None,halubₓ,o0001332
𒓈,,ga₂×(e₂.ne)。|ga₂×(e₂.ne)|,,ga₂×(e₂.ne)。|ga₂×(e₂.ne)|,,gazaₓ。gazi,nan,o0001329
𒓊,gazaₓ。gazi,ga₂×ziz₂。|ga₂×ziz₂|,GAZI。gazi,gazaₓ。gazi。ga₂×ziz₂。|ga₂×ziz₂|,,None,gazi,o0001334
𒓋,gabaₓ,gaba@90。lak277,,gaba@90。gabaₓ。lak277,,ulₓ,gabaₓ,o0001405
𒓍,,lak590,,lak590,,None,nan,o0001418
𒓎,,lak648,,lak648,,zenaₓ?,nan,o0000235
𒓏,,lak589.si.a。|lak589.si.a|,,lak589.si.a。|lak589.si.a|,,None,nan,o0000624
𒓔,,lak648×ni。|lak648×ni|,,lak648×ni。|lak648×ni|,,None,nan,o0001790
𒓕,,lak003,,lak003,,None,nan,o0000349
𒓖,,lak21,,lak21,,None,nan,o0000322
𒓗,,lak025。lak25。lak648×uruda。|lak648×uruda|,,lak025。lak25。lak648×uruda。|lak648×uruda|,,None,nan,o0000338
𒓙,,gud.giš×kid₂。lak050。lak50。|gud.giš×kid₂|,,gud.giš×kid₂。lak050。lak50。|gud.giš×kid₂|,,gurₓ,nan,o0000390
𒓚,,hi×maš。lak051。lak51。|hi×maš|,,hi×maš。lak051。lak51。|hi×maš|,,gurₓ,nan,o0000551
𒓛,,lak449,,lak449,,šakan,nan,o0002456
𒓡,,ka×bu。lak142。|ka×bu|,,ka×bu。lak142。|ka×bu|,,None,nan,o0000316
𒓣,,ka×ka。|ka×ka|,,ka×ka。|ka×ka|,,ubiₓ,nan,o0000326
𒓤,,ka×še@f。|ka×še@f|,,ka×še@f。|ka×še@f|,,None,nan,o0000327
𒓥,,lak225,,lak225,,None,nan,o0000329
𒓦,,ka×ur。|ka×ur|,,ka×ur。|ka×ur|,,None,nan,o0000330
𒓧,,kušu₂.an.muš₃@g。uruh。|kušu₂.an.muš₃@g|,,kušu₂.an.muš₃@g。uruh。|kušu₂.an.muš₃@g|,,None,uruh,o0000332
𒓪,,lak343,megida(LAK20)zabar,lak343,,lilₓ,nan,o0000355
𒓭,,lak383,,lak383,,None,nan,o0000363
𒓯,,lak390,,lak390,,dugudₓ,nan,o0000368
𒓻,,ga'ar,,ga'ar,,gamurₓ。gaʾar。gaʾurₓ,ga'ar,o0000384
𒓾,,lak495,,lak495,,None,nan,o0000387
𒔂,,lak617,,lak617,,bunₓ。durumₓ,nan,o0001865
𒔃,,lak384,,lak384,,None,nan,o0001866
𒔄,,lak622,dugud(LAK390),lak622,,None,nan,o0001105
𒔆,,lak450,,lak450,,None,nan,o0001868
𒔇,,lak626,,lak626,,None,nan,o0001870
𒔈,,lak624,,lak624,,None,nan,o0001871
𒔉,tugₓ,lak483。lak625,,lak483。lak625。tugₓ,,None,tugₓ,o0001874
𒔊,gamurₓ,lak490,LAK490,gamurₓ。lak490,,None,gamurₓ,o0001872
𒔋,kidₓ。takaₓ,lak492。lak627,,kidₓ。lak492。lak627。takaₓ,,None,kidₓ,o0001873
𒔎,,garig₂。garig₃。zum.si。|zum.si|,,garig₂。garig₃。zum.si。|zum.si|,,banšurₓ,garig₂,o0001877
𒔏,,lak589.pad.a.si。|lak589.pad.a.si|,,lak589.pad.a.si。|lak589.pad.a.si|,,None,nan,o0001878
𒔐,,lak617×aš。|lak617×aš|,,lak617×aš。|lak617×aš|,,None,nan,o0002566
𒔚,,lak636,,lak636,,None,nan,o0001968
𒔞,,lu₂.lagab×u。|lu₂.lagab×u|,,lu₂.lagab×u。|lu₂.lagab×u|,,None,nan,o0001984
𒔟,,lu₂×aš₂。|lu₂×aš₂|,,lu₂×aš₂。|lu₂×aš₂|,,None,nan,o0002015
𒔡,,muš&muš×kak,,muš&muš×kak,,None,nan,o0000629
𒔢,,ereₓ。erₓ。lu₂×šu。|lu₂×šu|,,ereₓ。erₓ。lu₂×šu。|lu₂×šu|,,None,ereₓ,o0002098
𒔣,,lak116,,lak116,,None,nan,o0002101
𒔤,,(muš&muš)×ga。lak112。|(muš&muš)×ga|,,(muš&muš)×ga。lak112。|(muš&muš)×ga|,,None,nan,o0002103
𒔥,,(muš&muš)×kak。|(muš&muš)×kak|,,(muš&muš)×kak。|(muš&muš)×kak|,,None,nan,o0002104
𒔦,,gur₂₃。lak115。ninda₂×bal。|ninda₂×bal|,,gur₂₃。lak115。ninda₂×bal。|ninda₂×bal|,,None,gur₂₃,o0002105
𒔧,,bariga。ninda₂×dub。|ninda₂×dub|,,bariga。ninda₂×dub。|ninda₂×dub|,,None,bariga,o0002106
𒔨,,lak110,,lak110,,gurmi,nan,o0002107
𒔬,gurmi,ninda₂×maš。|ninda₂×maš|,,gurmi。ninda₂×maš。|ninda₂×maš|,,None,gurmi,o0002112
𒔮,,gurmedub。ninda₂×šid。|ninda₂×šid|,,gurmedub。ninda₂×šid。|ninda₂×šid|,,None,gurmedub,o0002276
𒔰,,ninda₂.aš。|ninda₂.aš|,,ninda₂.aš。|ninda₂.aš|,,birₓ。burₓ,nan,o0002286
𒔱,,sag@n@g,,sag@n@g,,None,nan,o0002830
𒔲xx,,garadin₇,,garadin₇,,garadin₇。karadin₇,,
𒔳,,sag×tak₄。|sag×tak₄|,,sag×tak₄。|sag×tak₄|,,None,nan,o0000634
𒔴,,ša₆@t,,ša₆@t,,None,nan,o0002724
𒔵,,lak216,ŠE&ŠE,lak216,,None,nan,o0002335
𒔶,,lak396,,lak396,,None,nan,o0002815
𒔷,,|še@v+nam₂|。še@v+nam₂,,|še@v+nam₂|。še@v+nam₂,,None,nan,o0002807
𒔼,giriₓ,si×tak₄。|si×tak₄|,,giriₓ。si×tak₄。|si×tak₄|,,None,giriₓ,o0000587
𒔾,tumₓ,tum×gan₂@t。|tum×gan₂@t|,,tum×gan₂@t。tumₓ。|tum×gan₂@t|,,None,tumₓ,o0002556
𒕄,?,uru@g,,?。uru@g,,,,
𒕆,za7。za₇,za7,,za₇,,,,
𒕇,lumₓ,zu&zu.sar。|zu&zu.sar|,,lumₓ。zu&zu.sar。|zu&zu.sar|,,,,
𒕉,zenaₓ,ha@t@g,,ha@t@g。zenaₓ,,,,
𒢤,,namešda,,namešda,,,,
