value_norm,Akkademia_df,CDLI_df,Cuneiml_df,Nuolenna_df,TextFabric_df,osl_df,wiki_df,oslID
#3,,,𒐈,,,,,
#igi#,,,𒅆,,,,,
%akk aban,,,,,,𒎎,,
%akk abnu,,,,,,𒌓𒉌。𒎎,,
%akk alpu,,,,,,𒄞,,
%akk aś,,,,,,𒀾,,
%akk ašaridu,,,,,,𒅆𒁺,,
%akk dannu,,,,,,𒆗,,
%akk eqlu,,,,,,𒃷,,
%akk erešu,,,,,,𒅕,,
%akk erṣetu,,,,,,𒆠,,
%akk eṭlu,,,,,,𒆗,,
%akk eṭutu,,,,,,𒂿,,
%akk hutpu,,,,,,𒉺𒆕,,
%akk illatu,,,,,,𒆜𒆳,,
%akk iś,,,,,,𒅖,,
%akk išdu,,,,,,𒁼,,
%akk leʾum,,,,,,𒁾,,
%akk mahruₓ,,,,,,𒅆。𒅆𒁺,,
%akk maś,,,,,,𒈦,,
%akk miṭṭu,,,,,,𒆪𒀭,,
%akk namru,,,,,,𒆳𒈽𒍝𒆠,,
%akk namruₓ,,,,,,𒍝𒈽𒁲,,
%akk nappilu,,,,,,𒉩,,
%akk panuₓ,,,,,,𒅆,,
%akk puhrum,,,,,,𒄒,,
%akk puzruₓ,,,,,,𒅤。𒅤𒊭,,
%akk qaqqaru,,,,,,𒆠,,
%akk reʾu,,,,,,𒉺𒇻,,
%akk tertu,,,,,,𒉺𒋢,,
%akk ummanu,,,,,,𒆠𒋢𒇻𒂠𒃻,,
%akk upluₓ,,,,,,𒄴,,
%akk uś,,,,,,𒍑,,
%akk wardu,,,,,,𒀴,,
%akk śa,,,,,,𒊓,,
%akk śar,,,,,,𒊬,,
%akk śa₂,,,,,,𒁲,,
%akk śe,,,,,,𒋛,,
%akk śem,,,,,,𒋆,,
%akk śe₂,,,,,,𒋝,,
%akk śi,,,,,,𒋛,,
%akk śim,,,,,,𒋆,,
%akk śim₂,,,,,,𒉆,,
%akk śi₂,,,,,,𒋜,,
%akk śi₃,,,,,,𒋝,,
%akk śu,,,,,,𒋢,,
%akk śum,,,,,,𒋳,,
%akk śum₂,,,,,,𒋧,,
%akk śur,,,,,,𒋩,,
%akk śur₂,,,,,,𒊨,,
%akk śu₂,,,,,,𒋜,,
%akk śu₃,,,,,,𒋤,,
%akk šamnu,,,,,,𒉌,,
%akk šubtu,,,,,,𒆜𒆸,,
%akk ṣillu,,,,,,𒀭𒊨,,
%akk/n arhu,,,,,,𒌗,,
%akk/n bītu,,,,,,𒂍,,
%akk/n būdu,,,,,,𒍠𒂵。𒍠𒄩,,
%akk/n dūru,,,,,,𒂦𒀭,,
%akk/n ilī,,,,,,𒉌𒉌,,
%akk/n iṣu,,,,,,𒄑,,
%akk/n kalbu,,,,,,𒌨,,
%akk/n kišādu,,,,,,𒄘,,
%akk/n lāsimu,,,,,,𒁽,,
%akk/n mat_šammi,,,,,,𒌑,,
%akk/n muhhuₓ,,,,,,𒊕𒁺。𒊗。𒊚。𒊜。𒊨,,
%akk/n māṣit,,,,,,𒌓,,
%akk/n namruₓ,,,,,,𒌑𒆳𒍝𒈽𒆠,,
%akk/n nūr-ili,,,,,,𒈗。𒍂,,
%akk/n qablu,,,,,,𒍛,,
%akk/n qû,,,,,,𒋡,,
%akk/n rābiṣu,,,,,,𒌜,,
%akk/n rēšu,,,,,,𒊕,,
%akk/n tibnu,,,,,,𒋿,,
%akk/n wāṣit,,,,,,𒌓,,
%akk/n ālik,,,,,,𒁽,,
%akk/n īnu{ii},,,,,,𒅆𒈫,,
%akk/n šēdu,,,,,,𒌜,,
%akk/n ṣalmu,,,,,,𒊨,,
%akk/n ṣābu,,,,,,𒂟,,
%akk/n ṣītu,,,,,,𒌓,,
%akk/n ṭēmu,,,,,,𒅗𒄭,,
%elx anše@d,,,,,,𒀲,,
%elx bir₃,,,,,,𒎕,,
%elx geštin@d,,,,,,𒃾,,
%elx rap₂,,,,,,𒃲,,
',𒀪,𒀪,𒀪,,,,,
'3,,,ʾ₃,,,,,
'a,𒀪,𒀪,𒀪,,,,,
'a3,𒂍,𒂍,𒂍,,,,,
'a4,𒄩,𒄩,𒄩,,,,,
'a5,𒉌,𒉌,,,,,,
'e,𒀪,𒀪,𒀪,,,,,
'i,𒀪,𒀪,𒀪,,,,,
'i3,𒄭,𒄭,𒄭,,,,,
'u,𒀪,𒀪,𒀪,,,,,
'u3,𒇆,𒇆,𒇆,,,,,
'u4,𒀀,𒀀,,,,,,
'u5,𒄷,𒄷,,,,,,
'ì,,,𒄭,,,,,
(4),,,𒐉,,,,,
(4×za)×kur,,𒍟,,𒍟,,,,
(ad6),,,𒇿,,,,,
(adamen),,,𒈓,,,,,
(adamen2),,,𒈘,,,,,
(agargara),,,𒉩,,,,,
(agarin),,,𒀌,,,,,
(agarin2),,,𒀎,,,,,
(akar),,,𒉬,,,,,
(am4),,,𒃘,,,,,
(an.naga)@(an.naga),,𒀰,,𒀰,,,,
(arad),,,𒀴,,,,,
(arad2),,,𒀵,,,,,
(asila),,,𒂰,,,,,
(aš),,,𒀸,,,,,
(banlimmu),,,𒀾𒌋,,,,,
(banšur2),,,𒅃,,,,,
(bara5),,,𒇃,,,,,
(bara7),,,𒇋,,,,,
(bara9),,,𒇗,,,,,
(bir6),,,𒊶,,,,,
(bu&bu)×na₂,,𒒈,,𒒈,,,,
(bugin3),,,𒇘,,,,,
(dan3),,,𒃩,,,,,
(dan4),,,𒃋,,,,,
(dinig2),,,𒈋,,,,,
(du14),,,𒈌,,,,,
(e6),,,𒋣,,,,,
(edakua),,,𒂸,,,,,
(edakua2),,,𒆺,,,,,
(elamkuš2),,,𒇖,,,,,
(elamkuš3),,,𒇈,,,,,
(emeda3),,,𒌟,,,,,
(emedub),,,𒃆,,,,,
(emedub2),,,𒃧,,,,,
(emeš),,,𒊩𒇬,,,,,
(enten),,,𒉉,,,,,
(erim4),,,𒃫,,,,,
(eru3),,,𒊟,,,,,
(esag),,,𒀈,,,,,
(ešemin4),,,𒀑,,,,,
(ešgal),,,𒀍,,,,,
(gaburra),,,𒃂,,,,,
(gagirsu),,,𒃐,,,,,
(gahalla),,,𒃓,,,,,
(gahili),,,𒃔,,,,,
(gala4),,,𒆽,,,,,
(gala5),,,𒇏,,,,,
(galilla),,,𒃛,,,,,
(garaš),,,𒃕,,,,,
(gazag),,,𒃜,,,,,
(gigir3),,,𒇕,,,,,
(gišbar),,,𒀣,,,,,
(gud2),,,𒊥,,,,,
(gug5),,,𒈙,,,,,
(gugu2),,,𒂭,,,,,
(gukin),,,𒇐,,,,,
(gumgum),,,𒈞,,,,,
(guru17),,,𒄕,,,,,
(gurun),,,𒄧,,,,,
(habrud2),,,𒆡,,,,,
(halubba),,,𒃑,,,,,
(hibira),,,𒀤,,,,,
(hibis2),,,𒀨,,,,,
(hilibu),,,𒂌,,,,,
(i),,,𒄿,,,,,
(iku),,,𒃷,,,,,
(iku2),,,𒂽,,,,,
(ildag2),,,𒄟,,,,,
(išhuru5),,,𒃗,,,,,
(karadin),,,𒌄,,,,,
(karadin2),,,𒊼,,,,,
(karadin3),,,𒊽,,,,,
(kaskal.lagab×u)&(kaskal.lagab×u),,𒆞,,𒆞,,,,
(ki),,,𒆠,,,,,
(kid7),,,𒅏,,,,,
(kinda),,,𒃱,,,,,
(kisim5),,,𒆨,,,,,
(kunin3),,,𒇁,,,,,
(lahtan),,,𒉴,,,,,
(lidim),,,𒀢,,,,,
(lubun),,,𒂲,,,,,
(lugud3),,,𒈟,,,,,
(me7),,,𒃙,,,,,
(meze),,,𒀙,,,,,
(muh2),,,𒊚,,,,,
(munu3),,,𒃅,,,,,
(mur7),,,𒈱,,,,,
(muš&muš)×ga,,𒔤,,𒔤,,,,
(muš&muš)×kak,,𒔥,,𒔥,,,,
(muššagana),,,𒇚,,,,,
(muššagana2),,,𒇞,,,,,
(nib),,,𒊋,,,,,
(nug2),,,𒋊,,,,,
(nun.lagar×sal)&(nun.lagar×sal),,𒉧,,𒉧,,,,
(sabad),,,𒃪,,,,,
(sabad2),,,𒂿,,,,,
(sabad3),,,𒃖,,,,,
(samag),,,𒌝,,,,,
(samag2),,,𒌠,,,,,
(sidug),,,𒇂,,,,,
(sil6),,,𒂢,,,,,
(sil7),,,𒂣,,,,,
(silig2),,,𒋹,,,,,
(silig3),,,𒋸,,,,,
(silig4),,,𒋵,,,,,
(sur9),,,𒋪,,,,,
(tar),,,𒋻,,,,,
(tibir2),,,𒋷,,,,,
(tibir5),,,𒋵,,,,,
(tidnum),,,𒊎,,,,,
(udub),,,𒇛,,,,,
(ugra),,,𒇨,,,,,
(umun6),,,𒇊,,,,,
(uru10),,,𒊘,,,,,
(usan2),,,𒄝,,,,,
(uzug3),,,𒌑𒊕,,,,,
(uš6),,,𒉥,,,,,
(zi4),,,𒀓,,,,,
(zubud),,,𒄪,,,,,
(zubur),,,𒍭,,,,,
(šakir3),,,𒌼,,,,,
(šaqa2),,,𒋏,,,,,
(še.nun&nun)&(še.nun&nun),,𒌃,,𒌃,,,,
(še.nun&nun)&(še.nun&nun).gad&gad.gar&gar,,𒌄,,𒌄,,,,
(še.nun&nun)&(še.nun&nun).lagab,,𒌃𒆸,,𒌃𒆸,,,,
(še.nun&nun)&(še.nun&nun).lagab.lagab,,𒌃𒆸𒆸,,𒌃𒆸𒆸,,,,
(še.nun&nun)×tak₄,,𒌂,,𒌂,,,,
(šedu3),,,𒀆,,,,,
(šedur),,,𒇤,,,,,
(šeg5),,,𒍋,,,,,
(šembulug),,,𒁒,,,,,
(šembulug3),,,𒋌,,,,,
(šembulug4),,,𒋈,,,,,
(šemešal),,,𒋑,,,,,
(šerimsur),,,𒇜,,,,,
(šita),,,𒋖,,,,,
(šuš5),,,𒇟,,,,,
(šuš6),,,𒇠,,,,,
(šušur),,,𒀼,,,,,
(šušur2),,,𒀽,,,,,
",i2",,,𒐊,,,,,
",tu",,,𒌅,,,,,
...asz,𒈏,𒈏,,,,,,
...aš,𒈏,𒈏,,𒈏,,,,
...ba,𒆠𒇴,,,𒆠𒇴,,,,
...bun,𒇮,,,𒇮,,,,
...e,𒃬,,,𒃬,,,,
...ga,𒆠𒁉𒆕,,,𒆠𒁉𒆕,,,,
...gi,𒃰𒋺𒄑,𒃰𒋺𒄑,,,,,,
...gukin,𒊛,,,𒊛,,,,
...id,𒈀𒇲,𒈀𒇲,,,,,,
...ingara,𒂍𒄑𒌆𒉿𒀭𒊺𒉀,,,𒂍𒄑𒌆𒉿𒀭𒊺𒉀,,,,
...ki,𒀴,,,𒀴,,,,
...la,𒂍𒆠𒋧𒂵,,,𒂍𒆠𒋧𒂵,,,,
...luku,𒅆𒆳,,,𒅆𒆳,,,,
...nunnam...,𒆲,,,𒆲,,,,
...ri,𒉣,,,𒉣,,,,
...rig,𒉨,,,𒉨,,,,
...tallu,𒈍,,,𒈍,,,,
/,𒑰,,𒑰,𒑰,,𒑰,,
/ad/,𒈕,,,𒈕,,,,
/allura/,𒁃,,,𒁃,,,,
/damal/,𒂼,,,𒂼,,,,
/dimer/,𒀭,,,𒀭,,,,
/eneŋ/,𒅗,,,𒅗,,,,
/mal/,𒅅,,,𒅅,,,,
/mutin/,𒃾,,,𒃾,,,,
/nerim/,𒉈𒊒,,,𒉈𒊒,,,,
/szitlam/,𒁶,𒁶,,,,,,
/szumdum/,𒅻,𒅻,,,,,,
/szumun/,𒍤𒆸,𒍤𒆸,,,,,,
/teszlug/,𒈊,𒈊,,,,,,
/tešlug/,𒈊,,,𒈊,,,,
/zeŋ/,𒋧,,,𒋧,,,,
/ŋeresz/,𒀵,𒀵,,,,,,
/ŋereš/,𒀵,,,𒀵,,,,
/šitlam/,𒁶,,,𒁶,,,,
/šumdum/,𒅻,,,𒅻,,,,
/šumun/,𒍤𒆸,,,𒍤𒆸,,,,
01,,𒁹,,𒁹,,,,
010,,𒌋,,𒌋,,,,
0161,,,𒐖 𒐏 𒁹,,,,,
02,,𒈫,,𒈫,,,,
020,,𒌋𒌋,,𒌋𒌋,,,,
03,,𒐈,,𒐈,,,,
030,,𒌍,,𒌍,,,,
04,,𒐉,,𒐉,,,,
040,,𒐏,,𒐏,,,,
05,,𒐊,,𒐊,,,,
050,,𒐐,,𒐐,,,,
06,,𒐋,,𒐋,,,,
060,,𒐕,,𒐕,,,,
07,,𒐌,,𒐌,,,,
070,,𒐕𒌋,,𒐕𒌋,,,,
08,,𒐍,,𒐍,,,,
09,,𒑆,,𒑆,,,,
1,,𒁹,𒁹,𒁹,𒀸。𒁹,,,
1 9,,,𒁹 𒑆,,,,,
1 kug,,,𒁹 𒆬,,,,,
1(asz),𒀸,𒀸,𒀸,,,,,
1(asz@c),𒀸,𒀸,,,,,,
1(asz@t),𒀹,𒀹,,,,,,
1(asz@t@c),𒀹,𒀹,,,,,,
1(aš),𒀸,,,𒀸,,𒀸,,
1(aš@c),𒀸,,,𒀸,,𒀸,,
1(aš@c@90),,,,,,𒁹,,
1(aš@c~a),,,,,,󰀉,,
1(aš@t),𒀹,,,𒀹,,𒀹,,
1(aš@t@c),𒀹,,,𒀹,,𒀹,,
1(aš@v),,,,,,󰀉,,
1(ban2),𒑏,𒑏,𒑏,,,,,
1(ban2@c),𒑏,𒑏,,,,,,
1(ban₂),𒑏,,,𒑏,,𒑏,,
1(ban₂@c),𒑏,,,𒑏,,󰁅,,
1(barig),𒁹,,,𒁹,,𒁹,,
1(barig@c),𒁹,,,𒁹,,𒁹,,
1(barig@v),,,,,,𒑣,,
1(bariga),𒁹,,,𒁹,,𒁹,,
1(bariga)@v,,,,,,𒑣,,
1(bariga@c),𒁹,,,𒁹,,𒁹,,
1(bur'u),𒐴,𒐴,,,,,,
1(bur'u@c),𒐴,𒐴,,,,,,
1(bur3),𒌋,𒌋,𒌋,,,,,
1(bur3@c),𒌋,𒌋,,,,,,
1(burʾu),𒐴,,,𒐴,,𒐴,,
1(burʾu@c),𒐴,,,𒐴,,𒐴,,
1(bur₃),𒌋,,,𒌋,,𒌋,,
1(bur₃)~a,,,,,,󰀒,,
1(bur₃@c),𒌋,,,𒌋,,󰀒,,
1(bur₃@v),,,,,,󰀒,,
1(disz),𒁹,𒁹,𒁹,,,,,
1(disz@c),𒁹,𒁹,,,,,,
1(diš),𒁹,,,𒁹,,𒁹,,
1(diš@c),𒁹,,,𒁹,,𒁹,,
1(diš@t),,,,,,𒀹,,
1(esze3),𒑘,𒑘,,,,,,
1(esze3@c),𒑘,𒑘,,,,,,
1(eše@c),,,,,,𒌍,,
1(eše₃),𒑘,,,𒑘,,𒑘,,
1(eše₃@c),𒑘,,,𒑘,,𒑘,,
1(gesz'u),𒐞,𒐞,,,,,,
1(gesz'u@c),𒐞,𒐞,,,,,,
1(gesz2),𒐕,𒐕,𒐕,,,,,
1(gesz2@c),𒐕,𒐕,,,,,,
1(geszu),𒐞,𒐞,,,,,,
1(geszu@c),𒐞,𒐞,,,,,,
1(geš2),,,𒐕,,,,,
1(gešmin@c),,,,,,None,,
1(gešminʾu@c),,,,,,None,,
1(gešu),𒐞,,,𒐞,,𒐞,,
1(gešu@c),𒐞,,,𒐞,,𒐞,,
1(gešʾu),𒐞,,,𒐞,,𒐞,,
1(gešʾu@c),𒐞,,,𒐞,,𒐞,,
1(gešʾu@v),,,,,,󰀫,,
1(geš₂),𒐕,,,𒐕,,𒐕,,
1(geš₂@c),𒐕,,,𒐕,,𒐕,,
1(geš₂@c@90),,,,,,󰀜,,
1(geš₂@t),,,,,,󰀟,,
1(iku),𒀸,𒀸,,,,𒀸,,
1(iku@c),,,,,,𒀸。𒃷,,
1(iku@t),,,,,,None。𒀹,,
1(szar'u),𒐬,𒐬,,,,,,
1(szar'u@c),𒐬,𒐬,,,,,,
1(szar2),𒊹,𒊹,,,,,,
1(szar2@c),𒊹,𒊹,,,,,,
1(szargal),𒊹,𒊹,,,,,,
1(szargal@c),𒊹,𒊹,,,,,,
1(szaru),𒐬,𒐬,,,,,,
1(szaru@c),𒐬,𒐬,,,,,,
1(szu),𒋗,𒋗,,,,,,
1(szu@c),𒋗,𒋗,,,,,,
1(u),𒌋,,𒌋,𒌋,,𒌋,,
1(u@c),𒌋,,,𒌋,,󰀒,,
1(ŋešmin@c),,,,,,None,,
1(ŋešminʾu@c),,,,,,None,,
1(ŋešʾu),,,,,,𒐞,,
1(ŋešʾu@c),,,,,,𒐞,,
1(ŋešʾu@v),,,,,,󰀫,,
1(ŋeš₂),,,,,,𒐕,,
1(ŋeš₂@c),,,,,,𒐕,,
1(ŋeš₂@c@90),,,,,,󰀜,,
1(ŋeš₂@t),,,,,,󰀟,,
1(šargal),𒊹,,,𒊹,,𒊹,,
1(šargal@c),𒊹,,,𒊹,,𒊹,,
1(šargal~a),,,,,,𒄱,,
1(šaru),𒐬,,,𒐬,,𒐬,,
1(šaru@c),𒐬,,,𒐬,,𒐬,,
1(šaru@v),,,,,,󰀵,,
1(šaru@v@c),,,,,,󰀳,,
1(šarugal@c),,,,,,𒐬,,
1(šaruʾgal@c),,,,,,𒐬,,
1(šarʾu),𒐬,,,𒐬,,𒐬,,
1(šarʾu@c),𒐬,,,𒐬,,𒐬,,
1(šarʾu@v),,,,,,󰀵。󰁄,,
1(šarʾu@v@c),,,,,,󰀳,,
1(šar₂),𒊹,,,𒊹,,𒊹,,
1(šar₂@c),𒊹,,,𒊹,,𒊹,,
1(šar₂@c@v),,,,,,𒊹,,
1(šu),𒋗,,,𒋗,,𒋗,,
1(šu@c),𒋗,,,𒋗,,𒋗,,
1/2,,𒈦,𒈦,𒈦,,,,
1/2(aš),,,,,,𒑏,,
1/2(aš@c),,,,,,󰁅,,
1/2(aš@c@90),,,,,,𒁹,,
1/2(aš@t),,,,,,󰁅,,
1/2(ban₂),,,,,,𒈦,,
1/2(barig@c),,,,,,None,,
1/2(bariga@c),,,,,,None,,
1/2(disz),𒈦,𒈦,𒈦,,,,,
1/2(disz@c),𒈦,𒈦,,,,,,
1/2(diš),𒈦,,,𒈦,,𒈦,,
1/2(diš)@v,,,,,,𒁇,,
1/2(diš@c),𒈦,,,𒈦,,󰁅,,
1/2(diš@t),,,,,,󰁅,,
1/2(diš@t)~a,,,,,,󰁁,,
1/2(iku),𒀹,,,𒀹,,𒀹,,
1/2(iku@c),,,,,,𒁹,,
1/2(iku@c@v),,,,,,None,,
1/2(iku@t),,,,,,𒑣,,
1/3,,𒑚,𒑚,𒑚,𒑚,,,
1/3(aš),,,,,,𒑚,,
1/3(aš@c),,,,,,𒑝,,
1/3(aš@c@90),,,,,,𒑝,,
1/3(aš@c@v),,,,,,𒉜,,
1/3(aš@v),,,,,,𒉜,,
1/3(disz),𒑚,𒑚,𒑚,,,,,
1/3(disz@c),𒑝,𒑝,,,,,,
1/3(diš),𒑚,,,𒑚,,𒑚,,
1/3(diš@c),𒑝,,,𒑝,,𒑝,,
1/3(iku),,,,,,𒑚,,
1/3(|ninda₂×(še.1(aš))|),,,,,,𒉜,,
1/3(|ninda₂×(še.aš)|),,,,,,𒉜,,
1/36,,,,,𒋢,,,
1/3600,,,,,𒁹,,,
1/4,𒑢,,𒑢,𒑢,𒑢,,,
1/4(aš@c),,,,,,𒑠,,
1/4(aš@c)~a,,,,,,None,,
1/4(diš@c),,,,,,󰁅,,
1/4(iku),𒑠,,,𒑠,,𒑠,,
1/4(iku@c),,,,,,𒑠,,
1/4(iku@c@v),,,,,,𒑠,,
1/4(iku@t),,,,,,󰀕,,
1/6,𒑡,,,𒑡,𒂠。𒆪。𒋙。𒌆。𒐋。𒑡,,,
1/6(diš)@v,,,,,,𒑣,,
1/60,,,,,𒁹,,,
1/8,𒑟,,,𒑟,,,,
1/8(iku),,,,,,𒑟,,
1/8(iku@c),,,,,,𒑟,,
1/8(iku@c@v),,,,,,𒑟,,
10,,𒌋,𒌋,𒌋,𒌋,,,
10 1,,,𒌋 𒁹,,,,,
10 1:30,,,𒌋 𒁹 𒌍,,,,,
10 i,,,𒌋 𒄿,,,,,
10(bur₃@c),,,,,,󰀓,,
10/3600,,,,,𒌋,,,
10/60,,,,,𒌋,,,
100,,𒐕𒐏,𒐕 𒐏,𒐕𒐏,𒈨,,,
1000,,𒐞𒐚𒐏,𒐞 𒐚 𒐏,𒐞𒐚𒐏,𒅆,,,
1001,,,𒐞 𒐚 𒐏 𒁹,,,,,
1002,,,𒐞 𒐚 𒐏 𒈫,,,,,
1003,,,𒐞 𒐚 𒐏 𒐈,,,,,
1004,,,𒐞 𒐚 𒐏 𒐉,,,,,
1005,,,𒐞 𒐚 𒐏 𒐊,,,,,
1006,,,𒐞 𒐚 𒐏 𒐋,,,,,
1007,,,𒐞 𒐚 𒐏 𒐌,,,,,
1008,,,𒐞 𒐚 𒐏 𒐍,,,,,
1009,,,𒐞 𒐚 𒐏 𒑆,,,,,
101,,,𒐕 𒐏 𒁹,,,,,
1010,,,𒐞 𒐚 𒐐,,,,,
1011,,,𒐞 𒐚 𒐐 𒁹,,,,,
1012,,,𒐞 𒐚 𒐐 𒈫,,,,,
1013,,,𒐞 𒐚 𒐐 𒐈,,,,,
1014,,,𒐞 𒐚 𒐐 𒐉,,,,,
1015,,,𒐞 𒐚 𒐐 𒐊,,,,,
1016,,,𒐞 𒐚 𒐐 𒐋,,,,,
1017,,,𒐞 𒐚 𒐐 𒐌,,,,,
1018,,,𒐞 𒐚 𒐐 𒐍,,,,,
1019,,,𒐞 𒐚 𒐐 𒑆,,,,,
102,,𒐕𒐏𒈫,𒐕 𒐏 𒈫,𒐕𒐏𒈫,,,,
1020,,,𒐞 𒐛,,,,,
1021,,,𒐞 𒐛 𒁹,,,,,
1022,,,𒐞 𒐛 𒈫,,,,,
1023,,,𒐞 𒐛 𒐈,,,,,
1024,,,𒐞 𒐛 𒐉,,,,,
1025,,,𒐞 𒐛 𒐊,,,,,
1026,,,𒐞 𒐛 𒐋,,,,,
1027,,,𒐞 𒐛 𒐌,,,,,
1028,,,𒐞 𒐛 𒐍,,,,,
1029,,,𒐞 𒐛 𒑆,,,,,
103,,,𒐕 𒐏 𒐈,,,,,
1030,,,𒐞 𒐛 𒌋,,,,,
1031,,,𒐞 𒐛 𒌋 𒁹,,,,,
1032,,,𒐞 𒐛 𒌋 𒈫,,,,,
1033,,,𒐞 𒐛 𒌋 𒐈,,,,,
1034,,,𒐞 𒐛 𒌋 𒐉,,,,,
1035,,,𒐞 𒐛 𒌋 𒐊,,,,,
1036,,,𒐞 𒐛 𒌋 𒐋,,,,,
1037,,,𒐞 𒐛 𒌋 𒐌,,,,,
1038,,,𒐞 𒐛 𒌋 𒐍,,,,,
1039,,,𒐞 𒐛 𒌋 𒑆,,,,,
104,,𒐕𒐏𒐉,𒐕 𒐏 𒐉,𒐕𒐏𒐉,,,,
1040,,,𒐞 𒐛 𒌋𒌋,,,,,
1041,,,𒐞 𒐛 𒌋𒌋 𒁹,,,,,
1042,,,𒐞 𒐛 𒌋𒌋 𒈫,,,,,
1043,,,𒐞 𒐛 𒌋𒌋 𒐈,,,,,
1044,,,𒐞 𒐛 𒌋𒌋 𒐉,,,,,
1045,,,𒐞 𒐛 𒌋𒌋 𒐊,,,,,
1046,,,𒐞 𒐛 𒌋𒌋 𒐋,,,,,
1047,,,𒐞 𒐛 𒌋𒌋 𒐌,,,,,
1048,,,𒐞 𒐛 𒌋𒌋 𒐍,,,,,
1049,,,𒐞 𒐛 𒌋𒌋 𒑆,,,,,
105,,,𒐕 𒐏 𒐊,,,,,
1050,,,𒐞 𒐛 𒌍,,,,,
1051,,,𒐞 𒐛 𒌍 𒁹,,,,,
1052,,,𒐞 𒐛 𒌍 𒈫,,,,,
1053,,,𒐞 𒐛 𒌍 𒐈,,,,,
1054,,,𒐞 𒐛 𒌍 𒐉,,,,,
1055,,,𒐞 𒐛 𒌍 𒐊,,,,,
1056,,,𒐞 𒐛 𒌍 𒐋,,,,,
1057,,,𒐞 𒐛 𒌍 𒐌,,,,,
1058,,,𒐞 𒐛 𒌍 𒐍,,,,,
1059,,,𒐞 𒐛 𒌍 𒑆,,,,,
106,,,𒐕 𒐏 𒐋,,,,,
1060,,,𒐞 𒐛 𒐏,,,,,
1061,,,𒐞 𒐛 𒐏 𒁹,,,,,
1062,,,𒐞 𒐛 𒐏 𒈫,,,,,
1063,,,𒐞 𒐛 𒐏 𒐈,,,,,
1064,,,𒐞 𒐛 𒐏 𒐉,,,,,
1065,,,𒐞 𒐛 𒐏 𒐊,,,,,
1066,,,𒐞 𒐛 𒐏 𒐋,,,,,
1067,,,𒐞 𒐛 𒐏 𒐌,,,,,
1068,,,𒐞 𒐛 𒐏 𒐍,,,,,
1069,,,𒐞 𒐛 𒐏 𒑆,,,,,
107,,,𒐕 𒐏 𒐌,,,,,
1070,,,𒐞 𒐛 𒐐,,,,,
1071,,,𒐞 𒐛 𒐐 𒁹,,,,,
1072,,,𒐞 𒐛 𒐐 𒈫,,,,,
1073,,,𒐞 𒐛 𒐐 𒐈,,,,,
1074,,,𒐞 𒐛 𒐐 𒐉,,,,,
1075,,,𒐞 𒐛 𒐐 𒐊,,,,,
1076,,,𒐞 𒐛 𒐐 𒐋,,,,,
1077,,,𒐞 𒐛 𒐐 𒐌,,,,,
1078,,,𒐞 𒐛 𒐐 𒐍,,,,,
1079,,,𒐞 𒐛 𒐐 𒑆,,,,,
108,,,𒐕 𒐏 𒐍,,,,,
1080,,,𒐞 𒐜,,,,,
108000,,,𒐮,,,,,
1081,,,𒐞 𒐜 𒁹,,,,,
1082,,,𒐞 𒐜 𒈫,,,,,
1083,,,𒐞 𒐜 𒐈,,,,,
1084,,,𒐞 𒐜 𒐉,,,,,
1085,,,𒐞 𒐜 𒐊,,,,,
1086,,,𒐞 𒐜 𒐋,,,,,
1087,,,𒐞 𒐜 𒐌,,,,,
1088,,,𒐞 𒐜 𒐍,,,,,
1089,,,𒐞 𒐜 𒑆,,,,,
109,,,𒐕 𒐏 𒑆,,,,,
1090,,,𒐞 𒐜 𒌋,,,,,
1091,,,𒐞 𒐜 𒌋 𒁹,,,,,
1092,,,𒐞 𒐜 𒌋 𒈫,,,,,
1093,,,𒐞 𒐜 𒌋 𒐈,,,,,
1094,,,𒐞 𒐜 𒌋 𒐉,,,,,
1095,,,𒐞 𒐜 𒌋 𒐊,,,,,
1096,,,𒐞 𒐜 𒌋 𒐋,,,,,
1097,,,𒐞 𒐜 𒌋 𒐌,,,,,
1098,,,𒐞 𒐜 𒌋 𒐍,,,,,
1099,,,𒐞 𒐜 𒌋 𒑆,,,,,
11,,𒌋𒁹,𒌋 𒁹,𒌋𒁹,,,,
11 1,,,𒌋 𒁹 𒁹,,,,,
110,,,𒐕 𒐐,,,,,
1100,,,𒐞 𒐜 𒌋𒌋,,,,,
1101,,,𒐞 𒐜 𒌋𒌋 𒁹,,,,,
1102,,,𒐞 𒐜 𒌋𒌋 𒈫,,,,,
1103,,,𒐞 𒐜 𒌋𒌋 𒐈,,,,,
1104,,,𒐞 𒐜 𒌋𒌋 𒐉,,,,,
1105,,,𒐞 𒐜 𒌋𒌋 𒐊,,,,,
1106,,,𒐞 𒐜 𒌋𒌋 𒐋,,,,,
1107,,,𒐞 𒐜 𒌋𒌋 𒐌,,,,,
1108,,,𒐞 𒐜 𒌋𒌋 𒐍,,,,,
1109,,,𒐞 𒐜 𒌋𒌋 𒑆,,,,,
111,,,𒐕 𒐐 𒁹,,,,,
1110,,,𒐞 𒐜 𒌍,,,,,
1111,,,𒐞 𒐜 𒌍 𒁹,,,,,
1112,,,𒐞 𒐜 𒌍 𒈫,,,,,
1113,,,𒐞 𒐜 𒌍 𒐈,,,,,
1114,,,𒐞 𒐜 𒌍 𒐉,,,,,
1115,,,𒐞 𒐜 𒌍 𒐊,,,,,
1116,,,𒐞 𒐜 𒌍 𒐋,,,,,
1117,,,𒐞 𒐜 𒌍 𒐌,,,,,
1118,,,𒐞 𒐜 𒌍 𒐍,,,,,
1119,,,𒐞 𒐜 𒌍 𒑆,,,,,
112,,,𒐕 𒐐 𒈫,,,,,
1120,,,𒐞 𒐜 𒐏,,,,,
113,,,𒐕 𒐐 𒐈,,,,,
114,,,𒐕 𒐐 𒐉,,,,,
115,,,𒐕 𒐐 𒐊,,,,,
116,,,𒐕 𒐐 𒐋,,,,,
117,,,𒐕 𒐐 𒐌,,,,,
118,,,𒐕 𒐐 𒐍,,,,,
119,,,𒐕 𒐐 𒑆,,,,,
12,,𒌋𒈫,𒌋 𒈫,𒌋𒈫,,,,
12 1,,,𒌋 𒈫 𒁹,,,,,
12 1:48,,,𒌋 𒈫 𒁹 𒐏𒐍,,,,,
120,,,𒐖,,𒈫,,,
1200,,,𒐟,,,,,
12038,,,𒐤 𒐟 𒌍 𒐍,,,,,
121,,,𒐖 𒁹,,,,,
12105,,,𒐤 𒐟 𒐕 𒐏 𒐊,,,,,
122,,,𒐖 𒈫,,,,,
12265,,,𒐤 𒐟 𒐘 𒌋𒌋 𒐊,,,,,
123,,,𒐖 𒐈,,,,,
12306,,,𒐤 𒐟 𒐙 𒐋,,,,,
124,,,𒐖 𒐉,,,,,
125,,,𒐖 𒐊,,,,,
126,,,𒐖 𒐋,,,,,
127,,,𒐖 𒐌,,,,,
128,,,𒐖 𒐍,,,,,
129,,,𒐖 𒑆,,,,,
13,,𒌋𒐈,𒌋 𒐈,𒌋𒐈,,,,
13 1,,,𒌋 𒐈 𒁹,,,,,
13 1:57,,,𒌋 𒐈 𒁹 𒐐𒐌,,,,,
130,,,𒐖 𒌋,,,,,
131,,,𒐖 𒌋 𒁹,,,,,
132,,,𒐖 𒌋 𒈫,,,,,
133,,,𒐖 𒌋 𒐈,,,,,
134,,,𒐖 𒌋 𒐉,,,,,
135,,,𒐖 𒌋 𒐊,,,,,
136,,,𒐖 𒌋 𒐋,,,,,
137,,,𒐖 𒌋 𒐌,,,,,
138,,,𒐖 𒌋 𒐍,,,,,
139,,,𒐖 𒌋 𒑆,,,,,
14,,𒌋𒐉,𒌋 𒐉,𒌋𒐉,,,,
140,,,𒐖 𒌋𒌋,,,,,
141,,,𒐖 𒌋𒌋 𒁹,,,,,
142,,,𒐖 𒌋𒌋 𒈫,,,,,
143,,,𒐖 𒌋𒌋 𒐈,,,,,
144,,,𒐖 𒌋𒌋 𒐉,,,,,
145,,,𒐖 𒌋𒌋 𒐊,,,,,
146,,,𒐖 𒌋𒌋 𒐋,,,,,
147,,,𒐖 𒌋𒌋 𒐌,,,,,
148,,,𒐖 𒌋𒌋 𒐍,,,,,
149,,,𒐖 𒌋𒌋 𒑆,,,,,
15,,𒌋𒐊,𒌋 𒐊,𒌋𒐊,𒌋𒐊,,,
150,,𒐖𒌍,𒐖 𒌍,𒐖𒌍,𒈫𒌍,,,
151,,,𒐖 𒌍 𒁹,,,,,
152,,,𒐖 𒌍 𒈫,,,,,
153,,,𒐖 𒌍 𒐈,,,,,
154,,,𒐖 𒌍 𒐉,,,,,
155,,,𒐖 𒌍 𒐊,,,,,
156,,,𒐖 𒌍 𒐋,,,,,
157,,,𒐖 𒌍 𒐌,,,,,
158,,,𒐖 𒌍 𒐍,,,,,
159,,,𒐖 𒌍 𒑆,,,,,
16,,𒌋𒐋,𒌋 𒐋,𒌋𒐋,,,,
160,,,𒐖 𒐏,,,,,
161,,,𒐖 𒐏 𒁹,,,,,
162,,,𒐖 𒐏 𒈫,,,,,
163,,,𒐖 𒐏 𒐈,,,,,
164,,,𒐖 𒐏 𒐉,,,,,
165,,,𒐖 𒐏 𒐊,,,,,
166,,,𒐖 𒐏 𒐋,,,,,
167,,,𒐖 𒐏 𒐌,,,,,
168,,,𒐖 𒐏 𒐍,,,,,
169,,,𒐖 𒐏 𒑆,,,,,
17,,𒌋𒐌,𒌋 𒐌,𒌋𒐌,,,,
170,,,𒐖 𒐐,,,,,
171,,,𒐖 𒐐 𒁹,,,,,
172,,,𒐖 𒐐 𒈫,,,,,
173,,,𒐖 𒐐 𒐈,,,,,
174,,,𒐖 𒐐 𒐉,,,,,
175,,,𒐖 𒐐 𒐊,,,,,
176,,,𒐖 𒐐 𒐋,,,,,
177,,,𒐖 𒐐 𒐌,,,,,
178,,,𒐖 𒐐 𒐍,,,,,
179,,,𒐖 𒐐 𒑆,,,,,
18,,𒌋𒐍,𒌋 𒐍,𒌋𒐍,,,,
180,,,𒐗,,,,,
1800,,,𒐠,,,,,
181,,,𒐗 𒁹,,,,,
182,,,𒐗 𒈫,,,,,
183,,,𒐗 𒐈,,,,,
184,,,𒐗 𒐉,,,,,
185,,,𒐗 𒐊,,,,,
186,,,𒐗 𒐋,,,,,
18600,,,𒐧 𒐞,,,,,
187,,,𒐗 𒐌,,,,,
188,,,𒐗 𒐍,,,,,
189,,,𒐗 𒑆,,,,,
19,,𒌋𒑆,𒌋 𒑆,𒌋𒑆,,,,
190,,,𒐗 𒌋,,,,,
191,,,𒐗 𒌋 𒁹,,,,,
192,,,𒐗 𒌋 𒈫,,,,,
193,,,𒐗 𒌋 𒐈,,,,,
194,,,𒐗 𒌋 𒐉,,,,,
195,,,𒐗 𒌋 𒐊,,,,,
196,,,𒐗 𒌋 𒐋,,,,,
197,,,𒐗 𒌋 𒐌,,,,,
198,,,𒐗 𒌋 𒐍,,,,,
199,,,𒐗 𒌋 𒑆,,,,,
2,,𒈫,𒈫,𒈫,𒈫。𒈫𒌍。𒐀,,,
2 18,,,𒈫 𒌋 𒐍,,,,,
2 eš,,,𒈫 𒌍,,,,,
2(asz),𒐀,𒐀,,,,,,
2(asz@c),𒐀,𒐀,,,,,,
2(asz@t),𒑊,𒑊,,,,,,
2(asz@t@c),𒑊,𒑊,,,,,,
2(aš),𒐀,,,𒐀,,𒐀,,
2(aš@c),𒐀,,,𒐀,,𒐀,,
2(aš@c@90),,,,,,󰁊,,
2(aš@t),𒑊,,,𒑊,,𒑊,,
2(aš@t@c),𒑊,,,𒑊,,𒑊,,
2(ban2),𒑐,𒑐,𒑐,,,,,
2(ban2@c),𒑐,𒑐,,,,,,
2(ban₂),𒑐,,,𒑐,,𒑐,,
2(ban₂@c),𒑐,,,𒑐,,𒑐,,
2(barig),𒑖,,,𒑖,,𒑖,,
2(barig)~a,,,,,,󰁊,,
2(barig@c),𒑖,,,𒑖,,󰁊,,
2(barig@v),,,,,,𒑤,,
2(bariga),𒑖,,,𒑖,,𒑖,,
2(bariga)@v,,,,,,𒑤,,
2(bariga)~a,,,,,,󰁊,,
2(bariga@c),𒑖,,,𒑖,,󰁊,,
2(bur'u),𒐵,𒐵,,,,,,
2(bur'u@c),𒐵,𒐵,,,,,,
2(bur3),𒌋𒌋,𒌋𒌋,,,,,,
2(bur3@c),𒌋𒌋,𒌋𒌋,,,,,,
2(buru),,𒐵,,𒐵,,,,
2(burʾu),𒐵,,,𒐵,,𒐵,,
2(burʾu@c),𒐵,,,𒐵,,𒐵,,
2(bur₃),𒌋𒌋,,,𒌋𒌋,,𒎙,,
2(bur₃@c),𒌋𒌋,,,𒌋𒌋,,𒑊,,
2(disz),𒈫,𒈫,𒈫,,,,,
2(disz)?,,,𒈫,,,,,
2(disz@c),𒈫,𒈫,,,,,,
2(diš),𒈫,,,𒈫,,𒈫,,
2(diš@c),𒈫,,,𒈫,,󰁊,,
2(diš@t),,,,,,None。𒑊,,
2(diš@t@c),,,,,,None,,
2(esze3),𒑙,𒑙,,,,,,
2(esze3@c),𒑙,𒑙,,,,,,
2(eše3),,,𒑙,,,,,
2(eše₃),𒑙,,,𒑙,,𒑙,,
2(eše₃@c),𒑙,,,𒑙,,𒑙,,
2(gesz'u),𒐟,𒐟,,,,,,
2(gesz'u@c),𒐟,𒐟,,,,,,
2(gesz2),𒐖,𒐖,,,,,,
2(gesz2@c),𒐖,𒐖,,,,,,
2(geszu),𒐟,𒐟,,,,,,
2(geszu@c),𒐟,𒐟,,,,,,
2(gešmin@c),,,,,,None,,
2(gešminʾu@c),,,,,,None,,
2(gešu),𒐟,,,𒐟,,𒐟,,
2(gešu@c),𒐟,,,𒐟,,𒐟,,
2(gešʾu),𒐟,,,𒐟,,𒐟,,
2(gešʾu@c),𒐟,,,𒐟,,𒐟,,
2(gešʾu@v),,,,,,󰀬,,
2(geš₂),𒐖,,,𒐖,,𒐖,,
2(geš₂@c),𒐖,,,𒐖,,𒐖,,
2(geš₂@t),,,,,,󰀠,,
2(iku),𒐀,,,𒐀,,𒐀,,
2(iku@c),,,,,,𒐀,,
2(iku@t),,,,,,None。𒑊,,
2(szar'u),𒐭,𒐭,,,,,,
2(szar'u@c),𒐭,𒐭,,,,,,
2(szar2),𒐣,𒐣,,,,,,
2(szar2@c),𒐣,𒐣,,,,,,
2(szaru),𒐭,𒐭,,,,,,
2(szaru@c),𒐭,𒐭,,,,,,
2(u),𒌋𒌋,,𒌋𒌋,𒌋𒌋,,𒎙,,
2(u@c),𒌋𒌋,,,𒌋𒌋,,𒑊,,
2(ŋešmin@c),,,,,,None,,
2(ŋešminʾu@c),,,,,,None,,
2(ŋešʾu),,,,,,𒐟,,
2(ŋešʾu@c),,,,,,𒐟,,
2(ŋešʾu@v),,,,,,󰀬,,
2(ŋeš₂),,,,,,𒐖,,
2(ŋeš₂@c),,,,,,𒐖,,
2(ŋeš₂@t),,,,,,󰀠,,
2(šargal),,,,,,𒐣,,
2(šargal@c),,,,,,𒐣,,
2(šaru),𒐭,,,𒐭,,𒐭,,
2(šaru)~a,,,,,,󰀽,,
2(šaru@c),𒐭,,,𒐭,,𒐭,,
2(šarʾu),𒐭,,,𒐭,,𒐭,,
2(šarʾu@c),𒐭,,,𒐭,,𒐭,,
2(šarʾu@v),,,,,,󰀶,,
2(šar₂),𒐣,,,𒐣,,𒐣,,
2(šar₂@c),𒐣,,,𒐣,,𒐣,,
2+1/2,,,,,𒈫𒌍,,,
2+30,,,,,𒈫𒌍,,,
2/3,,𒑛,𒑛,𒑛,𒑛,,,
2/3(aš),,,,,,𒑛,,
2/3(aš@c),,,,,,𒑞,,
2/3(aš@c@90),,,,,,𒑞,,
2/3(aš@c@v),,,,,,𒉝,,
2/3(aš@v),,,,,,𒉝,,
2/3(disz),𒑛,𒑛,,,,,,
2/3(disz@c),𒑞,𒑞,,,,,,
2/3(diš),𒑛,,,𒑛,,𒑛,,
2/3(diš)~a,,,,,,󰀖,,
2/3(diš@c),𒑞,,,𒑞,,𒑞,,
2/3(diš@t),,,,,,󰁃,,
2/3(diš@v),,,,,,󰀖,,
2/3(|ninda₂×(še.2(aš))|),,,,,,𒉝,,
2/3(|ninda₂×(še.aš.aš)|),,,,,,𒉝,,
2/4(aš@c),,,,,,󰁊,,
2/60,,,,,𒈫,,,
20,,𒌋𒌋,𒌋𒌋,𒌋𒌋,𒌋𒌋,,,
200,,𒐗𒌋𒌋,𒐗 𒌋𒌋,𒐗𒌋𒌋,,,,
201,,,𒐗 𒌋𒌋 𒁹,,,,,
202,,,𒐗 𒌋𒌋 𒈫,,,,,
2020,,,𒐠 𒐗 𒐏,,,,,
203,,,𒐗 𒌋𒌋 𒐈,,,,,
204,,,𒐗 𒌋𒌋 𒐉,,,,,
205,,,𒐗 𒌋𒌋 𒐊,,,,,
206,,,𒐗 𒌋𒌋 𒐋,,,,,
207,,,𒐗 𒌋𒌋 𒐌,,,,,
208,,,𒐗 𒌋𒌋 𒐍,,,,,
209,,,𒐗 𒌋𒌋 𒑆,,,,,
20;,,,𒌋𒌋,,,,,
21,,𒌋𒌋𒁹,𒌋𒌋 𒁹,𒌋𒌋𒁹,𒌋𒌋𒁹,,,
210,,,𒐗 𒌍,,,,,
21000,,,𒐧 𒐢,,,,,
211,,,𒐗 𒌍 𒁹,,,,,
212,,,𒐗 𒌍 𒈫,,,,,
213,,,𒐗 𒌍 𒐈,,,,,
214,,,𒐗 𒌍 𒐉,,,,,
215,,,𒐗 𒌍 𒐊,,,,,
216,,,𒐗 𒌍 𒐋,,,,,
21600,,,𒐨,,,,,
217,,,𒐗 𒌍 𒐌,,,,,
218,,,𒐗 𒌍 𒐍,,,,,
219,,,𒐗 𒌍 𒑆,,,,,
22,,𒌋𒌋𒈫,𒌋𒌋 𒈫,𒌋𒌋𒈫,,,,
220,,,𒐗 𒐏,,,,,
221,,,𒐗 𒐏 𒁹,,,,,
222,,,𒐗 𒐏 𒈫,,,,,
223,,,𒐗 𒐏 𒐈,,,,,
224,,,𒐗 𒐏 𒐉,,,,,
225,,,𒐗 𒐏 𒐊,,,,,
226,,,𒐗 𒐏 𒐋,,,,,
227,,,𒐗 𒐏 𒐌,,,,,
228,,,𒐗 𒐏 𒐍,,,,,
229,,,𒐗 𒐏 𒑆,,,,,
23,,𒌋𒌋𒐈,𒌋𒌋 𒐈,𒌋𒌋𒐈,,,,
230,,,𒐗 𒐐,,,,,
230/60,,,,,𒈫𒌍,,,
231,,,𒐗 𒐐 𒁹,,,,,
232,,,𒐗 𒐐 𒈫,,,,,
233,,,𒐗 𒐐 𒐈,,,,,
234,,,𒐗 𒐐 𒐉,,,,,
235,,,𒐗 𒐐 𒐊,,,,,
236,,,𒐗 𒐐 𒐋,,,,,
237,,,𒐗 𒐐 𒐌,,,,,
238,,,𒐗 𒐐 𒐍,,,,,
239,,,𒐗 𒐐 𒑆,,,,,
24,,𒌋𒌋𒐉,𒌋𒌋 𒐉,𒌋𒌋𒐉,,,,
240,,,𒐘,,,,,
241,,,𒐘 𒁹,,,,,
241200,,,𒊹 𒃲 𒐩,,,,,
242,,,𒐘 𒈫,,,,,
243,,,𒐘 𒐈,,,,,
244,,,𒐘 𒐉,,,,,
245,,,𒐘 𒐊,,,,,
246,,,𒐘 𒐋,,,,,
247,,,𒐘 𒐌,,,,,
248,,,𒐘 𒐍,,,,,
249,,,𒐘 𒑆,,,,,
25,,𒌋𒌋𒐊,𒌋𒌋 𒐊,𒌋𒌋𒐊,,,,
250,,,𒐘 𒌋,,,,,
251,,,𒐘 𒌋 𒁹,,,,,
252,,,𒐘 𒌋 𒈫,,,,,
253,,,𒐘 𒌋 𒐈,,,,,
254,,,𒐘 𒌋 𒐉,,,,,
255,,,𒐘 𒌋 𒐊,,,,,
256,,,𒐘 𒌋 𒐋,,,,,
257,,,𒐘 𒌋 𒐌,,,,,
258,,,𒐘 𒌋 𒐍,,,,,
259,,,𒐘 𒌋 𒑆,,,,,
26,,𒌋𒌋𒐋,𒌋𒌋 𒐋,𒌋𒌋𒐋,,,,
260,,,𒐘 𒌋𒌋,,,,,
261,,,𒐘 𒌋𒌋 𒁹,,,,,
262,,,𒐘 𒌋𒌋 𒈫,,,,,
263,,,𒐘 𒌋𒌋 𒐈,,,,,
264,,,𒐘 𒌋𒌋 𒐉,,,,,
265,,,𒐘 𒌋𒌋 𒐊,,,,,
266,,,𒐘 𒌋𒌋 𒐋,,,,,
267,,,𒐘 𒌋𒌋 𒐌,,,,,
268,,,𒐘 𒌋𒌋 𒐍,,,,,
269,,,𒐘 𒌋𒌋 𒑆,,,,,
27,,𒌋𒌋𒐌,𒌋𒌋 𒐌,𒌋𒌋𒐌,,,,
270,,,𒐘 𒌍,,,,,
271,,,𒐘 𒌍 𒁹,,,,,
272,,,𒐘 𒌍 𒈫,,,,,
273,,,𒐘 𒌍 𒐈,,,,,
274,,,𒐘 𒌍 𒐉,,,,,
275,,,𒐘 𒌍 𒐊,,,,,
276,,,𒐘 𒌍 𒐋,,,,,
277,,,𒐘 𒌍 𒐌,,,,,
278,,,𒐘 𒌍 𒐍,,,,,
279,,,𒐘 𒌍 𒑆,,,,,
28,,𒌋𒌋𒐍,𒌋𒌋 𒐍,𒌋𒌋𒐍,,,,
280,,,𒐘 𒐏,,,,,
281,,,𒐘 𒐏 𒁹,,,,,
282,,,𒐘 𒐏 𒈫,,,,,
283,,,𒐘 𒐏 𒐈,,,,,
284,,,𒐘 𒐏 𒐉,,,,,
285,,,𒐘 𒐏 𒐊,,,,,
286,,,𒐘 𒐏 𒐋,,,,,
287,,,𒐘 𒐏 𒐌,,,,,
288,,,𒐘 𒐏 𒐍,,,,,
28800,,,𒐪,,,,,
289,,,𒐘 𒐏 𒑆,,,,,
29,,𒌋𒌋𒑆,𒌋𒌋 𒑆,𒌋𒌋𒑆,,,,
290,,,𒐘 𒐐,,,,,
291,,,𒐘 𒐐 𒁹,,,,,
292,,,𒐘 𒐐 𒈫,,,,,
293,,,𒐘 𒐐 𒐈,,,,,
294,,,𒐘 𒐐 𒐉,,,,,
295,,,𒐘 𒐐 𒐊,,,,,
296,,,𒐘 𒐐 𒐋,,,,,
297,,,𒐘 𒐐 𒐌,,,,,
298,,,𒐘 𒐐 𒐍,,,,,
299,,,𒐘 𒐐 𒑆,,,,,
2pi,,,,,𒑖,,,
3,,𒑑,𒐈,𒑑,𒐁。𒐈。𒐻。𒑋,,,
3 27,,,𒐈 𒌋𒌋 𒐌,,,,,
3 ki,,,𒐈 𒆠,,,,,
3(asz),𒐁,𒐁,𒐁,,,,,
3(asz)@v,𒐻,𒐻,,,,,,
3(asz@c),𒐁,𒐁,,,,,,
3(asz@c)@v,𒐻,𒐻,,,,,,
3(asz@t),𒑋,𒑋,,,,,,
3(asz@t@c),𒑋,𒑋,,,,,,
3(asz@v),𒐺,𒐺,,,,,,
3(asz@v@c),𒐺,𒐺,,,,,,
3(aš),𒐁,,𒐁,𒐁,,𒐁,,
3(aš)@v,𒐻,,,𒐻,,𒐻,,
3(aš@c),𒐁,,,𒐁,,𒐁,,
3(aš@c)@v,𒐻,,,𒐻,,𒐻,,
3(aš@c@90),,,,,,󰁋,,
3(aš@t),𒑋,,,𒑋,,𒑋,,
3(aš@t@c),𒑋,,,𒑋,,𒑋,,
3(aš@v),𒐺,,,𒐺,,𒀼,,
3(aš@v@c),𒐺,,,𒐺,,𒀼,,
3(aš~a),,𒐺,,𒐺,,𒀼,,
3(aš~b),,𒐻,,𒐻,,,,
3(ban2),𒑑,𒑑,,,,,,
3(ban2@c),𒑑,𒑑,,,,,,
3(ban₂),𒑑,,,𒑑,,𒑑,,
3(ban₂@c),𒑑,,,𒑑,,𒑑,,
3(ban₂@c)@v,,,,,,𒑑,,
3(barig),𒑗,,𒑗,𒑗,,𒑗,,
3(barig)~a,,,,,,󰁋,,
3(barig@c),𒑗,,,𒑗,,󰁋,,
3(barig@c)~a,,,,,,󰁉,,
3(barig@v),,,,,,𒑤𒑣,,
3(bariga),𒑗,,,𒑗,,𒑗,,
3(bariga)@v,,,,,,𒑤𒑣,,
3(bariga)~a,,,,,,󰁋,,
3(bariga@c),𒑗,,,𒑗,,󰁋,,
3(bariga@c)~a,,,,,,󰁉,,
3(bur'u),𒐶,𒐶,,,,,,
3(bur'u)@v,𒐷,𒐷,,,,,,
3(bur'u@c),𒐶,𒐶,,,,,,
3(bur'u@c)@v,𒐷,𒐷,,,,,,
3(bur3),𒌍,𒌍,,,,,,
3(bur3@c),𒌍,𒌍,,,,,,
3(buru),,𒐶,,𒐶,,,,
3(buru@v),,𒐷,,𒐷,,,,
3(burʾu),𒐶,,,𒐶,,𒐶,,
3(burʾu)@v,𒐷,,,𒐷,,𒐷,,
3(burʾu@c),𒐶,,,𒐶,,𒐶,,
3(burʾu@c)@v,𒐷,,,𒐷,,󰀔,,
3(bur₃),𒌍,,,𒌍,,𒌍,,
3(bur₃@c),𒌍,,,𒌍,,𒌍,,
3(disz),𒐈,𒐈,𒐈,,,,,
3(disz)_,,,𒐈,,,,,
3(disz@c),𒐈,𒐈,,,,,,
3(diš),𒐈,,𒐈,𒐈,,𒐈,,
3(diš)~a,,,,,,󰁂,,
3(diš@c),𒐈,,,𒐈,,󰁋,,
3(diš@c)@v,,,,,,𒐈,,
3(diš@c)~a,,,,,,󰁉,,
3(diš@t),,,,,,None。𒑋,,
3(diš@t@c),,,,,,None,,
3(eše₃),,,,,,󰀘,,
3(eše₃@c),,,,,,None,,
3(gesz'u),𒐠,𒐠,𒐠,,,,,
3(gesz'u@c),𒐠,𒐠,,,,,,
3(gesz2),𒐗,𒐗,,,,,,
3(gesz2@c),𒐗,𒐗,,,,,,
3(geszu),𒐠,𒐠,,,,,,
3(geszu@c),𒐠,𒐠,,,,,,
3(gešmin@c),,,,,,None,,
3(gešminʾu@c),,,,,,None,,
3(gešu),𒐠,,,𒐠,,𒐠,,
3(gešu@c),𒐠,,,𒐠,,𒐠,,
3(gešu@c)@v,,,,,,󰀧,,
3(gešʾu),𒐠,,,𒐠,,𒐠,,
3(gešʾu@c),𒐠,,,𒐠,,𒐠,,
3(gešʾu@c)@v,,,,,,󰀧,,
3(gešʾu@v),,,,,,󰀭,,
3(geš₂),𒐗,,,𒐗,,𒐗,,
3(geš₂@c),𒐗,,,𒐗,,𒐗,,
3(geš₂@c)@v,,,,,,󰀚,,
3(geš₂@c@90),,,,,,󰀝,,
3(geš₂@t),,,,,,󰀡,,
3(iku),𒐁,,,𒐁,,𒐁,,
3(iku)@v,𒐻,,,𒐻,,𒐻,,
3(iku@c),,,,,,𒐁,,
3(iku@t),,,,,,None。𒑋,,
3(szar'u),𒐮,𒐮,,,,,,
3(szar'u)@v,𒐯,𒐯,,,,,,
3(szar'u@c),𒐮,𒐮,,,,,,
3(szar'u@c)@v,𒐯,𒐯,,,,,,
3(szar2),𒐤,𒐤,,,,,,
3(szar2)@v,𒐥,𒐥,,,,,,
3(szar2@c),𒐤,𒐤,,,,,,
3(szar2@c)@v,𒐥,𒐥,,,,,,
3(szaru),𒐮,𒐮,,,,,,
3(szaru)@v,𒐯,𒐯,,,,,,
3(szaru@c),𒐮,𒐮,,,,,,
3(szaru@c)@v,𒐯,𒐯,,,,,,
3(u),𒌍,,𒌍,𒌍,,𒌍,,
3(u@c),𒌍,,,𒌍,,𒌍,,
3(u@c)@v,,,,,,󰀻,,
3(ŋešmin@c),,,,,,None,,
3(ŋešminʾu@c),,,,,,None,,
3(ŋešʾu),,,,,,𒐠,,
3(ŋešʾu@c),,,,,,𒐠,,
3(ŋešʾu@c)@v,,,,,,󰀧,,
3(ŋešʾu@v),,,,,,󰀭,,
3(ŋeš₂),,,,,,𒐗,,
3(ŋeš₂@c),,,,,,𒐗,,
3(ŋeš₂@c)@v,,,,,,󰀚,,
3(ŋeš₂@t),,,,,,󰀡,,
3(šargal),,,,,,𒐤,,
3(šargal@c),,,,,,𒐤,,
3(šargal@c)@v,,,,,,󰀲,,
3(šaru),𒐮,,,𒐮,,𒐮,,
3(šaru)@v,𒐯,,,𒐯,,𒐯,,
3(šaru)~a,,,,,,󰀾,,
3(šaru@c),𒐮,,,𒐮,,𒐮,,
3(šaru@c)@v,𒐯,,,𒐯,,󰀴,,
3(šaru@v),,𒐯,,𒐯,,󰀷,,
3(šarʾu),𒐮,,,𒐮,,𒐮,,
3(šarʾu)@v,𒐯,,,𒐯,,𒐯,,
3(šarʾu@c),𒐮,,,𒐮,,𒐮,,
3(šarʾu@c)@v,𒐯,,,𒐯,,󰀴,,
3(šarʾu@v),,,,,,󰀷,,
3(šar₂),𒐤,,,𒐤,,𒐤,,
3(šar₂)@v,𒐥,,,𒐥,,𒐥,,
3(šar₂@c),𒐤,,,𒐤,,𒐤,,
3(šar₂@c)@v,𒐥,,,𒐥,,󰀲,,
3/4(aš@c),,,,,,󰁋,,
3/4(iku),,,,,,𒍻,,
30,,𒌍,𒌍,𒌍,𒈫𒌍。𒌍,,,
300,,𒐙,𒐙,𒐙,𒐊,,,
301,,,𒐙 𒁹,,,,,
302,,,𒐙 𒈫,,,,,
303,,,𒐙 𒐈,,,,,
304,,,𒐙 𒐉,,,,,
305,,,𒐙 𒐊,,,,,
306,,,𒐙 𒐋,,,,,
307,,,𒐙 𒐌,,,,,
308,,,𒐙 𒐍,,,,,
309,,,𒐙 𒑆,,,,,
31,,𒌍𒁹,𒌍 𒁹,𒌍𒁹,,,,
310,,,𒐙 𒌋,,,,,
311,,,𒐙 𒌋 𒁹,,,,,
312,,,𒐙 𒌋 𒈫,,,,,
313,,,𒐙 𒌋 𒐈,,,,,
314,,,𒐙 𒌋 𒐉,,,,,
315,,,𒐙 𒌋 𒐊,,,,,
316,,,𒐙 𒌋 𒐋,,,,,
317,,,𒐙 𒌋 𒐌,,,,,
318,,,𒐙 𒌋 𒐍,,,,,
319,,,𒐙 𒌋 𒑆,,,,,
32,,𒌍𒈫,𒌍 𒈫,𒌍𒈫,,,,
320,,,𒐙 𒌋𒌋,,,,,
321,,,𒐙 𒌋𒌋 𒁹,,,,,
322,,,𒐙 𒌋𒌋 𒈫,,,,,
323,,,𒐙 𒌋𒌋 𒐈,,,,,
324,,,𒐙 𒌋𒌋 𒐉,,,,,
325,,,𒐙 𒌋𒌋 𒐊,,,,,
326,,,𒐙 𒌋𒌋 𒐋,,,,,
327,,,𒐙 𒌋𒌋 𒐌,,,,,
328,,,𒐙 𒌋𒌋 𒐍,,,,,
329,,,𒐙 𒌋𒌋 𒑆,,,,,
33,,𒌍𒐈,𒌍 𒐈,𒌍𒐈,,,,
330,,,𒐙 𒌍,,,,,
331,,,𒐙 𒌍 𒁹,,,,,
332,,,𒐙 𒌍 𒈫,,,,,
333,,,𒐙 𒌍 𒐈,,,,,
334,,,𒐙 𒌍 𒐉,,,,,
335,,,𒐙 𒌍 𒐊,,,,,
336,,,𒐙 𒌍 𒐋,,,,,
337,,,𒐙 𒌍 𒐌,,,,,
338,,,𒐙 𒌍 𒐍,,,,,
339,,,𒐙 𒌍 𒑆,,,,,
34,,𒌍𒐉,𒌍 𒐉,𒌍𒐉,,,,
340,,,𒐙 𒐏,,,,,
341,,,𒐙 𒐏 𒁹,,,,,
342,,,𒐙 𒐏 𒈫,,,,,
343,,,𒐙 𒐏 𒐈,,,,,
344,,,𒐙 𒐏 𒐉,,,,,
345,,,𒐙 𒐏 𒐊,,,,,
346,,,𒐙 𒐏 𒐋,,,,,
347,,,𒐙 𒐏 𒐌,,,,,
348,,,𒐙 𒐏 𒐍,,,,,
349,,,𒐙 𒐏 𒑆,,,,,
35,,𒌍𒐊,𒌍 𒐊,𒌍𒐊,,,,
350,,,𒐙 𒐐,,,,,
351,,,𒐙 𒐐 𒁹,,,,,
352,,,𒐙 𒐐 𒈫,,,,,
353,,,𒐙 𒐐 𒐈,,,,,
354,,,𒐙 𒐐 𒐉,,,,,
355,,,𒐙 𒐐 𒐊,,,,,
356,,,𒐙 𒐐 𒐋,,,,,
357,,,𒐙 𒐐 𒐌,,,,,
358,,,𒐙 𒐐 𒐍,,,,,
359,,,𒐙 𒐐 𒑆,,,,,
36,,𒌍𒐋,𒌍 𒐋,𒌍𒐋,,,,
360,,,𒐚,,𒐋,,,
3600,,𒊹,𒊹,𒊹,𒊹,,,
36000,,,𒐬,,,,,
361,,,𒐚 𒁹,,,,,
362,,,𒐚 𒈫,,,,,
363,,,𒐚 𒐈,,,,,
364,,,𒐚 𒐉,,,,,
365,,,𒐚 𒐊,,,,,
366,,,𒐚 𒐋,,,,,
367,,,𒐚 𒐌,,,,,
368,,,𒐚 𒐍,,,,,
369,,,𒐚 𒑆,,,,,
37,,𒌍𒐌,𒌍 𒐌,𒌍𒐌,,,,
370,,,𒐚 𒌋,,,,,
371,,,𒐚 𒌋 𒁹,,,,,
372,,,𒐚 𒌋 𒈫,,,,,
373,,,𒐚 𒌋 𒐈,,,,,
374,,,𒐚 𒌋 𒐉,,,,,
375,,,𒐚 𒌋 𒐊,,,,,
376,,,𒐚 𒌋 𒐋,,,,,
377,,,𒐚 𒌋 𒐌,,,,,
378,,,𒐚 𒌋 𒐍,,,,,
379,,,𒐚 𒌋 𒑆,,,,,
38,,𒌍𒐍,𒌍 𒐍,𒌍𒐍,,,,
380,,,𒐚 𒌋𒌋,,,,,
381,,,𒐚 𒌋𒌋 𒁹,,,,,
382,,,𒐚 𒌋𒌋 𒈫,,,,,
383,,,𒐚 𒌋𒌋 𒐈,,,,,
384,,,𒐚 𒌋𒌋 𒐉,,,,,
385,,,𒐚 𒌋𒌋 𒐊,,,,,
386,,,𒐚 𒌋𒌋 𒐋,,,,,
387,,,𒐚 𒌋𒌋 𒐌,,,,,
388,,,𒐚 𒌋𒌋 𒐍,,,,,
389,,,𒐚 𒌋𒌋 𒑆,,,,,
39,,𒌍𒑆,𒌍 𒑆,𒌍𒑆,,,,
390,,,𒐚 𒌍,,,,,
391,,,𒐚 𒌍 𒁹,,,,,
392,,,𒐚 𒌍 𒈫,,,,,
393,,,𒐚 𒌍 𒐈,,,,,
394,,,𒐚 𒌍 𒐉,,,,,
395,,,𒐚 𒌍 𒐊,,,,,
396,,,𒐚 𒌍 𒐋,,,,,
397,,,𒐚 𒌍 𒐌,,,,,
398,,,𒐚 𒌍 𒐍,,,,,
399,,,𒐚 𒌍 𒑆,,,,,
3timesxge23,,,,,𒑳,,,
3×an,,𒀯,,𒀯,,,,
3×an.bar,,𒀯𒁇,,𒀯𒁇,,,,
4,,𒑒,𒐉,𒑒,𒇹。𒐂。𒐉。𒐼。𒐽。𒑖,,,
4 36,,,𒐉 𒌍 𒐋,,,,,
4(asz),𒐂,𒐂,𒐂,,,,,
4(asz@c),𒐂,𒐂,,,,,,
4(asz@t),𒑌,𒑌,,,,,,
4(asz@t@c),𒑌,𒑌,,,,,,
4(asz@v),𒐽,𒐽,,,,,,
4(asz@v@c),𒐽,𒐽,,,,,,
4(aš),𒐂,,,𒐂,,𒐂,,
4(aš@c),𒐂,,,𒐂,,𒐂,,
4(aš@c@90),,,,,,𒐉,,
4(aš@t),𒑌,,,𒑌,,𒑌,,
4(aš@t@c),𒑌,,,𒑌,,𒑌,,
4(aš@v),𒐽,,,𒐽,,𒐽,,
4(aš@v@c),𒐽,,,𒐽,,𒐽,,
4(aš~a),,𒐽,,𒐽,,,,
4(aš~b),,,,,,𒇹,,
4(ban2),𒑒,𒑒,𒑒,,,,,
4(ban2)@v,𒑓,𒑓,,,,,,
4(ban2@c),𒑒,𒑒,,,,,,
4(ban2@c)@v,𒑓,𒑓,,,,,,
4(ban2@v),𒑓,𒑓,,,,,,
4(ban2@v@c),𒑓,𒑓,,,,,,
4(ban₂),𒑒,,,𒑒,,𒑒,,
4(ban₂)@v,𒑓,,,𒑓,,𒑓,,
4(ban₂@c),𒑒,,,𒑒,,𒑒,,
4(ban₂@c)@v,𒑓,,,𒑓,,𒑓,,
4(ban₂@v),𒑓,,,𒑓,,𒑓,,
4(ban₂@v@c),𒑓,,,𒑓,,𒑓,,
4(barig),𒐉,,,𒐉,,𒐉,,
4(barig@c),𒐉,,,𒐉,,𒐉,,
4(bariga),𒐉,,,𒐉,,𒐉,,
4(bariga@c),𒐉,,,𒐉,,𒐉,,
4(bur'u),𒐸,𒐸,,,,,,
4(bur'u@c),𒐸,𒐸,,,,,,
4(bur3),𒐏,𒐏,,,,,,
4(bur3@c),𒐏,𒐏,,,,,,
4(buru),,𒐸,,𒐸,,,,
4(burʾu),𒐸,,,𒐸,,𒐸,,
4(burʾu@c),𒐸,,,𒐸,,𒐸,,
4(bur₃),𒐏,,,𒐏,,𒐏,,
4(bur₃@c),𒐏,,,𒐏,,𒐏,,
4(disz),𒐉,𒐉,𒐉,,,,,
4(disz)@v,𒐼,𒐼,,,,,,
4(disz)@v~b,𒇹,𒇹,,,,,,
4(disz@c),𒐉,𒐉,,,,,,
4(disz@c)@v,𒐼,𒐼,,,,,,
4(disz@c)@v~b,𒇹,𒇹,,,,,,
4(disz@v),𒐿,𒐿,,,,,,
4(disz@v@c),𒐿,𒐿,,,,,,
4(diš),𒐉,,𒐉,𒐉,,𒐉,,
4(diš)@v,𒐼,,,𒐼,,𒐼,,
4(diš)@v~b,𒇹,,,𒇹,,𒇹,,
4(diš)~a,,,,,,𒐾,,
4(diš)~b,,,,,,𒐿,,
4(diš@c),𒐉,,,𒐉,,𒐉,,
4(diš@c)@v,𒐼,,,𒐼,,𒐼,,
4(diš@c)@v~b,𒇹,,,𒇹,,𒇹,,
4(diš@t),,,,,,None。𒑌,,
4(diš@t@c),,,,,,None,,
4(diš@v),𒐿,,,𒐿,,𒐾,,
4(diš@v)~b,,,,,,𒐿,,
4(diš@v@c),𒐿,,,𒐿,,𒐾,,
4(diš@v@c)~b,,,,,,𒐿,,
4(eše₃@c),,,,,,󰀙,,
4(gesz'u),𒐡,𒐡,,,,,,
4(gesz'u@c),𒐡,𒐡,,,,,,
4(gesz2),𒐘,𒐘,,,,,,
4(gesz2@c),𒐘,𒐘,,,,,,
4(geszu),𒐡,𒐡,,,,,,
4(geszu@c),𒐡,𒐡,,,,,,
4(gešmin@c),,,,,,None,,
4(gešminʾu@c),,,,,,None,,
4(gešu),𒐡,,,𒐡,,𒐡,,
4(gešu@c),𒐡,,,𒐡,,𒐡,,
4(gešu@c)@v,,,,,,󰀨,,
4(gešʾu),𒐡,,,𒐡,,𒐡,,
4(gešʾu@c),𒐡,,,𒐡,,𒐡,,
4(gešʾu@c)@v,,,,,,󰀨,,
4(gešʾu@v),,,,,,󰀮,,
4(geš₂),𒐘,,,𒐘,,𒐘,,
4(geš₂@c),𒐘,,,𒐘,,𒐘,,
4(geš₂@c)@v,,,,,,󰀛,,
4(geš₂@c@90),,,,,,󰀞,,
4(geš₂@t),,,,,,󰀢,,
4(iku),𒐂,,,𒐂,,𒐂,,
4(iku@c),,,,,,𒐂,,
4(iku@t),,,,,,None。𒑌,,
4(szar'u),𒐰,𒐰,,,,,,
4(szar'u@c),𒐰,𒐰,,,,,,
4(szar2),𒐦,𒐦,,,,,,
4(szar2@c),𒐦,𒐦,,,,,,
4(szaru),𒐰,𒐰,,,,,,
4(szaru@c),𒐰,𒐰,,,,,,
4(u),𒐏,,,𒐏,,𒐏,,
4(u)@v,,,,,,𒑧,,
4(u@c),𒐏,,,𒐏,,𒐏,,
4(u@c)@v,,,,,,󰀼,,
4(ŋešmin@c),,,,,,None,,
4(ŋešminʾu@c),,,,,,None,,
4(ŋešʾu),,,,,,𒐡,,
4(ŋešʾu@c),,,,,,𒐡,,
4(ŋešʾu@c)@v,,,,,,󰀨,,
4(ŋešʾu@v),,,,,,󰀮,,
4(ŋeš₂),,,,,,𒐘,,
4(ŋeš₂@c),,,,,,𒐘,,
4(ŋeš₂@c)@v,,,,,,󰀛,,
4(ŋeš₂@t),,,,,,󰀢,,
4(šargal),,,,,,𒐦,,
4(šargal@c),,,,,,𒐦,,
4(šaru),𒐰,,,𒐰,,𒐰,,
4(šaru)~a,,,,,,󰀿,,
4(šaru@c),𒐰,,,𒐰,,󰀸,,
4(šaru@v),,,,,,󰀸,,
4(šarʾu),𒐰,,,𒐰,,𒐰,,
4(šarʾu@c),𒐰,,,𒐰,,󰀸,,
4(šarʾu@v),,,,,,󰀸,,
4(šar₂),𒐦,,,𒐦,,𒐦,,
4(šar₂@c),𒐦,,,𒐦,,𒐦,,
40,,𒐏,𒐏,𒐏,𒐏,,,
400,,𒐚𒐏,𒐚 𒐏,𒐚𒐏,,,,
401,,,𒐚 𒐏 𒁹,,,,,
402,,,𒐚 𒐏 𒈫,,,,,
403,,,𒐚 𒐏 𒐈,,,,,
404,,,𒐚 𒐏 𒐉,,,,,
405,,,𒐚 𒐏 𒐊,,,,,
406,,,𒐚 𒐏 𒐋,,,,,
407,,,𒐚 𒐏 𒐌,,,,,
408,,,𒐚 𒐏 𒐍,,,,,
409,,,𒐚 𒐏 𒑆,,,,,
41,,𒐏𒁹,𒐏 𒁹,𒐏𒁹,,,,
410,,,𒐚 𒐐,,,,,
411,,,𒐚 𒐐 𒁹,,,,,
412,,,𒐚 𒐐 𒈫,,,,,
413,,,𒐚 𒐐 𒐈,,,,,
414,,,𒐚 𒐐 𒐉,,,,,
415,,,𒐚 𒐐 𒐊,,,,,
416,,,𒐚 𒐐 𒐋,,,,,
417,,,𒐚 𒐐 𒐌,,,,,
418,,,𒐚 𒐐 𒐍,,,,,
419,,,𒐚 𒐐 𒑆,,,,,
42,,𒐏𒈫,𒐏 𒈫,𒐏𒈫,,,,
420,,,𒐛,,𒑂,,,
421,,,𒐛 𒁹,,,,,
422,,,𒐛 𒈫,,,,,
423,,,𒐛 𒐈,,,,,
424,,,𒐛 𒐉,,,,,
425,,,𒐛 𒐊,,,,,
426,,,𒐛 𒐋,,,,,
427,,,𒐛 𒐌,,,,,
4270,,,𒊹 𒐞 𒐕 𒌋,,,,,
4271,,,𒊹 𒐞 𒐕 𒌋 𒁹,,,,,
428,,,𒐛 𒐍,,,,,
429,,,𒐛 𒑆,,,,,
43,,𒐏𒐈,𒐏 𒐈,𒐏𒐈,,,,
430,,,𒐛 𒌋,,,,,
431,,,𒐛 𒌋 𒁹,,,,,
432,,,𒐛 𒌋 𒈫,,,,,
43200,,,𒐬 𒐣,,,,,
433,,,𒐛 𒌋 𒐈,,,,,
434,,,𒐛 𒌋 𒐉,,,,,
435,,,𒐛 𒌋 𒐊,,,,,
436,,,𒐛 𒌋 𒐋,,,,,
437,,,𒐛 𒌋 𒐌,,,,,
438,,,𒐛 𒌋 𒐍,,,,,
439,,,𒐛 𒌋 𒑆,,,,,
44,,𒐏𒐉,𒐏 𒐉,𒐏𒐉,,,,
440,,,𒐛 𒌋𒌋,,,,,
441,,,𒐛 𒌋𒌋 𒁹,,,,,
442,,,𒐛 𒌋𒌋 𒈫,,,,,
443,,,𒐛 𒌋𒌋 𒐈,,,,,
444,,,𒐛 𒌋𒌋 𒐉,,,,,
445,,,𒐛 𒌋𒌋 𒐊,,,,,
446,,,𒐛 𒌋𒌋 𒐋,,,,,
447,,,𒐛 𒌋𒌋 𒐌,,,,,
448,,,𒐛 𒌋𒌋 𒐍,,,,,
449,,,𒐛 𒌋𒌋 𒑆,,,,,
45,,𒐏𒐊,𒐏 𒐊,𒐏𒐊,,,,
450,,,𒐛 𒌍,,,,,
451,,,𒐛 𒌍 𒁹,,,,,
452,,,𒐛 𒌍 𒈫,,,,,
453,,,𒐛 𒌍 𒐈,,,,,
454,,,𒐛 𒌍 𒐉,,,,,
455,,,𒐛 𒌍 𒐊,,,,,
456,,,𒐛 𒌍 𒐋,,,,,
457,,,𒐛 𒌍 𒐌,,,,,
458,,,𒐛 𒌍 𒐍,,,,,
459,,,𒐛 𒌍 𒑆,,,,,
46,,𒐏𒐋,𒐏 𒐋,𒐏𒐋,,,,
460,,,𒐛 𒐏,,,,,
461,,,𒐛 𒐏 𒁹,,,,,
462,,,𒐛 𒐏 𒈫,,,,,
463,,,𒐛 𒐏 𒐈,,,,,
464,,,𒐛 𒐏 𒐉,,,,,
465,,,𒐛 𒐏 𒐊,,,,,
466,,,𒐛 𒐏 𒐋,,,,,
467,,,𒐛 𒐏 𒐌,,,,,
468,,,𒐛 𒐏 𒐍,,,,,
469,,,𒐛 𒐏 𒑆,,,,,
47,,𒐏𒐌,𒐏 𒐌,𒐏𒐌,,,,
470,,,𒐛 𒐐,,,,,
471,,,𒐛 𒐐 𒁹,,,,,
472,,,𒐛 𒐐 𒈫,,,,,
473,,,𒐛 𒐐 𒐈,,,,,
474,,,𒐛 𒐐 𒐉,,,,,
475,,,𒐛 𒐐 𒐊,,,,,
476,,,𒐛 𒐐 𒐋,,,,,
477,,,𒐛 𒐐 𒐌,,,,,
478,,,𒐛 𒐐 𒐍,,,,,
479,,,𒐛 𒐐 𒑆,,,,,
48,,𒐏𒐍,𒐏 𒐍,𒐏𒐍,,,,
480,,,𒐜,,𒐍。𒑄,,,
481,,,𒐜 𒁹,,,,,
482,,,𒐜 𒈫,,,,,
483,,,𒐜 𒐈,,,,,
484,,,𒐜 𒐉,,,,,
485,,,𒐜 𒐊,,,,,
486,,,𒐜 𒐋,,,,,
487,,,𒐜 𒐌,,,,,
488,,,𒐜 𒐍,,,,,
489,,,𒐜 𒑆,,,,,
49,,𒐏𒑆,𒐏 𒑆,𒐏𒑆,,,,
490,,,𒐜 𒌋,,,,,
491,,,𒐜 𒌋 𒁹,,,,,
492,,,𒐜 𒌋 𒈫,,,,,
493,,,𒐜 𒌋 𒐈,,,,,
494,,,𒐜 𒌋 𒐉,,,,,
495,,,𒐜 𒌋 𒐊,,,,,
496,,,𒐜 𒌋 𒐋,,,,,
497,,,𒐜 𒌋 𒐌,,,,,
498,,,𒐜 𒌋 𒐍,,,,,
499,,,𒐜 𒌋 𒑆,,,,,
4pi,,,,,𒐉,,,
4sūtu,,,,,𒑒,,,
4timesbur3,,,,,𒐏,,,
4timeslagab,,,,,𒇫,,,
4timesu,,,,,𒌐。𒐏,,,
4timeszaxkur,,,,,𒍟,,,
4xan.nagaformingacross,,,,,𒀱,,,
4xubaraformingcross,,,,,𒂭,,,
4×(an.naga),,𒀱,,𒀱,,,,
4×(ezen×kaskal),,𒂭,,𒂭,,,,
4×(idim&idim),,𒅄,,𒅄,,,,
4×en,,𒂝,,𒂝,,,,
4×gaba,,𒃯,,𒃯,,,,
4×im,,𒅒,,𒅒,,,,
4×lagab,,𒇫,,𒇫,,,,
4×lu₂,,𒈔,,𒈔,,,,
4×tab,,𒋲,,𒋲,,,,
5,,𒑔,𒐊,𒑔,𒐃。𒐊。𒐺𒋰,,,
5 45,,,𒐊 𒐏 𒐊,,,,,
5 a,,,𒐊 𒀀,,,,,
5(asz),𒐃,𒐃,,,,,,
5(asz@c),𒐃,𒐃,,,,,,
5(asz@t),𒑍,𒑍,,,,,,
5(asz@t@c),𒑍,𒑍,,,,,,
5(aš),𒐃,,,𒐃,,𒐃,,
5(aš@c),𒐃,,,𒐃,,𒐃,,
5(aš@c@90),,,,,,𒐊,,
5(aš@t),𒑍,,,𒑍,,𒑍,,
5(aš@t@c),𒑍,,,𒑍,,𒑍,,
5(aš@v),,,,,,𒄿,,
5(aš~a),,,,,,𒄿,,
5(ban2),𒑔,𒑔,𒑔,,,,,
5(ban2)@v,𒑕,𒑕,,,,,,
5(ban2@c),𒑔,𒑔,,,,,,
5(ban2@c)@v,𒑕,𒑕,,,,,,
5(ban2@v),𒑕,𒑕,,,,,,
5(ban2@v@c),𒑕,𒑕,,,,,,
5(ban₂),𒑔,,,𒑔,,𒑔,,
5(ban₂)@v,𒑕,,,𒑕,,𒑕,,
5(ban₂@c),𒑔,,,𒑔,,𒑔,,
5(ban₂@c)@v,𒑕,,,𒑕,,𒑕,,
5(ban₂@v),𒑕,,,𒑕,,𒑕,,
5(ban₂@v@c),𒑕,,,𒑕,,𒑕,,
5(barig@c),,,,,,𒐊,,
5(bariga@c),,,,,,𒐊,,
5(bur'u),𒐹,𒐹,,,,,,
5(bur'u@c),𒐹,𒐹,,,,,,
5(bur3),𒐐,𒐐,,,,,,
5(bur3@c),𒐐,𒐐,,,,,,
5(buru),,𒐹,,𒐹,,,,
5(burʾu),𒐹,,,𒐹,,𒐹,,
5(burʾu@c),𒐹,,,𒐹,,𒐹,,
5(bur₃),𒐐,,,𒐐,,𒐐,,
5(bur₃@c),𒐐,,,𒐐,,𒐐,,
5(disz),𒐊,𒐊,𒐊,,,,,
5(disz@c),𒐊,𒐊,,,,,,
5(diš),𒐊,,,𒐊,,𒐊,,
5(diš@c),𒐊,,,𒐊,,𒐊,,
5(diš@t),,,,,,None。𒑍,,
5(diš@t@c),,,,,,None,,
5(gesz'u),𒐢,𒐢,,,,,,
5(gesz'u@c),𒐢,𒐢,,,,,,
5(gesz2),𒐙,𒐙,,,,,,
5(gesz2@c),𒐙,𒐙,,,,,,
5(geszu),𒐢,𒐢,,,,,,
5(geszu@c),𒐢,𒐢,,,,,,
5(gešmin@c),,,,,,None,,
5(gešminʾu@c),,,,,,None,,
5(gešu),𒐢,,,𒐢,,𒐢,,
5(gešu@c),𒐢,,,𒐢,,𒐢,,
5(gešʾu),𒐢,,,𒐢,,𒐢,,
5(gešʾu@c),𒐢,,,𒐢,,𒐢,,
5(gešʾu@v),,,,,,󰀯,,
5(geš₂),𒐙,,,𒐙,,𒐙,,
5(geš₂@c),𒐙,,,𒐙,,𒐙,,
5(geš₂@t),,,,,,󰀣,,
5(iku),𒐃,,,𒐃,,𒐃,,
5(iku@c),,,,,,𒐃,,
5(iku@t),,,,,,None。𒑍,,
5(szar'u),𒐱,𒐱,,,,,,
5(szar'u@c),𒐱,𒐱,,,,,,
5(szar2),𒐧,𒐧,,,,,,
5(szar2@c),𒐧,𒐧,,,,,,
5(szaru),𒐱,𒐱,,,,,,
5(szaru@c),𒐱,𒐱,,,,,,
5(u),𒐐,,,𒐐,,𒐐,,
5(u)?,,,𒐐,,,,,
5(u)@v,,,,,,𒑨,,
5(u@c),𒐐,,,𒐐,,𒐐,,
5(ŋešmin@c),,,,,,None,,
5(ŋešminʾu@c),,,,,,None,,
5(ŋešʾu),,,,,,𒐢,,
5(ŋešʾu@c),,,,,,𒐢,,
5(ŋešʾu@v),,,,,,󰀯,,
5(ŋeš₂),,,,,,𒐙,,
5(ŋeš₂@c),,,,,,𒐙,,
5(ŋeš₂@t),,,,,,󰀣,,
5(šargal),,,,,,𒐧,,
5(šargal@c),,,,,,𒐧,,
5(šaru),𒐱,,,𒐱,,𒐱,,
5(šaru)~a,,,,,,󰁀,,
5(šaru@c),𒐱,,,𒐱,,𒐱,,
5(šaru@v),,,,,,󰀹,,
5(šarʾu),𒐱,,,𒐱,,𒐱,,
5(šarʾu@c),𒐱,,,𒐱,,𒐱,,
5(šarʾu@v),,,,,,󰀹,,
5(šar₂),𒐧,,,𒐧,,𒐧,,
5(šar₂@c),𒐧,,,𒐧,,𒐧,,
5/6,,𒑛,𒑛,𒑛,𒑜,,,
5/6(aš),,,,,,𒑜,,
5/6(aš@c),,,,,,𒑜,,
5/6(disz),𒑜,𒑜,,,,,,
5/6(disz@c),𒑜,𒑜,,,,,,
5/6(diš),𒑜,,,𒑜,,𒑜,,
5/6(diš@c),𒑜,,,𒑜,,𒑜,,
50,,𒐐,𒐐,𒐐,𒐐,,,
500,,,𒐜 𒌋𒌋,,,,,
5000,,,𒊹 𒐟 𒐗 𒌋𒌋,,,,,
501,,,𒐜 𒌋𒌋 𒁹,,,,,
502,,,𒐜 𒌋𒌋 𒈫,,,,,
503,,,𒐜 𒌋𒌋 𒐈,,,,,
504,,,𒐜 𒌋𒌋 𒐉,,,,,
505,,,𒐜 𒌋𒌋 𒐊,,,,,
506,,,𒐜 𒌋𒌋 𒐋,,,,,
507,,,𒐜 𒌋𒌋 𒐌,,,,,
508,,,𒐜 𒌋𒌋 𒐍,,,,,
509,,,𒐜 𒌋𒌋 𒑆,,,,,
51,,𒐐𒁹,𒐐 𒁹,𒐐𒁹,,,,
510,,𒐜𒌍,𒐜 𒌍,𒐜𒌍,,,,
511,,,𒐜 𒌍 𒁹,,,,,
512,,,𒐜 𒌍 𒈫,,,,,
513,,,𒐜 𒌍 𒐈,,,,,
514,,,𒐜 𒌍 𒐉,,,,,
515,,,𒐜 𒌍 𒐊,,,,,
516,,,𒐜 𒌍 𒐋,,,,,
517,,,𒐜 𒌍 𒐌,,,,,
518,,,𒐜 𒌍 𒐍,,,,,
519,,,𒐜 𒌍 𒑆,,,,,
52,,𒐐𒈫,𒐐 𒈫,𒐐𒈫,,,,
520,,𒐜𒐏,𒐜 𒐏,𒐜𒐏,,,,
521,,,𒐜 𒐏 𒁹,,,,,
522,,,𒐜 𒐏 𒈫,,,,,
523,,,𒐜 𒐏 𒐈,,,,,
524,,,𒐜 𒐏 𒐉,,,,,
525,,,𒐜 𒐏 𒐊,,,,,
526,,,𒐜 𒐏 𒐋,,,,,
527,,,𒐜 𒐏 𒐌,,,,,
528,,,𒐜 𒐏 𒐍,,,,,
529,,,𒐜 𒐏 𒑆,,,,,
53,,𒐐𒐈,𒐐 𒐈,𒐐𒐈,,,,
530,,,𒐜 𒐐,,,,,
531,,,𒐜 𒐐 𒁹,,,,,
532,,,𒐜 𒐐 𒈫,,,,,
533,,,𒐜 𒐐 𒐈,,,,,
534,,,𒐜 𒐐 𒐉,,,,,
535,,,𒐜 𒐐 𒐊,,,,,
536,,,𒐜 𒐐 𒐋,,,,,
537,,,𒐜 𒐐 𒐌,,,,,
538,,,𒐜 𒐐 𒐍,,,,,
539,,,𒐜 𒐐 𒑆,,,,,
54,,𒐐𒐉,𒐐 𒐉,𒐐𒐉,,,,
540,,,𒐝,,𒑆,,,
541,,,𒐝 𒁹,,,,,
542,,,𒐝 𒈫,,,,,
543,,,𒐝 𒐈,,,,,
544,,,𒐝 𒐉,,,,,
545,,,𒐝 𒐊,,,,,
546,,,𒐝 𒐋,,,,,
547,,,𒐝 𒐌,,,,,
548,,,𒐝 𒐍,,,,,
549,,,𒐝 𒑆,,,,,
55,,𒐐𒐊,𒐐 𒐊,𒐐𒐊,,,,
550,,,𒐝 𒌋,,,,,
551,,,𒐝 𒌋 𒁹,,,,,
552,,,𒐝 𒌋 𒈫,,,,,
553,,,𒐝 𒌋 𒐈,,,,,
554,,,𒐝 𒌋 𒐉,,,,,
555,,,𒐝 𒌋 𒐊,,,,,
556,,,𒐝 𒌋 𒐋,,,,,
557,,,𒐝 𒌋 𒐌,,,,,
558,,,𒐝 𒌋 𒐍,,,,,
559,,,𒐝 𒌋 𒑆,,,,,
56,,𒐐𒐋,𒐐 𒐋,𒐐𒐋,,,,
560,,,𒐝 𒌋𒌋,,,,,
561,,,𒐝 𒌋𒌋 𒁹,,,,,
562,,,𒐝 𒌋𒌋 𒈫,,,,,
563,,,𒐝 𒌋𒌋 𒐈,,,,,
564,,,𒐝 𒌋𒌋 𒐉,,,,,
565,,,𒐝 𒌋𒌋 𒐊,,,,,
566,,,𒐝 𒌋𒌋 𒐋,,,,,
567,,,𒐝 𒌋𒌋 𒐌,,,,,
568,,,𒐝 𒌋𒌋 𒐍,,,,,
569,,,𒐝 𒌋𒌋 𒑆,,,,,
57,,𒐐𒐌,𒐐 𒐌,𒐐𒐌,,,,
570,,,𒐝 𒌍,,,,,
571,,,𒐝 𒌍 𒁹,,,,,
572,,,𒐝 𒌍 𒈫,,,,,
573,,,𒐝 𒌍 𒐈,,,,,
574,,,𒐝 𒌍 𒐉,,,,,
575,,,𒐝 𒌍 𒐊,,,,,
576,,,𒐝 𒌍 𒐋,,,,,
577,,,𒐝 𒌍 𒐌,,,,,
578,,,𒐝 𒌍 𒐍,,,,,
579,,,𒐝 𒌍 𒑆,,,,,
58,,𒐐𒐍,𒐐 𒐍,𒐐𒐍,,,,
580,,,𒐝 𒐏,,,,,
581,,,𒐝 𒐏 𒁹,,,,,
582,,,𒐝 𒐏 𒈫,,,,,
583,,,𒐝 𒐏 𒐈,,,,,
584,,,𒐝 𒐏 𒐉,,,,,
585,,,𒐝 𒐏 𒐊,,,,,
586,,,𒐝 𒐏 𒐋,,,,,
587,,,𒐝 𒐏 𒐌,,,,,
588,,,𒐝 𒐏 𒐍,,,,,
589,,,𒐝 𒐏 𒑆,,,,,
59,,𒐐𒑆,𒐐 𒑆,𒐐𒑆,,,,
590,,,𒐝 𒐐,,,,,
591,,,𒐝 𒐐 𒁹,,,,,
592,,,𒐝 𒐐 𒈫,,,,,
593,,,𒐝 𒐐 𒐈,,,,,
594,,,𒐝 𒐐 𒐉,,,,,
595,,,𒐝 𒐐 𒐊,,,,,
596,,,𒐝 𒐐 𒐋,,,,,
597,,,𒐝 𒐐 𒐌,,,,,
598,,,𒐝 𒐐 𒐍,,,,,
599,,,𒐝 𒐐 𒑆,,,,,
5sūtu,,,,,𒑔,,,
5timesbur2,,,,,𒐐,,,
5timesu,,,,,𒐐,,,
5x60,,,,,𒐊,,,
6,,𒁹,𒐋,𒁹,𒐄。𒐋。𒑀,,,
6 54,,,𒐋 𒐐 𒐉,,,,,
6 a,,,𒐋 𒀀,,,,,
6(asz),𒐄,𒐄,𒐄,,,,,
6(asz@c),𒐄,𒐄,,,,,,
6(asz@t),𒑎,𒑎,,,,,,
6(asz@t@c),𒑎,𒑎,,,,,,
6(asz@v),𒑀,𒑀,,,,,,
6(asz@v@c),𒑀,𒑀,,,,,,
6(aš),𒐄,,,𒐄,,𒐄,,
6(aš@c),𒐄,,,𒐄,,𒐄,,
6(aš@c@90),,,,,,𒐋,,
6(aš@t),𒑎,,,𒑎,,𒑎,,
6(aš@t@c),𒑎,,,𒑎,,𒑎,,
6(aš@v),𒑀,,,𒑀,,𒑀,,
6(aš@v@c),𒑀,,,𒑀,,𒑀,,
6(aš~a),,𒑀,,𒑀,,,,
6(ban₂),,,,,,𒁹,,
6(barig@c),,,,,,𒐋,,
6(bariga@c),,,,,,𒐋,,
6(bur3),𒐑,𒐑,,,,,,
6(bur₃),𒐑,,,𒐑,,𒐑,,
6(bur₃@c),,,,,,𒐑,,
6(disz),𒐋,𒐋,𒐋,,,,,
6(disz@c),𒐋,𒐋,,,,,,
6(diš),𒐋,,,𒐋,,𒐋,,
6(diš@c),𒐋,,,𒐋,,𒐋,,
6(diš@t),,,,,,None。𒑎,,
6(diš@t@c),,,,,,None,,
6(gesz2),𒐚,𒐚,𒐚,,,,,
6(gesz2@c),𒐚,𒐚,,,,,,
6(gešmin@c),,,,,,None,,
6(gešʾu@c),,,,,,󰀩,,
6(gešʾu@v),,,,,,󰀰,,
6(geš₂),𒐚,,,𒐚,,𒐚,,
6(geš₂@c),𒐚,,,𒐚,,𒐚,,
6(geš₂@t),,,,,,󰀤,,
6(iku),,,,,,𒐄,,
6(iku@c),,,,,,𒐄,,
6(szar2),𒐨,𒐨,,,,,,
6(szar2@c),𒐨,𒐨,,,,,,
6(u),𒐑,,,𒐑,,𒐑,,
6(u@c),𒐑,,,𒐑,,𒐑,,
6(ŋešmin@c),,,,,,None,,
6(ŋešʾu@c),,,,,,󰀩,,
6(ŋešʾu@v),,,,,,󰀰,,
6(ŋeš₂),,,,,,𒐚,,
6(ŋeš₂@c),,,,,,𒐚,,
6(ŋeš₂@t),,,,,,󰀤,,
6(šargal),,,,,,𒐨,,
6(šargal@c),,,,,,𒐨,,
6(šaru)~a,,,,,,𒄱,,
6(šaru@v),,,,,,󰀺,,
6(šarʾu@v),,,,,,󰀺,,
6(šar₂),𒐨,,,𒐨,,𒐨,,
6(šar₂@c),𒐨,,,𒐨,,𒐨,,
60,,𒐕,𒐕,𒐕,𒁹。𒂠。𒆪。𒌆。𒍑。𒐑,,,
600,,𒐞,𒐞,𒐞,,,,
60000?,,,,,𒌋𒐴,,,
601,,,𒐞 𒁹,,,,,
602,,,𒐞 𒈫,,𒁹,,,
603,,,𒐞 𒐈,,𒁹,,,
604,,,𒐞 𒐉,,,,,
605,,,𒐞 𒐊,,,,,
606,,,𒐞 𒐋,,,,,
607,,,𒐞 𒐌,,,,,
608,,,𒐞 𒐍,,,,,
609,,,𒐞 𒑆,,,,,
61,,𒐕𒁹,𒐕 𒁹,𒐕𒁹,,,,
610,,,𒐞 𒌋,,,,,
611,,,𒐞 𒌋 𒁹,,,,,
612,,,𒐞 𒌋 𒈫,,,,,
613,,,𒐞 𒌋 𒐈,,,,,
614,,,𒐞 𒌋 𒐉,,,,,
615,,,𒐞 𒌋 𒐊,,,,,
616,,,𒐞 𒌋 𒐋,,,,,
617,,,𒐞 𒌋 𒐌,,,,,
618,,,𒐞 𒌋 𒐍,,,,,
619,,,𒐞 𒌋 𒑆,,,,,
62,,𒐕𒈫,𒐕 𒈫,𒐕𒈫,,,,
620,,,𒐞 𒌋𒌋,,,,,
621,,,𒐞 𒌋𒌋 𒁹,,,,,
622,,,𒐞 𒌋𒌋 𒈫,,,,,
623,,,𒐞 𒌋𒌋 𒐈,,,,,
624,,,𒐞 𒌋𒌋 𒐉,,,,,
625,,,𒐞 𒌋𒌋 𒐊,,,,,
626,,,𒐞 𒌋𒌋 𒐋,,,,,
627,,,𒐞 𒌋𒌋 𒐌,,,,,
628,,,𒐞 𒌋𒌋 𒐍,,,,,
629,,,𒐞 𒌋𒌋 𒑆,,,,,
63,,𒐕𒐈,𒐕 𒐈,𒐕𒐈,,,,
630,,,𒐞 𒌍,,,,,
631,,,𒐞 𒌍 𒁹,,,,,
632,,,𒐞 𒌍 𒈫,,,,,
633,,,𒐞 𒌍 𒐈,,,,,
634,,,𒐞 𒌍 𒐉,,,,,
635,,,𒐞 𒌍 𒐊,,,,,
636,,,𒐞 𒌍 𒐋,,,,,
637,,,𒐞 𒌍 𒐌,,,,,
638,,,𒐞 𒌍 𒐍,,,,,
639,,,𒐞 𒌍 𒑆,,,,,
64,,𒐕𒐉,𒐕 𒐉,𒐕𒐉,,,,
640,,,𒐞 𒐏,,,,,
641,,,𒐞 𒐏 𒁹,,,,,
642,,,𒐞 𒐏 𒈫,,,,,
643,,,𒐞 𒐏 𒐈,,,,,
644,,,𒐞 𒐏 𒐉,,,,,
645,,,𒐞 𒐏 𒐊,,,,,
646,,,𒐞 𒐏 𒐋,,,,,
647,,,𒐞 𒐏 𒐌,,,,,
648,,,𒐞 𒐏 𒐍,,,,,
64800,,,𒐬 𒐪,,,,,
649,,,𒐞 𒐏 𒑆,,,,,
65,,𒐕𒐊,𒐕 𒐊,𒐕𒐊,,,,
650,,,𒐞 𒐐,,,,,
651,,,𒐞 𒐐 𒁹,,,,,
652,,,𒐞 𒐐 𒈫,,,,,
653,,,𒐞 𒐐 𒐈,,,,,
654,,,𒐞 𒐐 𒐉,,,,,
655,,,𒐞 𒐐 𒐊,,,,,
656,,,𒐞 𒐐 𒐋,,,,,
657,,,𒐞 𒐐 𒐌,,,,,
658,,,𒐞 𒐐 𒐍,,,,,
659,,,𒐞 𒐐 𒑆,,,,,
66,,𒐕𒐋,𒐕 𒐋,𒐕𒐋,,,,
660,,,𒐞 𒐕,,,,,
661,,,𒐞 𒐕 𒁹,,,,,
662,,,𒐞 𒐕 𒈫,,,,,
663,,,𒐞 𒐕 𒐈,,,,,
664,,,𒐞 𒐕 𒐉,,,,,
665,,,𒐞 𒐕 𒐊,,,,,
666,,,𒐞 𒐕 𒐋,,,,,
667,,,𒐞 𒐕 𒐌,,,,,
668,,,𒐞 𒐕 𒐍,,,,,
669,,,𒐞 𒐕 𒑆,,,,,
67,,𒐕𒐌,𒐕 𒐌,𒐕𒐌,,,,
670,,,𒐞 𒐕 𒌋,,,,,
671,,,𒐞 𒐕 𒌋 𒁹,,,,,
672,,,𒐞 𒐕 𒌋 𒈫,,,,,
673,,,𒐞 𒐕 𒌋 𒐈,,,,,
674,,,𒐞 𒐕 𒌋 𒐉,,,,,
675,,,𒐞 𒐕 𒌋 𒐊,,,,,
676,,,𒐞 𒐕 𒌋 𒐋,,,,,
677,,,𒐞 𒐕 𒌋 𒐌,,,,,
678,,,𒐞 𒐕 𒌋 𒐍,,,,,
679,,,𒐞 𒐕 𒌋 𒑆,,,,,
68,,𒐕𒐍,𒐕 𒐍,𒐕𒐍,,,,
680,,,𒐞 𒐕 𒌋𒌋,,,,,
681,,,𒐞 𒐕 𒌋𒌋 𒁹,,,,,
682,,,𒐞 𒐕 𒌋𒌋 𒈫,,,,,
683,,,𒐞 𒐕 𒌋𒌋 𒐈,,,,,
684,,,𒐞 𒐕 𒌋𒌋 𒐉,,,,,
685,,,𒐞 𒐕 𒌋𒌋 𒐊,,,,,
686,,,𒐞 𒐕 𒌋𒌋 𒐋,,,,,
687,,,𒐞 𒐕 𒌋𒌋 𒐌,,,,,
688,,,𒐞 𒐕 𒌋𒌋 𒐍,,,,,
689,,,𒐞 𒐕 𒌋𒌋 𒑆,,,,,
69,,𒐕𒑆,𒐕 𒑆,𒐕𒑆,,,,
690,,,𒐞 𒐕 𒌍,,,,,
691,,,𒐞 𒐕 𒌍 𒁹,,,,,
692,,,𒐞 𒐕 𒌍 𒈫,,,,,
693,,,𒐞 𒐕 𒌍 𒐈,,,,,
694,,,𒐞 𒐕 𒌍 𒐉,,,,,
695,,,𒐞 𒐕 𒌍 𒐊,,,,,
696,,,𒐞 𒐕 𒌍 𒐋,,,,,
697,,,𒐞 𒐕 𒌍 𒐌,,,,,
698,,,𒐞 𒐕 𒌍 𒐍,,,,,
699,,,𒐞 𒐕 𒌍 𒑆,,,,,
6timesbur2,,,,,𒐑,,,
6timesu,,,,,𒐑,,,
6x60,,,,,𒐋,,,
7,,𒁹𒑏,𒐌,𒁹𒑏,𒐅。𒑁。𒑂,,,
7 1,,,𒐌 𒁹,,,,,
7 i,,,𒐌 𒄿,,,,,
7(asz),𒐅,𒐅,,,,,,
7(asz@c),𒐅,𒐅,,,,,,
7(asz@v),𒑁,𒑁,,,,,,
7(asz@v@c),𒑁,𒑁,,,,,,
7(aš),𒐅,,,𒐅,,𒐅,,
7(aš@c),𒐅,,,𒐅,,𒐅,,
7(aš@c@90),,,,,,𒐌,,
7(aš@v),𒑁,,,𒑁,,𒑁,,
7(aš@v@c),𒑁,,,𒑁,,𒑁,,
7(aš~a),,𒑁,,𒑁,,,,
7(ban₂),,,,,,𒁹𒑏,,
7(barig@c),,,,,,𒐌,,
7(bariga@c),,,,,,𒐌,,
7(bur3),𒐒,𒐒,,,,,,
7(bur₃),𒐒,,,𒐒,,𒐒,,
7(bur₃@c),,,,,,𒐒,,
7(disz),𒐌,𒐌,𒐌,,,,,
7(disz)@v,𒑂,𒑂,,,,,,
7(disz)@v~b,𒑃,𒑃,,,,,,
7(disz@c)@v,𒑂,𒑂,,,,,,
7(disz@c)@v~b,𒑃,𒑃,,,,,,
7(diš),𒐌,,,𒐌,,𒐌,,
7(diš)@v,𒑂,,,𒑂,,𒑂,,
7(diš)@v~b,𒑃,,,𒑃,,𒑃,,
7(diš@c),,,,,,𒐌,,
7(diš@c)@v,𒑂,,,𒑂,,𒑂,,
7(diš@c)@v~b,𒑃,,,𒑃,,𒑃,,
7(diš~a),,𒑂,,𒑂,,,,
7(diš~b),,𒑃,,𒑃,,,,
7(gesz2),𒐛,𒐛,,,,,,
7(gesz2@c),𒐛,𒐛,,,,,,
7(gešmin@c),,,,,,None,,
7(gešʾu),,,,,,󰀦,,
7(gešʾu@c),,,,,,󰀪,,
7(gešʾu@v),,,,,,󰀱,,
7(geš₂),𒐛,,,𒐛,,𒐛,,
7(geš₂@c),𒐛,,,𒐛,,𒐛,,
7(geš₂@t),,,,,,󰀥,,
7(iku),,,,,,𒐅,,
7(iku@c),,,,,,𒐅,,
7(szar2),𒐩,𒐩,,,,,,
7(szar2@c),𒐩,𒐩,,,,,,
7(u),𒐒,,,𒐒,,𒐒,,
7(u@c),𒐒,,,𒐒,,𒐒,,
7(ŋešmin@c),,,,,,None,,
7(ŋešʾu),,,,,,󰀦,,
7(ŋešʾu@c),,,,,,󰀪,,
7(ŋešʾu@v),,,,,,󰀱,,
7(ŋeš₂),,,,,,𒐛,,
7(ŋeš₂@c),,,,,,𒐛,,
7(ŋeš₂@t),,,,,,󰀥,,
7(šargal),,,,,,𒐩,,
7(šargal@c),,,,,,𒐩,,
7(šar₂),𒐩,,,𒐩,,𒐩,,
7(šar₂@c),𒐩,,,𒐩,,𒐩,,
70,,𒐕𒌋,𒐕 𒌋,𒐕𒌋,𒐒,,,
700,,𒐞𒐕𒐏,𒐞 𒐕 𒐏,𒐞𒐕𒐏,,,,
701,,,𒐞 𒐕 𒐏 𒁹,,,,,
702,,,𒐞 𒐕 𒐏 𒈫,,,,,
703,,,𒐞 𒐕 𒐏 𒐈,,,,,
704,,,𒐞 𒐕 𒐏 𒐉,,,,,
705,,,𒐞 𒐕 𒐏 𒐊,,,,,
706,,,𒐞 𒐕 𒐏 𒐋,,,,,
707,,,𒐞 𒐕 𒐏 𒐌,,,,,
708,,,𒐞 𒐕 𒐏 𒐍,,,,,
709,,,𒐞 𒐕 𒐏 𒑆,,,,,
71,,𒐕𒌋𒁹,𒐕 𒌋 𒁹,𒐕𒌋𒁹,,,,
710,,,𒐞 𒐕 𒐐,,,,,
711,,,𒐞 𒐕 𒐐 𒁹,,,,,
712,,,𒐞 𒐕 𒐐 𒈫,,,,,
713,,,𒐞 𒐕 𒐐 𒐈,,,,,
714,,,𒐞 𒐕 𒐐 𒐉,,,,,
715,,,𒐞 𒐕 𒐐 𒐊,,,,,
716,,,𒐞 𒐕 𒐐 𒐋,,,,,
717,,,𒐞 𒐕 𒐐 𒐌,,,,,
718,,,𒐞 𒐕 𒐐 𒐍,,,,,
719,,,𒐞 𒐕 𒐐 𒑆,,,,,
72,,𒐕𒌋𒈫,𒐕 𒌋 𒈫,𒐕𒌋𒈫,,,,
720,,,𒐞 𒐖,,,,,
7200,,,𒐣,,,,,
721,,,𒐞 𒐖 𒁹,,,,,
722,,,𒐞 𒐖 𒈫,,,,,
723,,,𒐞 𒐖 𒐈,,,,,
724,,,𒐞 𒐖 𒐉,,,,,
725,,,𒐞 𒐖 𒐊,,,,,
726,,,𒐞 𒐖 𒐋,,,,,
727,,,𒐞 𒐖 𒐌,,,,,
728,,,𒐞 𒐖 𒐍,,,,,
729,,,𒐞 𒐖 𒑆,,,,,
73,,𒐕𒌋𒐈,𒐕 𒌋 𒐈,𒐕𒌋𒐈,,,,
730,,,𒐞 𒐖 𒌋,,,,,
731,,,𒐞 𒐖 𒌋 𒁹,,,,,
732,,,𒐞 𒐖 𒌋 𒈫,,,,,
733,,,𒐞 𒐖 𒌋 𒐈,,,,,
734,,,𒐞 𒐖 𒌋 𒐉,,,,,
735,,,𒐞 𒐖 𒌋 𒐊,,,,,
736,,,𒐞 𒐖 𒌋 𒐋,,,,,
737,,,𒐞 𒐖 𒌋 𒐌,,,,,
738,,,𒐞 𒐖 𒌋 𒐍,,,,,
739,,,𒐞 𒐖 𒌋 𒑆,,,,,
74,,𒐕𒌋𒐉,𒐕 𒌋 𒐉,𒐕𒌋𒐉,,,,
740,,,𒐞 𒐖 𒌋𒌋,,,,,
741,,,𒐞 𒐖 𒌋𒌋 𒁹,,,,,
742,,,𒐞 𒐖 𒌋𒌋 𒈫,,,,,
743,,,𒐞 𒐖 𒌋𒌋 𒐈,,,,,
744,,,𒐞 𒐖 𒌋𒌋 𒐉,,,,,
745,,,𒐞 𒐖 𒌋𒌋 𒐊,,,,,
746,,,𒐞 𒐖 𒌋𒌋 𒐋,,,,,
747,,,𒐞 𒐖 𒌋𒌋 𒐌,,,,,
748,,,𒐞 𒐖 𒌋𒌋 𒐍,,,,,
749,,,𒐞 𒐖 𒌋𒌋 𒑆,,,,,
75,,𒐕𒌋𒐊,𒐕 𒌋 𒐊,𒐕𒌋𒐊,,,,
750,,,𒐞 𒐖 𒌍,,,,,
751,,,𒐞 𒐖 𒌍 𒁹,,,,,
752,,,𒐞 𒐖 𒌍 𒈫,,,,,
753,,,𒐞 𒐖 𒌍 𒐈,,,,,
754,,,𒐞 𒐖 𒌍 𒐉,,,,,
755,,,𒐞 𒐖 𒌍 𒐊,,,,,
756,,,𒐞 𒐖 𒌍 𒐋,,,,,
757,,,𒐞 𒐖 𒌍 𒐌,,,,,
758,,,𒐞 𒐖 𒌍 𒐍,,,,,
759,,,𒐞 𒐖 𒌍 𒑆,,,,,
76,,𒐕𒌋𒐋,𒐕 𒌋 𒐋,𒐕𒌋𒐋,,,,
760,,,𒐞 𒐖 𒐏,,,,,
761,,,𒐞 𒐖 𒐏 𒁹,,,,,
762,,,𒐞 𒐖 𒐏 𒈫,,,,,
763,,,𒐞 𒐖 𒐏 𒐈,,,,,
764,,,𒐞 𒐖 𒐏 𒐉,,,,,
765,,,𒐞 𒐖 𒐏 𒐊,,,,,
766,,,𒐞 𒐖 𒐏 𒐋,,,,,
767,,,𒐞 𒐖 𒐏 𒐌,,,,,
768,,,𒐞 𒐖 𒐏 𒐍,,,,,
769,,,𒐞 𒐖 𒐏 𒑆,,,,,
77,,𒐕𒌋𒐌,𒐕 𒌋 𒐌,𒐕𒌋𒐌,,,,
770,,,𒐞 𒐖 𒐐,,,,,
771,,,𒐞 𒐖 𒐐 𒁹,,,,,
772,,,𒐞 𒐖 𒐐 𒈫,,,,,
773,,,𒐞 𒐖 𒐐 𒐈,,,,,
774,,,𒐞 𒐖 𒐐 𒐉,,,,,
775,,,𒐞 𒐖 𒐐 𒐊,,,,,
776,,,𒐞 𒐖 𒐐 𒐋,,,,,
777,,,𒐞 𒐖 𒐐 𒐌,,,,,
778,,,𒐞 𒐖 𒐐 𒐍,,,,,
779,,,𒐞 𒐖 𒐐 𒑆,,,,,
78,,𒐕𒌋𒐍,𒐕 𒌋 𒐍,𒐕𒌋𒐍,,,,
780,,,𒐞 𒐗,,,,,
781,,,𒐞 𒐗 𒁹,,,,,
782,,,𒐞 𒐗 𒈫,,,,,
783,,,𒐞 𒐗 𒐈,,,,,
784,,,𒐞 𒐗 𒐉,,,,,
785,,,𒐞 𒐗 𒐊,,,,,
786,,,𒐞 𒐗 𒐋,,,,,
787,,,𒐞 𒐗 𒐌,,,,,
788,,,𒐞 𒐗 𒐍,,,,,
789,,,𒐞 𒐗 𒑆,,,,,
79,,𒐕𒌋𒑆,𒐕 𒌋 𒑆,𒐕𒌋𒑆,,,,
790,,,𒐞 𒐗 𒌋,,,,,
791,,,𒐞 𒐗 𒌋 𒁹,,,,,
792,,,𒐞 𒐗 𒌋 𒈫,,,,,
793,,,𒐞 𒐗 𒌋 𒐈,,,,,
794,,,𒐞 𒐗 𒌋 𒐉,,,,,
795,,,𒐞 𒐗 𒌋 𒐊,,,,,
796,,,𒐞 𒐗 𒌋 𒐋,,,,,
797,,,𒐞 𒐗 𒌋 𒐌,,,,,
798,,,𒐞 𒐗 𒌋 𒐍,,,,,
799,,,𒐞 𒐗 𒌋 𒑆,,,,,
7timesbur2,,,,,𒐒,,,
7timesu,,,,,𒐒,,,
7x60,,,,,𒑂,,,
8,,𒁹𒑐,𒐍,𒁹𒑐,𒐆。𒑄。𒑅,,,
8 1,,,𒐍 𒁹,,,,,
8 i,,,𒐍 𒄿,,,,,
8(asz),𒐆,𒐆,𒐆,,,,,
8(asz@c),𒐆,𒐆,,,,,,
8(asz@v),𒑅,𒑅,,,,,,
8(asz@v@c),𒑅,𒑅,,,,,,
8(aš),𒐆,,,𒐆,,𒐆,,
8(aš@c),𒐆,,,𒐆,,𒐆,,
8(aš@c@90),,,,,,𒑄,,
8(aš@v),𒑅,,,𒑅,,𒑅,,
8(aš@v@c),𒑅,,,𒑅,,𒑅,,
8(aš~a),,,,,,𒑅,,
8(ban₂),,,,,,𒁹𒑐,,
8(bur3),𒐓,𒐓,,,,,,
8(bur₃),𒐓,,,𒐓,,𒐓,,
8(bur₃@c),,,,,,𒐓,,
8(disz),𒐍,𒐍,,,,,,
8(disz)@v,𒑄,𒑄,,,,,,
8(disz@c),𒐍,𒐍,,,,,,
8(diš),𒐍,,,𒐍,,𒐍,,
8(diš)@v,𒑄,,,𒑄,,𒑄,,
8(diš@c),𒐍,,,𒐍,,𒑄,,
8(gesz2),𒐜,𒐜,,,,,,
8(gesz2@c),𒐜,𒐜,,,,,,
8(gešmin@c),,,,,,None,,
8(geš₂),𒐜,,,𒐜,,𒐜,,
8(geš₂@c),𒐜,,,𒐜,,𒐜,,
8(geš₂@t),,,,,,󰂓,,
8(szar2),𒐪,𒐪,,,,,,
8(szar2@c),𒐪,𒐪,,,,,,
8(u),𒐓,,,𒐓,,𒐓,,
8(u@c),𒐓,,,𒐓,,𒐓,,
8(ŋešmin@c),,,,,,None,,
8(ŋeš₂),,,,,,𒐜,,
8(ŋeš₂@c),,,,,,𒐜,,
8(ŋeš₂@t),,,,,,󰂓,,
8(šargal),,,,,,𒐪,,
8(šargal@c),,,,,,𒐪,,
8(šar₂),𒐪,,,𒐪,,𒐪,,
8(šar₂@c),𒐪,,,𒐪,,𒐪,,
80,,𒐕𒌋𒌋,𒐕 𒌋𒌋,𒐕𒌋𒌋,𒐓,,,
800,,𒐞𒐗𒌋𒌋,𒐞 𒐗 𒌋𒌋,𒐞𒐗𒌋𒌋,,,,
801,,,𒐞 𒐗 𒌋𒌋 𒁹,,,,,
802,,,𒐞 𒐗 𒌋𒌋 𒈫,,,,,
803,,,𒐞 𒐗 𒌋𒌋 𒐈,,,,,
804,,,𒐞 𒐗 𒌋𒌋 𒐉,,,,,
805,,,𒐞 𒐗 𒌋𒌋 𒐊,,,,,
806,,,𒐞 𒐗 𒌋𒌋 𒐋,,,,,
807,,,𒐞 𒐗 𒌋𒌋 𒐌,,,,,
808,,,𒐞 𒐗 𒌋𒌋 𒐍,,,,,
809,,,𒐞 𒐗 𒌋𒌋 𒑆,,,,,
81,,𒐕𒌋𒌋𒁹,𒐕 𒌋𒌋 𒁹,𒐕𒌋𒌋𒁹,,,,
810,,,𒐞 𒐗 𒌍,,,,,
811,,,𒐞 𒐗 𒌍 𒁹,,,,,
812,,,𒐞 𒐗 𒌍 𒈫,,,,,
813,,,𒐞 𒐗 𒌍 𒐈,,,,,
814,,,𒐞 𒐗 𒌍 𒐉,,,,,
815,,,𒐞 𒐗 𒌍 𒐊,,,,,
816,,,𒐞 𒐗 𒌍 𒐋,,,,,
817,,,𒐞 𒐗 𒌍 𒐌,,,,,
818,,,𒐞 𒐗 𒌍 𒐍,,,,,
819,,,𒐞 𒐗 𒌍 𒑆,,,,,
82,,𒐕𒌋𒌋𒈫,𒐕 𒌋𒌋 𒈫,𒐕𒌋𒌋𒈫,,,,
820,,,𒐞 𒐗 𒐏,,,,,
821,,,𒐞 𒐗 𒐏 𒁹,,,,,
822,,,𒐞 𒐗 𒐏 𒈫,,,,,
823,,,𒐞 𒐗 𒐏 𒐈,,,,,
824,,,𒐞 𒐗 𒐏 𒐉,,,,,
825,,,𒐞 𒐗 𒐏 𒐊,,,,,
826,,,𒐞 𒐗 𒐏 𒐋,,,,,
827,,,𒐞 𒐗 𒐏 𒐌,,,,,
828,,,𒐞 𒐗 𒐏 𒐍,,,,,
829,,,𒐞 𒐗 𒐏 𒑆,,,,,
83,,𒐕𒌋𒌋𒐈,𒐕 𒌋𒌋 𒐈,𒐕𒌋𒌋𒐈,,,,
830,,,𒐞 𒐗 𒐐,,,,,
831,,,𒐞 𒐗 𒐐 𒁹,,,,,
832,,,𒐞 𒐗 𒐐 𒈫,,,,,
833,,,𒐞 𒐗 𒐐 𒐈,,,,,
834,,,𒐞 𒐗 𒐐 𒐉,,,,,
835,,,𒐞 𒐗 𒐐 𒐊,,,,,
836,,,𒐞 𒐗 𒐐 𒐋,,,,,
837,,,𒐞 𒐗 𒐐 𒐌,,,,,
838,,,𒐞 𒐗 𒐐 𒐍,,,,,
839,,,𒐞 𒐗 𒐐 𒑆,,,,,
84,,𒐕𒌋𒌋𒐉,𒐕 𒌋𒌋 𒐉,𒐕𒌋𒌋𒐉,,,,
840,,𒐞𒐘,𒐞 𒐘,𒐞𒐘,,,,
841,,,𒐞 𒐘 𒁹,,,,,
842,,,𒐞 𒐘 𒈫,,,,,
843,,,𒐞 𒐘 𒐈,,,,,
844,,,𒐞 𒐘 𒐉,,,,,
845,,,𒐞 𒐘 𒐊,,,,,
846,,,𒐞 𒐘 𒐋,,,,,
847,,,𒐞 𒐘 𒐌,,,,,
848,,,𒐞 𒐘 𒐍,,,,,
849,,,𒐞 𒐘 𒑆,,,,,
85,,𒐕𒌋𒌋𒐊,𒐕 𒌋𒌋 𒐊,𒐕𒌋𒌋𒐊,,,,
850,,𒐞𒐘𒌋,𒐞 𒐘 𒌋,𒐞𒐘𒌋,,,,
851,,,𒐞 𒐘 𒌋 𒁹,,,,,
852,,,𒐞 𒐘 𒌋 𒈫,,,,,
853,,,𒐞 𒐘 𒌋 𒐈,,,,,
854,,,𒐞 𒐘 𒌋 𒐉,,,,,
855,,,𒐞 𒐘 𒌋 𒐊,,,,,
856,,,𒐞 𒐘 𒌋 𒐋,,,,,
857,,,𒐞 𒐘 𒌋 𒐌,,,,,
858,,,𒐞 𒐘 𒌋 𒐍,,,,,
859,,,𒐞 𒐘 𒌋 𒑆,,,,,
86,,𒐕𒌋𒌋𒐋,𒐕 𒌋𒌋 𒐋,𒐕𒌋𒌋𒐋,,,,
860,,,𒐞 𒐘 𒌋𒌋,,,,,
861,,,𒐞 𒐘 𒌋𒌋 𒁹,,,,,
862,,,𒐞 𒐘 𒌋𒌋 𒈫,,,,,
863,,,𒐞 𒐘 𒌋𒌋 𒐈,,,,,
864,,,𒐞 𒐘 𒌋𒌋 𒐉,,,,,
865,,,𒐞 𒐘 𒌋𒌋 𒐊,,,,,
866,,,𒐞 𒐘 𒌋𒌋 𒐋,,,,,
867,,,𒐞 𒐘 𒌋𒌋 𒐌,,,,,
868,,,𒐞 𒐘 𒌋𒌋 𒐍,,,,,
869,,,𒐞 𒐘 𒌋𒌋 𒑆,,,,,
87,,𒐕𒌋𒌋𒐌,𒐕 𒌋𒌋 𒐌,𒐕𒌋𒌋𒐌,,,,
870,,,𒐞 𒐘 𒌍,,,,,
871,,,𒐞 𒐘 𒌍 𒁹,,,,,
872,,,𒐞 𒐘 𒌍 𒈫,,,,,
873,,,𒐞 𒐘 𒌍 𒐈,,,,,
874,,,𒐞 𒐘 𒌍 𒐉,,,,,
875,,,𒐞 𒐘 𒌍 𒐊,,,,,
876,,,𒐞 𒐘 𒌍 𒐋,,,,,
877,,,𒐞 𒐘 𒌍 𒐌,,,,,
878,,,𒐞 𒐘 𒌍 𒐍,,,,,
879,,,𒐞 𒐘 𒌍 𒑆,,,,,
88,,𒐕𒌋𒌋𒐍,𒐕 𒌋𒌋 𒐍,𒐕𒌋𒌋𒐍,,,,
880,,,𒐞 𒐘 𒐏,,,,,
881,,,𒐞 𒐘 𒐏 𒁹,,,,,
882,,,𒐞 𒐘 𒐏 𒈫,,,,,
883,,,𒐞 𒐘 𒐏 𒐈,,,,,
884,,,𒐞 𒐘 𒐏 𒐉,,,,,
885,,,𒐞 𒐘 𒐏 𒐊,,,,,
886,,,𒐞 𒐘 𒐏 𒐋,,,,,
887,,,𒐞 𒐘 𒐏 𒐌,,,,,
888,,,𒐞 𒐘 𒐏 𒐍,,,,,
889,,,𒐞 𒐘 𒐏 𒑆,,,,,
89,,𒐕𒌋𒌋𒑆,𒐕 𒌋𒌋 𒑆,𒐕𒌋𒌋𒑆,,,,
890,,,𒐞 𒐘 𒐐,,,,,
891,,,𒐞 𒐘 𒐐 𒁹,,,,,
892,,,𒐞 𒐘 𒐐 𒈫,,,,,
893,,,𒐞 𒐘 𒐐 𒐈,,,,,
894,,,𒐞 𒐘 𒐐 𒐉,,,,,
895,,,𒐞 𒐘 𒐐 𒐊,,,,,
896,,,𒐞 𒐘 𒐐 𒐋,,,,,
897,,,𒐞 𒐘 𒐐 𒐌,,,,,
898,,,𒐞 𒐘 𒐐 𒐍,,,,,
899,,,𒐞 𒐘 𒐐 𒑆,,,,,
8timesbur2,,,,,𒐓,,,
8timesu,,,,,𒐓,,,
8x60,,,,,𒐍。𒑄,,,
9,,𒑆,𒑆,𒑆,𒐇。𒑆。𒑇。𒑉,,,
9 1,,,𒑆 𒁹,,,,,
9 a,,,𒑆 𒀀,,,,,
9(asz),𒐇,𒐇,,,,,,
9(asz@c),𒐇,𒐇,,,,,,
9(aš),𒐇,,,𒐇,,𒐇,,
9(aš@c),𒐇,,,𒐇,,𒐇,,
9(aš@c@90),,𒐇,,𒐇,,𒑆,,
9(aš@v),,,,,,𒑇,,
9(aš@v@c),,,,,,𒑇,,
9(aš~a),,,,,,𒑇,,
9(ban₂),,,,,,𒁹𒑑,,
9(bur3),𒐔,𒐔,,,,,,
9(bur₃),𒐔,,,𒐔,,𒐔,,
9(bur₃@c),,,,,,𒐔,,
9(disz),𒑆,𒑆,,,,,,
9(disz)@v,𒑈,𒑈,,,,,,
9(disz)@v~a,𒑇,𒑇,,,,,,
9(disz)~d,𒐎,𒐎,,,,,,
9(disz@c),𒑆,𒑆,,,,,,
9(disz@c)@v,𒑈,𒑈,,,,,,
9(disz@c)@v~a,𒑇,𒑇,,,,,,
9(disz@c)~a,𒐎,𒐎,,,,,,
9(disz@v),𒑉,𒑉,,,,,,
9(disz@v@c),𒑉,𒑉,,,,,,
9(diš),𒑆,𒐎。𒑆,,𒐎,,𒐎,,
9(diš)@v,𒑈,,,𒑈,,𒑈,,
9(diš)@v~a,𒑇,,,𒑇,,𒑇,,
9(diš)~a,,,,,,𒑆,,
9(diš)~d,𒐎,,,𒐎,,,,
9(diš@c),𒑆,,,𒑆,,𒑆,,
9(diš@c)@v,𒑈,,,𒑈,,𒑈,,
9(diš@c)@v~a,𒑇,,,𒑇,,𒑇,,
9(diš@c)~a,𒐎,,,𒐎,,,,
9(diš@c)~d,,,,,,𒐎,,
9(diš@v),𒑉,,,𒑉,,𒑉,,
9(diš@v@c),𒑉,,,𒑉,,𒑉,,
9(diš~a),,𒑇,,𒑇,,𒑇,,
9(diš~b),,𒑈,,𒑈,,,,
9(diš~c),,𒑉,,𒑉,,,,
9(gesz2),𒐝,𒐝,,,,,,
9(gesz2@c),𒐝,𒐝,,,,,,
9(gešmin@c),,,,,,None,,
9(geš₂),𒐝,,,𒐝,,𒐝,,
9(geš₂@c),𒐝,,,𒐝,,𒐝,,
9(geš₂@t),,,,,,󰂔,,
9(szar2),𒐫,𒐫,,,,,,
9(szar2@c),𒐫,𒐫,,,,,,
9(u),𒐔,,,𒐔,,𒐔,,
9(u@c),𒐔,,,𒐔,,𒐔,,
9(ŋešmin@c),,,,,,None,,
9(ŋeš₂),,,,,,𒐝,,
9(ŋeš₂@c),,,,,,𒐝,,
9(ŋeš₂@t),,,,,,󰂔,,
9(šargal),,,,,,𒐫,,
9(šargal@c),,,,,,𒐫,,
9(šar₂),𒐫,,,𒐫,,𒐫,,
9(šar₂@c),𒐫,,,𒐫,,𒐫,,
90,,𒐕𒌍,𒐕 𒌍,𒐕𒌍,𒐔,,,
900,,,𒐞 𒐙,,,,,
901,,,𒐞 𒐙 𒁹,,,,,
902,,,𒐞 𒐙 𒈫,,,,,
903,,,𒐞 𒐙 𒐈,,,,,
904,,,𒐞 𒐙 𒐉,,,,,
905,,,𒐞 𒐙 𒐊,,,,,
906,,,𒐞 𒐙 𒐋,,,,,
907,,,𒐞 𒐙 𒐌,,,,,
908,,,𒐞 𒐙 𒐍,,,,,
909,,,𒐞 𒐙 𒑆,,,,,
91,,𒐕𒌍𒁹,𒐕 𒌍 𒁹,𒐕𒌍𒁹,,,,
910,,,𒐞 𒐙 𒌋,,,,,
911,,,𒐞 𒐙 𒌋 𒁹,,,,,
912,,,𒐞 𒐙 𒌋 𒈫,,,,,
913,,,𒐞 𒐙 𒌋 𒐈,,,,,
914,,,𒐞 𒐙 𒌋 𒐉,,,,,
915,,,𒐞 𒐙 𒌋 𒐊,,,,,
916,,,𒐞 𒐙 𒌋 𒐋,,,,,
917,,,𒐞 𒐙 𒌋 𒐌,,,,,
918,,,𒐞 𒐙 𒌋 𒐍,,,,,
919,,,𒐞 𒐙 𒌋 𒑆,,,,,
92,,𒐕𒌍𒈫,𒐕 𒌍 𒈫,𒐕𒌍𒈫,,,,
920,,,𒐞 𒐙 𒌋𒌋,,,,,
921,,,𒐞 𒐙 𒌋𒌋 𒁹,,,,,
922,,,𒐞 𒐙 𒌋𒌋 𒈫,,,,,
923,,,𒐞 𒐙 𒌋𒌋 𒐈,,,,,
924,,,𒐞 𒐙 𒌋𒌋 𒐉,,,,,
925,,,𒐞 𒐙 𒌋𒌋 𒐊,,,,,
926,,,𒐞 𒐙 𒌋𒌋 𒐋,,,,,
927,,,𒐞 𒐙 𒌋𒌋 𒐌,,,,,
928,,,𒐞 𒐙 𒌋𒌋 𒐍,,,,,
929,,,𒐞 𒐙 𒌋𒌋 𒑆,,,,,
93,,𒐕𒌍𒐈,𒐕 𒌍 𒐈,𒐕𒌍𒐈,,,,
930,,,𒐞 𒐙 𒌍,,,,,
931,,,𒐞 𒐙 𒌍 𒁹,,,,,
932,,,𒐞 𒐙 𒌍 𒈫,,,,,
933,,,𒐞 𒐙 𒌍 𒐈,,,,,
934,,,𒐞 𒐙 𒌍 𒐉,,,,,
935,,,𒐞 𒐙 𒌍 𒐊,,,,,
936,,,𒐞 𒐙 𒌍 𒐋,,,,,
937,,,𒐞 𒐙 𒌍 𒐌,,,,,
938,,,𒐞 𒐙 𒌍 𒐍,,,,,
939,,,𒐞 𒐙 𒌍 𒑆,,,,,
94,,𒐕𒌍𒐉,𒐕 𒌍 𒐉,𒐕𒌍𒐉,,,,
940,,,𒐞 𒐙 𒐏,,,,,
941,,,𒐞 𒐙 𒐏 𒁹,,,,,
942,,,𒐞 𒐙 𒐏 𒈫,,,,,
943,,,𒐞 𒐙 𒐏 𒐈,,,,,
944,,,𒐞 𒐙 𒐏 𒐉,,,,,
945,,,𒐞 𒐙 𒐏 𒐊,,,,,
946,,,𒐞 𒐙 𒐏 𒐋,,,,,
947,,,𒐞 𒐙 𒐏 𒐌,,,,,
948,,,𒐞 𒐙 𒐏 𒐍,,,,,
949,,,𒐞 𒐙 𒐏 𒑆,,,,,
95,,𒐕𒌍𒐊,𒐕 𒌍 𒐊,𒐕𒌍𒐊,,,,
950,,,𒐞 𒐙 𒐐,,,,,
951,,,𒐞 𒐙 𒐐 𒁹,,,,,
952,,,𒐞 𒐙 𒐐 𒈫,,,,,
953,,,𒐞 𒐙 𒐐 𒐈,,,,,
954,,,𒐞 𒐙 𒐐 𒐉,,,,,
955,,,𒐞 𒐙 𒐐 𒐊,,,,,
956,,,𒐞 𒐙 𒐐 𒐋,,,,,
957,,,𒐞 𒐙 𒐐 𒐌,,,,,
958,,,𒐞 𒐙 𒐐 𒐍,,,,,
959,,,𒐞 𒐙 𒐐 𒑆,,,,,
96,,𒐕𒌍𒐋,𒐕 𒌍 𒐋,𒐕𒌍𒐋,,,,
960,,,𒐞 𒐚,,,,,
961,,,𒐞 𒐚 𒁹,,,,,
962,,,𒐞 𒐚 𒈫,,,,,
963,,,𒐞 𒐚 𒐈,,,,,
964,,,𒐞 𒐚 𒐉,,,,,
965,,,𒐞 𒐚 𒐊,,,,,
966,,,𒐞 𒐚 𒐋,,,,,
967,,,𒐞 𒐚 𒐌,,,,,
968,,,𒐞 𒐚 𒐍,,,,,
969,,,𒐞 𒐚 𒑆,,,,,
97,,𒐕𒌍𒐌,𒐕 𒌍 𒐌,𒐕𒌍𒐌,,,,
970,,,𒐞 𒐚 𒌋,,,,,
971,,,𒐞 𒐚 𒌋 𒁹,,,,,
972,,,𒐞 𒐚 𒌋 𒈫,,,,,
973,,,𒐞 𒐚 𒌋 𒐈,,,,,
974,,,𒐞 𒐚 𒌋 𒐉,,,,,
975,,,𒐞 𒐚 𒌋 𒐊,,,,,
976,,,𒐞 𒐚 𒌋 𒐋,,,,,
977,,,𒐞 𒐚 𒌋 𒐌,,,,,
978,,,𒐞 𒐚 𒌋 𒐍,,,,,
979,,,𒐞 𒐚 𒌋 𒑆,,,,,
98,,𒐕𒌍𒐍,𒐕 𒌍 𒐍,𒐕𒌍𒐍,,,,
980,,,𒐞 𒐚 𒌋𒌋,,,,,
981,,,𒐞 𒐚 𒌋𒌋 𒁹,,,,,
982,,,𒐞 𒐚 𒌋𒌋 𒈫,,,,,
983,,,𒐞 𒐚 𒌋𒌋 𒐈,,,,,
984,,,𒐞 𒐚 𒌋𒌋 𒐉,,,,,
985,,,𒐞 𒐚 𒌋𒌋 𒐊,,,,,
986,,,𒐞 𒐚 𒌋𒌋 𒐋,,,,,
987,,,𒐞 𒐚 𒌋𒌋 𒐌,,,,,
988,,,𒐞 𒐚 𒌋𒌋 𒐍,,,,,
989,,,𒐞 𒐚 𒌋𒌋 𒑆,,,,,
99,,𒐕𒌍𒑆,𒐕 𒌍 𒑆,𒐕𒌍𒑆,,,,
990,,,𒐞 𒐚 𒌍,,,,,
991,,,𒐞 𒐚 𒌍 𒁹,,,,,
992,,,𒐞 𒐚 𒌍 𒈫,,,,,
993,,,𒐞 𒐚 𒌍 𒐈,,,,,
994,,,𒐞 𒐚 𒌍 𒐉,,,,,
995,,,𒐞 𒐚 𒌍 𒐊,,,,,
996,,,𒐞 𒐚 𒌍 𒐋,,,,,
997,,,𒐞 𒐚 𒌍 𒐌,,,,,
998,,,𒐞 𒐚 𒌍 𒐍,,,,,
999,,,𒐞 𒐚 𒌍 𒑆,,,,,
9timesbur2,,,,,𒐔,,,
9timesu,,,,,𒐔,,,
9x60,,,,,𒑆,,,
:,𒑱,,𒑱,𒑱,𒑱,𒑱,,
":""",𒑲,𒑲,,,,𒑲,,
:.,𒑳,,,𒑳,,𒑳,,
::,,,,,,𒑴,,
<<u>>,,,𒌋,,,,,
<e2>,,,𒂍,,,,,
<eĝ3>,,,𒉘,,,,,
<gaba,,,𒃮,,,,,
<i>,,,𒄿,,,,,
<it>,,,𒀉,,,,,
<ma2,,,𒈣,,,,,
<man,,,𒌋𒌋,,,,,
<ni>,,,𒉌,,,,,
<né>,,,𒉌,,,,,
<pi2>,,,𒁉,,,,,
<ra>,,,𒊏,,,,,
<ru>,,,𒊒,,,,,
<u>,,,𒌋,,,,,
<šá,,,𒃻,,,,,
<ḫi>,,,𒄭,,,,,
?,𒕄,,,𒕄,,,,
[...],𒈀𒇲,𒈀𒇲,,,,,,
[...]di,𒉭,𒉭,,,,,,
[...]ennu,𒂍𒈂𒀀,𒂍𒈂𒀀,,,,,,
[...]gida,𒉭,𒉭,,,,,,
[...]ri,𒀀𒄩,𒀀𒄩,,,,,,
[2],,,𒈫,,,,,
[3,,,𒐈,,,,,
[:],,,𒑱,,,,,
[a,,,𒀀,,,,,
[a],,,𒀀,,,,,
[abulla,,,𒆍𒃲,,,,,
[an,,,𒀭,,,,,
[b]ad,,,𒁁,,,,,
[b]e,,,𒁁,,,,,
[b]i,,,𒁉,,,,,
[bar,,,𒁇,,,,,
[bi2,,,𒉈,,,,,
[bé],,,𒁉,,,,,
[d,,,𒀭,,,,,
[d],,,𒀭,,,,,
[d]u,,,𒁺,,,,,
[da,,,𒁕,,,,,
[de2,,,𒌤,,,,,
[di]n,,,𒁷,,,,,
[du10,,,𒄭,,,,,
[e,,,𒂊,,,,,
[e2],,,𒂍,,,,,
[e?],,,𒂊,,,,,
[e],,,𒂊,,,,,
[enim,,,𒅗,,,,,
[g]i,,,𒄀,,,,,
[gaba,,,𒃮,,,,,
[gilgameš2],,,𒄑𒉋𒂵𒈨𒌋𒌋𒌋,,,,,
[gub,,,𒁺,,,,,
[gub],,,𒁺,,,,,
[ha,,,𒄩,,,,,
[i,,,𒄿,,,,,
[i],,,𒄿,,,,,
[im,,,𒅎,,,,,
[in,,,𒅔,,,,,
[ina,,,𒀸,,,,,
[ina],,,𒀸,,,,,
[it,,,𒀉,,,,,
[iṭ,,,𒀉,,,,,
[k]a,,,𒅗,,,,,
[kar],,,𒋼𒀀,,,,,
[ke4],,,𒆤,,,,,
[keše2,,,𒆟,,,,,
[ki,,,𒆠,,,,,
[kim,,,𒁶,,,,,
[ku3,,,𒆬,,,,,
[ku4,,,𒆭,,,,,
[kur,,,𒆳,,,,,
[l]u,,,𒇻,,,,,
[la],,,𒆷,,,,,
[li,,,𒇷,,,,,
[lu,,,𒇻,,,,,
[lugal],,,𒈗,,,,,
[m,,,𒁹,,,,,
[m],,,𒁹,,,,,
[m]a,,,𒈠,,,,,
[m]a!,,,𒈠,,,,,
[ma,,,𒈠,,,,,
[ma]š,,,𒈦,,,,,
[men,,,𒃞,,,,,
[mi,,,𒈪,,,,,
[mu,,,𒈬,,,,,
[mu],,,𒈬,,,,,
[na,,,𒈾,,,,,
[nam,,,𒉆,,,,,
[ni,,,𒉌,,,,,
[nu],,,𒉡,,,,,
[pe],,,𒉿,,,,,
[q]is,,,𒆧,,,,,
[r]a,,,𒊏,,,,,
[re,,,𒊑,,,,,
[re],,,𒊑,,,,,
[ri,,,𒊑,,,,,
[s]ag,,,𒊕,,,,,
[saĝ],,,𒊕,,,,,
[si,,,𒋛,,,,,
[sz,,,š,,,,,
[szu],,,𒋗,,,,,
[t]a,,,𒋫,,,,,
[t]e,,,𒋼,,,,,
[t]i,,,𒋾,,,,,
[ta,,,𒋫,,,,,
[ta]k,,,𒋳,,,,,
[tak,,,𒋳,,,,,
[te,,,𒋼,,,,,
[te],,,𒋼,,,,,
[ti,,,𒋾,,,,,
[tu,,,𒌅,,,,,
[u4,,,𒌓,,,,,
[u4],,,𒌓,,,,,
[u]k,,,𒊌,,,,,
[u]l,,,𒌌,,,,,
[u]m,,,𒌝,,,,,
[ul,,,𒌌,,,,,
[un,,,𒌦,,,,,
[unu]{ki#},,,𒀕 𒆠,,,,,
[xx],,,𒊚𒃮,,,,,
[z]a,,,𒍝,,,,,
[za,,,𒍝,,,,,
[za],,,𒍝,,,,,
[zu],,,𒍪,,,,,
[{u2}]u2#,,,𒌑 𒌑,,,,,
[{u2}]u2#?,,,𒌑 𒌑,,,,,
[áš,,,𒀾,,,,,
[é],,,𒂍,,,,,
[ùg],,,𒌦,,,,,
[ĝeš,,,𒄑,,,,,
[š]a,,,𒊭,,,,,
[š]ar,,,𒊬,,,,,
[š]et,,,𒋃,,,,,
[š]i,,,𒅆,,,,,
[š]ul,,,𒂄,,,,,
[š]á,,,𒃻,,,,,
[ša]ra,,,𒁈,,,,,
[šar2,,,𒊹,,,,,
[šar2],,,𒊹,,,,,
[šu,,,𒋗,,,,,
[šú,,,𒋙,,,,,
[šú],,,𒋙,,,,,
[ṣ]u,,,𒍮,,,,,
[ṣe,,,𒍢,,,,,
]d,,,𒀭,,,,,
_1(bur3),,,𒌋,,,,,
_1(disz),,,𒁹,,,,,
_2(disz),,,𒈫,,,,,
_4_,,,𒐉,,,,,
_a,,,𒀀,,,,,
_ab2,,,𒀖,,,,,
_abul_,,,𒆍𒃲,,,,,
_aga3,,,𒂆,,,,,
_an,,,𒀭,,,,,
_an_,,,𒀭,,,,,
_ansze_,,,𒀲,,,,,
_ar,,,𒅈,,,,,
_arad2,,,𒀵,,,,,
_arad2_,,,𒀵,,,,,
_buru14,,,𒂙,,,,,
_buru14_,,,𒂙,,,,,
_dam,,,𒁮,,,,,
_dam_,,,𒁮,,,,,
_dingir,,,𒀭,,,,,
_dingir_,,,𒀭,,,,,
_du10,,,𒄭,,,,,
_du3_,,,𒆕,,,,,
_dumu,,,𒌉,,,,,
_dumu_,,,𒌉,,,,,
_dur,,,𒄙,,,,,
_e,,,𒂊,,,,,
_e2,,,𒂍,,,,,
_e2_,,,𒂍,,,,,
_e4,,,𒀀,,,,,
_egir_,,,𒂕,,,,,
_en_,,,𒂗,,,,,
_erin2_,,,𒂟,,,,,
_garza,,,𒉺𒀭,,,,,
_geme2,,,𒊩𒆳,,,,,
_geme2_,,,𒊩𒆳,,,,,
_gesztin_,,,𒃾,,,,,
_gesztu,,,𒉿,,,,,
_gidri,,,𒉺,,,,,
_gig,,,𒈪𒉭,,,,,
_gig_,,,𒈪𒉭,,,,,
_gin2,,,𒂆,,,,,
_gir2,,,𒄈,,,,,
_giri3,,,𒄊,,,,,
_gu4_,,,𒄞,,,,,
_gun,,,𒄘𒌦,,,,,
_gun_,,,𒄘𒌦,,,,,
_guru7,,,𒄦,,,,,
_he2,,,𒃶,,,,,
_i,,,𒄿,,,,,
_i7_,,,𒀀𒇉,,,,,
_ibila_,,,𒌉𒍑,,,,,
_igi,,,𒅆,,,,,
_im,,,𒅎,,,,,
_inim,,,𒅗,,,,,
_iri,,,𒌷,,,,,
_iri_,,,𒌷,,,,,
_iti,,,𒌗,,,,,
_iti_,,,𒌗,,,,,
_ka2_,,,𒆍,,,,,
_ka_,,,𒅗,,,,,
_kalam_,,,𒌦,,,,,
_kar,,,𒋼𒀀,,,,,
_kar_,,,𒋼𒀀,,,,,
_kaskal_,,,𒆜,,,,,
_kasz,,,𒁉,,,,,
_ki,,,𒆠,,,,,
_ki_,,,𒆠,,,,,
_kiszib3,,,𒁾,,,,,
_ku3,,,𒆬,,,,,
_kur_,,,𒆳,,,,,
_lu2,,,𒇽,,,,,
_lu2_,,,𒇽,,,,,
_lugal,,,𒈗,,,,,
_lugal_,,,𒈗,,,,,
_lukur,,,𒊩𒈨,,,,,
_ma,,,𒈠,,,,,
_masz,,,𒈦,,,,,
_masz2,,,𒈧,,,,,
_mu,,,𒈬,,,,,
_munus,,,𒊩,,,,,
_munus_,,,𒊩,,,,,
_musz_,,,𒈲,,,,,
_nig2,,,𒃻,,,,,
_nim,,,𒉏,,,,,
_ninda,,,𒃻,,,,,
_nu,,,𒉡,,,,,
_numun_,,,𒆰,,,,,
_sa,,,𒊓,,,,,
_sa10_,,,𒉚,,,,,
_sag,,,𒊕,,,,,
_saga_,,,𒊕,,,,,
_sila_,,,𒋻,,,,,
_sipa_,,,𒉺𒇻,,,,,
_suhusz_,,,𒁼,,,,,
_sza3_,,,𒊮,,,,,
_szah2_,,,𒂄,,,,,
_sze,,,𒊺,,,,,
_sze_,,,𒊺,,,,,
_szu,,,𒋗,,,,,
_szu_,,,𒋗,,,,,
_u,,,𒌋,,,,,
_u4,,,𒌓,,,,,
_u4_,,,𒌓,,,,,
_u8,,,𒇇,,,,,
_ud5_,,,𒍚,,,,,
_udu,,,𒇻,,,,,
_udu_,,,𒇻,,,,,
_ug3,,,𒌦,,,,,
_ugu,,,𒌋𒅗,,,,,
_ugu_,,,𒌋𒅗,,,,,
_ukken_,,,𒌺,,,,,
_um,,,𒌝,,,,,
_un_,,,𒌦,,,,,
_ur,,,𒌨,,,,,
_uri{ki}_,,,𒌵 𒆠,,,,,
_uszumgal,,,𒃲𒁔,,,,,
_uzu,,,𒍜,,,,,
_uzu_,,,𒍜,,,,,
_{d}i7_,,,𒀭 𒀀𒇉,,,,,
_{gesz}gu,,,𒄑 𒄖,,,,,
_{gesz}ig,,,𒄑 𒅅,,,,,
_{gesz}kiri6_,,,𒄑 𒊬,,,,,
_{gesz}ma2_,,,𒄑 𒈣,,,,,
_{gesz}na2_,,,𒄑 𒈿,,,,,
_{gesz}tukul,,,𒄑 𒆪,,,,,
_{gesz}tukul_,,,𒄑 𒆪,,,,,
_{lu2}ensi_,,,𒇽 𒂗𒈨𒇷,,,,,
_{lu2}hal_,,,𒇽 𒄬,,,,,
_{lu2}hun,,,𒇽 𒂠,,,,,
_{lu2}masz,,,𒇽 𒈦,,,,,
_à,,,𒉿,,,,,
_ár,,,𒌒,,,,,
_í,,,𒐊,,,,,
a,𒀀,,𒀀,𒀀,𒀀,𒀀,,
a e i u,,,𒀀 𒂊 𒄿 𒌋,,,,,
a!,,,𒀀,,,,,
a#,,,𒀀,,,,,
a',𒀪,𒀪,𒀪,,,,,
a'2,𒄴,𒄴,,,,,,
a'3,𒂍,𒂍,,,,,,
a'a3,𒆹,𒆹,,,,,,
a'u'u,𒀀𒉺𒄐𒉻𒋛𒀀,𒀀𒉺𒄐𒉻𒋛𒀀,,,,,,
a-gar3,𒀀𒃼,,,𒀀𒃼,,,,
a-gar5,𒀀𒈖,𒀀𒈖,,,,,,
a-gar₃,,,,,,𒀀𒃼,,
a-gar₅,𒀀𒈖,,,𒀀𒈖,,𒀀𒈖,,
a-ra2,𒀀𒁺,𒀀𒁺,,,,,,
a-ra₂,𒀀𒁺,,,𒀀𒁺,,𒀀𒁺,,
a-rin4-na,𒀀𒈕𒈾,𒀀𒈕𒈾,,,,,,
a-rin₄-na,𒀀𒈕𒈾,,,𒀀𒈕𒈾,,𒀀𒈕𒈾,,
a.a,,𒀀𒀀,,𒀀𒀀,𒀀𒀀,,,
a.a.a,,𒀀𒀀𒀀,,𒀀𒀀𒀀,,,,
a.am,,,,,𒀀𒄠,,,
a.an,,𒀀𒀭,,𒀀𒀭,𒀀𒀭,,,
a.an.ga2,,,,,𒀀𒀭𒂷,,,
a.bad,,𒀃,,𒀃,𒀀𒁁,,,
a.du,,𒀀𒁺,,𒀀𒁺,𒀀𒁺,,,
a.edin,,𒀀𒂔,,𒀀𒂔,𒀀𒂔,,,
a.edin.a.lal,,𒀀𒂔𒀀𒇲,,𒀀𒂔𒀀𒇲,,,,
a.edin.lal,,𒀀𒂔𒇲,,𒀀𒂔𒇲,𒀀𒂔𒇲,,,
a.engur,,,,,𒀀𒇉,,,
a.engur.an.bara2,,,,,𒀀𒇉𒀭𒁈,,,
a.engur.an.muš,,,,,𒀀𒇉𒀭𒈲,,,
a.engur.an.mušovermuš,,,,,𒀀𒇉𒀭𒈶,,,
a.engur.an.ri8,,,,,𒀀𒇉𒀭𒈶,,,
a.engur.an.tu,,,,,𒀀𒇉𒀭𒌅,,,
a.engur.di,,,,,𒀀𒇉𒁲,,,
a.engur.dimgul,,,,,𒀀𒇉,,,
a.engur.gal,,,,,𒀀𒇉𒃲,,,
a.esir2,,,,,𒀀𒇒,,,
a.gaba,,,,,𒀀𒃮,,,
a.gaba.liš.tu,,𒀀𒃮𒇺𒌅,,𒀀𒃮𒇺𒌅,,,,
a.gar3,,,,,𒀀𒃼,,,
a.gar₃,,𒀀𒃼,,𒀀𒃼,,,,
a.giš.tu.gaba.liš,,𒀀𒄑𒌅𒃮𒇺,,𒀀𒄑𒌅𒃮𒇺,,,,
a.gud×kur,,𒀀𒄠,,𒀀𒄠,,,,
a.gug2,,,,,𒀀𒈖,,,
a.ha,,𒀀𒄩,,𒀀𒄩,,,,
a.ha.a,,𒀀𒄩𒀀,,𒀀𒄩𒀀,,,,
a.ha.tar.du,,𒀀𒄩𒋻𒁺,,𒀀𒄩𒋻𒁺,,,,
a.hu.si,,𒀀𒄷𒋛,,𒀀𒄷𒋛,,,,
a.igi,,𒀀𒅆,,𒀀𒅆,𒀀𒅆,,,
a.ka,,𒀀𒅗,,𒀀𒅗,𒀀𒅗,,,
a.kal,,𒀀𒆗,,𒀀𒆗,𒀀𒄨,,,
a.ku,,,,,𒀀𒆪,,,
a.kušu2,,,,,𒀀𒆵,,,
a.kušu₂,,𒀀𒆵,,𒀀𒆵,,,,
a.lagab+lagab,,,,,𒀀𒆸𒆸,,,
a.lagab.lagab,,𒀀𒆸𒆸,,𒀀𒆸𒆸,,,,
a.lagabxḫal,,,,,𒀀𒇉,,,
a.lagab×a,,𒀀𒆹,,𒀀𒆹,,,,
a.lagab×hal,,𒀀𒇉,,𒀀𒇉,,,,
a.lagab×hal.di,,𒀀𒇉𒁲,,𒀀𒇉𒁲,,,,
a.lagab×hal.gal,,𒀀𒇉𒃲,,𒀀𒇉𒃲,,,,
a.lagab×hal.ud.nun.ki,,𒀀𒇉𒌓𒉣𒆠,,𒀀𒇉𒌓𒉣𒆠,,,,
a.lagab×hal.x,,𒀀𒇉,,𒀀𒇉,,,,
a.lagab×hal.šu₂,,𒀀𒇉𒋙,,𒀀𒇉𒋙,,,,
a.lagab×kul,,𒀀𒇒,,𒀀𒇒,,,,
a.lagab×kul.ma₂.šu₂.a,,𒀀𒇒𒈣𒋙𒀀,,𒀀𒇒𒈣𒋙𒀀,,,,
a.lum,,𒀀𒈝,,𒀀𒈝,,,,
a.lu₂@s.na,,𒀀𒈕𒈾,,𒀀𒈕𒈾,,,,
a.lu₃,,𒀀𒈖,,𒀀𒈖,,,,
a.mi.a,,𒀀𒈪𒀀,,𒀀𒈪𒀀,𒀀𒈪𒀀,,,
a.muš,,𒀀𒈲,,𒀀𒈲,,,,
a.muš3,,,,,𒀀𒈹,,,
a.muš3.di,,,,,𒀀𒈹𒁲,,,
a.muš₃,,𒀀𒈹,,𒀀𒈹,,,,
a.muš₃.a.di,,𒀀𒈹𒀀𒁲,,𒀀𒈹𒀀𒁲,,,,
a.muš₃.di,,𒀀𒈹𒁲,,𒀀𒈹𒁲,,,,
a.muš₃×a.di,,𒀀𒈺𒁲,,𒀀𒈺𒁲,,,,
a.pa.bi.si.a.ga,,𒀀𒉺𒁉𒋛𒀀𒂵,,𒀀𒉺𒁉𒋛𒀀𒂵,,,,
a.pa.gisal.pad.dir,,,,,𒀀𒉺𒄐𒉻𒋛𒀀,,,
a.pa.gisal.pad.si.a,,𒀀𒉺𒄐𒉻𒋛𒀀,,𒀀𒉺𒄐𒉻𒋛𒀀,,,,
a.sag,,𒀀𒊕,,𒀀𒊕,𒀀𒊕,,,
a.sig,,𒀀𒋝,,𒀀𒋝,,,,
a.su,,𒀀𒋢,,𒀀𒋢,𒀀𒋢,,,
a.sud,,𒀀𒋤,,𒀀𒋤,𒀀𒋤,,,
a.tar.a.an,,𒀀𒋻𒀀𒀭,,𒀀𒋻𒀀𒀭,𒀀𒋻𒀀𒀭,,,
a.tir,,,,,𒀀𒌁,,,
a.tu,,𒀀𒌅,,𒀀𒌅,,,,
a.tu.gaba,,𒀀𒌅𒃮,,𒀀𒌅𒃮,,,,
a.tu.gaba.liš,,𒀀𒌅𒃮𒇺,,𒀀𒌅𒃮𒇺,,,,
a.tu.gaba.sig.gar,,𒀀𒌅𒃮𒋝𒃻,,𒀀𒌅𒃮𒋝𒃻,,,,
a.tur,,𒀀𒌉,,𒀀𒌉,𒀀𒌉,,,
a.u.edin.lal,,𒀀𒌋𒂔𒇲,,𒀀𒌋𒂔𒇲,,,,
a.u.ka,,𒀀𒌋𒅗,,𒀀𒌋𒅗,,,,
a.u5,,,,,𒀀𒄷𒋛,,,
a.zi&zi,,𒀀𒍤,,𒀀𒍤,,,,
a.zi&zi.eš₂,,𒀀𒍤𒂠,,𒀀𒍤𒂠,,,,
a.še.nun&nun,,𒀀𒊺𒉪,,𒀀𒊺𒉪,,,,
a.šeg8,,,,,𒀀𒋙𒉀,,,
a.šu.naga,,𒀀𒋗𒉀,,𒀀𒋗𒉀,𒀀𒋗𒉀,,,
a.šu₂.naga,,𒀀𒋙𒉀,,𒀀𒋙𒉀,,,,
a.ḫa,,,,,𒀀𒄩,,,
a.ḫa.tar.du,,,,,𒀀𒄩𒋻𒁺,,,
a10,𒊷,𒊷,,,𒊷,,,
a11,𒀭,𒀭,,,𒀭,,,
a12,𒌓,𒌓,𒌓,,𒌓,,,
a12-ra2-bu,𒌓𒁺𒁍,𒌓𒁺𒁍,,,,,,
a12.kušu2,,,,,𒌔,,,
a13,𒌗,𒌗,,,,,,
a13.kušu2,,,,,𒌗𒆵,,,
a14,𒂍,𒂍,,,𒂍,,,
a2,𒀉,𒀉,𒀉,,𒀉,,,
a2!,,,𒀉,,,,,
a2.arḫuš,,,,,𒀉𒂑,,,
a2.aš,,,,,𒀉𒀸,,,
a2.kal,,,,,𒀉𒄨,,,
a2.lal.erim,,,,,𒀉𒇲𒂟,,,
a2.munus,,,,,𒀉𒊩,,,
a2.muš2,,,,,𒀉𒈽,,,
a2.muš3,,,,,𒀉𒈹,,,
a2.pa,,,,,𒀉𒉺,,,
a2.suku5,,,,,𒀉𒈽,,,
a2.suku6,,,,,𒀉𒈹,,,
a2.sukud,,,,,𒀉𒈽,,,
a2.sukud3,,,,,𒀉𒈹,,,
a2.tur,,,,,𒀉𒌉,,,
a2.u.kid,,,,,𒀉𒌋𒆤,,,
a2.ud.du,,,,,𒀉𒌓𒁺,,,
a2.zag2,,,,,𒀉𒉺,,,
a2.šita4,,,,,𒀉𒌋𒆤,,,
a2.ḫu,,,,,𒀉𒄷,,,
a2’,,,,,𒄴,,,
a3,𒉿,𒉿,𒉿,,𒉿,,,
a3’,,,,,𒂍,,,
a4,𒀀𒀭,𒀀𒀭,𒀀𒀭,,𒀀𒀭,,,
a5,𒀝,𒀝,𒀝,,𒀝,,,
a5],,,𒀝,,,,,
a6,𒌋,𒌋,,,𒌋,,,
a7,𒄩,𒄩,,,𒄩,,,
a8,𒌨,𒌨,,,𒌨,,,
a9,𒆹,𒆹,,,𒆹,,,
a[m,,,𒄠,,,,,
a[n,,,𒀭,,,,,
a],,,𒀀,,,,,
a]k,,,𒀝,,,,,
a]m,,,𒄠,,,,,
a_,,,𒀀,,,,,
ab,𒀊,,𒀊,𒀊,𒀊,𒀊,,
ab eb ib ub,,,𒀊 𒅁 𒅁 𒌒,,,,,
ab ib ub,,,𒀊 𒅁 𒌒,,,,,
ab.dam.ma,,,,,𒀊𒁮𒈠,,,
ab.ha.zag.gaba.hu,,𒀊𒄩𒍠𒃮𒄷,,𒀊𒄩𒍠𒃮𒄷,,,,
ab.ha@g,,𒀊𒄫,,𒀊𒄫,,,,
ab.muš3,,,,,𒀊𒈹,,,
ab.muš₃,,𒀊𒈹,,𒀊𒈹,,,,
ab.nam,,𒀊𒉆,,𒀊𒉆,𒀊𒉆,,,
ab.ḫa.zag.du8.ḫu,,,,,𒀊𒄩𒍠𒃮𒄷,,,
ab.ḫa.zag.gab.ḫu,,,,,𒀊𒄩𒍠𒃮𒄷,,,
ab2,𒀖,𒀖,𒀖,,𒀖,,,
ab2.abrig,,,,,𒀖𒉣𒈨𒁺,,,
ab2.dib,,,,,𒀖𒇻,,,
ab2.kid2,,,,,𒀖𒋺,,,
ab2.ku,,,,,𒀖𒆪,,,
ab2.lu,,,,,𒀖𒇻,,,
ab2.nun.me.du,,,,,𒀖𒉣𒈨𒁺,,,
ab2xbalag,,,,,𒀗,,,
ab2xdub2,,,,,𒀗,,,
ab2xgan2tenû,,,,,𒀘,,,
ab2xkar2,,,,,𒀘,,,
ab2xkid2,,,,,𒀛,,,
ab2xme.en,,,,,𒀙,,,
ab2xtak4,,,,,𒀛,,,
ab2xša3,,,,,𒀚,,,
ab3,𒀜,𒀜,,,𒀜,,,
ab4,𒀕,𒀕,,,,,,
ab@g,,𒀕,𒀕,𒀕,,,,
ab@g.muš₃.za,,𒀕𒈹𒍝,,𒀕𒈹𒍝,,,,
aba,𒀊,,𒀊,𒀊,𒀊,𒀊,,
aba3,𒀜,𒀜,,,𒀜,,,
aba4,𒀕,𒀕,𒀕,,,,,
aban,𒉌𒌓,,,𒉌𒌓,,,,
aba₃,𒀜,,,𒀜,,𒀜,,
aba₄,𒀕,,,𒀕,,𒀕,,
abba,𒀊,,,𒀊,𒀊,𒀊,,
abba2,𒀋,𒀋,𒀋,,𒀋,,,
abbar,𒆹,,𒆹,𒆹,𒆹,𒆹,,
abbaraₓ,𒆹,,,𒆹,,𒆹,,
abbarₓ,𒇅,,,𒇅,,𒇅,,
abba₂,𒀋,,,𒀋,,𒀋,,
abbununna,𒌓𒄷𒄭𒉣,,,𒌓𒄷𒄭𒉣,,𒌓𒄷𒄭𒉣,,
abbununnaₓ,𒌓𒄷𒄭𒉣,,,𒌓𒄷𒄭𒉣,,𒌓𒄷𒄭𒉣𒈾,,
abbununnu,𒌓𒄷𒄭𒉣,,,𒌓𒄷𒄭𒉣,,𒌓𒄷𒄭𒉣,,
abbununnuₓ,𒌓𒄷𒄭𒉣,,,𒌓𒄷𒄭𒉣,,𒌓𒄷𒄭𒉣𒈾,,
abgal,𒉣𒈨,,𒉣𒈨,𒉣𒈨,𒉣𒈨,𒉣𒈨,,
abgal2,𒉣𒈨,𒉣𒈨,𒉣𒈨𒅤,,𒉣𒈨𒅤,,,
abgal₂,𒉣𒈨,,,𒉣𒈨,,,,
abgal₂?,,,,,,𒉣𒈨𒅤,,
abgalₓ,𒉣𒈨,,,𒉣𒈨,,,,
abgalₓ?,,,,,,𒉣𒈨𒅴,,
abgunû,,,,,𒀕,,,
ablal,𒆼,,𒆼,𒆼,𒆼,𒆼,,
ablal2,𒆹,𒆹,,,𒆹,,,
ablal3,𒇦,𒇦,𒇦,,𒇦,,,
ablal₂,𒆹,,,𒆹,,,,
ablal₂?,,,,,,𒆹,,
ablal₃,𒇦,,,𒇦,,𒇦,,
ablalₓ,𒇐,,,𒇐,,𒇐,,
abni,,,,,𒆠𒉈,,,
abni2,𒆠𒉈,𒆠𒉈,,,𒆠𒉈,,,
abni₂,𒆠𒉈,,,𒆠𒉈,,𒆠𒉈,,
abnu,𒌓𒉌,,,𒌓𒉌,,,,
abrig,𒉣𒈨𒁺,,𒉣𒈨𒁺,𒉣𒈨𒁺,𒉣𒈨𒁺,𒉣𒈨𒁺,,
abrig2,𒉣𒈨𒁺,𒉣𒈨𒁺,𒀖𒉣𒈨𒁺,,𒀖𒉣𒈨𒁺,,,
abrig₂,𒉣𒈨𒁺,,,𒉣𒈨𒁺,,𒀖𒉣𒈨。𒀖𒉣𒈨𒁺。𒉣𒀖𒁺。𒉣𒈨𒀖𒁺,,
absin,𒆠𒀸𒀸,,𒆠𒀸𒀸,𒆠𒀸𒀸,𒆠𒀸𒀸,𒆠𒀸𒀸,,
absin2,𒀊𒉆,𒀊𒉆,,,𒀊𒉆,,,
absin3,𒀳,𒀳,𒀳,,𒀳,,,
absin₂,𒀊𒉆,,,𒀊𒉆,,𒀊𒉆,,
absin₃,𒀳,,,𒀳,,𒀳,,
absu,𒍪𒀊,,,𒍪𒀊,,𒍪𒀊,,
abszin3,𒀳,𒀳,,,,,,
abul,𒆍𒃲,,𒆍𒃲,𒆍𒃲,𒆍𒃲,𒆍𒃲,,
abula,𒆍𒃲,,,𒆍𒃲,,𒆍𒃲,,
abulla,𒆍𒃲,,𒆍𒃲,𒆍𒃲,,𒆍𒃲,,
abxaš2,,,,,𒀋,,,
abxgal,,,,,𒀍,,,
abxgan2tenû,,,,,𒀎,,,
abxgin2,,,,,𒀌,,,
abxigigunû,,,,,𒀐,,,
abximin,,,,,𒀑,,,
abxkar2,,,,,𒀎,,,
abxlagab,,,,,𒀒,,,
abxpa,,,,,𒍢,,,
abxsig7,,,,,𒀐,,,
abxšeš,,,,,𒀓,,,
abxḫa,,,,,𒀏,,,
abzu,𒍪𒀊,,𒍪𒀊,𒍪𒀊,𒍪𒀊,𒍪𒀊,,
abzu₂,,𒍪𒀊,,𒍪𒀊,,𒍪𒀊,,
abzuₓ,𒌤,,,𒌤,,,,
ab×(u.u.u),,𒀔,,𒀔,,,,
ab×aš₂,,𒀋,,𒀋,,,,
ab×dun₃@g,,𒀌,,𒀌,,,,
ab×gal,,𒀍,,𒀍,,,,
ab×gan₂@t,,𒀎,,𒀎,,,,
ab×ha,,𒀏,,𒀏,,,,
ab×igi@g,,𒀐,,𒀐,,,,
ab×imin,,𒀑,,𒀑,,,,
ab×lagab,,𒀒,,𒀒,,,,
ab×u,,𒀊  𒌋,,𒀊  𒌋,,,,
ab×šeš,,𒀓,,𒀓,,,,
abšin₃,𒀳,,,𒀳,,𒀳,,
ab₂,𒀖,,𒀖,𒀖,,𒀖,,
ab₂%ab₂,,𒉭,,𒉭,,,,
ab₂.ku,,𒀖𒆪,,𒀖𒆪,,,,
ab₂.lu,,𒀖𒇻,,𒀖𒇻,,,,
ab₂.nun.me.du,,𒀖𒉣𒈨𒁺,,𒀖𒉣𒈨𒁺,,,,
ab₂.ša₃,,𒀖𒊮,,𒀖𒊮,,,,
ab₂×(me.en),,𒀙,,𒀙,,,,
ab₂×balag,,𒀗,,𒀗,,,,
ab₂×gan₂@t,,𒀘,,𒀘,,,,
ab₂×tak₄,,𒀛,,𒀛,,,,
ab₂×ša₃,,𒀚,,𒀚,,,,
ab₃,𒀜,,,𒀜,,𒀜,,
ab₄,𒀕,,,𒀕,,𒀕,,
abₓ,𒉣,,,𒉣,,𒀭𒀭。𒉣,,
ad,𒀜,,𒀜,𒀜,𒀜,𒀜,,
ad ed id ud,,,𒀜 𒀉 𒀉 𒌓,,,,,
ad it ut,,,𒀜 𒀉 𒌓,,,,,
ad-kid,𒀜𒆤,,,𒀜𒆤,,𒀜𒆤,,
ad-kidₓ,𒀜𒂍,,,𒀜𒂍,,𒀜𒂍,,
ad.e₂,,𒀜𒂍,,𒀜𒂍,,,,
ad.kid,,𒀜𒆤,,𒀜𒆤,𒀜𒆤,,,
ad.ku,,𒀜𒆪,,𒀜𒆪,,,,
ad2,𒄉,𒄉,𒄉,,𒄉,,,
ad3,𒇼,𒇼,𒇼,,𒇼,,,
ad4,𒍞,𒍞,𒍞,,𒍞,,,
ad5,𒌑𒄉,𒌑𒄉,𒌑𒄉,,𒇽𒁁。𒇽𒍗。𒇿。𒌑𒄉,,,
ad6,𒇿,𒇿,𒇿,,𒇽𒁁。𒇿。𒈕,,,
ad7,𒈕,𒈕,,,,,,
ad]ad,,,𒅎,,,,,
ada,𒀜,,,𒀜,𒀜,𒀜,,
adab,𒌓𒉣,,𒌓𒉣,𒌓𒉣,𒌓𒉣,𒌓𒉣,,
adab#{ki},,,𒌓𒉣 𒆠,,,,,
adaba,𒌓𒉣,,,𒌓𒉣,,𒌓𒉣,,
adab{ki},,,𒌓𒉣 𒆠,,,,,
adabₓ,,,,,,𒆃。𒌓𒄷𒄭𒉣,,
adad,𒅎,,𒅎,𒅎,,𒅎,,
adama,𒁁𒈪,,,𒁁𒈪,𒁁𒈪,𒁁𒈪,,
adamen,𒈓,,𒈓,𒈓,𒈒。𒈓,𒈓,,
adamen2,𒈘,𒈘,𒈘,,𒈙,,,
adamen3,𒄒,𒄒,,,𒄒,,,
adamen4,𒉫,𒉫,,,𒉫,,,
adamen5,𒂛,𒂛,,,𒂛,,,
adamen₂,𒈘,,,𒈘,,𒈘,,
adamen₃,𒄒,,,𒄒,,𒄒,,
adamen₄,𒉫,,,𒉫,,𒉫,,
adamen₅,𒂛,,,𒂛,,𒂛,,
adamenₓ,𒈙,,,𒈙,,𒈙,,
adamin,𒈓,,𒈓,𒈓,𒈒。𒈓,𒇽𒇽。𒈓,,
adamin2,𒈘,𒈘,𒈘,,𒈙,,,
adamin3,𒄒,𒄒,𒄒,,𒄒,,,
adamin4,𒉫,𒉫,𒉫,,𒉫,,,
adamin5,𒂛,𒂛,𒂛,,𒂛,,,
adamin₂,𒈘,,,𒈘,,𒈘。𒈙,,
adamin₃,𒄒,,,𒄒,,𒄒,,
adamin₄,𒉫,,,𒉫,,𒉫,,
adamin₅,𒂛,,,𒂛,,𒂛,,
adaminₓ,𒂜,,,𒂜,,𒂜,,
adamu,𒁁𒈪,,,𒁁𒈪,𒁁𒈪,𒁁𒈪,,
adan,,,,,𒌓,,,
adar,𒀀𒄠,,,𒀀𒄠,𒀀𒄠,,,
adar2,𒄠,𒄠,,,𒄠,,,
adar3,𒃿,𒃿,,,𒃿,,,
adar₂,𒄠,,,𒄠,,𒄠,,
adar₃,𒃿,,,𒃿,,𒃿,,
adarₓ,𒋥,,,𒋥,,𒋥,,
adaₓ,𒇿,,,𒇿,,𒇿,,
adda,𒇿,,𒇿,𒇿,𒇽𒁁。𒇿,𒇿,,
adda2,𒇼,𒇼,𒇼,,𒇼,,,
adda3,𒌑𒄉,𒌑𒄉,,,𒌑𒄉,,,
adda4,𒄉,𒄉,,,𒄉,,,
addakuyaₓ,,,,,,𒂹,,
adda₂,𒇼,,,𒇼,,𒇼,,
adda₃,𒌑𒄉,,,𒌑𒄉,,𒌑𒄉,,
adda₄,𒄉,,,𒄉,,𒄉,,
addaₓ,𒍞,,,𒍞,,None。X𒍗。𒁁𒇽。𒇥。𒇽。𒇿𒁁。𒇿𒁁𒀀。𒈕。𒍞。𒎉,,
addir,𒀀𒉺𒄐𒉻𒋛𒀀,,𒀀𒉺𒄐𒉻𒋛𒀀,𒀀𒉺𒄐𒉻𒋛𒀀,𒀀𒉺𒄐𒉻𒋛𒀀,𒀀𒉺𒄐𒉻𒋛𒀀,,
addir₃,,𒉺𒄐𒉻,,𒉺𒄐𒉻,,𒉺𒄐𒉻,,
addirₓ,𒉺,,,𒉺,,X𒃰𒃻𒀀𒋛𒀀。𒀀X。𒀀𒄐𒃰𒃻𒀀𒋛。𒀀𒄐𒉻𒋛𒀀。𒀀𒄐𒋛X。𒄐𒃰𒃻𒀀𒋛𒀀。𒄐𒉻𒀀𒋛。𒉺。𒉺𒂁𒄑𒉻𒋛𒀀。𒉺𒄐𒋛𒆗𒊒。𒉻𒄐𒋛。𒋛𒀀𒃻X,,
addu2,𒌑𒄉,𒌑𒄉,𒌑𒄉,,𒌑𒄉,,,
addu3,𒄉,𒄉,,,𒄉,,,
addu4,𒍞,𒍞,,,𒍞,,,
addu₂,𒌑𒄉,,,𒌑𒄉,,𒌑𒄉,,
addu₃,𒄉,,,𒄉,,𒄉,,
addu₄,𒍞,,,𒍞,,𒍞,,
adgub,,𒀜𒆤,,𒀜𒆤,,𒀜𒆤,,
adgubₓ,,,,,,𒆤,,
adkin,𒋠𒇴,,𒋠𒇴,𒋠𒇴,𒋁,𒋠𒇴,,
adkinₓ,,,,,,𒋁,,
ad×eš₂,,𒒂,,𒒂,,,,
ad₂,𒄉,,,𒄉,,𒄉,,
ad₃,𒇼,,,𒇼,,𒇼,,
ad₄,𒍞,,,𒍞,,𒍞,,
ad₅,𒌑𒄉,,,𒌑𒄉,,𒌑𒄉,,
ad₆,𒇿,,,𒇿,,𒇽𒇥。𒇿,,
ad₇,𒈕,,,𒈕,,𒈕,,
ad₈,,,,,,𒎉,,
adₓ,𒂗,,,𒂗,,None。𒁁𒇽。𒂗。𒈂。𒎉。𒔙,,
ag,𒀝,,𒀝,𒀝,𒀝,𒀝,,
ag eg ig ug,,,𒀝 𒅅 𒅅 𒊌,,,,,
ag2,𒉘,𒉘,𒉘,,𒉘,,,
ag3,𒋃,𒋃,,,𒋃,,,
aga,𒂇,,𒂇,𒂇,𒂆,𒂇,,
aga-us2,𒂆𒍑,𒂆𒍑,,,,,,
aga-us₂,𒂆𒍑,,,𒂆𒍑,,𒂆𒍑,,
aga2,𒉘,𒉘,𒉘,,𒉘,,,
aga3,𒂆,𒂆,𒂆,,𒂅,,,
agal,𒅣,,,𒅣,,𒅣,,
agam,𒀂,,𒀂,𒀂,𒀀𒁁。𒀂,𒀀𒁁。𒀂,,
agan,,,,,𒋺𒄗,,,
agan2,,,,,𒁛,,,
aganₓ,𒆍,,,𒆍,,𒆍,,
agar,,,,,𒀀𒃼,,,
agar2,𒇋,𒇋,𒇋,,𒇋,,,
agar3,𒆻,𒆻,𒆻,,𒆻,,,
agar4,𒅊,𒅊,𒅊,,𒅊,,,
agar5,𒅐,𒅐,,,𒀀𒈖。𒅐,,,
agar6,𒅎𒂂,𒅎𒂂,,,𒅎𒂂,,,
agargara,𒉩,,𒉩,𒉩,𒉩,𒉩,,
agargara2,,,,,𒉣𒄩,,,
agargara{ku6},,,𒉩 𒄩,,,,,
agargaraₓ,𒉣,,,𒉣,,,,
agarim,𒂼𒀭𒈹,,,𒂼𒀭𒈹,𒂼𒀭𒈹,𒂼𒀭𒈹,,
agarin,𒀌,,𒀌,𒀌,𒀌,𒀌,,
agarin2,𒀎,𒀎,𒀎,,𒀎,,,
agarin3,𒂼𒂆,𒂼𒂆,,,𒂼𒂅,,,
agarin4,𒂼𒋆,𒂼𒋆,,,𒂼𒋆。𒂼𒋋,,,
agarin5,𒂼𒋋,𒂼𒋋,,,𒂼𒋆。𒂼𒋋,,,
agarin₂,𒀎,,,𒀎,,𒀎,,
agarin₃,𒂼𒂆,,,𒂼𒂆,,𒂼𒂆,,
agarin₄,𒂼𒋆,,,𒂼𒋆,,𒂼𒋆,,
agarin₅,𒂼𒋋,,,𒂼𒋋,,𒂼𒋋,,
agarinₓ,𒀊,,,𒀊,,None。𒀊。𒀏。𒇉,,
agar₂,𒇋,,,𒇋,,𒇋,,
agar₃,𒆻,,,𒆻,,𒆻,,
agar₄,𒅊,,,𒅊,,𒅊,,
agar₅,𒅐,,,𒅐,,𒅐,,
agar₆,𒅎𒂂,,,𒅎𒂂,,𒅎𒂂,,
agasz,𒁁.X,𒁁.X,,,,,,
agaš,𒁁.X,𒁁。𒁁.X,,𒁁,,𒁁X,,
aga₂,𒉘,,,𒉘,,𒉘,,
aga₃,𒂆,,,𒂆,,𒂆,,
agaₓ,,,,,,𒅍,,
agrig,𒅆𒁾,,𒅆𒁾,𒅆𒁾,𒅆𒁾,𒅆𒁾,,
agrigₓ,𒅆𒍣,,,𒅆𒍣,,𒅆𒍣,,
agrun,𒂍𒉣,,𒂍𒉣,𒂍𒉣,𒂍𒉣,𒂍𒉣,,
agrunaₓ,𒂍𒉣,,,𒂍𒉣,,𒂍𒉣,,
agruₓ,𒂍𒉣,,,𒂍𒉣,,𒂍𒉣,,
agu,𒂇,,,𒂇,𒂆,𒂇,,
agu₂,,𒅗,,𒅗,,𒅗,,
agxerim,,,,,𒀞,,,
agxšita2,,,,,𒀟,,,
ag₂,𒉘,,,𒉘,,𒉘,,
ag₃,𒋃,,,𒋃,,𒋃,,
agₓ,𒉚,,,𒉚,,𒉚,,
ah,𒄴,,𒄴,𒄴,,𒄴,,
ah eh ih uh,,,𒄴 𒄴 𒄴 𒄴,,,,,
ah2,𒋀,𒋀,,,,,,
ah3,𒌓,𒌓,𒌓,,,,,
ah4,𒀪,𒀪,,,,,,
ah5,𒀉,𒀉,,,,,,
ah6,𒌔,𒌔,𒌔,,,,,
aha,𒄴,,,𒄴,,𒄴,,
aha2,𒋀,𒋀,,,,,,
aha3,𒉽,𒉽,,,,,,
aha₂,𒋀,,,𒋀,,𒋀,,
aha₃,𒉽,,,𒉽,,𒉽,,
ahhur,𒅆𒀀,,,𒅆𒀀,,,,
ahhur?,,,,,,𒅆𒀀,,
ahi,𒋀,,,𒋀,,𒋀,,
ahi2,𒀉,𒀉,,,,,,
ahi₂,𒀉,,,𒀉,,𒀉,,
ahud,𒅒,,,𒅒,,𒅒,,
ah₂,𒋀,,,𒋀,,𒋀,,
ah₃,𒌓,,,𒌓,,𒌓,,
ah₄,𒀪,,,𒀪,,𒀪,,
ah₅,𒀉,,,𒀉,,𒀉,,
ah₆,𒌔,,,𒌔,,𒌔,,
ahₓ,,,,,,𒄖,,
ai,𒀀𒀀,,𒀀𒀀,𒀀𒀀,𒀀𒀀,𒀀𒀀,,
aia,𒀀𒀀,,𒀀𒀀,𒀀𒀀,𒀀𒀀,𒀀𒀀,,
aia2,𒀀,𒀀,𒀀,,𒀀,,,
aia3,𒌨,𒌨,,,𒌨,,,
aia4,𒆹,𒆹,,,𒆹,,,
aia₂,𒀀,,,𒀀,,𒀀,,
aia₃,𒌨,,,𒌨,,𒌨,,
aia₄,𒆹,,,𒆹,,𒆹,,
aie,,,,,𒀀𒀀,,,
aii,,,,,𒀀𒀀,,,
aiia,,,,,𒀀𒀀,,,
aiie,,,,,𒀀𒀀,,,
aiii,,,,,𒀀𒀀,,,
aiiu,,,,,𒀀𒀀,,,
aiu,,,,,𒀀𒀀,,,
aj,,,𒀝,,,,,
aj2,,,𒉘,,,,,
aja,,,,,𒀀𒀀,,,
aje,,,,,𒀀𒀀,,,
aji,,,,,𒀀𒀀,,,
ajja,,,,,𒀀𒀀,,,
ajje,,,,,𒀀𒀀,,,
ajji,,,,,𒀀𒀀,,,
ajju,,,,,𒀀𒀀,,,
aju,,,,,𒀀𒀀,,,
ak,𒀝,,𒀝,𒀝,𒀝,𒀝,,
ak ek ik uk,,,𒀝 𒅅 𒅅 𒊌,,,,,
ak3,𒋃,𒋃,,,𒋃,,,
ak?,,,𒀝,,,,,
aka,𒀝,,𒀝,𒀝,𒀝,𒀝,,
aka2,𒉘,𒉘,,,𒉘,,,
aka3,𒋃,𒋃,𒋃,,𒋃,,,
aka4,𒆍,𒆍,,,𒆍,,,
akan,𒁜,,,𒁜,𒁛,𒁛,,
akan2,𒆍,𒆍,𒆍,,𒆍,,,
akan3,𒇖,𒇖,𒇖,,𒇖,,,
akani,𒁜,,𒁜,𒁜,𒁛,𒁛,,
akan₂,𒆍,,,𒆍,,𒆍,,
akan₃,𒇖,,,𒇖,,𒇖,,
akar,𒉬,,𒉬,𒉬,𒉧,𒉬,,
akarₓ,𒉧,,,𒉧,,𒂛。𒉧,,
aka₂,𒉘,,,𒉘,,𒉘,,
aka₃,𒋃,,,𒋃,,𒋃,,
aka₄,𒆍,,,𒆍,,𒆍,,
akaₓ,,,,,,𒊕,,
akiₓ,𒀝,,,𒀝,,𒀝,,
akkad,,,,,𒆠𒀭𒅎,,,
akkan3,𒇖,𒇖,,,,,,
akkan₃,𒇖,,,𒇖,,𒇖,,
akkil,𒃰𒋺𒋛,,𒃰𒋺𒋛,𒃰𒋺𒋛,𒃰𒋺𒋛,𒃰𒋺𒋛,,
akkil2,𒀜𒆤,𒀜𒆤,𒀜𒆤,,𒀜𒆤,,,
akkil3,𒃰𒋺,𒃰𒋺,,,,,,
akkil₂,𒀜𒆤,,,𒀜𒆤,,𒀜𒆤,,
akkil₃,𒃰𒋺,,,𒃰𒋺,,𒃰𒋺,,
akkilₓ,𒀜𒆪,,,𒀜𒆪,,𒀊𒆤。𒀊𒆤𒆤。𒀜𒂍。𒀜𒆤𒆤。𒀜𒆪。𒃰𒋺𒋛𒀀,,
akraₓ,,,,,,𒉧,,
akszak,𒌔,𒌔,𒌔,,,,,
akszak2,𒀀𒆵,𒀀𒆵,,,,,,
akszak3,𒌚𒆵,𒌚𒆵,,,,,,
akszak{ki},,,𒌔 𒆠,,,,,
akszakₓ,𒂩,𒂩,,,,,,
aktum,𒀀𒋢,,𒀀𒋢,𒀀𒋢,𒀀𒋢,𒀀𒋢,,
aktum2,𒋢𒀀,𒋢𒀀,,,𒋢𒀀,,,
aktum2{tug2},,,𒋢𒀀 𒌆,,,,,
aktum₂,𒋢𒀀,,,𒋢𒀀,,𒋢𒀀,,
aktumₓ,,,,,,𒀀𒍪,,
akxšita.giš,,,,,𒀟,,,
ak×(šita.giš),,𒀟,,𒀟,,,,
ak×erin₂,,𒀞,,𒀞,,,,
akšak,𒌔,,,𒌔,𒌔,𒌔,,
akšak2,,,,,𒀀𒆵,,,
akšak3,,,,,𒌗𒆵,,,
akšak₂,𒀀𒆵,,,𒀀𒆵,,𒀀𒆵,,
akšak₃,𒌚𒆵,,,𒌚𒆵,,,,
akšak₃?,,,,,,𒌚𒆵,,
akšakₓ,𒂩,,,𒂩,,𒂩,,
ak₃,𒋃,,,𒋃,,𒋃,,
akₓ,𒅙,,,𒅙,,𒅙,,
al,𒀠,,𒀠,𒀠,𒀠,𒀠,,
al el il ul,,,𒀠 𒂖 𒅋 𒌌,,,,,
al.še,,𒀠𒊺,,𒀠𒊺,,,,
al2,𒀩,𒀩,𒀩,,𒀩,,,
al3,𒃷,𒃷,𒃷,,𒃷,,,
al5,𒌓,𒌓,,,𒌓,,,
al6,𒈤,𒈤,,,𒈤,,,
al7,,,,,𒀭,,,
al8,𒌷,𒌷,,,𒌷,,,
al9,𒅋,𒅋,,,𒅋,,,
ala,𒌷,,,𒌷,𒌷,𒌷,,
ala2,𒌷𒈨𒌋𒌋𒌋,𒌷𒈨𒌋𒌋𒌋,,,𒌷𒈨𒌍,,,
ala3,𒀠,𒀠,,,𒀠,,,
alab,,,,,𒄞,,,
alad,𒆘,,𒆘,𒆘,𒆘,𒆘,,
alad2,𒆗,𒆗,𒆗,,𒄨,,,
alad3,,,,,𒆘,,,
alad₂,𒆗,,,𒆗,,,,
alad₂?,,,,,,𒆗,,
alag,𒀩,,,𒀩,𒀩,𒀩,,
alal,𒋄,,𒋄,𒋄,𒋄,𒋄,,
alal2,𒋃,𒋃,,,𒋃,,,
alal3,𒄒,𒄒,,,𒄒,,,
alal4,𒃺,𒃺,,,𒄒,,,
alala,𒀩,,,𒀩,𒀩,𒀩,,
alala2,,,,,𒋤,,,
alala3,,,,,𒌓,,,
alalaₓ,,,,,,𒋄,,
alalmu,𒋄,,,𒋄,,𒋄,,
alal₂,𒋃,,,𒋃,,𒋃,,
alal₃,𒄒,,,𒄒,,𒄒,,
alal₄,𒃺,,,𒃺,,,,
alal₄?,,,,,,𒃺,,
alalₓ,𒃷,,,𒃷,,𒃷。𒆠𒈗𒁺,,
alam,𒀩,,𒀩,𒀩,𒀩,𒀩,,
alamaₓ,𒉏,,,𒉏,,𒉏,,
alammusz,𒋭,𒋭,,,,,,
alammuš,𒋭,,𒋭,𒋭,,𒋭,,
alammuš2,,,,,𒈹𒋭,,,
alammušₓ,,,,,,𒈹X,,
alamu,𒋄,,,𒋄,𒋄,𒋄,,
alamu2,𒋃,𒋃,,,𒋃,,,
alamusz,𒋭,𒋭,,,,,,
alamuš,𒋭,,,𒋭,,𒋭,,
alamuš2,,,,,𒈹𒋭,,,
alamu₂,𒋃,,,𒋃,,𒋃,,
alamₓ,,,,,,None,,
alan,𒀩,,𒀩,𒀩,𒀩,𒀩,,
alanₓ,,,,,,𒊨。𒋺𒀩,,
alap,𒄞,,,𒄞,𒄞,𒄞,,
alaŋ,𒀩,,,𒀩,,𒀩,,
ala₂,𒌷𒈨𒌋𒌋𒌋,,,𒌷𒈨𒌋𒌋𒌋,,,,
ala₂?,,,,,,𒌷𒎌,,
ala₃,𒀠,,,𒀠,,𒀠,,
alaₓ,𒋄,,,𒋄,,None。𒁍。𒋄,,
alba,𒂷,,,𒂷,𒂷,𒂷,,
alba2,𒆜𒆳,𒆜𒆳,,,𒆜𒆳,,,
alba₂,𒆜𒆳,,,𒆜𒆳,,𒆜𒆳,,
ale,𒌷,,,𒌷,𒌷,𒌷,,
aleph,,𒀪,,𒀪,𒀪,,,
algames,𒌓𒊩𒄸,,,𒌓𒊩𒄸,𒌓𒊩𒄸,𒌓𒊩𒄸,,
algamesz,𒌓𒊩𒄸,𒌓𒊩𒄸,,,,,,
algameš,𒌓𒊩𒄸,,𒌓𒊩𒄸,𒌓𒊩𒄸,,𒌓𒊩𒄸,,
algamešₓ,,,,,,𒊩𒄸,,
algamis,𒌓𒊩𒄸,,,𒌓𒊩𒄸,,𒌓𒊩𒄸,,
alha,𒆜𒆳,,,𒆜𒆳,,𒆜𒆳,,
ali,𒌷,,𒌷,𒌷,𒌷,𒌷,,
alikₓ,,,,,,𒁺𒆠,,
alim,𒄋,,𒄋,𒄋,𒄍,𒄋,,
alima,𒄋,,𒄋,𒄋,𒄍,𒄋,,
alim⁻,,𒄋,,𒄋,,𒅆𒆧,,
alimₓ,𒄍,,,𒄍,,𒍽,,
alimₓ?,,,,,,𒂺,,
alla,𒉄,,,𒉄,𒉄,𒉄,,
almu,𒋄,,,𒋄,𒋄,𒋄,,
almu2,𒋃,𒋃,,,𒋃,,,
almu₂,𒋃,,,𒋃,,𒋃,,
alpu,𒄞,,,𒄞,,,,
alsogal.šaḫ,,,,,𒃲𒋚,,,
alsonunuz.ab2xašgab,,,,,𒉮,,,
alsonunuz.ab2xla,,,,,𒉴,,,
alsonunuz.ab2xsila3,,,,,𒉶,,,
alsošu2.an,,,,,𒁇𒀭,,,
alu,𒌷,,𒌷,𒌷,𒌷,𒌷,,
aluraₓ,,,,,,𒁃,,
alurₓ,𒁃,,,𒁃,,𒁃。𒋞,,
alxal,,,,,𒀡,,,
alxdim2,,,,,𒀢,,,
alxgim,,,,,𒀢,,,
alxgiš,,,,,𒀣,,,
alxki,,,,,𒀦,,,
alxkid2,,,,,𒀥,,,
alxuš,,,,,𒀨,,,
alxše,,,,,𒀧,,,
alxḫa,,,,,𒀤,,,
al×al,,𒀡,,𒀡,,,,
al×dim₂,,𒀢,,𒀢,,,,
al×giš,,𒀣,,𒀣,,,,
al×ha,,𒀤,,𒀤,,,,
al×kad₃,,𒀥,,𒀥,,,,
al×ki,,𒀦,,𒀦,,,,
al×uš,,𒀨,,𒀨,,,,
al×še,,𒀧,,𒀧,,,,
alḫa,,,,,𒆜𒆳,,,
al’al,,,,,𒄒,,,
al’al2,,,,,𒃹。𒄒,,,
al₂,𒀩,,,𒀩,,𒀩,,
al₃,𒃷,,,𒃷,,,,
al₃?,,,,,,𒃷,,
al₅,𒌓,,,𒌓,,𒌓,,
al₆,𒈤,,,𒈤,,𒈤,,
al₈,𒌷,,,𒌷,,𒌷,,
al₉,𒅋,,,𒅋,,𒅋,,
alₓ,,,,,,𒀭。𒉌𒌇。𒊩𒄑。𒋖𒄑,,
am,𒄠,,𒄠,𒄠,𒄠,𒄠,,
am em imi um,,,𒄠 𒅎 𒅎 𒌝,,,,,
am em mi um,,,𒄠 𒅎 𒈪 𒌝,,,,,
am im um,,,𒄠 𒅎 𒌝,,,,,
am2,𒉘,𒉘,,,𒉘,,,
am3,𒀀𒀭,𒀀𒀭,𒀀𒀭,,𒀀𒀭,,,
am3#,,,𒀀𒀭,,,,,
am4,𒃘,𒃘,𒃘,,𒃘,,,
am5,𒃣,𒃣,,,𒃣,,,
am6,𒀭,𒀭,𒀭,,𒀭,,,
am7,𒉿,𒉿,𒉿,,𒉿,,,
ama,𒂼,,𒂼,𒂼,𒂼,𒂼,,
ama.a.tu,,,,,𒂼𒀀𒌅,,,
ama.an.muš3,,,,,𒂼𒀭𒈹,,,
ama.dinnin,,,,,𒂼𒀭𒈹,,,
ama.gin2,,,,,𒂼𒂅,,,
ama.lul,,,,,𒂼𒈜,,,
ama.lul.la,,,,,𒂼𒈜𒆷,,,
ama.tu,,,,,𒂼𒌅,,,
ama.šim,,,,,𒂼𒋆,,,
ama.šimxnig2,,,,,𒂼𒋋,,,
ama2,𒄠,𒄠,,,𒄠,,,
ama3,𒄀𒇻,𒄀𒇻,,,𒄀𒇻,,,
ama4,𒃘,𒃘,,,𒃘,,,
ama5,𒃣,𒃣,𒃣,,𒂑。𒃣,,,
ama6,𒆾,𒆾,,,𒆾,,,
amagaₓ,,,,,,𒈻,,
amagea,,𒈹𒁲,,𒈹𒁲,,𒀀𒈹𒁲,,
amagi,𒈹𒁲,,,𒈹𒁲,𒀀𒈹𒁲。𒈻。𒍝𒈹𒁲,𒈻,,
amagi2,𒈹𒁲,𒈹𒁲,,,𒀀𒈹𒁲,,,
amagi3,𒈹𒁲,𒈹𒁲,,,𒍝𒈹𒁲,,,
amagi4,𒈹𒁲,𒈹𒁲,,,𒍝𒈽𒁲,,,
amagi₂,𒈹𒁲,,,𒈹𒁲,,𒀀𒈹𒁲,,
amagi₃,𒈹𒁲,,,𒈹𒁲,,𒍝𒈹𒁲,,
amagi₄,𒈹𒁲,,,𒈹𒁲,,𒍝𒈽𒁲,,
amagiₓ,𒈹𒁲,,,𒈹𒁲,,𒀀𒈹𒀀𒁲。𒀀𒈺𒁲。𒈹𒁲。𒈼,,
amah,𒇦,,,𒇦,,𒇦,,
amalu,𒂼𒀭𒈹,,𒂼𒀭𒈹,𒂼𒀭𒈹,𒂼𒀭𒈹,𒂼𒀭𒈹,,
amalug,𒂼𒈜,,𒂼𒈜,𒂼𒈜,,,,
amalug?,,,,,,𒂼𒈜,,
amaluₓ,,,,,,𒂼𒈹,,
amam,,,,,𒈻,,,
aman,𒉽𒉽,,,𒉽𒉽,,𒉽𒉽,,
amar,𒀫,,𒀫,𒀫,𒀫,𒀫,,
amar.da,,𒀫𒁕,,𒀫𒁕,𒀫𒁕,,,
amar.ud,,𒀫𒌓,,𒀫𒌓,𒀫𒌓,,,
amaraₓ,,,,,,𒀲。𒋞𒀲,,
amarim,𒂼𒀭𒈹,,,𒂼𒀭𒈹,,,,
amarim?,,,,,,𒂼𒀭𒈹,,
amarxše,,,,,𒀬,,,
amar×še,,𒀬,,𒀬,,,,
amar×še.amar×še,,𒀬𒀬,,𒀬𒀬,,,,
amasz,𒁦,𒁦,𒁦,,,,,
amasza,𒁦,𒁦,,,,,,
amat,𒊩𒆳,,𒊩𒆳,𒊩𒆳,𒊩𒆳,𒊩𒆳,,
amaš,𒁦,,𒁦,𒁦,𒁦,𒁦,,
amaša,𒁦,,,𒁦,,𒁦,,
amašₓ,,,,,,None,,
ama₂,𒄠,,,𒄠,,𒄠,,
ama₃,𒄀𒇻,,,𒄀𒇻,,,,
ama₃?,,,,,,𒄀𒇻,,
ama₄,𒃘,,,𒃘,,𒃘,,
ama₅,𒃣,,,𒃣,,𒃣,,
ama₆,𒆾,,,𒆾,,𒆾,,
amaₓ,𒂑,𒂍𒊩。𒂑,,𒂍𒊩,,𒂍𒊩。𒂑。𒇉,,
ambar,𒆹,,𒆹,𒆹,𒆹,𒆹,,
ambara,𒆹,,,𒆹,,𒆹,,
ambarₓ,𒇅,,,𒇅,,𒇅,,
ame,𒂼,,,𒂼,𒂼,𒂼,,
ame2,𒃣,𒃣,𒃣,,𒂑。𒃣,,,
amedu,𒂼𒀀𒌅,,,𒂼𒀀𒌅,𒂼𒀀𒌅,𒂼𒀀𒌅,,
ame₂,𒃣,,,𒃣,,𒃣,,
ameₓ,𒂍𒊩,,,𒂍𒊩,,𒂍𒊩。𒂑,,
ami,𒂼,,,𒂼,𒂼,𒂼,,
ami2,𒃣,𒃣,,,,,,
ami₂,𒃣,𒃣,,,,𒃣,,
amma,𒆳,,,𒆳,𒆳,𒆳,,
ammaₓ,𒆠,,,𒆠,,𒂼。𒆠,,
amme,,,,,𒀵,,,
amna,𒌓,,,𒌓,𒌓,𒌓,,
amna2,𒌋𒌋,𒌋𒌋,,,𒌋𒌋,,,
amna₂,𒌋𒌋,,,𒌋𒌋,,𒎙,,
amra,𒄑𒈣𒊏,,,𒄑𒈣𒊏,,𒄑𒈣𒊏,,
amti,,𒊩𒆳,,𒊩𒆳,,𒊩𒆳,,
amtu,𒊩𒆳,,𒊩𒆳,𒊩𒆳,𒊩𒆳,𒊩𒆳,,
amurrum,𒈥𒌅,,,𒈥𒌅,,𒈥𒌅,,
amuru,𒆤𒈤,,,𒆤𒈤,,𒆤𒈤,,
amusz,𒀇,𒀇,,,,,,
amusza,𒀇,𒀇,,,,,,
amuš,𒀇,,,𒀇,𒀇,𒀇,,
amuša,𒀇,,,𒀇,𒀇,𒀇,,
amušₓ,,,,,,None,,
amxa,,,,,𒄟,,,
amīlu,,,,,𒇽,,,
am₂,𒉘,,,𒉘,,𒉘,,
am₃,𒀀𒀭,,𒀀𒀭,𒀀𒀭,,𒀀𒀭,,
am₄,𒃘,,,𒃘,,,,
am₄?,,,,,,𒃘,,
am₅,𒃣,,,𒃣,,𒃣,,
am₆,𒀭,,,𒀭,,𒀭,,
am₇,𒉿,,,𒉿,,𒉿,,
amₓ,𒂗,,,𒂗,,𒂗,,
an,𒀭,,𒀭,𒀭,𒀭,𒀭,,
an en in un,,,𒀭 𒂗 𒅔 𒌦,,,,,
an#,,,𒀭,,,,,
an&an,,𒀮,𒀮,𒀮,,,,
an&aš,,𒀭𒀸,,𒀭𒀸,,,,
an-na,𒀭𒈾,,,𒀭𒈾,,𒀭𒈾,,
an.3×an,,𒀭𒀯,,𒀭𒀯,,,,
an.a.engur,,,,,𒀭𒀀𒇉,,,
an.a.lagab×hal,,𒀭𒀀𒇉,,𒀭𒀀𒇉,,,,
an.a.nu,,,,,𒀭𒀀𒉡,,,
an.an,,𒀭𒀭,,𒀭𒀭,𒀭𒀭,,,
an.anše,,,,,𒀭𒀲,,,
an.aš.a.an,,𒀭𒀸𒀀𒀭,,𒀭𒀸𒀀𒀭,𒀭𒀸𒀀𒀭,,,
an.aš.an,,𒀭𒀸𒀭,,𒀭𒀸𒀭,𒀭𒀸𒀭,,,
an.aš@z.an,,𒀭𒀹𒀭,,𒀭𒀹𒀭,,,,
an.bara2,,,,,𒀭𒁈,,,
an.bara₂,,𒀭𒁈,,𒀭𒁈,,,,
an.diš.an,,𒀭𒁹𒀭,,𒀭𒁹𒀭,𒀭𒁹𒀭,,,
an.du.an,,𒀭𒁺𒀭,,𒀭𒁺𒀭,,,,
an.dul3,,,,,𒀭𒊨,,,
an.en.ki,,,,,𒀭𒂗𒆠,,,
an.en.zu,,,,,𒀭𒂗𒍪,,,
an.gu₂×kak,,𒀭𒄙,,𒀭𒄙,,,,
an.gu₂×nun,,𒀭𒄛,,𒀭𒄛,,,,
an.hu.mi.im,,𒀭𒄷𒈪𒅎,,𒀭𒄷𒈪𒅎,,,,
an.im,,𒀭𒅎,,𒀭𒅎,,,,
an.im.dugud,,𒀭𒅎𒂂,,𒀭𒅎𒂂,𒀭𒅎𒂂,,,
an.im.mi,,𒀭𒅎𒈪,,𒀭𒅎𒈪,𒀭𒅎𒈪,,,
an.me.eš,,,,,𒀭𒈨𒌍,,,
an.me.u.u.u,,𒀭𒈨𒌍,,𒀭𒈨𒌍,,,,
an.meš,,,,,𒀭𒈨𒌍,,,
an.muš,,𒀭𒈲,,𒀭𒈲,𒀭𒈲,,,
an.mušovermuš,,,,,𒀭𒈶,,,
an.muš₃.ab,,𒀭𒈹𒀊,,𒀭𒈹𒀊,,,,
an.muš₃.ab@g,,𒀭𒈹𒀕,,𒀭𒈹𒀕,,,,
an.na,,𒀭𒈾,,𒀭𒈾,𒀭𒈾,,,
an.naga,,𒀭𒉀,,𒀭𒉀,𒀭𒉀,,,
an.naga.an.nagainversum,,,,,𒀰,,,
an.nagaopposingan.naga,,,,,𒀰,,,
an.nagasquared,,,,,𒀱,,,
an.ne,,,,,𒀭𒉈,,,
an.ri8,,,,,𒀭𒈶,,,
an.sag@g,,𒀭𒊨,,𒀭𒊨,,,,
an.sal.tug₂.ib,,𒀭𒊩𒌆𒅁,,𒀭𒊩𒌆𒅁,,,,
an.tu,,𒀭𒌅,,𒀭𒌅,𒀭𒌅,,,
an.ug,,,,,𒀭𒊌,,,
an.zag,,𒀭𒍠,,𒀭𒍠,,,,
an.še.naga,,𒀭𒊺𒉀,,𒀭𒊺𒉀,𒀭𒊺𒉀,,,
an.šeš.ki,,𒀭𒋀𒆠,,𒀭𒋀𒆠,𒀭𒋀𒆠,,,
an.šid,,,,,𒀭𒋃,,,
an2,𒄒,𒄒,𒄒,,𒄒,,,
an[a,,,𒁹,,,,,
an],,,𒀭,,,,,
ana,𒁹,,𒁹,𒁹,𒁹,𒁹,,
ana2,𒀭,𒀭,𒀭,,𒀭,,,
ana3,𒀸,𒀸,,,𒀸,,,
ana₂,𒀭,,,𒀭,,𒀭,,
ana₃,𒀸,,,𒀸,,𒀸,,
anbar,𒆹,,,𒆹,,𒆹,,
anbir,,,,,𒀭𒉈,,,
andul,,,,,𒊨,,,
andulₓ,,,,,,𒊨,,
anegi,𒅎,,,𒅎,,𒅎,,
angar,𒅐,,,𒅐,,𒅐,,
angur,𒇉,,,𒇉,𒇉,𒇉,,
anig,,,,,,𒅎,,
anigi,,,,,𒅎,,,
aniku,𒈾,,,𒈾,,𒈾,,
anoveran,,,,,𒀮,,,
anoveran.an,,,,,𒀯,,,
ansze,𒀲,𒀲,𒀲,,,,,
ansze2,𒄊,𒄊,,,,,,
ansze@d,𒀲,𒀲,,,,,,
anszeₓ,𒄏,𒄏,,,,,,
anszi,𒀲,𒀲,,,,,,
anszu,𒀲,𒀲,,,,,,
anszu2,𒄊,𒄊,,,,,,
anszuₓ,𒀲𒉺,𒀲𒉺,,,,,,
anu,𒀭,,𒀭,𒀭,𒀭。𒀭𒀀𒉡,𒀭,,
anubu,𒆳,,,𒆳,𒆳,𒆳,,
anzalub,𒊮𒄀,,,𒊮𒄀,𒊮𒄀,𒊮𒄀,,
anzu,𒀭𒅎𒂂,,𒀭𒅎𒂂,𒀭𒅎𒂂,𒅎𒂂,𒀭𒅎𒂂,,
anzu2,𒀭𒅎𒈪,𒀭𒅎𒈪,𒀭𒅎𒈪,,𒅎𒈪,,,
anzud,𒀭𒅎𒂂,,,𒀭𒅎𒂂,𒅎𒂂,𒀭𒅎𒂂,,
anzud2,𒀭𒅎𒈪,𒀭𒅎𒈪,,,𒅎𒈪,,,
anzud2{mušen},,,𒀭𒅎𒈪 𒄷,,,,,
anzud{mušen},,,𒀭𒅎𒂂 𒄷,,,,,
anzud₂,𒀭𒅎𒈪,,,𒀭𒅎𒈪,,𒀭𒅎𒈪,,
anzu₂,𒀭𒅎𒈪,,,𒀭𒅎𒈪,,𒀭𒅎𒈪,,
anzuₓ,𒄷𒈪𒀭𒅎,,,𒄷𒈪𒀭𒅎,,𒀭𒄷𒈪𒅎。𒄷𒈪𒀭𒅎。𒅎。𒈪,,
anše,𒀲,,𒀲,𒀲,𒄏,𒀲,,
anše.an,,𒀲𒀭,,𒀲𒀭,𒀲𒀭,,,
anše.arad,,𒀲𒀴,,𒀲𒀴,𒀲𒀴,,,
anše.igi.dib,,𒀲𒅆𒁳,,𒀲𒅆𒁳,,,,
anše.igi.eš₂,,𒀲𒅆𒂠,,𒀲𒅆𒂠,,,,
anše.kur,,𒀲𒆳,,𒀲𒆳,,,,
anše.kur.ra,,𒀲𒆳𒊏,,𒀲𒆳𒊏,𒀲𒆳𒊏,,,
anše.libir,,,,,𒀲𒅇,,,
anše.munus,,,,,𒀲𒊩,,,
anše.nita2,,,,,𒀲𒀴,,,
anše.pa,,𒀲𒉺,,𒀲𒉺,,,,
anše.sal,,𒀲𒊩,,𒀲𒊩,,,,
anše.uš,,𒀲𒍑,,𒀲𒍑,,,,
anše2,,,,,𒄊,,,
anše?,,,𒀲,,,,,
anše@d,𒀲,,,𒀲,,,,
anše⁻,,𒀲,,𒀲,,𒀲,,
anše₂,𒄊,,,𒄊,,𒄊,,
anšeₓ,𒄏,,,𒄏,,𒀲𒉺。𒄏,,
anši,𒀲,,,𒀲,,𒀲,,
anšu,𒀲,,,𒀲,,𒀲,,
anšu2,,,,,𒄊,,,
anšu₂,𒄊,,,𒄊,,𒄊,,
anšuₓ,𒀲𒉺,,,𒀲𒉺,,𒀲𒉺,,
an₂,𒄒,,,𒄒,,,,
an₂?,,,,,,𒄒,,
anₓ,𒂦,,,𒂦,,𒁹。𒂦,,
ap,𒀊,,𒀊,𒀊,𒀊,𒀊,,
ap ep ip up,,,𒀊 𒅁 𒅁 𒌒,,,,,
ap2,𒀖,𒀖,𒀖,,𒀖,,,
ap3,𒀜,𒀜,𒀜,,𒀜,,,
apin,𒀳,,𒀳,𒀳,𒀳,𒀳,,
apina,𒀳,,,𒀳,,𒀳,,
ap₂,𒀖,,,𒀖,,𒀖,,
ap₃,𒀜,,,𒀜,,𒀜,,
aq,𒀝,,𒀝,𒀝,𒀝,𒀝,,
aq eq iq uq,,,𒀝 𒅅 𒅅 𒊌,,,,,
aqa,𒀝,,,𒀝,𒀝,𒀝,,
aq₂,,,,,,𒉘,,
ar,𒅈,,𒅈,𒅈,𒅈,𒅈,,
ar er ir ur,,,𒅈 𒅕 𒅕 𒌨,,,,,
ar ir ur,,,𒅈 𒅕 𒌨,,,,,
ar!(ri),,,𒊑,,,,,
ar(ri),,,𒊑,,,,,
ar...,𒌳,,,𒌳,,,,
ar2,𒌒,𒌒,𒌒,,𒌒,,,
ar2.ri,,,,,𒌒𒊑,,,
ar3,𒄯,𒄯,𒄯,,𒄯,,,
ar5,𒃵,𒃵,,,,,,
ar6,𒁺,𒁺,,,𒁺,,,
ara,𒊭,,,𒊭,𒊭,𒊭,,
ara2,𒌒,𒌒,𒌒,,𒌒,,,
ara3,𒄯,𒄯,𒄯,,𒄯,,,
ara4,𒌓𒁺,𒌓𒁺,,,𒌓𒁺,,,
ara5,𒄯𒄯,𒄯𒄯,,,𒄯𒄯,,,
ara6,𒁺,𒁺,,,𒁺,,,
ara7,𒌓,𒌓,,,𒌓,,,
ara8,𒅈,𒅈,,,𒅈,,,
ara9,,,,,𒆂,,,
arab,𒌓𒉣,,,𒌓𒉣,𒌓𒉣。𒌓𒉣𒄷,𒌓𒉣,,
arad,𒀴,,𒀴,𒀴,𒀴,𒀴,,
arad.anše,,𒀴𒀲,,𒀴𒀲,,,,
arad.ku,,𒀴𒆪,,𒀴𒆪,𒀴𒆪,,,
arad.ra,,𒀴𒊏,,𒀴𒊏,𒀴𒊏,,,
arad/ìr,,,𒀴 𒀴,,,,,
arad2,𒀵,𒀵,𒀵,,𒀵,,,
arad2_,,,𒀵,,,,,
arad3,𒇵,𒇵,𒇵,,𒇵,,,
aradxkur,,,,,𒀵,,,
arad×kur,,𒀵,,𒀵,,,,
arad₂,𒀵,,𒀵,𒀵,,𒀵,,
arad₃,𒇵,,,𒇵,,,,
arad₃?,,,,,,𒇵,,
aradₓ,,,,,,𒍔,,
aragub,𒁺,,,𒁺,,𒁺,,
arah3,𒃥,𒃥,,,,,,
arah4,𒂍𒍑𒁍𒁕,𒂍𒍑𒁍𒁕,,,,,,
araha,𒂍𒍑𒁍𒁕,,,𒂍𒍑𒁍𒁕,,𒂍𒍑𒁍𒁕,,
arah₃,𒃥,,,𒃥,,𒃥,,
arah₄,𒂍𒍑𒁍𒁕,,,𒂍𒍑𒁍𒁕,,𒂍𒍑𒁍𒁕,,
arahₓ,𒍑𒁍𒁕,,,𒍑𒁍𒁕,,𒂒。𒍑𒁍𒁕,,
arala,𒂍𒆳𒁁,,,𒂍𒆳𒁁,𒂍𒆳𒁁,𒂍𒆳𒁁,,
arali,𒂍𒆳𒁁,,𒂍𒆳𒁁,𒂍𒆳𒁁,𒂍𒆳𒁁,𒂍𒆳𒁁,,
araliₓ,𒌽,,,𒌽,,𒌽,,
arar,𒌓𒀕,,,𒌓𒀕,,𒌓𒀕,,
ararama,𒌓𒀕,,,𒌓𒀕,,𒌓𒀕,,
ararama2,𒌓𒀊,𒌓𒀊,,,,,,
ararama₂,𒌓𒀊,,,𒌓𒀊,,𒌓𒀊,,
ararim,𒌸,,,𒌸,𒌸,𒌸,,
ararimₓ,𒍍,,,𒍍,,𒍍,,
ararma,𒌓𒀕,,𒌓𒀕,𒌓𒀕,𒌓𒀕,𒌓𒀕,,
ararma2,𒌓𒀊,𒌓𒀊,𒌓𒀊,,𒌓𒀊,,,
ararma₂,𒌓𒀊,,,𒌓𒀊,,𒌓𒀊,,
"arat,a",𒇶,𒇶,,,,,,
arata,𒇶,,,𒇶,,𒇶,,
aratta,𒇶,,𒇶,𒇶,𒇴𒆳𒊒。𒇵𒊒,𒇶,,
aratta2,,,,,𒇵𒊒,,,
arattaₓ,,,,,,𒇴𒄱。𒇵𒊒𒁕,,
araḫ2,,,,,𒌛,,,
araḫ3,,,,,𒃥,,,
araḫ4,,,𒂍𒍑𒁍𒁕,,𒂍𒍑𒁍𒁕,,,
araṭa,𒇶,,,𒇶,,𒇶,,
ara₂,𒌒,,,𒌒,,𒌒,,
ara₃,𒄯,,,𒄯,,𒄯,,
ara₄,𒌓𒁺,,,𒌓𒁺,,𒌓𒁺,,
ara₅,𒄯𒄯,,,𒄯𒄯,,𒄯𒄯,,
ara₆,𒁺,,,𒁺,,,,
ara₆?,,,,,,𒁺,,
ara₇,𒌓,,,𒌓,,𒌓,,
ara₈,𒅈,,,𒅈,,𒅈,,
arba,𒇹,,,𒇹,,𒇹。𒐂,,
arda,𒀴,,,𒀴,𒀴,𒀴,,
argab,𒃻𒅁,,,𒃻𒅁,𒀶,𒃻𒅁,,
arhu,𒌗,,,𒌗,,,,
arhus2,𒉦,𒉦,,,,,,
arhusz,𒃣,𒃣,𒃣,,,,,
arhusz2,𒉦,𒉦,,,,,,
arhusz3,𒉦,𒉦,,,,,,
arhusz4,𒂼,𒂼,,,,,,
arhusz5,𒀉𒌉,𒀉𒌉,,,,,,
arhusz6,𒀉𒊩,𒀉𒊩,,,,,,
arhusz7,𒀉𒃣,𒀉𒃣,,,,,,
arhuszₓ,𒂑,𒂑,,,,,,
arhus₂,𒉦,,,𒉦,,𒉦,,
arhuš,𒃣,,𒃣,𒃣,,𒃣,,
arhuš2,,,𒉦,,,,,
arhuš5,,,𒀉𒌉,,,,,
arhuš6,,,𒀉𒊩,,,,,
arhuš₂,𒉦,,,𒉦,,𒉦,,
arhuš₃,𒉦,,,𒉦,,𒉥,,
arhuš₄,𒂼,,,𒂼,,,,
arhuš₄?,,,,,,𒂼,,
arhuš₅,𒀉𒌉,,,𒀉𒌉,,𒀉𒌉,,
arhuš₆,𒀉𒊩,,,𒀉𒊩,,𒀉𒊩,,
arhuš₇,𒀉𒃣,,,𒀉𒃣,,𒀉𒃣,,
arhušₓ,𒂑,𒂑,,,,None。𒂍𒊮。𒂑,,
ari,𒌵,,,𒌵,𒌵,𒌵,,
ari2,𒅂,𒅂,𒅂,,𒁁,,,
ari3,𒉺,𒉺,,,𒉺,,,
ari5,𒉺𒈨𒌋𒌋𒌋,𒉺𒈨𒌋𒌋𒌋,,,𒉺𒈨𒌍,,,
ari6,𒋧,𒋧,,,𒋧,,,
arina,𒈸𒀀𒈾,,𒈸𒀀𒈾,𒈸𒀀𒈾,𒈷,𒈸𒀀𒈾,,
arinaₓ,𒈷,,,𒈷,,None。𒀀𒈕𒈾。𒁍X。𒄿𒈕𒈾。𒈕𒈾。𒈶。𒈶𒀀𒈾。𒈷。𒈸。𒒇,,
ari₂,𒅂,,,𒅂,,𒅂,,
ari₃,𒉺,,,𒉺,,𒉺,,
ari₅,𒉺𒈨𒌋𒌋𒌋,,,𒉺𒈨𒌋𒌋𒌋,,,,
ari₅?,,,,,,𒉺𒎌,,
ari₆,𒋧,,,𒋧,,𒋧,,
ariₓ,,,,,,𒄉,,
arkab,𒃻𒅁,,,𒃻𒅁,𒀶,𒃻𒅁,,
arkab2,𒀶,𒀶,,,,,,
arkab₂,𒀶,,𒀶,𒀶,,𒀶,,
arkab₂.ib,,𒀶𒅁,,𒀶𒅁,,,,
arkabₓ,𒅁,,,𒅁,,𒀶𒅁。𒃻𒃻。𒅁。𒇬𒅁,,
armanuₓ,,,,,,𒊾,,
arrap,𒇹,,,𒇹,𒇹。𒐂,𒇹。𒐂,,
aru,𒉺,,,𒉺,𒁕𒊑。𒉺,𒉺,,
aruruₓ,,,,,,𒎏𒁃,,
arxₓ,,,,,,𒌳,,
arád,,,𒀵,,,,,
arḫuš,,,𒃣,,𒂑。𒃣,,,
arḫuš2,,,,,𒉦,,,
arḫuš3,,,,,𒉥,,,
arḫuš4,,,,,𒂼,,,
arḫuš5,,,,,𒀉𒌉,,,
arḫuš6,,,,,𒀉𒊩,,,
arḫuš7,,,,,𒀉𒂑,,,
ar₂,𒌒,,,𒌒,,𒌒,,
ar₃,𒄯,,,𒄯,,𒄯,,
ar₅,𒃵,,,𒃵,,𒃵,,
ar₆,𒁺,,,𒁺,,𒁺,,
arₓ,𒌸,,,𒌸,,𒋧。𒌸,,
as,𒊍,,𒊍,𒊍,𒊍,𒊍,,
as es is us,,,𒊍 𒄑 𒄑 𒊻,,,,,
as is us,,,𒊍 𒄑 𒊻,,,,,
"as,",𒊍,𒊍,𒊍,,,,,
"as,2",𒀾,𒀾,,,,,,
"as,3",𒀸,𒀸,,,,,,
as2,𒀾,𒀾,𒀾,,𒀾,,,
as3,𒀸,𒀸,𒀸,,𒀸,,,
as4,𒆹,𒆹,𒆹,,𒆹,,,
as4-lum,𒆹𒈝,𒆹𒈝,,,,,,
as5,𒋓,𒋓,,,𒋓,,,
as6,𒄱,𒄱,,,𒄱,,,
as;,,,𒊍,,,,,
asa,𒊍,,,𒊍,𒊍,𒊍,,
asa2,𒀾,𒀾,,,,,,
asag,𒆬𒀭,,,𒆬𒀭,,𒆬𒀭,,
asagₓ,𒃥,,,𒃥,,𒃥,,
asal,𒍂,,,𒍂,𒍂,𒍂,,
asal2,𒀀𒌅𒃮𒇺,𒀀𒌅𒃮𒇺,𒀀𒌅𒃮𒇺,,,,,
asal₂,𒀀𒌅𒃮𒇺,,,𒀀𒌅𒃮𒇺,,𒀀𒌅𒃮𒇺,,
asal₂~a,,𒀷,,𒀷,,,,
asal₃,,,,,,𒀀𒌅𒉪,,
asalₓ,𒍂,,,𒍂,,None。𒅭。𒌅𒃮𒇺。𒌅𒉪𒇺𒀀,,
asar,𒍂,,𒍂,𒍂,𒍂,𒍂,,
asar2,𒀀𒌅𒃮𒇺,𒀀𒌅𒃮𒇺,,,,,,
asara,𒍂,,,𒍂,,𒍂,,
asari,𒍂,,𒍂,𒍂,𒍂,𒍂,,
asaru,𒍂,,,𒍂,𒍂,𒍂,,
asar₂,𒀀𒌅𒃮𒇺,,,𒀀𒌅𒃮𒇺,,𒀀𒌅𒃮𒇺,,
asaŋ,,𒂍𒊺,,𒂍𒊺,,𒂍𒊺,,
asaŋₓ,,,,,,𒂒,,
asa₂,𒀾,,,𒀾,,𒀾,,
asaₓ,𒍂,,,𒍂,,𒆬𒀭。𒍂,,
asi,𒀀𒊺𒉪,,,𒀀𒊺𒉪,𒀀𒌁,𒀀𒌁,,
asil,𒂰,,𒂰,𒂰,𒂰,𒂰,,
asil3,𒂢,𒂢,𒂢,,𒂢,,,
asil4,𒂤,𒂤,,,𒂤,,,
asil5,𒂣,𒂣,,,𒂣,,,
asil6,𒂴,𒂴,,,𒂴,,,
asila,𒂰,,𒂰,𒂰,𒂰,𒂰,,
asila2,𒋆,𒋆,,,𒋆,,,
asila3,𒂢,𒂢,𒂢,,𒂢,,,
asila4,𒂤,𒂤,,,𒂤,,,
asila5,𒂣,𒂣,,,𒂣,,,
asila6,𒂴,𒂴,,,𒂴,,,
asilal,𒂰,,𒂰,𒂰,𒂰,𒂰,,
asilal2,𒋆,𒋆,,,𒋆,,,
asilal3,𒂢,𒂢,,,𒂢,,,
asilal4,𒂤,𒂤,𒂤,,𒂤,,,
asilal5,𒂣,𒂣,,,𒂣,,,
asilal6,𒂴,𒂴,,,𒂴,,,
asilal₂,𒋆,,,𒋆,,𒋆,,
asilal₃,𒂢,,,𒂢,,𒂢,,
asilal₄,𒂤,,,𒂤,,𒂤,,
asilal₅,𒂣,,,𒂣,,𒂣,,
asilal₆,𒂴,,,𒂴,,𒂴,,
asilalₓ,𒂡,,,𒂡,,None。𒂡,,
asila⁻,,𒂰,,𒂰,,𒂰,,
asila₂,𒋆,,,𒋆,,𒋆,,
asila₃,𒂢,,,𒂢,,𒂢,,
asila₄,𒂤,,,𒂤,,𒂤,,
asila₅,𒂣,,,𒂣,,𒂣,,
asila₆,𒂴,,,𒂴,,𒂴,,
asilaₓ,𒂬,,,𒂬,,None。𒂡。𒂬,,
asilla2,𒋆,𒋆,,,𒋆,,,
asillal3,𒂢,𒂢,,,,,,
asillal₃,𒂢,,,𒂢,,𒂢,,
asilla₂,𒋆,,,𒋆,,𒋆,,
asil₃,𒂢,,,𒂢,,𒂢,,
asil₄,𒂤,,,𒂤,,𒂤,,
asil₅,𒂣,,,𒂣,,𒂣,,
asil₆,𒂴,,,𒂴,,𒂴,,
asilₓ,𒂡,,,𒂡,,𒂡,,
aski,𒀸𒄱𒄄,,,𒀸𒄱𒄄,,𒀸𒄱𒄄,,
aslag,,,,,𒌆𒌓,,,
aslum,𒆹,,,𒆹,,𒆹,,
aslumₓ,𒇅,,,𒇅,,𒀀𒈝。𒇅,,
asudₓ,,,,,,𒃵,,
asz,𒀸,𒀸,𒀸,,,,,
asz-szur,𒀸𒋩,𒀸𒋩,,,,,,
asz10,𒁹,𒁹,,,,,,
asz11,𒀹,𒀹,,,,,,
asz2,𒀾,𒀾,𒀾,,,,,
asz2-gar3,𒊩𒀾𒃼,𒊩𒀾𒃼,,,,,,
asz3,𒐋,𒐋,𒐋,,,,,
asz4,𒋰𒋰𒋰,𒋰𒋰𒋰,,,,,,
asz5,𒋠𒇴𒋦,𒋠𒇴𒋦,𒋠𒇴𒋦,,,,,
asz6,𒋠𒇴,𒋠𒇴,,,,,,
asz7,𒋓,𒋓,,,,,,
asz7-gi4,𒋓𒄄,𒋓𒄄,,,,,,
asz8,𒄱,𒄱,,,,,,
asz9,𒑀,𒑀,,,,,,
asz@c,𒀸,𒀸,𒀸,,,,,
asz@t,𒀹,𒀹,,,,,,
asza,𒀸,𒀸,,,,,,
asza2,𒀾,𒀾,,,,,,
asza3,𒐋,𒐋,,,,,,
asza5,𒃷,𒃷,𒃷,,,,,
aszag,𒃷,𒃷,,,,,,
aszalₓ,𒀀𒌅𒃮𒇺,𒀀𒌅𒃮𒇺,,,,,,
aszar2,𒀀𒌅𒃮𒇺,𒀀𒌅𒃮𒇺,,,,,,
aszarid,𒅆𒁺,𒅆𒁺,,,,,,
aszaridu,𒅆𒁺,𒅆𒁺,,,,,,
aszdar,𒌋𒁯,𒌋𒁯,,,,,,
aszdar2,𒁹𒁯,𒁹𒁯,,,,,,
aszgab,𒀿,𒀿,𒀿,,,,,
aszgabgalₓ,𒃲𒀿,𒃲𒀿,,,,,,
aszgi,𒋓𒄄,𒋓𒄄,,,,,,
aszita,𒀉𒌋𒆤,𒀉𒌋𒆤,,,,,,
aszki,𒍤𒆸,𒍤𒆸,,,,,,
aszkiₓ,𒍤𒀀,𒍤𒀀,,,,,,
aszkud,𒀉𒈽,𒀉𒈽,,,,,,
aszkud2,𒀉𒈹,𒀉𒈹,,,,,,
aszkudₓ,𒀉𒍝𒈽,𒀉𒍝𒈽,,,,,,
aszlag,𒌆𒌓,𒌆𒌓,,,,,,
aszlag2,𒌆,𒌆,,,,,,
aszlag3,𒄑𒌆𒉿𒋼𒀀𒁺,𒄑𒌆𒉿𒋼𒀀𒁺,,,,,,
aszlag4,𒄑𒌆𒋼𒀀𒁺,𒄑𒌆𒋼𒀀𒁺,,,,,,
aszlag5,𒄑𒌆𒉿𒋼𒀀,𒄑𒌆𒉿𒋼𒀀,,,,,,
aszlag6,𒄑𒌆𒋼𒀀,𒄑𒌆𒋼𒀀,,,,,,
aszlag7,𒈐,𒈐,,,,,,
aszlug,𒂍𒍑𒁍𒁕,𒂍𒍑𒁍𒁕,,,,,,
asznan,𒊺𒊺𒉪,𒊺𒊺𒉪,𒊺𒊺𒉪,,,,,
asznan2,𒊺,𒊺,,,,,,
asznana,𒊺𒊺𒉪,𒊺𒊺𒉪,,,,,,
aszsza,𒀸,𒀸,,,,,,
aszsza2,𒃰𒋺,𒃰𒋺,,,,,,
aszsza3,𒐋,𒐋,,,,,,
aszszan,𒀭𒁺𒀭,𒀭𒁺𒀭,,,,,,
aszta,𒃰𒋺,𒃰𒋺,,,,,,
aszte,𒀉𒌋𒆤,𒀉𒌋𒆤,,,,,,
aszte2,𒆹,𒆹,,,,,,
aszteₓ,𒇅,𒇅,,,,,,
aszₓ,𒀊,𒀊,,,,,,
as₂,𒀾,,𒀾,𒀾,,𒀾,,
as₃,𒀸,,,𒀸,,𒀸,,
as₄,𒆹,,,𒆹,,𒆹,,
as₄-lum,𒆹𒈝,,,𒆹𒈝,,𒆹𒈝,,
as₅,𒋓,,,𒋓,,𒋓,,
as₆,𒄱,,,𒄱,,𒄱,,
asₓ,𒇅,,,𒇅,,𒇅,,
at,𒀜,,𒀜,𒀜,𒀜,𒀜,,
at et it tu,,,𒀜 𒀉 𒀉 𒌅,,,,,
"at,",𒀜,𒀜,𒀜,,,,,
"at,2",𒄉,𒄉,,,,,,
"at,u",𒌑𒄉,𒌑𒄉,,,,,,
at2,𒄉,𒄉,𒄉,,𒄉,,,
at5,,,,,𒇽𒁁。𒇿,,,
at6,𒇿,𒇿,𒇿,,𒇽𒁁。𒇿,,,
atab,,,,,,None,,
attinger,,𒂄,,𒂄,,,,
attu,,,,,𒌑𒄈,,,
atum,𒉌𒌓𒆠,,,𒉌𒌓𒆠,𒉌𒌓𒆠,𒎎𒆠,,
atumₓ,𒌓𒉌,,,𒌓𒉌,,𒌓𒉌。𒎎,,
at₂,𒄉,,,𒄉,,𒄉,,
at₆,𒇿,,,𒇿,,𒇽𒁁,,
au,𒀀𒉺𒄐𒉻𒋛𒀀,,𒀀𒉺𒄐𒉻𒋛𒀀,𒀀𒉺𒄐𒉻𒋛𒀀,,𒀀𒉺𒄐𒉻𒋛𒀀,,
aw,𒉿,,𒉿,𒉿,𒉿,𒉿,,
ax,,,𒁕,,,,,
axa,,,,,𒀀𒀁,,,
axbad,,,,,𒀂,,,
axdu6,,,,,𒀆,,,
axgan2tenû,,,,,𒀃,,,
axigi,,,,,𒀅,,,
axlagargunû,,,,,𒀆,,,
axmuš,,,,,𒀇,,,
axsag,,,,,𒀈,,,
axḫa,,,,,𒀄,,,
aya,𒀀𒀀,,,𒀀𒀀,𒀀𒀀,𒀀𒀀,,
aya2,𒀀,𒀀,𒀀,,,,,
aya2-aya2,𒀁,𒀁,,,,,,
aya3,𒌨,𒌨,,,,,,
aya4,𒆹,𒆹,,,,,,
ayayaₓ,𒀀𒀀𒀀,,,𒀀𒀀𒀀,,𒀀𒀀𒀀,,
aya₂,𒀀,,,𒀀,,𒀀,,
aya₂-aya₂,𒀁,,,𒀁,,𒀁,,
aya₃,𒌨,,,𒌨,,𒌨,,
aya₄,𒆹,,,𒆹,,𒆹,,
ayaₓ,𒌓,,,𒌓,,𒄩。𒇅。𒌓,,
aye,𒀀𒀀,,,𒀀𒀀,𒀀𒀀,𒀀𒀀,,
ayi,𒀀𒀀,,,𒀀𒀀,𒀀𒀀,𒀀𒀀,,
ayu,𒀀𒀀,,,𒀀𒀀,𒀀𒀀,𒀀𒀀,,
ayya,𒀀𒀀,,,𒀀𒀀,𒀀𒀀,𒀀𒀀,,
ayye,𒀀𒀀,,,𒀀𒀀,𒀀𒀀,𒀀𒀀,,
ayyi,𒀀𒀀,,,𒀀𒀀,𒀀𒀀,𒀀𒀀,,
ayyu,𒀀𒀀,,,𒀀𒀀,𒀀𒀀,𒀀𒀀,,
az,𒊍,,𒊍,𒊍,𒊍,𒊍,,
az ez iz uz,,,𒊍 𒄑 𒄑 𒊻,,,,,
az/aza,,,𒊍 𒊍,,,,,
az2,𒀾,𒀾,𒀾,,𒀾,,,
az3,𒀸,𒀸,,,𒀸,,,
aza,𒊍,,,𒊍,𒊍,𒊍,,
azad,𒀀𒇒𒈣𒋙𒀀,,,𒀀𒇒𒈣𒋙𒀀,𒌑𒀀𒇒𒈣𒋙𒀀,𒀀𒇒𒈣𒋙𒀀,,
azad2,𒋺,𒋺,,,𒋺,,,
azad₂,𒋺,,,𒋺,,𒋺,,
azadₓ,𒀀𒇒𒈣𒋙𒀀,,,𒀀𒇒𒈣𒋙𒀀,,None。X𒁍。X𒈨。𒀀𒇉X。𒀀𒇉𒋙。𒀀𒇒𒋙。𒌑𒀀𒇉,,
azag,𒆬𒀭,,𒆬𒀭,𒆬𒀭,𒆬𒀭,𒆬𒀭,,
azag2,𒀉𒉺,𒀉𒉺,𒀉𒉺,,𒀉𒉺,,,
azag₂,𒀉𒉺,,,𒀉𒉺,,𒀉𒉺,,
azak,𒆬𒀭,,,𒆬𒀭,,𒆬𒀭,,
azalag,𒌆𒌓,,𒌆𒌓,𒌆𒌓,𒌆𒌓,𒌆𒌓,,
azalag2,𒌆,𒌆,,,,,,
azalag3,𒄑𒌆𒉿𒋼𒀀𒁺,𒄑𒌆𒉿𒋼𒀀𒁺,,,,,,
azalag4,𒄑𒌆𒋼𒀀𒁺,𒄑𒌆𒋼𒀀𒁺,,,,,,
azalag5,𒄑𒌆𒉿𒋼𒀀,𒄑𒌆𒉿𒋼𒀀,,,,,,
azalag6,𒄑𒌆𒋼𒀀,𒄑𒌆𒋼𒀀,,,,,,
azalag7,𒈐,𒈐,,,,,,
azalag₂,𒌆,,,𒌆,,𒌆,,
azalag₃,𒄑𒌆𒉿𒋼𒀀𒁺,,,𒄑𒌆𒉿𒋼𒀀𒁺,,𒄑𒌆𒉿𒋼𒀀𒁺,,
azalag₄,𒄑𒌆𒋼𒀀𒁺,,,𒄑𒌆𒋼𒀀𒁺,,𒄑𒌆𒋼𒀀𒁺,,
azalag₅,𒄑𒌆𒉿𒋼𒀀,,,𒄑𒌆𒉿𒋼𒀀,,𒄑𒌆𒉿𒋼𒀀,,
azalag₆,𒄑𒌆𒋼𒀀,,,𒄑𒌆𒋼𒀀,,𒄑𒌆𒋼𒀀,,
azalag₇,𒈐,,,𒈐,,𒈐,,
azalₓ,𒀀𒌅𒃮𒇺,,,𒀀𒌅𒃮𒇺,,𒀀𒌅𒃮𒇺,,
aza₂,,𒆬𒀭,,𒆬𒀭,,𒆬𒀭,,
azlag,𒌆𒌓,,𒌆𒌓,𒌆𒌓,𒌆𒌓,𒌆𒌓,,
azlag2,𒌆,𒌆,𒌆,,𒌆,,,
azlag3,𒄑𒌆𒉿𒋼𒀀𒁺,𒄑𒌆𒉿𒋼𒀀𒁺,𒄑𒌆𒉿𒋼𒀀𒁺,,𒄑𒌆𒉿𒋼𒀀𒁺,,,
azlag4,𒄑𒌆𒋼𒀀𒁺,𒄑𒌆𒋼𒀀𒁺,𒄑𒌆𒋼𒀀𒁺,,𒄑𒌆𒋼𒀀𒁺,,,
azlag5,𒄑𒌆𒉿𒋼𒀀,𒄑𒌆𒉿𒋼𒀀,,,,,,
azlag6,𒄑𒌆𒋼𒀀,𒄑𒌆𒋼𒀀,,,𒄑𒌆𒋼𒀀,,,
azlag7,𒈐,𒈐,𒈐,,𒇽𒌆。𒈐,,,
azlaggalₓ,𒃲𒄑𒌆𒋼𒀀𒁺,,,𒃲𒄑𒌆𒋼𒀀𒁺,,𒃲𒄑𒌆𒋼𒀀𒁺,,
azlag₂,𒌆,,,𒌆,,𒌆,,
azlag₃,𒄑𒌆𒉿𒋼𒀀𒁺,,,𒄑𒌆𒉿𒋼𒀀𒁺,,𒄑𒌆𒉿𒋼𒀀𒁺,,
azlag₄,𒄑𒌆𒋼𒀀𒁺,,,𒄑𒌆𒋼𒀀𒁺,,𒄑𒌆𒋼𒀀𒁺,,
azlag₅,𒄑𒌆𒉿𒋼𒀀,,,𒄑𒌆𒉿𒋼𒀀,,𒄑𒌆𒉿𒋼𒀀,,
azlag₆,𒄑𒌆𒋼𒀀,,,𒄑𒌆𒋼𒀀,,𒄑𒌆𒋼𒀀,,
azlag₇,𒈐,,,𒈐,,𒈐,,
azlagₓ,,,,,,𒄑𒌆𒁺。𒄑𒌆𒉿。𒌆𒉿𒋼𒀀𒊏。𒌆𒋼𒀀𒁺,,
azu,𒍬,,𒍬,𒍬,𒉙,𒍬,,
azu2,,,,,𒋨,,,
azubir,𒄯𒊕,,,𒄯𒊕,,𒄯𒊕,,
azudₓ,,,,,,𒃵,,
azugna,𒄯𒊕,,,𒄯𒊕,𒄯𒊕,𒄯𒊕,,
azukna,𒄯𒊕,,,𒄯𒊕,𒄯𒊕。𒄯𒊕𒊬,𒄯𒊕,,
azuxa,,,,,𒍬,,,
azuₓ,,,,,,𒀀𒍫。𒍫𒀀,,
az⁻,,𒊍,,𒊍,,𒊍,,
az₂,𒀾,,,𒀾,,𒀾,,
az₃,𒀸,,,𒀸,,𒀸,,
a{ki},,,𒀀 𒆠,,,,,
a×a,,𒀁,,𒀁,,,,
a×bad,,𒀂,,𒀂,,,,
a×du₆,,𒀆,,𒀆,,,,
a×ha,,𒀄,,𒀄,,,,
a×igi,,𒀅,,𒀅,,,,
a×lagar@g,,𒀆,,𒀆,,,,
a×muš,,𒀇,,𒀇,,,,
a×sag,,𒀈,,𒀈,,,,
aĝ,,,𒀝,,,,,
aĝ2,,,𒉘,,,,,
aĝa3,,,𒂆,,,,,
aĝarin,,,𒀌,,,,,
aĝarin2,,,𒀎,,,,,
aĝarin3,,,𒂼𒂆,,,,,
aĝarin4,,,𒂼𒋆,,,,,
aĝarin5,,,𒂼𒋋,,,,,
aĝ₂,,,𒉘,,,,,
aŋ,𒀝,,,𒀝,,𒀝,,
aŋ2,𒉘,𒉘,,,,,,
aŋ3,𒋃,𒋃,,,,,,
aŋa3,𒂆,𒂆,,,,,,
aŋar5,𒅐,𒅐,,,,,,
aŋar6,𒅎𒂂,𒅎𒂂,,,,,,
aŋarin,𒀌,,,𒀌,,𒀌,,
aŋarin2,𒀎,𒀎,,,,,,
aŋarin3,𒂼𒂆,𒂼𒂆,,,,,,
aŋarin4,𒂼𒋆,𒂼𒋆,,,,,,
aŋarin5,𒂼𒋋,𒂼𒋋,,,,,,
aŋarin₂,𒀎,,,𒀎,,𒀎,,
aŋarin₃,𒂼𒂆,,,𒂼𒂆,,𒂼𒂆,,
aŋarin₄,𒂼𒋆,,,𒂼𒋆,,𒂼𒋆,,
aŋarin₅,𒂼𒋋,,,𒂼𒋋,,𒂼𒋋,,
aŋarinₓ,,,,,,None。𒀏。𒇉,,
aŋarŋara,,𒉩,,𒉩,,𒉩,,
aŋar₅,𒅐,,,𒅐,,𒅐,,
aŋar₆,𒅎𒂂,,,𒅎𒂂,,𒅎𒂂,,
aŋa₂,,,,,,𒉘,,
aŋa₃,𒂆,,,𒂆,,𒂆,,
aŋrig,𒅆𒁾,,,𒅆𒁾,,𒅆𒁾,,
aŋ₂,𒉘,,,𒉘,,𒉘,,
aŋ₃,𒋃,,,𒋃,,𒋃,,
aś,𒀾,,,𒀾,𒀾,,,
aš,𒀸,,𒀸,𒀸,𒀸,𒀸,,
aš eš iš uš,,,𒀸 𒌍 𒅖 𒍑,,,,,
aš&aš&aš,,𒀼,𒀼,𒀼,,,,
aš&aš&aš%,,𒀼,,𒀼,,,,
aš&aš&aš%aš&aš&aš,,𒀽,,𒀽,,,,
aš&aš&aš.aš,,𒀼𒀸,,𒀼𒀸,,,,
aš&aš&aš.aš&aš&aš,,𒀼𒀼,,𒀼𒀼,,,,
aš&aš&aš.aš&aš&aš.aš,,𒀼𒀼𒀸,,𒀼𒀼𒀸,,,,
aš&aš&aš.aš&aš&aš.tab,,𒀼𒀼𒋰,,𒀼𒀼𒋰,,,,
aš&aš&aš.tab,,𒀼𒋰,,𒀼𒋰,,,,
aš&aš.tug₂&tug₂.tug₂&tug₂.pap,,𒀻,,𒀻,,,,
aš+sur,,𒀸𒋩,,𒀸𒋩,𒀸𒋩,,,
aš+u,,,𒀸 𒌋。𒀸𒌋,,𒑘,,,
aš+šur,,,𒀸 𒋩,,,,,
aš-šur,𒀸𒋩,,,𒀸𒋩,,𒀸𒋩,,
aš.a.an,,,,,𒀸𒀀𒀭,,,
aš.aš,,𒀸𒀸,,𒀸𒀸,𒐀,,,
aš.aš.aš,,𒀸𒀸𒀸,,𒀸𒀸𒀸,𒐁,,,
aš.dar,,,,,𒀸𒁯,,,
aš.hi×diš.gi₄,,𒀸𒄱𒄄,,𒀸𒄱𒄄,,,,
aš.šur,,,,,𒀸𒋩,,,
aš/aš/ašcrossingaš/aš/aš,,,,,𒀽,,,
aš10,,,,,𒁹,,,
aš11,,,,,𒀹,,,
aš2,,,𒀾,,𒀾,,,
aš2.a.an,,,,,𒀾𒀀𒀭,,,
aš2.an,,,,,𒀾𒀭,,,
aš2.an.na,,,,,𒀾𒀭𒈾,,,
aš2.gar,,,,,𒀾𒃻,,,
aš2.u,,,,,𒑒,,,
aš2.uoveru,,,,,𒑔,,,
aš3,,,𒐋,,𒐋,,,
aš4,,,𒋰𒋰𒋰,,𒐄,,,
aš5,,,,,𒋁𒋦,,,
aš6,,,,,𒀊。𒋁,,,
aš7,,,𒋓,,𒋓,,,
aš8,,,,,𒄱,,,
aš9,,,𒑀,,𒑀,,,
aš@c,𒀸,,,𒀸,,𒀸,,
aš@c@90,,𒀸,,𒀸,,𒀸,,
aš@c@v,,𒀸,,𒀸,,𒀸,,
aš@f,,,,,,𒀸,,
aš@k,,𒀺,,𒀺,,,,
aš@k&aš@k&aš@k&aš@k,,𒍧,,𒍧,,,,
aš@t,𒀹,,,𒀹,,𒀹,,
aš@v,,𒀸,,𒀸,,󰀉,,
aš@z,,𒀹,,𒀹,,,,
aš@z&aš@z&aš@z&aš@z,,𒍦,,𒍦,,,,
aša,𒀸,,,𒀸,𒀸,𒀸,,
aša2,,,,,𒀀。𒀾,,,
aša3,,,,,𒐋,,,
aša5,,,,,𒃷,,,
ašag,𒃷,,𒃷,𒃷,𒃷,𒃷,,
ašalₓ,𒀀𒌅𒃮𒇺,,,𒀀𒌅𒃮𒇺,,𒀀𒌅𒃮𒇺。𒊺𒉭𒃮𒇺。𒔌,,
ašarid,𒅆𒁺,,,𒅆𒁺,,𒅆𒁺,,
ašaridu,𒅆𒁺,,,𒅆𒁺,,,,
ašar₂,𒀀𒌅𒃮𒇺,,,𒀀𒌅𒃮𒇺,,𒀀𒌅𒃮𒇺,,
ašaŋ₂,,𒃥,,𒃥,,𒃥,,
aša₂,𒀾,,,𒀾,,𒀾,,
aša₃,𒐋,,,𒐋,,𒐋,,
aša₅,𒃷,,,𒃷,,𒃷,,
ašbarₓ,,,,,,𒉾,,
ašdar,𒌋𒁯,,𒌋𒁯,𒌋𒁯,𒌋𒁯,𒀹𒁯。𒌋𒁯,,
ašdar;,,,𒌋𒁯,,,,,
ašdar₂,𒁹𒁯,,,𒁹𒁯,,𒁹𒁯,,
ašgab,𒀿,,𒀿,𒀿,𒀿,𒀿,,
ašgabgalₓ,𒃲𒀿,,,𒃲𒀿,,𒃲𒀿,,
ašgarₓ,,,,,,𒃼,,
ašgi,𒋓𒄄,,,𒋓𒄄,,𒀸𒄱𒄄。𒋓𒄄,,
ašgi₂,,𒋓,,𒋓,,𒋓,,
ašita,𒀉𒌋𒆤,,,𒀉𒌋𒆤,,𒀉𒌋𒆤,,
aškabatenû,,,,,𒀺,,,
aški,𒍤𒆸,,,𒍤𒆸,𒍤𒆸,𒍤𒆸,,
aškiₓ,𒍤𒀀,,,𒍤𒀀,,𒀀𒍤。𒀀𒍤𒆸。𒍤𒀀,,
aškud,𒀉𒈽,,,𒀉𒈽,𒀉𒈽,𒀉𒈽,,
aškud2,,,,,𒀉𒈹,,,
aškud₂,𒀉𒈹,,,𒀉𒈹,,𒀉𒈹,,
aškudₓ,𒀉𒍝𒈽,,,𒀉𒍝𒈽,,𒀀𒍝𒈽。𒀉𒍝𒀭𒈹。𒀉𒍝𒈽,,
ašlag,𒌆𒌓,,,𒌆𒌓,𒄑𒌆𒉿𒋼𒀀。𒄑𒌆𒉿𒋼𒀀𒁺。𒌆𒌓,𒌆𒌓,,
ašlag₂,𒌆,,,𒌆,,𒌆,,
ašlag₃,𒄑𒌆𒉿𒋼𒀀𒁺,,,𒄑𒌆𒉿𒋼𒀀𒁺,,𒄑𒌆𒉿𒋼𒀀𒁺,,
ašlag₄,𒄑𒌆𒋼𒀀𒁺,,,𒄑𒌆𒋼𒀀𒁺,,𒄑𒌆𒋼𒀀𒁺,,
ašlag₅,𒄑𒌆𒉿𒋼𒀀,,,𒄑𒌆𒉿𒋼𒀀,,𒄑𒌆𒉿𒋼𒀀,,
ašlag₆,𒄑𒌆𒋼𒀀,,,𒄑𒌆𒋼𒀀,,𒄑𒌆𒋼𒀀,,
ašlag₇,𒈐,,,𒈐,,𒈐,,
ašlug,𒂍𒍑𒁍𒁕,,,𒂍𒍑𒁍𒁕,𒂍𒍑𒁍𒁕,𒂍𒍑𒁍𒁕,,
ašnan,𒊺𒊺𒉪,,𒊺𒊺𒉪,𒊺𒊺𒉪,𒊺𒌁,𒊺𒌁,,
ašnan2,,,𒊺,,𒊺,,,
ašnana,𒊺𒊺𒉪,,,𒊺𒊺𒉪,,𒊺𒌁,,
ašnan₂,𒊺,,,𒊺,,𒊺,,
ašnanₓ,,,,,,𒌁,,
ašoveraš.ašoveraš,,,,,𒐂,,,
ašoveraš.tug2overtug2.tug2overtug2.pap,,,,,𒀻,,,
ašta,𒃰𒋺,,,𒃰𒋺,𒃰𒋺。𒄑𒃰𒋺,𒃰𒋺,,
ašte,𒀉𒌋𒆤,,,𒀉𒌋𒆤,𒀉𒌋𒆤,𒀉𒌋𒆤,,
ašte2,,,,,𒆹,,,
ašte₂,𒆹,,,𒆹,,𒆹,,
ašteₓ,𒇅,,,𒇅,,𒇅,,
aštub,,𒄞,,𒄞,,𒄞,,
ašugi,,,,,𒈻,,,
ašugi2,,,,,𒍝𒈹𒁲,,,
ašzidatenû,,,,,𒀹,,,
ašša,𒀸,,,𒀸,𒀸,𒀸,,
ašša2,,,,,𒃰𒋺。𒄑𒃰𒋺,,,
ašša3,,,,,𒐋,,,
aššan,𒀭𒁺𒀭,,,𒀭𒁺𒀭,,𒀭𒁺𒀭,,
ašša₂,𒃰𒋺,,,𒃰𒋺,,𒃰𒋺,,
ašša₃,𒐋,,,𒐋,,𒐋,,
aš₁₀,𒁹,,,𒁹,,𒁹,,
aš₁₁,𒀹,,,𒀹,,𒀹,,
aš₂,𒀾,,𒀾,𒀾,,𒀾,,
aš₂-gar₃,𒊩𒀾𒃼,,,𒊩𒀾𒃼,,,,
aš₂.gar₃,,𒀾𒃼,,𒀾𒃼,,,,
aš₂.u,,𒀾𒌋,,𒀾𒌋,,,,
aš₂.u&u,,𒐋,,𒐋,,,,
aš₃,𒐋,,,𒐋,,𒐋,,
aš₄,𒋰𒋰𒋰,,,𒋰𒋰𒋰,,𒋰𒋰𒋰,,
aš₅,𒋠𒇴𒋦,,,𒋠𒇴𒋦,,𒋠𒇴𒋦,,
aš₆,𒋠𒇴,,,𒋠𒇴,,𒋠𒇴,,
aš₇,𒋓,,,𒋓,,𒋓,,
aš₇-gi₄,𒋓𒄄,,,𒋓𒄄,,𒋓𒄄,,
aš₈,𒄱,,,𒄱,,𒄱,,
aš₉,𒑀,,,𒑀,,𒀼𒀼。𒑀,,
ašₓ,𒀊,,,𒀊,,𒀊。𒐑,,
aʾ,𒀪,,𒀪,𒀪,,𒀪,,
aʾa₃,𒆹,,,𒆹,,𒆹,,
aʾuʾaₓ,,,,,,None,,
aʾuʾu,𒀀𒉺𒄐𒉻𒋛𒀀,,,𒀀𒉺𒄐𒉻𒋛𒀀,,𒀀𒉺𒄐𒉻𒋛𒀀,,
aʾ₂,𒄴,,,𒄴,,,,
aʾ₂?,,,,,,𒄴,,
aʾ₃,𒂍,,,𒂍,,𒂍,,
aḫ,,,𒄴,,𒄴,,,
aḫ.kaskal,,,,,𒄴𒆜,,,
aḫ.me,,,,,𒄴𒈨,,,
aḫ.me.u,,,,,𒄴𒈨𒌋,,,
aḫ2,,,,,𒋀,,,
aḫ3,,,,,𒌓,,,
aḫ4,,,,,𒀪。𒉽,,,
aḫ5,,,,,𒀉,,,
aḫ6,,,,,𒌔,,,
aḫa,,,,,𒄴,,,
aḫa2,,,,,𒋀,,,
aḫa3,,,,,𒉽,,,
aḫi,,,,,𒀉。𒋀,,,
aḫi2,,,,,𒀉,,,
aḫud,,,,,𒅒,,,
aḫulab,,,,,𒈽,,,
aḫḫur,,,,,𒅆𒁉,,,
aḫ₃,,,𒌓,,,,,
aṣ,𒊍,,𒊍,𒊍,𒊍,𒊍,,
aṣ eṣ iṣ uṣ,,,𒊍 𒄑 𒄑 𒊻,,,,,
aṣ2,,,,,𒀾,,,
aṣ3,,,,,𒀸,,,
aṣ₂,𒀾,,,𒀾,,𒀾,,
aṣ₃,𒀸,,,𒀸,,𒀸,,
aṭ,𒀜,,𒀜,𒀜,𒀜,𒀜,,
aṭ eṭ iṭ uṭ,,,𒀜 𒀉 𒀉 𒌓,,,,,
aṭ2,,,,,𒄉,,,
aṭu,𒌑𒄉,,,𒌑𒄉,,𒌑𒄉,,
aṭ₂,𒄉,,,𒄉,,𒄉,,
a–,,,𒀀,,,,,
a–a,,,𒀀 𒀀,,,,,
a’,,,𒀪,,𒀪,,,
a’a3,,,,,𒆹,,,
a’u’u,,,,,𒀀𒉺𒄐𒉻𒋛𒀀,,,
a₁₀,𒊷,,,𒊷,,,,
a₁₀?,,,,,,𒊷,,
a₁₁,𒀭,,,𒀭,,,,
a₁₁?,,,,,,𒀭,,
a₁₂,𒌓,,,𒌓,,𒌓,,
a₁₂-ra₂-bu,𒌓𒁺𒁍,,,𒌓𒁺𒁍,,𒌓𒁺𒁍,,
a₁₃,𒌗,,,𒌗,,𒌗,,
a₁₄,𒂍,,,𒂍,,𒂍,,
a₂,𒀉,,𒀉,𒀉,,𒀉,,
a₂.aš,,𒀉𒀸,,𒀉𒀸,,,,
a₂.ga₂×sal,,𒀉𒃣,,𒀉𒃣,,,,
a₂.kal,,𒀉𒆗,,𒀉𒆗,,,,
a₂.muš₃,,𒀉𒈹,,𒀉𒈹,,,,
a₂.muš₃@g,,𒀉𒈽,,𒀉𒈽,,,,
a₂.pa,,𒀉𒉺,,𒀉𒉺,,,,
a₂.sal,,𒀉𒊩,,𒀉𒊩,,,,
a₂.tur,,𒀉𒌉,,𒀉𒌉,,,,
a₂.u.kid,,𒀉𒌋𒆤,,𒀉𒌋𒆤,,,,
a₂.ud.du,,𒀉𒌓𒁺,,𒀉𒌓𒁺,,,,
a₂.za.an.muš₃,,𒀀𒍝𒀭𒈹,,𒀀𒍝𒀭𒈹,,,,
a₂.za.muš₃@g,,𒀉𒍝𒈽,,𒀉𒍝𒈽,,,,
a₂⁻,,𒀉,,𒀉,,𒀉,,
a₃,𒉿,,,𒉿,,𒉿,,
a₄,𒀀𒀭,,,𒀀𒀭,,𒀀𒀭,,
a₅,𒀝,,,𒀝,,𒀝,,
a₆,𒌋,,,𒌋,,𒌋,,
a₇,𒄩,,,𒄩,,𒄩,,
a₈,𒌨,,,𒌨,,𒌨,,
a₉,𒆹,,,𒆹,,𒆹,,
aₓ,𒁕,,,𒁕,,𒁕。𒄀。𒉌,,
b[a,,,𒁀,,,,,
b[i,,,𒁉,,,,,
b[i],,,𒁉,,,,,
b]al,,,𒁄,,,,,
b]i,,,𒁉,,,,,
b]é,,,𒁉,,,,,
ba,𒁀,,𒁀,𒁀,𒁀,𒁀,,
ba be bi bu,,,𒁀 𒁁 𒁉 𒁍,,,,,
ba!,,,𒁀,,,,,
ba.u2,,,,,𒁀𒌑,,,
ba10,𒉼,𒉼,,,𒉼,,,
ba11,𒅤,𒅤,,,𒅤,,,
ba12,,,,,𒅤。𒆃,,,
ba13,𒈨,𒈨,,,𒈨,,,
ba14,𒉽,𒉽,,,𒉽,,,
ba15,𒁇,𒁇,,,𒁇,,,
ba2,𒉺,𒉺,𒉺,,𒉺,,,
ba3,𒌍,𒌍,𒌍,,𒌍,,,
ba4,𒂷,𒂷,𒂷,,𒀀𒀭𒂷。𒂷。𒍝𒂷𒂷,,,
ba5,𒅮,𒅮,𒅮,,𒅮,,,
ba6,𒌑,𒌑,𒌑,,𒁀𒌑。𒌑,,,
ba7,𒈦,𒈦,𒈦,,𒈦,,,
ba8,𒂦,𒂦,,,𒂦,,,
ba9,𒁁,𒁁,𒁁,,𒁁,,,
ba?,,,𒁀,,,,,
ba],,,𒁀,,,,,
bab,𒉽,,𒉽,𒉽,𒉽,𒉽,,
bab2,𒌓,𒌓,,,𒌓,,,
bab3,,,,,𒆍,,,
baba2,𒆍,𒆍,,,𒆍,,,
baba3,,,,,𒆍,,,
babar,𒌓,,,𒌓,𒌓,𒌓,,
babar2,𒌓𒌓,𒌓𒌓,,,𒌓𒌓,,,
babar₂,𒌓𒌓,,,𒌓𒌓,,𒌓𒌓,,
baba₂,𒆍,,,𒆍,,𒆍,,
babbar,𒌓,,𒌓,𒌓,𒌓,𒌓,,
babbar2,𒌓𒌓,𒌓𒌓,𒌓𒌓,,𒌓𒌓,,,
babbar_,,,𒌓,,,,,
babbar₂,𒌓𒌓,,,𒌓𒌓,,𒌓𒌓,,
babila,𒅗𒀭,,𒅗𒀭,𒅗𒀭,,𒅗𒀭。𒆍𒀭,,
babila#,,,𒅗𒀭,,,,,
babila2,𒅗𒀭𒊏,𒅗𒀭𒊏,,,,,,
babila{ki},,,𒅗𒀭 𒆠,,,,,
babila₂,𒅗𒀭𒊏,,,𒅗𒀭𒊏,,𒅗𒀭𒊏。𒆍𒀭𒊏,,
babilaₓ,𒆍𒀭,,,𒆍𒀭,,𒁷𒌁,,
babilim,𒆍𒀭,,,𒆍𒀭,,𒆍𒀭,,
babilim2,𒆍𒀭𒊏,𒆍𒀭𒊏,,,,,,
babilima,𒆍𒀭,,,𒆍𒀭,,𒆍𒀭,,
babilima2,𒆍𒀭𒊏,𒆍𒀭𒊏,,,,,,
babilima₂,𒆍𒀭𒊏,,,𒆍𒀭𒊏,,𒆍𒀭𒊏,,
babilim₂,𒆍𒀭𒊏,,,𒆍𒀭𒊏,,𒆍𒀭𒊏,,
babir,,𒋋,,𒋋,,𒋋,,
babir₂,,𒋆,,𒋆,,𒋆,,
babu,𒆍,,,𒆍,,𒆍,,
bab₂,𒌓,,,𒌓,,𒌓,,
bad,𒁁,,𒁁,𒁁,𒁁,𒁁,,
bad.aš,,𒁁𒀸,,𒁁𒀸,𒁁𒀸,,,
bad.bad,,𒁁𒁁,,𒁁𒁁,𒁁𒁁,,,
bad.igi.bad,,𒁁𒅆𒁁,,𒁁𒅆𒁁,𒁁𒅆𒁁,,,
bad.kaskal,,𒁁𒆜,,𒁁𒆜,𒁁𒆜,,,
bad.lu₂,,𒁁𒇽,,𒁁𒇽,,,,
bad.mi,,𒁁𒈪,,𒁁𒈪,𒁁𒈪,,,
bad.ud,,𒁁𒌓,,𒁁𒌓,𒁁𒌓,,,
bad.x,,𒁁,,𒁁,,,,
bad2,𒉻,𒉻,,,𒉻,,,
bad3,𒂦,𒂦,𒂦,,𒂦,,,
bad4,𒆠𒆗,𒆠𒆗,,,𒆠𒄨,,,
bad5,𒅆,𒅆,𒅆,,𒅆,,,
bada,𒁁,,,𒁁,,𒁁,,
bada3,𒂦,𒂦,,,,,,
bada₃,𒂦,,,𒂦,,𒂦,,
badi,𒅆,,,𒅆,𒅆,𒅆,,
badiliša,,,,,𒆯,,,
bad₂,𒉻,,,𒉻,,𒉻,,
bad₃,𒂦,,𒂦,𒂦,,𒂦,,
bad₄,𒆠𒆗,,,𒆠𒆗,,𒆠𒆗,,
bad₅,𒅆,,𒅆,𒅆,,𒅆,,
badₓ,𒂡,,,𒂡,,None。𒂡,,
baesz,𒀾,𒀾,,,,,,
baeš,𒀾,,,𒀾,𒑑,𒀾,,
bag,𒄷,,𒄷,𒄷,𒄷,𒄷,,
bag3,𒁂,𒁂,,,𒁂,,,
bag4,𒍧,𒍧,,,,,,
bag₂,,,,,,XXXX,,
bag₃,𒁂,,,𒁂,,𒁂,,
bag₄,𒍧,,,𒍧,,𒍧,,
bagₓ,𒊑,,,𒊑,,𒊑,,
bah,𒄷,,𒄷,𒄷,,𒄷,,
bah3,𒈜,𒈜,,,,,,
bahar,𒄞,,𒄞,𒄞,,𒄞,,
bahar2,𒁃,𒁃,𒁃,,,,,
bahar3,𒌋𒂔,𒌋𒂔,𒌋𒂔,,,,,
bahar4,𒁇𒂔,𒁇𒂔,𒁇𒂔,,,,,
bahar5,𒂁𒋡𒁓𒈾,𒂁𒋡𒁓𒈾,,,,,,
bahargalₓ,𒃲𒁇𒂔,,,𒃲𒁇𒂔,,𒃲𒁇𒂔,,
bahar₂,𒁃,,,𒁃,,𒁃,,
bahar₃,𒌋𒂔,,,𒌋𒂔,,𒌋𒂔,,
bahar₄,𒁇𒂔,,,𒁇𒂔,,𒁇𒂔,,
bahar₅,𒂁𒋡𒁓𒈾,,,𒂁𒋡𒁓𒈾,,𒂁𒋡𒁓𒈾,,
baharₓ,𒌋𒊬,,,𒌋𒊬,,𒀀𒁇𒁃。𒂁𒁓。𒂁𒉽𒁓。𒂁𒋡𒁓。𒌋𒊬,,
bah₃,𒈜,,,𒈜,,𒈜,,
bak,𒄷,,𒄷,𒄷,𒄷,𒄷,,
bak3,𒁂,𒁂,,,,,,
bakiru,𒌋𒊬,,,𒌋𒊬,𒌋𒊬,𒌋𒊬,,
bakirum,𒌋𒊬,,,𒌋𒊬,𒌋𒊬,𒌋𒊬,,
bak₂,,,,,,XXXX,,
bak₃,𒁂,,,𒁂,,𒁂,,
bakₓ,𒊑,,,𒊑,,𒊑,,
bal,𒁄,,𒁄,𒁄,𒁄,𒁄,,
bal&bal,,𒁅,,𒁅,,,,
bal2,𒁔,𒁔,𒁔,,𒁔,,,
bal3,𒀡,𒀡,𒀡,,𒀡,,,
bal4,𒀦,𒀦,𒀦,,𒀦,,,
bala,𒁄,,𒁄,𒁄,𒁄,𒁄,,
balag,𒁆,,𒁆,𒁆,𒁆,𒁆,,
balag.a,,𒁆𒀀,,𒁆𒀀,,,,
balag.lul,,𒁆𒈜,,𒁆𒈜,𒁆𒈜,,,
balag.tur,,𒁆𒌉,,𒁆𒌉,,,,
balaj,,,𒁆,,,,,
balak,𒁄,,,𒁄,,𒁄,,
balaĝ,,,𒁆,,,,,
balaŋ,𒁆,,,𒁆,,𒁆,,
balaₓ,,,,,,󰂆,,
baliha,𒆜𒆳,,,𒆜𒆳,,𒆜𒆳,,
baliḫa,,,,,𒆜𒆳,,,
balla,𒃻𒊕𒅍𒂡𒍑,,,𒃻𒊕𒅍𒂡𒍑,𒃻𒊕𒅍𒂡𒍑,𒃻𒊕𒅍𒂡𒍑,,
balla2,𒃻𒊕𒅍𒂡𒊩,𒃻𒊕𒅍𒂡𒊩,,,𒃻𒊕𒅍𒂡𒊩,,,
ballatu,𒍣𒈨𒌋𒌋𒌋,,,𒍣𒈨𒌋𒌋𒌋,,𒍣𒎌,,
balla₂,𒃻𒊕𒅍𒂡𒊩,,,𒃻𒊕𒅍𒂡𒊩,,𒃻𒊕𒅍𒂡𒊩,,
ballaₓ,,,,,,𒃻𒊕𒆟𒊩。𒃻𒊕𒇲𒊩。𒃻𒊕𒊩𒇲。𒃻𒊩𒇲𒊕。𒃻𒊩𒊕𒇲。𒊕𒇲𒊩,,
baloverbal,,,,,𒁅,,,
bal₂,𒁔,,,𒁔,,𒁔,,
bal₃,𒀡,,,𒀡,,𒀡,,
bal₄,𒀦,,,𒀦,,𒀦,,
bamen,𒑐,,,𒑐,,𒑐,,
bamin,𒑐,,,𒑐,𒑐,𒑐,,
ban,𒉼,,𒉼,𒉼,𒉼,𒉼,,
ban2,𒑏,𒑏,𒑏,,𒑏,,,
ban2@c,𒑏,𒑏,,,,,,
ban2@v,𒑏,𒑏,,,,,,
ban3,𒌉,𒌉,𒌉,,𒌉,,,
ban4,𒆕,𒆕,,,𒆕,,,
bana,𒉼,,,𒉼,,𒉼,,
banda2,𒑏,𒑏,𒑏,,𒑏,,,
banda3,𒌉,𒌉,𒌉,,𒌉,,,
banda3_,,,𒌉,,,,,
banda4,𒅂,𒅂,,,𒁁,,,
banda5,𒋞𒅂,𒋞𒅂,,,𒋞𒁁,,,
banda₂,𒑏,,,𒑏,,𒑏,,
banda₃,𒌉,,,𒌉,,𒌉,,
banda₄,𒅂,,,𒅂,,𒅂,,
banda₅,𒋞𒅂,,,𒋞𒅂,,𒋞𒅂,,
bandilisza,𒆯,𒆯,,,,,,
bandiliša,𒆯,,,𒆯,𒆯,𒆯,,
bandurₓ,,,,,,𒄪,,
bandà,,,𒌉,,,,,
banesz,𒀾,𒀾,𒀾,,,,,
baneš,𒀾,,𒀾,𒀾,𒑑,𒀾,,
bangaszₓ,𒌋𒌋𒌋𒐋,𒌋𒌋𒌋𒐋,,,,,,
bangašₓ,𒌋𒌋𒌋𒐋,,,𒌋𒌋𒌋𒐋,,𒌍𒐋,,
bania,,𒐋,,𒐋,𒑔,𒀾X,,
baniaₓ,,,,,,None,,
banlimmu,𒀾𒌋,,𒀾𒌋,𒀾𒌋,𒑒,𒀾𒌋,,
banmin,𒑐,,𒑐,𒑐,𒑐,𒑐,,
bansur,𒍎,,,𒍎,𒍎,𒍎,,
bansur2,𒅃,𒅃,,,𒅃,,,
bansur3,𒆓,𒆓,,,𒆒。𒆓,,,
bansur₂,𒅃,,,𒅃,,𒅃,,
bansur₃,𒆓,,,𒆓,,𒆓,,
banszur,𒍎,𒍎,,,,,,
banszur2,𒅃,𒅃,,,,,,
banszur3,𒆓,𒆓,,,,,,
banszura,𒍎,𒍎,,,,,,
banszurₓ,𒍂,𒍂,,,,,,
banšur,𒍎,,𒍎,𒍎,𒍎,𒍎,,
banšur2,,,𒅃,,𒅃,,,
banšur3,,,,,𒆒。𒆓,,,
banšura,𒍎,,,𒍎,,𒍎,,
banšur₂,𒅃,,,𒅃,,𒅃,,
banšur₃,𒆓,,,𒆓,,𒆓,,
banšurₓ,𒍂,,,𒍂,,𒍂。𒔎,,
ban₂,𒑏,,,𒑏,,𒑏,,
ban₂@c,𒑏,,,𒑏,,󰁅,,
ban₂@v,𒑏,,,𒑏,,𒑏,,
ban₃,𒌉,,𒌉,𒌉,,𒌉,,
ban₄,𒆕,,,𒆕,,𒆕,,
banₓ,𒆸𒆸,,,𒆸𒆸,,𒆸𒆸,,
bap,𒉽,,,𒉽,𒉽,𒉽,,
bapir,,,,,𒋋,,,
bappir,𒋋,,𒋋,𒋋,𒋋,𒋋,,
bappir2,𒋆,𒋆,,,𒋆,,,
bappir3,𒁋,𒁋,𒁋,,𒁋,,,
bappira,𒋋,,,𒋋,𒋋,𒋋,,
bappira2,𒋆,𒋆,,,𒋆,,,
bappira3,𒁋,𒁋,,,𒁋,,,
bappira₂,𒋆,,,𒋆,,𒋆,,
bappira₃,𒁋,,,𒁋,,𒁋,,
bappiru2,,,,,𒋆,,,
bappiruₓ,,,,,,𒋆。𒋋,,
bappir₂,𒋆,,,𒋆,,𒋆,,
bappir₃,𒁋,,,𒁋,,𒁋,,
bappirₓ,,,,,,None,,
baq,𒄷,,,𒄷,𒄷,𒄷,,
bar,𒁇,,𒁇,𒁇,𒁇,𒁇,,
bar.3×an,,𒁇𒀮𒀭,,𒁇𒀮𒀭,,,,
bar.an,,𒁇𒀭,,𒁇𒀭,𒁇𒀭,,,
bar.edin,,𒁇𒂔,,𒁇𒂔,𒁇𒂔,,,
bar.hu.kak,,𒁇𒄷𒆕,,𒁇𒄷𒆕,,,,
bar.ḫu.gag,,,,,𒁇𒄷𒆕,,,
bar11,,,,,𒌓,,,
bar12,,,,,𒂘。𒂙,,,
bar2,𒁈,𒁈,𒁈,,𒁈,,,
bar3,𒁖,𒁖,,,𒁖,,,
bar4,𒉌𒌓,𒉌𒌓,,,𒉌𒂟,,,
bar5,𒋞,𒋞,,,𒋞,,,
bar6,𒌓,𒌓,𒌓,,𒌓,,,
bar7,𒉈,𒉈,𒉈,,𒉈,,,
bar8,𒂙,𒂙,,,𒂘。𒂙,,,
bara,𒁇,,𒁇,𒁇,𒁇,𒁇,,
bara10,𒃖,𒃖,,,𒃖,,,
bara2,𒁈,𒁈,𒁈,,𒁁。𒁈,,,
bara2-munu5,𒁈𒉽𒉽,𒁈𒉽𒉽,,,,,,
bara2.munu5,,,,,𒁈𒉽𒊺𒉽,,,
bara2.pab.še.pap,,,,,𒁈𒉽𒊺𒉽,,,
bara3,𒁖,𒁖,𒁖,,𒁖。𒇃,,,
bara4,𒁁,𒁁,𒁁,,𒁁,,,
bara5,𒇃,𒇃,𒇃,,𒁖。𒇃,,,
bara6,𒇙,𒇙,,,𒇙,,,
bara7,𒇋,𒇋,𒇋,,𒇋,,,
bara8,𒇣,𒇣,,,𒇣,,,
bara9,𒇗,𒇗,𒇗,,𒇗,,,
barag,𒁈,,𒁈,𒁈,𒁈,𒁈,,
barag2,𒁖,𒁖,𒁖,,𒁖,,,
barag₂,𒁖,,,𒁖,,𒁖,,
baragₓ,,,,,,𒁁,,
baragₓ?,,,,,,None,,
barana,,,,,𒌓𒄒𒉣,,,
bara₁₀,𒃖,,,𒃖,,𒃖,,
bara₂,𒁈,,,𒁈,,𒁈,,
bara₂-munu₅,𒁈𒉽𒉽,,,𒁈𒉽𒉽,,𒁈𒉽𒉽,,
bara₂.pap.pap,,𒁈𒉽𒉽,,𒁈𒉽𒉽,,,,
bara₂.pap.še.pap,,𒁈𒉽𒊺𒉽,,𒁈𒉽𒊺𒉽,,,,
bara₃,𒁖,,,𒁖,,𒁖,,
bara₄,𒁁,,,𒁁,,𒁁,,
bara₅,𒇃,,,𒇃,,𒇃,,
bara₆,𒇙,,,𒇙,,𒇙,,
bara₇,𒇋,,,𒇋,,𒇋,,
bara₈,𒇣,,,𒇣,,𒇣,,
bara₉,𒇗,,,𒇗,,𒇗,,
baraₓ,𒌓,,,𒌓,,𒉈。𒌓,,
bare,𒁇,,,𒁇,,𒁇,,
bargi,𒌐,,𒌐,𒌐,𒌐,,,
bargi?,,,,,,𒌐,,
barig,,𒁀𒊑𒂵,,𒁀𒊑𒂵,,𒁹,,
barig@c,𒁹,,,𒁹,,𒁹,,
bariga,,𒔧,,𒔧,,None,,
bariga@c,,,,,,𒁹,,
barim,𒉺𒁽,𒁽。𒉺𒁽,,𒁽,,𒁽,,
barim⁻,,𒁽,,𒁽,,𒁽,,
barimₓ,𒌺,,,𒌺,,𒉺𒁽。𒌺,,
barsip,,𒂦𒋛𒀊𒁀,,𒂦𒋛𒀊𒁀,,𒂦𒋛𒀊𒁀,,
barun,,,,,𒇇,,,
barzil,𒀭𒀸𒀭,,,𒀭𒀸𒀭,,𒀭𒀸𒀭,,
bar₂,𒁈,,,𒁈,,𒁈,,
bar₃,𒁖,,,𒁖,,𒁖,,
bar₄,𒉌𒌓,,,𒉌𒌓,,𒎎,,
bar₅,𒋞,,,𒋞,,𒋞,,
bar₆,𒌓,,,𒌓,,𒌓,,
bar₇,𒉈,,𒉈,𒉈,,𒉈,,
bar₈,𒂙,,,𒂙,,𒂙,,
barₓ,𒌋,,,𒌋,,𒀀。𒌋,,
basz,𒈦,𒈦,𒈦,,,,,
basztum,𒆗,𒆗,,,,,,
bat,𒁁,,𒁁,𒁁,𒁁,𒁁,,
"bat,",𒁁,𒁁,𒁁,,,,,
bat2,𒉻,𒉻,,,𒉻,,,
bat3,𒂦,𒂦,,,𒂦,,,
bat5,𒅆,𒅆,,,𒅆,,,
bata,𒁁,,,𒁁,𒁁,𒁁,,
batu,𒌍,,,𒌍,𒌍,𒌍,,
bat{ki},,,𒁁 𒆠,,,,,
bat₂,𒉻,,,𒉻,,𒉻,,
bat₃,𒂦,,,𒂦,,𒂦,,
bat₅,𒅆,,,𒅆,,𒅆,,
batₓ,,,,,,𒁉,,
bazbazₓ,𒊻,,,𒊻,,𒊻,,
baš,𒈦,,,𒈦,𒈦,𒈦,,
baštum,𒆗,,,𒆗,,𒆗,,
baḫ,,,,,𒄷,,,
baḫ2,,,,,𒋳,,,
baḫ3buḫ,,,,,𒈜,,,
baḫar,,,,,𒄞,,,
baḫar3,,,,,𒌋𒂔,,,
baḫar4,,,,,𒁇𒂔,,,
baḫar5,,,,,𒂁𒋡𒁓𒈾,,,
baḫar₂,,,𒁃,,,,,
baṭ,𒁁,,,𒁁,𒁁,𒁁,,
baṭ2,,,,,𒉻,,,
ba’,,,,,𒁁,,,
ba₁₀,𒉼,,,𒉼,,,,
ba₁₀?,,,,,,𒉼,,
ba₁₁,𒅤,,,𒅤,,𒅤,,
ba₁₃,𒈨,,,𒈨,,𒈨,,
ba₁₄,𒉽,,,𒉽,,𒉽,,
ba₁₅,𒁇,,,𒁇,,𒁇,,
ba₂,𒉺,,,𒉺,,𒉺,,
ba₃,𒌍,,,𒌍,,𒌍,,
ba₄,𒂷,,,𒂷,,𒂷,,
ba₅,𒅮,,,𒅮,,,,
ba₅?,,,,,,𒅮,,
ba₆,𒌑,,,𒌑,,𒌑,,
ba₇,𒈦,,𒈦,𒈦,,𒈦,,
ba₈,𒂦,,,𒂦,,𒂦,,
ba₉,𒁁,,,𒁁,,𒁁,,
baₓ,𒉿,,,𒉿,,𒉿,,
be,𒁁,,𒁁,𒁁,𒁁,𒁁,,
be2,𒁉,𒁉,𒁉,,𒁉,,,
be3,𒉌,𒉌,𒉌,,𒉌,,,
be4,𒁀,𒁀,,,𒁀,,,
be5,𒆪,𒆪,𒆪,,𒆪,,,
be6,𒉿,𒉿,,,𒉿,,,
be7,𒉈,𒉈,,,𒉈。𒉋,,,
be8,,,,,𒉈,,,
bebad,,𒊺𒄷𒌉,,𒊺𒄷𒌉,,𒊻𒌉,,
bed,𒂍,,,𒂍,,𒂍,,
bed3,𒆪,𒆪,,,,,,
bed₃,𒆪,,,𒆪,,𒆪,,
bek,𒋝,,,𒋝,,𒋝,,
bel,𒉈,,𒉈,𒉈,𒉈,𒉈,,
bel2,𒉋,𒉋,𒉋,,𒉋,,,
belili,𒀩,,,𒀩,𒀩,𒀩,,
bel₂,𒉋,,,𒉋,,𒉋,,
ber,𒄵,,𒄵,𒄵,𒄵,𒄵,,
ber2,𒌓,𒌓,,,𒌓,,,
ber6,𒊶,𒊶,,,,,,
ber7,𒊯,𒊯,,,𒊯,,,
ber₂,𒌓,,,𒌓,,𒌓,,
ber₅,,,,,,𒉆,,
ber₆,𒊶,,,𒊶,,𒊶,,
ber₇,𒊯,,,𒊯,,𒊯,,
besz12,𒌓,𒌓,,,,,,
bet,𒂍,,𒂍,𒂍,𒂍,𒂍,,
bet3,𒆪,𒆪,,,,,,
betu,𒂍,,,𒂍,,𒂍,,
betu2,,,,,𒂍,,,
bet₃,𒆪,,,𒆪,,𒆪,,
beš12,,,,,𒌓,,,
bešeŋ,,𒂷,,𒂷,,𒂷,,
beš₁₂,𒌓,,,𒌓,,𒌓,,
be₂,𒁉,,𒁉,𒁉,,𒁉,,
be₃,𒉌,,,𒉌,,𒉌,,
be₄,𒁀,,,𒁀,,𒁀,,
be₅,𒆪,,,𒆪,,𒆪,,
be₆,𒉿,,,𒉿,,𒉿,,
be₇,𒉈,,,𒉈,,𒉈,,
bi,𒁉,,𒁉,𒁉,𒁉,𒁉,,
bi#,,,𒁉,,,,,
bi#?,,,𒁉,,,,,
bi.a.sud,,𒁉𒀀𒋤,,𒁉𒀀𒋤,𒁉𒀀𒋤,,,
bi.aš2.a.an,,,,,𒁉𒀾𒀀𒀭,,,
bi.aš2.an,,,,,𒁉𒀾𒀭,,,
bi.aš2.an.na,,,,,𒁉𒀾𒀭𒈾,,,
bi.aš2.sud,,,,,𒁉𒀾𒋤,,,
bi.dar,,𒁉𒁯,,𒁉𒁯,,,,
bi.din,,𒁉𒁷,,𒁉𒁷,𒁉𒁷,,,
bi.giš,,,,,𒄐,,,
bi.iz,,,,,𒄐,,,
bi.lul,,𒁉𒈜,,𒁉𒈜,𒁉𒈜,,,
bi.mi,,𒁉𒈪,,𒁉𒈪,𒁉𒈪,,,
bi.sud,,,,,𒁉𒋤,,,
bi.u2.sa,,,,,𒁉𒌑𒊓,,,
bi.u2.sa.ka.gag,,,,,𒁉𒌑𒊓𒅗𒆕,,,
bi.uš.sa,,𒁉𒍑𒊓,,𒁉𒍑𒊓,𒁉𒍑𒊓,,,
bi.u₂.sa,,𒁉𒌑𒊓,,𒁉𒌑𒊓,,,,
bi.ziz2.a.an,,,,,𒁉𒀾𒀀𒀭,,,
bi.ziz2.an,,,,,𒁉𒀾𒀭,,,
bi.ziz2.an.na,,,,,𒁉𒀾𒀭𒈾,,,
bi.ziz2.sud,,,,,𒁉𒀾𒋤,,,
bi.ziz₂,,𒁉𒀾,,𒁉𒀾,,,,
bi.ziz₂.a.an,,𒁉𒀾𒀀𒀭,,𒁉𒀾𒀀𒀭,,,,
bi.ziz₂.an,,𒁉𒀾𒀭,,𒁉𒀾𒀭,,,,
bi.ziz₂.an.na,,𒁉𒀾𒀭𒈾,,𒁉𒀾𒀭𒈾,,,,
bi2,𒉈,𒉈,𒉈,,𒉈,,,
bi2],,,𒉈,,,,,
bi3,𒉿,𒉿,𒉿,,𒉿,,,
bi4,𒁁,𒁁,𒁁,,𒁁,,,
bi5,𒉋,𒉋,𒉋,,𒉋,,,
bi6,𒁀,𒁀,,,𒁀。𒁀𒌑,,,
bi7,𒆪,𒆪,,,𒆪,,,
bi9,𒄴,𒄴,,,𒄴,,,
bi],,,𒁉,,,,,
bibad,𒊺𒄷𒌉,,,𒊺𒄷𒌉,𒊻𒌉,𒊻𒌉,,
bibe,𒊺𒄷𒌉,,,𒊺𒄷𒌉,𒊺𒄷𒌉𒄷。𒊻𒌉,𒊻𒌉,,
bibra,𒄾,,,𒄾,𒄾,𒄾,,
bibri,𒄾,,,𒄾,𒄾,𒄾,,
bid,𒂍,,𒂍,𒂍,𒂍,𒂍,,
bid2,𒁁,𒁁,,,𒁁,,,
bid3,𒆪,𒆪,,,𒆪,,,
bid₂,𒁁,,,𒁁,,𒁁,,
bid₃,𒆪,,,𒆪,,𒆪,,
big,𒋝,,,𒋝,𒋝,𒋝,,
bik,𒋝,,,𒋝,𒋝,𒋝,,
bil,𒉈,,𒉈,𒉈,𒉈,𒉈,,
bil2,𒉋,𒉋,𒉋,,𒉋,,,
bil3,𒄑𒉋,𒄑𒉋,𒄑𒉋,,𒄑𒉋,,,
bil4,𒄑𒉈,𒄑𒉈,𒄑𒉈,,𒄑𒉈,,,
bila,𒉈,,,𒉈,,𒉈,,
bilgaₓ,,,,,,𒄑,,
bili,𒉈,,,𒉈,,𒉈,,
billuda,𒉺𒀭,,,𒉺𒀭,𒉺𒀭,𒉺𒀭,,
billudu,𒉺𒀭,,,𒉺𒀭,𒉺𒀭,𒉺𒀭,,
bilti,,,,,𒄘𒌦,,,
biltu,𒄘𒌦,,,𒄘𒌦,𒄘𒌦,𒄘𒌦,,
biluda,𒉺𒀭,,𒉺𒀭,𒉺𒀭,𒉺𒀭,𒉺𒀭,,
bil₂,𒉋,,𒉋,𒉋,,𒉋,,
bil₃,𒄑𒉋,,,𒄑𒉋,,𒄑𒉋,,
bil₄,𒄑𒉈,,,𒄑𒉈,,𒄑𒉈,,
bilₓ,𒂔,,,𒂔,,𒂔。𒄑𒉈𒉽。𒄑𒉽𒉈。𒄑𒉽𒉋。𒉈X。𒉈𒉽X。𒉈𒉽𒄑。𒉈𒉽𒈩。𒉽𒄑𒉈。𒉽𒉈。𒉽𒉈𒄑,,
bin,𒀳,,,𒀳,𒀳,𒀳,,
biq,,,,,𒋝,,,
bir,𒄵,,𒄵,𒄵,𒄵,𒄵,,
bir10,,,,,𒄊,,,
bir2,𒌓,𒌓,𒌓,,𒌓,,,
bir3,𒂟,𒂟,,,𒂟,,,
bir4,𒂔,𒂔,𒂔,,𒂔,,,
bir5,𒉆,𒉆,,,𒄷𒊺𒂟。𒉅。𒉆。𒉆𒂟,,,
bir6,𒊶,𒊶,𒊶,,𒊶,,,
bir7,𒊯,𒊯,,,𒊯,,,
bir8,𒀀𒋤,𒀀𒋤,𒀀𒋤,,𒀀𒋤,,,
bir9,𒉈,𒉈,𒉈,,𒉈,,,
birbirₓ,,,,,,𒉈,,
birdu,𒆗𒂔,,,𒆗𒂔,,𒆗𒂔,,
biri,𒄵,,𒄵,𒄵,𒄵,𒄵,,
bir₂,𒌓,,,𒌓,,𒌓,,
bir₃,𒂟,,,𒂟,,,,
bir₄,𒂔,,,𒂔,,𒂔,,
bir₅,𒉆,,,𒉆,,𒉆,,
bir₆,𒊶,,,𒊶,,𒊶,,
bir₇,𒊯,,,𒊯,,𒊯,,
bir₈,𒀀𒋤,,,𒀀𒋤,,𒀀𒋤,,
bir₉,𒉈,,,𒉈,,𒉈,,
birₓ,𒋋,,,𒋋,,𒄊。𒅗。𒉅。𒋆。𒋋。𒌑。𒔰,,
bis2,𒄫,𒄫,,,𒄫,,,
bisag,𒂷,,,𒂷,𒂷,𒂷,,
bisag2,𒋃,𒋃,,,𒋃,,,
bisag3,𒋄,𒋄,,,𒋄,,,
bisag₂,𒋃,,,𒋃,,𒋃,,
bisag₃,𒋄,,,𒋄,,𒋄,,
bisagₓ,𒃍,,,𒃍,,𒃍,,
bisan,𒂷,,,𒂷,𒂷,𒂷,,
bisan2,𒋃,𒋃,,,𒋃,,,
bisan3,𒋄,𒋄,,,𒋄,,,
bisan₂,𒋃,,,𒋃,,𒋃,,
bisan₃,𒋄,,,𒋄,,𒋄,,
bisanₓ,𒃍,,,𒃍,,𒃍,,
bisaĝ,,,𒂷,,,,,
bisaŋ,𒂷,,,𒂷,,𒂷,,
bisaŋ2,𒋃,𒋃,,,,,,
bisaŋ3,𒋄,𒋄,,,,,,
bisaŋ₂,𒋃,,,𒋃,,𒋃,,
bisaŋ₃,𒋄,,,𒋄,,𒋄,,
bisz,𒄫,𒄫,𒄫,,,,,
biszeba,𒈗,𒈗,,,,,,
biszeba2,𒀩,𒀩,,,,,,
biszeba3,𒄡,𒄡,,,,,,
biszebi,𒈗,𒈗,,,,,,
biszebi2,𒀩,𒀩,,,,,,
biszebi3,𒄡,𒄡,,,,,,
bis₂,𒄫,,,𒄫,,𒄫,,
bit,𒂍,,𒂍,𒂍,𒂍,𒂍,,
"bit,",𒂍,𒂍,,,,,,
bit2,𒁁,𒁁,𒁁,,𒁁,,,
bit3,𒆪,𒆪,𒆪,,𒆪,,,
bit],,,𒂍,,,,,
biti,𒂍,,,𒂍,𒂍,𒂍,,
bitu,𒂍,,𒂍,𒂍,,𒂍,,
bitum,,,,,,𒂍,,
bit₂,𒁁,,,𒁁,,𒁁,,
bit₃,𒆪,,,𒆪,,𒆪,,
bixa,,,,,𒁊。𒂁,,,
bixgar,,,,,𒁋,,,
bixigigunû,,,,,𒁌,,,
bixnig2,,,,,𒁋,,,
bixsig7,,,,,𒁌,,,
biz,𒁉,,𒁉,𒁉,𒁉,𒁉,,
biz2,𒄐,𒄐,𒄐,,,,,
bizaza,𒅗𒁆𒂷𒋼𒀀𒁽𒍝𒈾,,,𒅗𒁆𒂷𒋼𒀀𒁽𒍝𒈾,,𒅗𒁆𒂷𒋼𒀀𒁽𒍝𒈾,,
bizeg3,𒋄,𒋄,,,𒋄,,,
bizeg₃,𒋄,,,𒋄,,𒋄,,
bizem3,𒋄,𒋄,,,𒋄,,,
bizem₃,𒋄,,,𒋄,,𒋄,,
biz₂,𒄐,,,𒄐,,𒄐,,
bi×gar,,𒁋,,𒁋,,,,
bi×igi@g,,𒁌,,𒁌,,,,
biš,𒄫,,𒄫,𒄫,𒄫,𒄫,,
bišeba,𒈗,,,𒈗,𒈗,,,
bišeba2,,,,,𒀩,,,
bišeba3,,,,,𒄡,,,
bišeba?,,,,,,𒈗,,
bišeba₂,𒀩,,,𒀩,,,,
bišeba₂?,,,,,,𒀩,,
bišeba₃,𒄡,,,𒄡,,,,
bišeba₃?,,,,,,𒄡,,
bišebi,𒈗,,,𒈗,𒈗,,,
bišebi2,,,,,𒀩,,,
bišebi3,,,,,𒄡,,,
bišebi?,,,,,,𒈗,,
bišebi₂,𒀩,,,𒀩,,,,
bišebi₂?,,,,,,𒀩,,
bišebi₃,𒄡,,,𒄡,,,,
bišebi₃?,,,,,,𒄡,,
biṭ,𒂍,,𒂍,𒂍,𒂍,𒂍,,
biṭ2,,,,,𒁁,,,
bi₂,𒉈,,𒉈,𒉈,,𒉈,,
bi₃,𒉿,,,𒉿,,𒉿,,
bi₄,𒁁,,,𒁁,,𒁁,,
bi₅,𒉋,,,𒉋,,𒉋,,
bi₆,𒁀,,,𒁀,,𒁀,,
bi₇,𒆪,,,𒆪,,𒆪,,
bi₉,𒄴,,,𒄴,,,,
bi₉?,,,,,,𒄴,,
biₓ,𒉆,,,𒉆,,𒂁。𒆕。𒉆,,
bu,𒁍,,𒁍,𒁍,𒁍,𒁍,,
bu%bu,,𒁐,𒁐,𒁐,,,,
bu&bu,,𒁐,,𒁐,,,,
bu&bu.ab,,𒁎,,𒁎,,,,
bu&bu.un,,𒁏,,𒁏,,,,
bu.nun.še.eš₂,,𒁍𒉣𒊺𒂠,,𒁍𒉣𒊺𒂠,,,,
bu10,𒉽𒉽,𒉽𒉽,,,𒉽𒉽,,,
bu11,𒌑,𒌑,,,𒁀𒌑。𒌑,,,
bu11bulug5,,,,,𒁆,,,
bu12,𒌋,𒌋,,,𒌋,,,
bu13,𒅮,𒅮,,,𒁔。𒅮,,,
bu14,𒇡,𒇡,𒇡,,𒇡,,,
bu15,𒉻,𒉻,𒉻,,𒉻,,,
bu16,𒉌,𒉌,,,𒉌,,,
bu17,,,,,𒅗,,,
bu2,𒆜,𒆜,𒆜,,𒆜,,,
bu3,𒅤,𒅤,𒅤,,𒅤,,,
bu4,𒇥,𒇥,,,𒇥,,,
bu5,𒇧,𒇧,𒇧,,𒇥。𒇧,,,
bu5-bu5,𒇧𒇧,𒇧𒇧,,,,,,
bu6,𒇥,𒇥,𒇥,,𒅤,,,
bu7,𒆪,𒆪,,,𒆪,,,
bu8,𒁔,𒁔,,,𒁔。𒌑,,,
bu9,𒁑,𒁑,,,𒁑,,,
bu:nun,,,𒁍 𒉣,,,,,
bu:pa,,,𒁍 𒉺,,,,,
bu;,,,𒁍,,,,,
bubbu,𒇧𒇧,,,𒇧𒇧,𒇧𒇧,𒇧𒇧,,
bubbur,𒁔𒁔,,,𒁔𒁔,,𒁔𒁔,,
bube,𒆯,,,𒆯,𒆯,𒆯,,
bubuₓ,𒇧𒇧,,,𒇧𒇧,,𒇧𒇧,,
bucrossingbu,,,,,𒁐,,,
bucrossingbu.ab,,,,,𒁐𒀊,,,
bug,,,,,𒈮,,,
bugin,𒆹,,,𒆹,𒆹,𒆹,,
bugin2,𒇅,𒇅,,,𒇅,,,
bugin3,𒆹,𒆹,𒇘,,𒇘,,,
bugin4,𒇦,𒇦,,,𒇦,,,
bugin₂,𒇅,𒆹。𒇅,,𒆹,,𒇅,,
bugin₃,𒆹,,,𒆹,,,,
bugin₃?,,,,,,𒇘,,
bugin₄,𒇦,,,𒇦,,𒇦,,
buglu,𒊮𒄀,,,𒊮𒄀,,𒊮𒄀,,
bugunû,,,,,𒋤,,,
buh,𒈜,,,𒈜,,𒈜,,
buhₓ,𒅮,,,𒅮,,𒅮,,
buk,𒈮,,𒈮,𒈮,𒈮,𒈮,,
bukinₓ,,,,,,𒆹,,
bul,𒇧,,𒇧,𒇧,𒇧,𒇧,,
bul+bul,,,,,𒇧𒇧,,,
"bul+bul,",,,𒇧𒇧,,,,,
bul.bul,,,,,𒇧𒇧,,,
bul2,𒁔,𒁔,,,𒁔,,,
bul3,𒁄,𒁄,,,𒁄,,,
bul4,𒅮,𒅮,,,𒅮,,,
bul5,𒇡,𒇡,𒇡,,𒇡,,,
bula,𒆪𒉡,,,𒆪𒉡,𒆪𒉡,𒆪𒉡,,
bulug,𒁑,,𒁑,𒁑,𒁑,𒁑,,
bulug&bulug,,𒁒,𒁒,𒁒,,,,
bulug.nagar,,𒁑𒉄,,𒁑𒉄,,,,
bulug2,𒁔,𒁔,𒁔,,𒁔,,,
bulug3,𒉽𒉽,𒉽𒉽,𒉽𒉽,,𒉽𒉽,,,
bulug3xše,,,,,𒉽𒊺𒉽,,,
bulug4,𒉄,𒉄,,,𒉄。𒉽𒊺𒉽,,,
bulug5,𒁆,𒁆,,,𒂀。𒊺𒉽𒉽,,,
bulug6,,,,,𒋐,,,
bulug8,,,,,𒋌,,,
bulugoverbulug,,,,,𒁒,,,
bulug₂,𒁔,,,𒁔,,𒁔,,
bulug₃,𒉽𒉽,,,𒉽𒉽,,𒉽𒉽,,
bulug₄,𒉄,,,𒉄,,𒉄,,
bulug₅,𒁆,,,𒁆,,𒁆,,
bulugₓ,,,,,,𒋎。𒋎𒆜,,
buluh,𒄬,,,𒄬,,𒄬,,
bulunₓ,𒉽𒉽,,,𒉽𒉽,,𒁆。𒉽𒉽,,
buluĝ₃,,,𒉽𒉽,,,,,
buluŋ,𒁑,,,𒁑,,𒁑,,
buluŋ3,𒉽𒉽,𒉽𒉽,,,,,,
buluŋ5,𒁆,𒁆,,,,,,
buluŋ₂,,𒁔,,𒁔,,𒁔,,
buluŋ₃,𒉽𒉽,,,𒉽𒉽,,𒉽𒉽,,
buluŋ₅,𒁆,,,𒁆,,𒁆,,
buluḫ,,,,,𒄬,,,
buluₓ,,,,,,None,,
bul₂,𒁔,,,𒁔,,𒁔,,
bul₃,𒁄,,,𒁄,,𒁄,,
bul₄,𒅮,,,𒅮,,,,
bul₄?,,,,,,𒅮,,
bul₅,𒇡,,,𒇡,,𒇡,,
bulₓ,𒆪,,,𒆪,,𒆪,,
bum,𒅤,,𒅤,𒅤,𒅤。𒆃,𒅤,,
bum2,𒁆,𒁆,,,𒁆。𒂀,,,
bum3,,,,,𒅗,,,
bum₂,𒁆,,,𒁆,,𒁆,,
bun,𒇌,,𒇌,𒇌,𒇌,𒇌,,
bun2,𒅮,𒅮,𒅮,,𒅮,,,
bunga,𒍑𒂵,,,𒍑𒂵,,𒍑𒂵,,
bungaₓ,,,,,,𒍑𒂷,,
bungu,𒍑𒂵,,,𒍑𒂵,𒍑𒂵,𒍑𒂵,,
buni,,,,,,𒆹,,
bunig3,𒇉,𒇉,,,,,,
bunig₃,𒇉,,,𒇉,,,,
bunig₃?,,,,,,𒇉,,
bunin,𒆹,,,𒆹,𒆹,𒆹,,
bunin2,𒇅,𒇅,,,𒇅,,,
bunin3,𒆹,𒆹,,,𒇘,,,
bunin4,𒇦,𒇦,,,𒇦,,,
bunin₂,𒇅,𒆹。𒇅,,𒆹,,𒇅,,
bunin₃,𒆹,,,𒆹,,,,
bunin₃?,,,,,,𒇘,,
bunin₄,𒇦,,,𒇦,,𒇦,,
buninₓ,𒆹,,,𒆹,,𒀀𒆹,,
buniŋ,𒆹,,,𒆹,,𒆹,,
buniŋ2,𒇅,𒇅,,,,,,
buniŋ3,𒇉,𒇉,,,,,,
buniŋ₂,𒇅,𒆹。𒇅,,𒆹,,𒇅,,
buniŋ₃,𒇉,,,𒇉,,𒇒,,
buniŋ₃?,,,,,,𒇉,,
buniŋₓ,𒆹,,,𒆹,,𒀀。𒀀X。𒀀𒆹。𒀀𒇉。𒀀𒇒。𒇦,,
bun₂,𒅮,,,𒅮,,𒅮,,
bunₓ,𒍃,,,𒍃,,𒁆。𒂥。𒂦。𒅗𒅎。𒅥。𒍃。𒔂,,
buoverbu.ab,,,,,𒁎,,,
buoverbu.un,,,,,𒁏,,,
bur,𒁓,,𒁓,𒁓,𒁓,𒁓,,
bur'u,𒐴,𒐴,,,,,,
bur'u@c,𒐴,𒐴,,,,,,
bur'uₓ,,𒐴,,𒐴,,,,
bur10,𒇧,𒇧,,,𒇧,,,
bur11,𒆠𒂗𒆕,𒆠𒂗𒆕,,,𒆠𒂗𒆕,,,
bur12,𒁍,𒁍,𒁍,,𒁍,,,
bur13,𒉽𒉽,𒉽𒉽,,,𒉽𒉽,,,
bur14,𒂙,𒂙,,,𒂘。𒂙,,,
bur2,𒁔,𒁔,𒁔,,𒁔,,,
bur3,𒌋,𒌋,𒌋,,𒌋,,,
bur3.bur3.bur3,,,,,𒌍,,,
bur3@c,𒌋,𒌋,,,,,,
bur3gunû,,,,,𒐴,,,
bur4,𒉢𒁓,𒉢𒁓,,,𒋓𒁓,,,
bur5,,,,,𒄷𒂟。𒄷𒊺。𒄷𒊺𒂟。𒉅。𒉆。𒉆𒂟,,,
bur6,𒆦,𒆦,,,𒆤。𒆦,,,
bur7,𒄧,𒄧,,,,,,
bur8,𒄬,𒄬,,,𒄬,,,
buranun,𒌓𒄒𒉣,,𒌓𒄒𒉣,𒌓𒄒𒉣,𒌓𒄒𒉣,𒌓𒄒𒉣,,
buranuna,𒌓𒄒𒉣,,𒌓𒄒𒉣,𒌓𒄒𒉣,𒌓𒄒𒉣,𒌓𒄒𒉣,,
buranunaₓ,,,,,,𒒬𒉣,,
buranunu,𒌓𒄒𒉣,,,𒌓𒄒𒉣,,𒌓𒄒𒉣,,
buranunₓ,,,,,,𒄒𒉣。𒌓𒄒𒉣𒆠。𒌓𒉣𒄒,,
buriaₓ,,,,,,𒐹,,
buroverbur,,,,,𒌵,,,
buroverbur.ki,,,,,𒌵,,,
buru,𒁓,,,𒁓,𒁓,𒁓,,
buru11,𒆠𒂗𒆕,𒆠𒂗𒆕,,,𒆠𒂗𒆕,,,
buru14,𒂙,𒂙,𒂙,,𒂘。𒂙,,,
buru15,𒉢𒅕,𒉢𒅕,𒉢𒅕,,𒂘。𒂙。𒋓𒅕,,,
buru16,𒇡,𒇡,,,𒇡,,,
buru17,𒇫,𒇫,,,,,,
buru2,𒁔,𒁔,,,𒁔,,,
buru3,𒌋,𒌋,𒌋,,𒌋,,,
buru4,𒉢𒁓,𒉢𒁓,𒉢𒁓,,𒋓𒁓,,,
buru5,,,,,𒄷𒂟。𒄷𒊺。𒄷𒊺𒂟。𒉅。𒉆。𒉆𒂟,,,
buru6,𒆤,𒆤,,,𒆤。𒆦,,,
buru7,𒄧,𒄧,𒄧,,𒄧,,,
buru8,𒄬,𒄬,,,𒄬,,,
buru9,𒅃,𒅃,,,𒅃,,,
burudₓ,𒌋,,,𒌋,,𒌋,,
buruh,𒄬,,,𒄬,,𒄬,,
burumₓ,𒅆𒂟,,,𒅆𒂟,,𒅆𒂟,,
burunun,𒌓𒄒𒉣,,,𒌓𒄒𒉣,𒌓𒄒𒉣,𒌓𒄒𒉣,,
burununa,𒌓𒄒𒉣,,,𒌓𒄒𒉣,,𒌓𒄒𒉣,,
buruḫ,,,,,𒄬,,,
buru₁₁,𒆠𒂗𒆕,,,𒆠𒂗𒆕,,𒆠𒂗𒆕,,
buru₁₄,𒂙,,,𒂙,,𒂙,,
buru₁₅,𒉢𒅕,,,𒉢𒅕,,𒉢𒅕,,
buru₁₆,𒇡,,,𒇡,,𒇡,,
buru₁₇,𒇫,,,𒇫,,𒇫,,
buru₂,𒁔,,,𒁔,,𒁔,,
buru₃,𒌋,,,𒌋,,𒌋,,
buru₄,𒉢𒁓,,𒉢𒁓,𒉢𒁓,,𒉢𒁓,,
buru₅,,𒄷𒊺𒂟,,𒄷𒊺𒂟,,𒄷𒊺𒂟。𒉅,,
buru₆,𒆤,,,𒆤,,𒆤,,
buru₇,𒄧,,,𒄧,,𒄧,,
buru₈,𒄬,,,𒄬,,𒄬,,
buru₉,𒅃,,,𒅃,,𒅃,,
buruₓ,𒋲,,,𒋲,,None。𒁁𒅆𒁁。𒁓𒉢。𒃷。𒄷。𒅄。𒅆𒂟。𒇧。𒋲。𒌑𒉀𒂵,,
burʾu,𒐴,,,𒐴,,𒐴,,
burʾu@c,𒐴,,,𒐴,,𒐴,,
burʾuₓ,,,,,,𒄶。𒐴,,
bur₁₀,𒇧,,,𒇧,,𒇧,,
bur₁₁,𒆠𒂗𒆕,,,𒆠𒂗𒆕,,𒆠𒂗𒆕,,
bur₁₂,𒁍,,,𒁍,,𒁍,,
bur₁₃,𒉽𒉽,,,𒉽𒉽,,𒉽𒉽,,
bur₁₄,𒂙,,,𒂙,,𒂙,,
bur₂,𒁔,,𒁔,𒁔,,𒁔,,
bur₂.bur₂,,𒁔𒁔,,𒁔𒁔,,,,
bur₂@v,,,,,,𒁔,,
bur₃,𒌋,,,𒌋,,𒌋,,
bur₃@c,𒌋,,,𒌋,,󰀒,,
bur₃@v,,𒌋,,𒌋,,󰀒,,
bur₄,𒉢𒁓,,,𒉢𒁓,,𒉢𒁓,,
bur₅,,𒄷𒊺𒂟,,𒄷𒊺𒂟,,𒉅,,
bur₆,𒆦,,,𒆦,,𒆦,,
bur₇,𒄧,,,𒄧,,𒄧,,
bur₈,𒄬,,,𒄬,,𒄬,,
burₓ,𒋲,,,𒋲,,None。𒀀。𒁁𒅆𒁁。𒅃。𒅄。𒅤。𒆃。𒆤。𒇥。𒉻。𒋲。𒔰,,
busz,𒆜,𒆜,,,,,,
busz2,𒄫,𒄫,,,,,,
bute,𒍠,,,𒍠,𒍠,𒍠,,
buti,𒍠,,,𒍠,𒍠,𒍠,,
butu,𒍠,,,𒍠,𒍠,𒍠,,
buzur,𒌋,,,𒌋,𒌋,𒌋,,
buzur2,𒌋𒌋,𒌋𒌋,,,𒌋𒌋,,,
buzur3,𒌋𒍠,𒌋𒍠,,,𒌋𒍠,,,
buzur4,𒅤𒊭,𒅤𒊭,,,𒅤𒊭。𒆃𒊭,,,
buzur5,𒅤,𒅤,,,𒅤,,,
buzur₂,𒌋𒌋,,,𒌋𒌋,,𒎙,,
buzur₃,𒌋𒍠,,,𒌋𒍠,,𒌋𒍠,,
buzur₄,𒅤𒊭,,,𒅤𒊭,,𒅤𒊭,,
buzur₅,𒅤,,,𒅤,,𒅤,,
buš,𒆜,,,𒆜,𒆜,𒆜,,
buš2,,,,,𒄫。𒉽𒄬,,,
buš₂,𒄫,,,𒄫,,𒄫,,
bu₁₀,𒉽𒉽,,,𒉽𒉽,,𒉽𒉽,,
bu₁₁,𒌑,,,𒌑,,𒌑,,
bu₁₂,𒌋,,,𒌋,,𒌋,,
bu₁₃,𒅮,,,𒅮,,𒅮,,
bu₁₄,𒇡,,,𒇡,,𒇡,,
bu₁₅,𒉻,,,𒉻,,𒉻,,
bu₁₆,𒉌,,,𒉌,,𒉌,,
bu₁₆(ni),,,𒉌,,,,,
bu₂,𒆜,,,𒆜,,𒆜,,
bu₃,𒅤,,,𒅤,,𒅤,,
bu₄,𒇥,,,𒇥,,𒇥,,
bu₅,𒇧,,,𒇧,,𒇧,,
bu₅-bu₅,𒇧𒇧,,,𒇧𒇧,,𒇧𒇧,,
bu₆,𒇥,,,𒇥,,𒇥,,
bu₇,𒆪,,,𒆪,,𒆪,,
bu₈,𒁔,,,𒁔,,𒁔,,
bu₉,𒁑,,,𒁑,,,,
bu₉?,,,,,,𒁑,,
buₓ,𒉿,,,𒉿,,𒂥。𒅗。𒆁。𒉿。𒋓𒌓。𒌉,,
bà]n,,,𒌉,,,,,
bàd,,,𒂦,,,,,
bàn,,,𒌉,,,,,
bànda,,,𒌉,,,,,
bá,,,𒉺,,,,,
bábbar,,,𒌓𒌓,,,,,
bád,,,𒉻,,,,,
bán,,,𒑏,,,,,
bánšur,,,𒅃,,,,,
bára,,,𒁈,,,,,
bé,,,𒁉,,,,,
bì,,,𒉿,,,,,
bìšeba,,,𒄡,,,,,
bí,,,𒉈,,,,,
bíl,,,𒉋,,,,,
bù,,,𒅤,,,,,
bùlug,,,𒉽𒉽,,,,,
bùr,,,𒌋,,,,,
bú,,,𒆜,,,,,
bún,,,𒅮,,,,,
búr,,,𒁔,,,,,
bābu,,,,,𒆍,,,
bētu,,,,,𒂍,,,
bītu,𒂍,,,𒂍,,,,
būdu,𒍠𒄩,,,𒍠𒄩,,,,
d,𒀭,,𒀭,𒀭,,𒀭,,
d+ag,,,𒀭 𒀝,,,,,
d+en,,,𒀭 𒂗,,,,,
d[ur,,,𒄙,,,,,
d]an,,,𒆗,,,,,
da,𒁕,,𒁕,𒁕,𒁕,𒁕,,
da de di du,,,𒁕 𒁲 𒁲 𒁺,,,,,
da#,,,𒁕,,,,,
da#?,,,𒁕,,,,,
da.da,,,,,𒁕𒁕,,,
da.ri,,,,,𒁕𒊑,,,
da.uš,,𒁕𒍑,,𒁕𒍑,,,,
da10,𒄭,𒄭,𒄭,,𒄭,,,
da11,𒅅,𒅅,,,𒅅,,,
da12,𒅗,𒅗,,,𒅗,,,
da13,𒋺,𒋺,𒋺,,𒋺,,,
da2,𒋫,𒋫,𒋫,,𒋫。𒋬,,,
da3,𒆕,𒆕,𒆕,,𒆕,,,
da4,𒁮,𒁮,,,𒁮,,,
da5,𒍏,𒍏,,,𒍏,,,
da6,𒋳,𒋳,𒋳,,𒋳,,,
da7,𒌓,𒌓,,,𒌓,,,
da8,𒁖,𒁖,,,𒁖,,,
da9,𒌤,𒌤,,,𒌣,,,
da],,,𒁕,,,,,
dab,𒁳,,𒁳,𒁳,𒁳,𒁳,,
dab2,𒋰,𒋰,,,,,,
dab3,𒄭,𒄭,,,𒄭,,,
dab4,𒁾,𒁾,,,𒁾,,,
dab5,𒆪,𒆪,𒆪,,𒆪,,,
dab6,𒍏,𒍏,𒍏,,𒍏,,,
daba,𒁳,,,𒁳,,𒁳,,
daba5,𒆪,𒆪,,,,,,
daban,𒆯,,,𒆯,𒆯,𒆯,,
dabaszin,𒆯,𒆯,,,,,,
dabašin,𒆯,,,𒆯,𒆯,𒆯,,
daba₅,𒆪,,,𒆪,,𒆪,,
dabaₓ,𒉣,,,𒉣,,𒉣,,
dabda,𒅆𒅆,,,𒅆𒅆,𒅆𒅆,,,
dabda2,𒁁𒁁,𒁁𒁁,,,𒁁𒁁,,,
dabda?,,,,,,𒅆𒅆,,
dabda₂,𒁁𒁁,,,𒁁𒁁,,𒁁𒁁,,
dabe,𒁳,,,𒁳,,𒁳,,
dabin,𒂠𒊺,,𒂠𒊺,𒂠𒊺,𒂠𒊺。𒍥𒊺,𒂠𒊺,,
dab₂,𒋰,,,𒋰,,𒋰,,
dab₃,𒄭,,,𒄭,,𒄭,,
dab₄,𒁾,,,𒁾,,𒁾,,
dab₅,𒆪,,𒆪,𒆪,,𒆪,,
dab₆,𒍏,,,𒍏,,𒍏,,
dabₓ,𒉣,,,𒉣,,None。𒇆。𒇇。𒉣,,
dad,𒋺,,,𒋺,𒋺,𒋺,,
dadag,𒌓𒌓,,𒌓𒌓,𒌓𒌓,𒌓𒌓,𒌓𒌓,,
dadagₓ,,,,,,𒌓,,
dadda,𒋺𒋺,,,𒋺𒋺,,𒋺𒋺,,
dadrum,𒈘,,,𒈘,𒈘,,,
dadrum?,,,,,,𒈘,,
dag,𒁖,,𒁖,𒁖,𒁖,𒁖,,
dag.kisim5,,,,,𒁖𒆨,,,
dag.kisim5xa.maš,,,,,𒁗,,,
dag.kisim5xamar,,,,,𒁘,,,
dag.kisim5xbalag,,,,,𒁙,,,
dag.kisim5xbi,,,,,𒁚,,,
dag.kisim5xbulug3,,,,,𒁩,,,
dag.kisim5xdub2,,,,,𒁙,,,
dag.kisim5xga,,,,,𒁛,,,
dag.kisim5xga.maš,,,,,𒁜,,,
dag.kisim5xgag,,,,,𒁣,,,
dag.kisim5xgi,,,,,𒁝,,,
dag.kisim5xgir2,,,,,𒁞,,,
dag.kisim5xgu4,,,,,𒁟,,,
dag.kisim5xgud,,,,,𒁟,,,
dag.kisim5xir,,,,,𒁡,,,
dag.kisim5xir.lu,,,,,𒁢,,,
dag.kisim5xkak,,,,,𒁣,,,
dag.kisim5xkid2,,,,,𒁫,,,
dag.kisim5xla,,,,,𒁤,,,
dag.kisim5xlu,,,,,𒁥,,,
dag.kisim5xlu.maš2,,,,,𒁦,,,
dag.kisim5xlum,,,,,𒁧,,,
dag.kisim5xmunu4,,,,,𒁩,,,
dag.kisim5xne,,,,,𒁨,,,
dag.kisim5xpap.pap,,,,,𒁩,,,
dag.kisim5xsi,,,,,𒁪,,,
dag.kisim5xtak4,,,,,𒁫,,,
dag.kisim5xu2.gir2,,,,,𒁬,,,
dag.kisim5xuš,,,,,𒁭,,,
dag.kisim5xḫa,,,,,𒁠,,,
dag.kisim₅,,𒁖𒆨,,𒁖𒆨,,,,
dag.kisim₅×(a.maš),,𒁗,,𒁗,,,,
dag.kisim₅×(ga.maš),,𒁜,,𒁜,,,,
dag.kisim₅×(ir.lu),,𒁢,,𒁢,,,,
dag.kisim₅×(lu.maš₂),,𒁦,,𒁦,,,,
dag.kisim₅×(pap.pap),,𒁩,,𒁩,,,,
dag.kisim₅×(u₂.gir₂),,𒁬,,𒁬,,,,
dag.kisim₅×amar,,𒁘,,𒁘,,,,
dag.kisim₅×balag,,𒁙,,𒁙,,,,
dag.kisim₅×bi,,𒁚,,𒁚,,,,
dag.kisim₅×ga,,𒁜,,𒁜,,,,
dag.kisim₅×gi,,𒁝,,𒁝,,,,
dag.kisim₅×gir₂,,𒁞,,𒁞,,,,
dag.kisim₅×gud,,𒁟,,𒁟,,,,
dag.kisim₅×ha,,𒁠,,𒁠,,,,
dag.kisim₅×ir,,𒁡,,𒁡,,,,
dag.kisim₅×kak,,𒁣,,𒁣,,,,
dag.kisim₅×la,,𒁤,,𒁤,,,,
dag.kisim₅×lu,,𒁥,,𒁥,,,,
dag.kisim₅×lum,,𒁧,,𒁧,,,,
dag.kisim₅×ne,,𒁨,,𒁨,,,,
dag.kisim₅×si,,𒁪,,𒁪,,,,
dag.kisim₅×tak₄,,𒁫,,𒁫,,,,
dag.kisim₅×uš,,𒁭,,𒁭,,,,
dag.kisim₅×x,,𒁖,,𒁖,,,,
dag2,𒌓,𒌓,𒌓,,𒌓,,,
dag3,𒉌𒌓,𒉌𒌓,𒉌𒌓,,𒉌𒂟,,,
dag4,𒆦,𒆦,𒆦,,𒆦,,,
dag5,𒅗,𒅗,,,𒅗,,,
dag6,,,,,𒋳,,,
dagal,𒂼,,𒂼,𒂼,𒂼,𒂼,,
dagala,𒂼,,,𒂼,𒂼,𒂼,,
dagan,𒆠𒍇,,𒆠𒍇,𒆠𒍇,𒆠𒍇,,,
dagan?,,,,,,𒆠𒍇,,
daggan,𒆠𒍇,,,𒆠𒍇,𒆠𒍇,,,
daggan?,,,,,,𒆠𒍇,,
dagrim,𒇑,,,𒇑,𒇑,𒇑,,
dagrin,𒇑,,,𒇑,𒇑。𒇦,𒇑,,
dag₂,𒌓,,,𒌓,,𒌓,,
dag₃,𒉌𒌓,,,𒉌𒌓,,𒍴,,
dag₄,𒆦,,,𒆦,,,,
dag₄?,,,,,,𒆦,,
dag₅,𒅗,,,𒅗,,𒅗,,
dagₓ,𒃪,,,𒃪,,None。𒂓。𒃪,,
dagₓ?,,,,,,None,,
dah,𒈭,,𒈭,𒈭,,𒈭,,
dajal,,,𒂼,,,,,
dak,𒁖,,𒁖,𒁖,𒁖,𒁖,,
dak3,𒉌𒌓,𒉌𒌓,𒉌𒌓,,𒉌𒂟,,,
dakan,𒆠𒍇,,,𒆠𒍇,𒆠𒍇,𒆠𒍇,,
dakkan,𒆠𒍇,,,𒆠𒍇,𒆠𒍇,𒆠𒍇,,
dak₃,𒉌𒌓,,,𒉌𒌓,,𒍴,,
dal,𒊑,,𒊑,𒊑,𒊑,𒊑,,
dal2,𒈦𒄘𒃼,𒈦𒄘𒃼,,,𒈦𒄘𒃼,,,
dal3,𒀸,𒀸,,,𒀸,,,
dala,𒊑,,,𒊑,𒅆𒆕。𒊑,𒊑,,
dala2,𒅆𒆕,𒅆𒆕,,,𒅆𒆕,,,
dala₂,𒅆𒆕,,,𒅆𒆕,,𒅆𒆕,,
dalhamun,𒅎𒋖,,,𒅎𒋖,,𒅎𒋖,,
dalhamun2,𒂛,𒂛,,,,,,
dalhamun3,𒂛𒅐,𒂛𒅐,,,,,,
dalhamun4,𒀱,𒀱,,,,,,
dalhamun5,𒀰,𒀰,,,,,,
dalhamun6,𒅐,𒅐,,,,,,
dalhamun7,𒉃,𒉃,,,,,,
dalhamun₂,𒂛,,,𒂛,,𒂛,,
dalhamun₃,𒂛𒅐,,,𒂛𒅐,,𒂛𒅐,,
dalhamun₄,𒀱,,,𒀱,,𒀱,,
dalhamun₅,𒀰,,𒀰,𒀰,,𒀰,,
dalhamun₆,𒅐,,,𒅐,,𒅐,,
dalhamun₇,𒉃,,,𒉃,,𒉃。𒊺X𒉀,,
dalhamunₓ,𒅑,,,𒅑,,𒀭。𒀰。𒅎。𒅑,,
dalla,𒈦𒄘𒃼,,𒈦𒄘𒃼,𒈦𒄘𒃼,𒈦𒄘𒃼,𒈦𒄘𒃼,,
dalla2,𒅆𒆕,𒅆𒆕,,,,,,
dalla;,,,𒈦𒄘𒃼,,,,,
dalla₂,𒅆𒆕,,,𒅆𒆕,,𒅆𒆕,,
dallaₓ,𒄘𒃼,,,𒄘𒃼,,𒄘𒃼,,
dalḫamun,,,,,𒉎𒋖,,,
dalḫamun2,,,,,𒂛,,,
dalḫamun3,,,,,𒂛𒅐,,,
dalḫamun4,,,,,𒀱,,,
dalḫamun5,,,,,𒀰,,,
dalḫamun6,,,,,𒅐,,,
dalḫamun7,,,,,𒉃,,,
dal₂,𒈦𒄘𒃼,,,𒈦𒄘𒃼,,𒈦𒄘𒃼,,
dal₃,𒀸,,,𒀸,,𒀸,,
dalₓ,𒄷,,,𒄷,,𒄷。𒆜𒆳,,
dam,𒁮,,𒁮,𒁮,𒁮,𒁮,,
dam0,𒂖,𒂖,,,,,,
dam2,𒌓,𒌓,𒌓,,𒌓,,,
dam3,𒌈,𒌈,,,𒌈,,,
dam_,,,𒁮,,,,,
dama,𒁮,,,𒁮,𒁮,𒁮,,
damal,𒂼,,,𒂼,𒂼,𒂼,,
damiqₓ,,,,,,𒅆𒂟,,
damu,𒌉,,,𒌉,𒀀𒌉。𒌉,𒌉,,
damu2,𒅆,𒅆,,,𒅆,,,
damu₂,𒅆,,,𒅆,,𒅆,,
dam₀,𒂖,,,𒂖,,𒂖,,
dam₂,𒌓,,,𒌓,,𒌓,,
dam₃,𒌈,,,𒌈,,𒌈,,
dan,𒆗,,𒆗,𒆗,𒄨,𒆗,,
dan2,𒃞,𒃞,,,𒃞,,,
dan3,𒃩,𒃩,𒃩,,𒃡。𒃩,,,
dan4,𒃋,𒃋,𒃋,,𒃋,,,
dan5,𒁷,𒁷,,,𒁷,,,
dan6,𒍕,𒍕,𒍕,,𒍕,,,
dan7,𒃃,𒃃,,,𒃃,,,
dana,𒆜𒁍,,𒆜𒁍,𒆜𒁍,𒆜𒁍,𒆜𒁍,,
dana2,𒆜,𒆜,,,𒆜,,,
dana3,𒆗,𒆗,,,𒄨,,,
dana₂,𒆜,,,𒆜,,𒆜,,
dana₃,𒆗,,,𒆗,,𒆗,,
danaₓ,,,,,,𒍕,,
danna,𒆜𒁍,,𒆜𒁍,𒆜𒁍,𒆜𒁍,𒆜𒁍,,
danna2,𒆜,𒆜,,,𒆜,,,
danna3,,,,,𒆜𒁍𒁕,,,
danna_,,,𒆜𒁍,,,,,
danna₂,𒆜,,,𒆜,,𒆜,,
dannu,𒆗,,,𒆗,,,,
danzu,,,,,𒀭𒅎𒂂,,,
danzu2,,,,,𒀭𒅎𒈪,,,
danzud,,,,,𒀭𒅎𒂂,,,
danzud2,,,,,𒀭𒅎𒈪,,,
dan₂,𒃞,,,𒃞,,𒃞,,
dan₃,𒃩,,,𒃩,,𒃩,,
dan₄,𒃋,,,𒃋,,𒃋,,
dan₅,𒁷,,,𒁷,,,,
dan₅?,,,,,,𒁷,,
dan₆,𒍕,,,𒍕,,𒍕,,
dan₇,𒃃,,,𒃃,,𒃃,,
danₓ,,,,,,𒄭。𒆜,,
dap,𒁳,,𒁳,𒁳,𒁳,𒁳,,
dap2,𒋰,𒋰,,,,,,
dapa2,𒋰,𒋰,,,,,,
dapar,𒄞,,,𒄞,𒄞,𒄞,,
dapara,𒄞,,,𒄞,,𒄞,,
dapara2,,,,,𒇽𒂗,,,
dapara3,,,,,𒈔,,,
daparaₓ,𒈔,,,𒈔,,𒇽𒂗。𒈔,,
daparu,𒇽𒈨𒂗,,,𒇽𒈨𒂗,,𒇽𒈨𒂗,,
daparuₓ,,,,,,𒇽𒂗,,
dapa₂,𒋰,,,𒋰,,𒋰,,
dap₂,𒋰,,,𒋰,,𒋰,,
daq,𒁖,,𒁖,𒁖,𒁖,𒁖,,
daq3,𒉌𒌓,𒉌𒌓,,,𒉌𒂟,,,
daq6,𒋳,𒋳,,,𒋳,,,
daq₃,𒉌𒌓,,,𒉌𒌓,,𒍴,,
daq₆,𒋳,,,𒋳,,𒋳,,
dar,𒁯,,𒁯,𒁯,𒁯,𒁯,,
dar2,𒅁,𒅁,,,𒅁,,,
dar3,𒁰,𒁰,𒁰,,𒁰,,,
dar4,𒁱,𒁱,,,𒁱,,,
dar5,,,,,𒅊,,,
dar6,𒋻,𒋻,,,𒋻,,,
dara,,,,,𒁯,,,
dara2,𒅁,𒅁,𒅁,,𒅁,,,
dara3,𒁰,𒁰,𒁰,,𒁰,,,
dara4,𒁱,𒁱,𒁱,,𒁱,,,
dara5,𒄒,𒄒,,,𒄒,,,
daramₓ,𒈿,,,𒈿,,𒈿,,
dara₂,𒅁,,,𒅁,,𒅁,,
dara₃,𒁰,,𒁰,𒁰,,𒁰,,
dara₄,𒁱,,,𒁱,,𒁱,,
dara₅,𒄒,,,𒄒,,𒄒,,
dara₆,,𒁯,,𒁯,,𒁯,,
daraₓ,𒆪𒄒,,,𒆪𒄒,,,,
daraₓ?,,,,,,𒆪𒄒,,
darengal,𒌓𒉣,,,𒌓𒉣,𒌓𒉣,𒌓𒉣,,
darengalₓ,,,,,,𒀀𒇉𒌓𒉣𒆠,,
dari,,,,,𒄒,,,
dari2,𒅁,𒅁,,,𒅁,,,
dari5,𒄒,𒄒,,,𒄒,,,
dari₂,𒅁,,,𒅁,,𒅁,,
dari₅,𒄒,,,𒄒,,𒄒,,
dariₓ,𒆪𒄒,,,𒆪𒄒,,,,
dariₓ?,,,,,,𒆪𒄒,,
darri,,,,,𒁯,,,
daru,,,,,𒄒,,,
daru2,𒅁,𒅁,,,𒅁,,,
daru5,𒄒,𒄒,,,𒄒,,,
darum,,,,,𒅁,,,
darum2,𒅁,𒅁,,,𒅁,,,
darum₂,𒅁,,,𒅁,,𒅁,,
daru₂,𒅁,,,𒅁,,𒅁,,
daru₅,𒄒,,,𒄒,,𒄒,,
daruₓ,𒆪𒄒,,,𒆪𒄒,,,,
daruₓ?,,,,,,𒆪𒄒,,
dar{muszen},,,𒁯 𒄷,,,,,
dar₂,𒅁,,,𒅁,,𒅁,,
dar₃,𒁰,,𒁰,𒁰,,𒁰,,
dar₄,𒁱,,,𒁱,,𒁱,,
dar₆,𒋻,,,𒋻,,𒋻,,
das,𒌨,,,𒌨,𒌨,𒌨,,
dasz,𒌨,𒌨,,,,,,
dasz2,𒁹,𒁹,,,,,,
dasz3,𒀾,𒀾,,,,,,
dasz4,𒁯,𒁯,,,,,,
dat,𒋺,,𒋺,𒋺,𒋺,𒋺,,
daĝal,,,𒂼,,,,,
daŋal,𒂼,,,𒂼,,𒂼,,
daŋalₓ,𒃝,,,𒃝,,𒃝,,
daš,𒌨,,𒌨,𒌨,𒌨,𒌨,,
daš2,,,,,𒁹,,,
daš3,,,,,𒀾。𒁯,,,
daš4,,,,,𒁯,,,
dašgari,,𒌆,,𒌆,,𒌆,,
daš₂,𒁹,,,𒁹,,𒁹,,
daš₃,𒀾,,,𒀾,,𒀾,,
daš₄,𒁯,,,𒁯,,,,
daš₄?,,,,,,𒁯,,
daḫ,,,𒈭,,𒈭,,,
daḫ2,,,,,𒂃,,,
daḫ;,,,𒈭,,,,,
da₁₀,𒄭,,,𒄭,,𒄭,,
da₁₁,𒅅,,,𒅅,,,,
da₁₁?,,,,,,𒅅,,
da₁₂,𒅗,,,𒅗,,𒅗,,
da₁₃,𒋺,,,𒋺,,𒋺,,
da₂,𒋫,,,𒋫,,𒋫,,
da₃,𒆕,,,𒆕,,𒆕,,
da₄,𒁮,,,𒁮,,𒁮,,
da₅,𒍏,,,𒍏,,𒍏,,
da₆,𒋳,,,𒋳,,𒋳,,
da₇,𒌓,,,𒌓,,𒌓,,
da₈,𒁖,,,𒁖,,𒁖,,
da₉,𒌤,,,𒌤,,𒌤,,
daₓ,𒉿,,,𒉿,,𒁯。𒉿,,
de,𒁲,,𒁲,𒁲,𒁲,𒁲,,
de2,𒌤,𒌤,𒌤,,𒌣,,,
de2],,,𒌤,,,,,
de2xkaskal,,,,,𒌤,,,
de2xpa,,,,,𒌥,,,
de3,𒉈,𒉈,𒉈,,𒉈,,,
de3{ki},,,𒉈 𒆠,,,,,
de4,𒋼,𒋼,,,𒋼,,,
de5,𒊑,𒊑,𒊑,,𒊑,,,
de6,𒁺,𒁺,𒁺,,𒁺,,,
de6#?,,,𒁺,,,,,
de8,𒄭,𒄭,𒄭,,𒊹,,,
de9,𒋾,𒋾,,,𒋾,,,
deb,𒁳,,,𒁳,,𒁳,,
deb2,𒆪,𒆪,,,,,,
deb₂,𒆪,,,𒆪,,𒆪,,
dedalₓ,,,,,,𒉈,,
degiₓ,,,,,,𒉌,,
degₓ,𒊑,,,𒊑,,𒊑,,
deh,𒁾,,,𒁾,,𒁾,,
deh2,𒌝,𒌝,,,,,,
deh3,𒉏,𒉏,,,,,,
dehi,𒁾,,,𒁾,,𒁾,,
dehi2,𒌝,𒌝,,,,,,
dehi3,𒉏,𒉏,,,,,,
dehi4,𒅂,𒅂,,,,,,
dehi₂,𒌝,,,𒌝,,𒌝,,
dehi₃,𒉏,,,𒉏,,𒉏,,
dehi₄,𒅂,,,𒅂,,𒅂,,
deh₂,𒌝,,,𒌝,,𒌝,,
deh₃,𒉏,,,𒉏,,𒉏,,
del,𒀸,,,𒀸,𒀸,𒀸,,
del2,𒇺,𒇺,,,𒇺,,,
del4,𒀹,𒀹,,,,,,
dele,𒀸,,,𒀸,𒀸,𒀸,,
dele4,𒀹,𒀹,,,𒀹,,,
delen,𒇌,,,𒇌,𒇌,𒇌,,
delen2,𒋗𒆸𒈾,𒋗𒆸𒈾,,,𒋗𒆸𒈾,,,
delen3,𒇅,𒇅,,,,,,
delena,𒇌,,,𒇌,𒇌,𒇌,,
delena2,𒋗𒆸𒈾,𒋗𒆸𒈾,,,𒋗𒆸𒈾,,,
delena3,𒇅,𒇅,,,,,,
delena₂,𒋗𒆸𒈾,,,𒋗𒆸𒈾,,𒋗𒆸𒈾,,
delena₃,𒇅,,,𒇅,,𒇅,,
delen₂,𒋗𒆸𒈾,,,𒋗𒆸𒈾,,𒋗𒆸𒈾,,
delen₃,𒇅,,,𒇅,,𒇅,,
dele₄,𒀹,,,𒀹,,𒀹,,
deli,𒀸,,,𒀸,,𒀸,,
dellu,𒈣𒈮,,,𒈣𒈮,𒈣𒈮,𒈣𒈮,,
delluₓ,𒈣𒆕,,,𒈣𒆕,,,,
delmun,𒉌𒌇,,𒉌𒌇,𒉌𒌇,𒉌𒌇。𒊩𒄸。𒊩𒌇,𒉌𒌇,,
delu,,,,,𒈣𒈮,,,
delur,,,,,𒈣𒈮,,,
del₂,𒇺,,,𒇺,,𒇺,,
del₄,𒀹,,,𒀹,,𒀹,,
dem2,𒁶,𒁶,,,𒁶,,,
dema,𒅗𒄭,,,𒅗𒄭,𒅗𒄭,𒅗𒄭,,
deme,,,,,𒉁,,,
deme2,,,,,𒉀,,,
demma,𒅗𒄭,,,𒅗𒄭,𒅗𒄭,𒅗𒄭,,
demmu,𒅗𒄭,,,𒅗𒄭,𒅗𒄭,𒅗𒄭,,
demu,𒅗𒄭,,,𒅗𒄭,𒅗𒄭,𒅗𒄭,,
dem₂,𒁶,,,𒁶,,𒁶,,
den,𒁷,,𒁷,𒁷,𒁷,𒁷,,
der,𒀭,,𒀭,𒀭,𒋛𒀀,𒀭,,
dergul,𒈣𒈮,,,𒈣𒈮,𒈣𒈮,𒈣𒈮,,
derₓ,,,,,,𒂦𒀭。𒂦𒃲𒀭,,
desz,𒁹,𒁹,,,,,,
desz/tesz,,,𒁹 𒀸,,,,,
desz2,𒀸,𒀸,,,,,,
desz3,𒌨,𒌨,,,,,,
desz4,𒈨,𒈨,,,,,,
desz5,𒀹,𒀹,,,,,,
deszaₓ,𒐋,𒐋,,,,,,
deszszu,𒀾,𒀾,,,,,,
determinative,,,,,𒁹,,,
deš,𒁹,,,𒁹,𒁹,𒁹,,
deš2,,,,,𒀸,,,
deš3,,,,,𒌨,,,
deš4,,,𒈨,,𒈨,,,
deš5,,,,,𒀹,,,
dešaₓ,𒐋,,,𒐋,,𒐋,,
deššu,𒀾,,,𒀾,𒀾,𒀾,,
deššuₓ,,,,,,𒐞,,
deš₂,𒀸,,,𒀸,,𒀸,,
deš₃,𒌨,,,𒌨,,𒌨,,
deš₄,𒈨,,,𒈨,,,,
deš₄?,,,,,,𒈨,,
deš₅,𒀹,,,𒀹,,𒀹,,
dešₓ,,,,,,𒊌,,
deḫ,,,,,𒁾,,,
deḫ2,,,,,𒌝,,,
deḫ3,,,,,𒉏,,,
deḫi,,,,,𒁾,,,
deḫi2,,,,,𒌝,,,
deḫi3,,,,,𒉏,,,
deḫi4,,,,,𒁁,,,
de₁₀,,𒌉,,𒌉,,𒌉,,
de₂,𒌤,,𒌤,𒌤,,𒌤,,
de₃,𒉈,,,𒉈,,𒉈,,
de₄,𒋼,,,𒋼,,𒋼,,
de₅,𒊑,,,𒊑,,𒊑,,
de₆,𒁺,,,𒁺,,𒁺,,
de₈,𒄭,,,𒄭,,𒎗,,
de₉,𒋾,,,𒋾,,𒋾,,
deₓ,𒌥,,,𒌥,,𒄷。𒉌。𒌥,,
deₓ-deₓ,𒌉𒌉,,,𒌉𒌉,,𒌉𒌉,,
di,𒁲,,𒁲,𒁲,𒁲,𒁲,,
di.di,,𒁲𒁲,,𒁲𒁲,,,,
di.x,,𒁲,,𒁲,,,,
di11,𒁴,𒁴,,,𒁴,,,
di12,𒋼,𒋼,,,𒋼,,,
di2,𒄭,𒄭,𒄭,,𒊹,,,
di3,𒋾,𒋾,𒋾,,𒋾,,,
di4,𒌉,𒌉,𒌉,,𒌉,,,
di4-di4,𒌉𒌉,𒌉𒌉,,,,,,
di5,𒊑,𒊑,𒊑,,𒊑,,,
di6,𒁺,𒁺,𒁺,,𒁺,,,
di7,𒉈,𒉈,𒉈,,𒉈,,,
di8,𒌤,𒌤,𒌤,,𒌣,,,
di9,,,,,𒅗,,,
di[...]ig,𒅎,𒅎,,,,,,
di],,,𒁲,,,,,
dib,𒁳,,𒁳,𒁳,𒁳,𒁳,,
dib2,𒆪,𒆪,𒆪,,𒆪,,,
dib5,𒇆,𒇆,,,,,,
dibi,𒁳,,,𒁳,𒁳,𒁳,,
dibira,𒁾𒉄,,,𒁾𒉄,𒍏𒉄,𒁾𒉄,,
dibur,𒀭,,,𒀭,𒀭,𒀭,,
dib₂,𒆪,,,𒆪,,𒆪,,
dib₅,𒇆,,,𒇆,,𒇆,,
dibₓ,𒋠𒀸,,,𒋠𒀸,,None。𒇇。𒋠𒀸,,
did,𒅎,𒅎,𒅎,,𒅎,,,
did2,,,,,𒀭𒀀𒇉,,,
did?,,,,,,𒅎,,
dida,𒁉𒌑𒊓,,𒁉𒌑𒊓,𒁉𒌑𒊓,𒁉𒌑𒊓,𒁉𒌑𒊓,,
dida2,𒍑𒊓,𒍑𒊓,,,𒁉𒍑𒊓,,,
didala,𒊮,,,𒊮,𒁉𒌑𒊓。𒊷,,,
didala2,,,,,𒁉𒍑𒊓,,,
didala?,,,,,,𒊮,,
didalₓ,𒉈,,,𒉈,,𒉈,,
didanu,𒊊𒊊,𒊊𒊊。𒊎,,𒊎,,𒊊𒊊,,
didanum,𒊊𒊊,𒊊𒊊。𒊎,,𒊎,,𒊊𒊊,,
dida₂,𒍑𒊓,,,𒍑𒊓,,𒁉𒍑𒊓。𒍑𒊓,,
didaₓ,𒌑𒊓,,,𒌑𒊓,,𒌑𒊓,,
didda,,,,,𒁉𒌑𒊓,,,
didda2,,,,,𒁉𒍑𒊓,,,
didi,,,,,𒌉𒌉,,,
didla,,,,,,𒌉𒌉𒇲,,
didlax,,,,,𒌉𒌉𒇲,,,
didli,𒀸𒀸,,𒀸𒀸,𒀸𒀸,𒐀,𒀸𒀸,,
didnu,𒊊𒊊,𒊊𒊊。𒊎,,𒊎,𒄊𒄊。𒊊𒊊。𒊎,𒊊𒊊,,
didnum,𒊊𒊊,𒊊𒊊。𒊎,,𒊎,,𒊊𒊊,,
dig,𒉌,,,𒉌,𒉌,𒉌,,
dig2,,,,,𒉽𒉽,,,
digbir,𒆠𒉈𒀭𒈹,,,𒆠𒉈𒀭𒈹,𒆠𒉈𒀭𒈹,𒆠𒉈𒀭𒈹,,
digi,𒉌,,,𒉌,𒉌,𒉌,,
digi2,,,,,𒆪,,,
digir,𒀭,,𒀭,𒀭,𒀭,𒀭,,
dih,𒁾,,𒁾,𒁾,,𒁾,,
dih2,𒌝,𒌝,,,,,,
dih3,𒉏,𒉏,,,,,,
dihi,𒁁,,,𒁁,,𒁁,,
dihi2,𒌝,𒌝,,,,,,
dihi3,𒉏,𒉏,,,,,,
dihi₂,𒌝,,,𒌝,,𒌝,,
dihi₃,𒉏,,,𒉏,,𒉏,,
dih₂,𒌝,,,𒌝,,𒌝,,
dih₃,𒉏,,,𒉏,,𒉏,,
dijir,,,𒀭,,,,,
dik,𒉌,,𒉌,𒉌,𒉌,𒉌,,
dil,𒀸,,𒀸,𒀸,𒀸,𒀸,,
dil4,𒀹,𒀹,,,,,,
dilen2,,,,,𒋗𒆸𒈾,,,
dilena2,,,,,𒋗𒆸𒈾,,,
dili,𒀸,,𒀸,𒀸,𒀸,𒀸,,
dili2,𒇺,𒇺,𒇺,,𒇺,,,
dili4,𒀹,𒀹,,,𒀹,,,
dilib,𒋃,,𒋃,𒋃,𒋃,𒋃,,
dilib2,𒆂,𒆂,𒆂,,𒆂,,,
dilib3,𒊠,𒊠,𒊠,,𒊠。𒊤,,,
dilib4,𒊞,𒊞,,,𒊞,,,
dilib5,𒊦,𒊦,,,𒊦,,,
dilib6,𒊟,𒊟,,,𒊟,,,
dilib₂,𒆂,,,𒆂,,𒆂,,
dilib₃,𒊠,,,𒊠,,𒊠,,
dilib₄,𒊞,,,𒊞,,𒊞,,
dilib₅,𒊦,,,𒊦,,𒊦,,
dilib₆,𒊟,,,𒊟,,𒊟,,
dilibₓ,,,,,,𒊕,,
dilim,𒇌,,,𒇌,,,,
dilim2,𒇺,𒇺,𒇺,,𒇺,,,
dilim3,𒇌,𒇌,,,𒇌,,,
dilim4,𒋗𒆸𒈾,𒋗𒆸𒈾,,,,,,
dilim5,𒇅,𒇅,𒇅,,,,,
dilim₂,𒇺,,,𒇺,,𒇺,,
dilim₃,𒇌,,,𒇌,,𒇌,,
dilim₄,𒋗𒆸𒈾,,,𒋗𒆸𒈾,,𒋗𒆸𒈾,,
dilim₅,𒇅,,,𒇅,,𒇅,,
dilimₓ,,,,,,𒃵,,
dilin,𒇌,,,𒇌,𒇌,𒇌,,
dilin2,𒋗𒆸𒈾,𒋗𒆸𒈾,,,,,,
dilin3,𒇅,𒇅,,,,,,
dilina,𒇌,,,𒇌,𒇌,𒇌,,
dilina2,𒋗𒆸𒈾,𒋗𒆸𒈾,,,,,,
dilina3,𒇅,𒇅,,,,,,
dilina₂,𒋗𒆸𒈾,,,𒋗𒆸𒈾,,𒋗𒆸𒈾,,
dilina₃,𒇅,,,𒇅,,𒇅,,
dilin₂,𒋗𒆸𒈾,,,𒋗𒆸𒈾,,𒋗𒆸𒈾,,
dilin₃,𒇅,,,𒇅,,𒇅,,
dili₂,𒇺,,,𒇺,,𒇺,,
dili₄,𒀹,,,𒀹,,𒀹,,
dilmun,𒉌𒌇,,𒉌𒌇,𒉌𒌇,𒉌𒌇。𒊩𒄸。𒊩𒌇,𒉌𒌇,,
dilmun@v,,,,,,𒊩𒌇,,
dilmuna,𒉌𒌇,,,𒉌𒌇,,𒉌𒌇,,
dilmun{ki},,,𒉌𒌇 𒆠,,,,,
dilmunₓ,𒊩𒌇,,,𒊩𒌇,,𒊩𒌇,,
dilu,𒈣𒈮,,,𒈣𒈮,𒈣𒈮,𒈣𒈮,,
dilur,𒈣𒈮,,,𒈣𒈮,𒈣𒈮,𒈣𒈮,,
dilurₓ,𒈣𒆕,,,𒈣𒆕,,,,
dil₂,,𒊨,,𒊨,,𒊨,,
dil₂⁻,,𒊨,,𒊨,,𒊨,,
dil₄,𒀹,,,𒀹,,𒀹,,
dilₓ,𒊨,𒊨,,,,,,
dim,𒁴,,𒁴,𒁴,𒁴,𒁴,,
dim10,𒊐𒄰,𒊐𒄰,,,𒊐𒆚,,,
dim11,𒈗𒄰,𒈗𒄰,𒈗𒄰,,,,,
dim12,𒋃,𒋃,,,𒋃,,,
dim13,𒁍,𒁍,,,𒁍,,,
dim2,𒁶,𒁶,𒁶,,𒁶,,,
dim3,𒈕,𒈕,𒈚,,𒇽𒃵。𒈕。𒈗𒆚。𒈚。𒊐𒃵,,,
dim4,𒉽𒉽,𒉽𒉽,𒉽𒉽,,𒉽𒉽,,,
dim5,𒂀,𒂀,,,𒁆。𒂀。𒋻,,,
dim6,𒌤,𒌤,,,𒌣,,,
dim7,𒁁,𒁁,𒁁,,𒁁,,,
dim8,𒊐𒃶,𒊐𒃶,𒊐𒃶,,𒊐𒃶,,,
dim9,𒈗𒃶,𒈗𒃶,𒈗𒃶,,𒈗𒃶,,,
dima,𒅗𒄭,,,𒅗𒄭,𒅗𒄭,𒅗𒄭,,
dima2,𒁶,𒁶,,,,,,
dima₂,𒁶,,,𒁶,,𒁶,,
dimer,𒀭,,,𒀭,,𒀭,,
dimgal,𒃲𒁴,,,𒃲𒁴,,𒃲𒁴,,
dimgul,𒈣𒈮,,𒈣𒈮,𒈣𒈮,𒈣𒈮,𒈣𒈮,,
dimir,𒀭,,,𒀭,𒀭,𒀭,,
dimma,𒅗𒄭,,,𒅗𒄭,𒅗𒄭,𒅗𒄭,,
dimmer,𒀭,,,𒀭,,𒀭,,
dimmu,𒅗𒄭,,,𒅗𒄭,𒅗𒄭,𒅗𒄭,,
dimmusz,𒌑𒄑𒈪,𒌑𒄑𒈪,,,,,,
dimmuszₓ,𒄑𒈪,𒄑𒈪,,,,,,
dimmuš,𒌑𒄑𒈪,,,𒌑𒄑𒈪,𒌑𒄑𒈪,𒌑𒄑𒈪,,
dimmušₓ,𒄑𒈪,,,𒄑𒈪,,,,
dimmušₓ?,,,,,,𒄑𒈪,,
dimna,𒌋𒂵,,,𒌋𒂵,𒌋𒂵,𒌋𒂵,,
dimsar,𒅉,,𒅉,𒅉,𒅉,𒅉,,
dimu,𒅗𒄭,,,𒅗𒄭,𒅗𒄭,𒅗𒄭,,
dimusz,𒌑𒄑𒈪,𒌑𒄑𒈪,,,,,,
dimuš,𒌑𒄑𒈪,,,𒌑𒄑𒈪,𒌑𒄑𒈪,𒌑𒄑𒈪,,
dim×eš,,𒒋,,𒒋,,,,
dim×maš,,𒒌,,𒒌,,,,
dim×še,,𒁵,,𒁵,,,,
dim₁₀,𒊐𒄰,,,𒊐𒄰,,𒊐𒄰,,
dim₁₁,𒈗𒄰,,,𒈗𒄰,,𒈗𒄰,,
dim₁₂,𒋃,,,𒋃,,𒋃,,
dim₁₃,𒁍,,,𒁍,,𒁍,,
dim₂,𒁶,,𒁶,𒁶,,𒁶,,
dim₂×ud,,𒒍,,𒒍,,,,
dim₃,𒈕,,,𒈕,,𒈕,,
dim₄,𒉽𒉽,,,𒉽𒉽,,𒉽𒉽,,
dim₅,𒂀,,,𒂀,,𒂀,,
dim₆,𒌤,,,𒌤,,,,
dim₆?,,,,,,𒌤,,
dim₇,𒁁,,,𒁁,,𒁁,,
dim₈,𒊐𒃶,,,𒊐𒃶,,𒊐𒃶,,
dim₉,𒈗𒃶,,,𒈗𒃶,,𒈗𒃶,,
dimₓ,𒈚,,,𒈚,,𒁆。𒈗𒃵。𒈚,,
din,𒁷,,𒁷,𒁷,𒁷,𒁷,,
din-tir,𒁷𒊺𒉪,,,𒁷𒊺𒉪,,𒁷𒌁,,
din.kaskal.sig7,,,,,𒁷𒆜𒅊,,,
din.kaskal.u@g.diš,,𒁸,,𒁸,,,,
din.kaskal.ugunû.diš,,,,,𒁸,,,
din.tir,,,,,𒁷𒌁,,,
din.tir.ki,,,,,𒁷𒌁𒆠,,,
din.tir.šar,,,,,𒁷𒌁𒊬,,,
din.še.nun&nun,,𒁷𒊺𒉪,,𒁷𒊺𒉪,,,,
din2,,,,,𒄨,,,
din3,,,,,𒁶,,,
diner,𒀭,,,𒀭,,𒀭,,
dingir,𒀭,,𒀭,𒀭,𒀭,𒀭,,
dingir_,,,𒀭,,,,,
dingira,𒀭,,,𒀭,,𒀭,,
dini,𒁷,,,𒁷,𒁷,𒁷,,
dinig,𒆠𒉈,,,𒆠𒉈,𒆠𒉈,𒆠𒉈,,
dinig2,𒈋,𒈋,𒈋,,𒇽𒈨𒂗。𒈋。𒈨𒂗,,,
dinig3,𒈊,𒈊,,,𒇽𒆸。𒈊,,,
dinig₂,𒈋,,,𒈋,,𒈋,,
dinig₃,𒈊,,,𒈊,,𒈊,,
dinir,𒀭,,,𒀭,,𒀭,,
dinₓ,𒂔,,,𒂔,,𒂔。𒃾。𒄭,,
dip,𒁳,,𒁳,𒁳,𒁳,𒁳,,
dipar,𒄞,,,𒄞,𒄞,𒄞,,
diq,𒉌,,𒉌,𒉌,𒉌,𒉌,,
dir,𒋛𒀀,,𒋛𒀀,𒋛𒀀,𒋛𒀀,𒋛𒀀,,
dir.bur2,,,,,𒋛𒀀𒁔,,,
dir2,𒁯,𒁯,𒁯,,𒁯,,,
dir3,𒀭,𒀭,,,𒀭,,,
dir4,𒌁,𒌁,,,𒌁,,,
dirgul,𒈣𒈮,,,𒈣𒈮,𒈣𒈮,𒈣𒈮,,
dirgulₓ,𒈣𒆕,,,𒈣𒆕,,,,
diri,𒋛𒀀,,𒋛𒀀,𒋛𒀀,𒋛𒀀,𒋛𒀀,,
diri2,𒅁,𒅁,,,𒅁,,,
dirig,𒋛𒀀,,𒋛𒀀,𒋛𒀀,𒋛𒀀,𒋛𒀀,,
diri₂,𒅁,,,𒅁,,,,
diri₂?,,,,,,𒅁,,
dir₂,𒁯,,,𒁯,,𒁯,,
dir₃,𒀭,,,𒀭,,𒀭,,
dir₄,𒌁,,,𒌁,,𒌁,,
disgur,𒀬,,,𒀬,,𒀬,,
diskur,,,,,𒀬,,,
disz,𒁹,𒁹,𒁹,,,,,
disz2,𒀸,𒀸,,,,,,
disz4,𒈨,𒈨,,,,,,
disz@c,𒁹,𒁹,,,,,,
disza,𒁹,𒁹,,,,,,
ditanₓ,,,,,,𒒫,,
divisionsign,,,,,𒑱,,,
dixigₓ,,,,,,𒅎,,
dizkur,,,,,𒀬,,,
diĝir,,,𒀭,,,,,
diŋir,𒀭,,,𒀭,,𒀭,,
diš,𒁹,,𒁹,𒁹,𒁹,𒁹,,
diš&diš,,𒑖,,𒑖,,,,
diš.dar,,𒁹𒁯,,𒁹𒁯,𒁹𒁯,,,
diš.diš.diš,,𒁹𒁹𒁹,,𒁹𒁹𒁹,𒐈,,,
diš.diš.diš.u.u,,𒁹𒁹𒁹𒌋𒌋,,𒁹𒁹𒁹𒌋𒌋,,,,
diš.diš.diš.u.u.u,,𒁹𒁹𒁹𒌍,,𒁹𒁹𒁹𒌍,,,,
diš.u,,,,,𒁹𒌋,,,
diš2,,,,,𒀸,,,
diš5,,,,,𒀹,,,
diš@c,𒁹,,,𒁹,,𒁹,,
diš@f,,𒁹,,𒁹,,𒁹,,
diš@t,,,,,,𒀹,,
diša,𒁹,,,𒁹,,𒁹,,
dišoverdiš,,,,,𒑖,,,
dišoverdiš.diš,,,,,𒑗,,,
dišoverdišoverdiš,,,,,𒑉,,,
dištenû,,,,,𒀹,,,
diš₂,𒀸,,,𒀸,,𒀸,,
diš₄,𒈨,,,𒈨,,,,
diš₄?,,,,,,𒈨,,
dišₓ,,,,,,𒌋,,
diḫ,,,,,𒁾,,,
diḫ2,,,,,𒉏。𒌝,,,
diḫ3,,,,,𒉏,,,
diḫi,,,,,𒁁。𒁾,,,
di₁₁,𒁴,,,𒁴,,𒁴,,
di₁₂,𒋼,,,𒋼,,𒋼,,
di₂,𒄭,,,𒄭,,𒎗,,
di₃,𒋾,,,𒋾,,𒋾,,
di₄,𒌉,,,𒌉,,𒌉,,
di₄-di₄,𒌉𒌉,,,𒌉𒌉,,𒌉𒌉,,
di₅,𒊑,,,𒊑,,𒊑,,
di₆,𒁺,,,𒁺,,𒁺,,
di₇,𒉈,,,𒉈,,𒉈,,
di₈,𒌤,,,𒌤,,𒌤,,
diₓ,𒁶,,,𒁶,,𒁕。𒁳。𒁶,,
dnanna,,,,,𒀭𒋀𒆠,,,
dnannar,,,,,𒀭𒋀𒆠,,,
du,𒁺,,𒁺,𒁺,𒁺,𒁺,,
du%du,,𒁻,,𒁻,,,,
du&du,,𒁻,𒁻,𒁻,,,,
du&du.du&du,,𒁻𒁻,,𒁻𒁻,,,,
du.du,,𒁺𒁺,,𒁺𒁺,𒁺𒁺,,,
du.du.du.du,,𒁺𒁺𒁺𒁺,,𒁺𒁺𒁺𒁺,,,,
du.hub₂,,𒁺𒄸,,𒁺𒄸,,,,
du10,𒄭,𒄭,𒄭,,𒄭,,,
du11,𒅗,𒅗,𒅗,,𒅗,,,
du11/dug4,,,𒅗 𒅗,,,,,
du12,𒌇,𒌇,𒌇,,𒌇,,,
du13,𒌉,𒌉,𒌉,,𒌉,,,
du13-du13,𒌉𒌉,𒌉𒌉,,,,,,
du14,𒈌,𒈌,𒈌,,𒇽𒉈。𒈌,,,
du15,𒄰,𒄰,𒄰,,𒄰,,,
du16,𒌗,𒌗,,,,,,
du17,𒉈,𒉈,,,𒉈,,,
du19,𒌤,𒌤,,,𒌣,,,
du2,𒌅,𒌅,𒌅,,𒌅,,,
du20,𒁕,𒁕,,,𒁕,,,
du23,,,,,𒀀,,,
du24,𒂄,𒂄,,,𒂄,,,
du25,𒀲𒀴,𒀲𒀴,,,𒀲𒀴,,,
du26,𒋛𒀀,𒋛𒀀,,,𒋛𒀀,,,
du3,𒆕,𒆕,𒆕,,𒆕,,,
du3{muszen},,,𒆕 𒄷,,,,,
du4,𒌈,𒌈,𒌈,,𒌈,,,
du5,𒂅,𒂅,𒂅,,𒂅,,,
du5+,,,𒂅,,,,,
du6,𒇯,𒇯,𒇯,,𒇯,,,
du6.du,,,,,𒇯𒁺,,,
du6.kaš4,,,,,𒇯𒁽,,,
du6/du6.še,,,,,𒇰,,,
du6overdu6.še.sar,,,,,𒇰𒊬,,,
du7,𒌌,𒌌,𒌌,,𒌌,,,
du8,𒃮,𒃮,𒃮,,𒂃,,,
du8!,,,𒃮,,,,,
du8;,,,𒃮,,,,,
du9,𒁔,𒁔,𒁔,,𒁔,,,
du:ezen,,,𒁺 𒂡,,,,,
du@g,,𒁼,𒁼,𒁼,,,,
du@g.du@g,,𒁼𒁼,,𒁼𒁼,,,,
du@s,,𒁽,𒁽,𒁽,,,,
du@s.a,,𒁽𒀀,,𒁽𒀀,,,,
du@s.du@s,,𒁽𒁽,,𒁽𒁽,,,,
du_,,,𒁺,,,,,
dub,𒁾,,𒁾,𒁾,𒁾,𒁾,,
dub!(mes),,,𒈩,,,,,
dub#,,,𒁾,,,,,
dub.me,,,,,𒁾𒈨,,,
dub.nagar,,𒁾𒉄,,𒁾𒉄,,,,
dub2,𒂀,𒂀,𒂀,,𒂀,,,
dub2.lul,,,,,𒂀𒈜,,,
dub3,𒄭,𒄭,,,𒄭,,,
duba,𒁾,,,𒁾,𒁾,𒁾,,
duba2,𒂀,𒂀,,,,,,
dubad,𒆠𒆗,,𒆠𒆗,𒆠𒆗,𒆠𒄨,𒆠𒆗,,
dubal,𒀥,,,𒀥,𒀥,𒀥,,
dubal2,𒀦,𒀦,,,𒀦,,,
dubal3,𒈅,𒈅,,,𒈅,,,
dubal4,𒈅,𒈅,,,,,,
dubal5,𒇾,𒇾,,,𒇾,,,
dubal6,𒈈,𒈈,,,𒇽𒆠。𒈈,,,
dubal7,𒈐,𒈐,,,,,,
dubal₂,𒀦,,,𒀦,,𒀦,,
dubal₃,𒈅,,,𒈅,,𒈅,,
dubal₄,𒈅,,,𒈅,,𒈆,,
dubal₅,𒇾,,,𒇾,,𒇾,,
dubal₆,𒈈,,,𒈈,,𒈈,,
dubal₇,𒈐,,,𒈐,,𒈐,,
duba₂,𒂀,,,𒂀,,𒂀,,
dubba,𒁾,,,𒁾,𒁾,𒁾,,
dubbaₓ,,,,,,𒁳,,
dubbin,,,,,𒌢,,,
dubsig,,𒅍,,𒅍,,𒅍,,
dubsik,𒅍,,,𒅍,,𒅍,,
dubu,𒁾,,,𒁾,,𒁾,,
dubu2,𒂀,𒂀,,,,,,
dubul,𒋗𒁍,,,𒋗𒁍,𒋗𒁍,𒋗𒁍,,
dubulₓ,,,,,,𒄯。𒉄𒍞,,
dubur,𒄵,,,𒄵,𒄵,𒄵,,
dubur2,𒄶,𒄶,,,𒄶。𒐬。𒐭,,,
dubur₂,𒄶,,,𒄶,,𒄶,,
duburₓ,,,,,,𒄯,,
dubu₂,𒂀,,,𒂀,,𒂀,,
dubxeš2,,,,,𒁿,,,
dub×eš₂,,𒁿,,𒁿,,,,
dub₂,𒂀,,𒂀,𒂀,,𒂀,,
dub₃,𒄭,,,𒄭,,𒄭,,
dubₓ,𒉈𒋛𒀀,,,𒉈𒋛𒀀,,𒉈𒋛𒀀,,
dubₓ?,,,,,,𒈩,,
dud,𒉺𒍜,,,𒉺𒍜,𒉺𒍜,𒉺𒍜,,
dud2,𒌅,𒌅,,,,,,
duda,𒉺𒍜,,𒉺𒍜,𒉺𒍜,𒉺𒍜,𒉺𒍜,,
dudda,𒃮,,,𒃮,𒂃,𒃮,,
duddu,𒌇𒌇,,,𒌇𒌇,𒌇𒌇,𒌇𒌇,,
dudu,𒆠𒅁,,,𒆠𒅁,,𒆠𒅁,,
duduₓ,𒉺𒍜,,,𒉺𒍜,,𒉺𒍜,,
dud₂,𒌅,,,𒌅,,𒌅,,
dug,𒂁,,𒂁,𒂁,𒂁,𒂁,,
dug.bur,,𒂁𒁓,,𒂁𒁓,,,,
dug.dug,,𒂁𒂁,,𒂁𒂁,,,,
dug.ezen,,,,,𒂁𒂡,,,
dug.ka.gag,,,,,𒂁𒅗𒆕,,,
dug.kal,,,,,𒂁𒄨,,,
dug.kaš3,,,,,𒂁𒍒,,,
dug.mud3,,,,,𒂁𒉸,,,
dug.sar,,,,,𒂁𒊬,,,
dug.sila3.bur.na,,,,,𒂁𒋡𒁓𒈾,,,
dug.sila₃.bur,,𒒄,,𒒄,,,,
dug.sila₃.bur.na,,𒂁𒋡𒁓𒈾,,𒂁𒋡𒁓𒈾,,,,
dug2,,,,,𒌇,,,
dug3,𒄭,𒄭,𒄭,,𒄭,,,
dug4,𒅗,𒅗,𒅗,,𒅗,,,
dug5,𒂅,𒂅,𒂅,,𒂅,,,
duga3,𒄴,𒄴,,,,,,
duga4,𒅗,𒅗,,,,,,
duganₓ,,,,,,𒃶。𒃶𒋢。𒋢𒃶,,
duga₃,𒄴,,,𒄴,,𒄴,,
duga₄,𒅗,,,𒅗,,𒅗,,
dugaₓ,𒈜,,,𒈜,,𒄭。𒈜,,
dugganellag2,,,,,𒄵,,,
duggu,,𒅎𒋛𒀀,,𒅎𒋛𒀀,,𒅎𒋛𒀀,,
dugin,𒂧,,,𒂧,,𒂧,,
dugin2,𒂨,𒂨,,,,,,
dugina,𒂧,,,𒂧,,𒂧,,
dugina2,𒂨,𒂨,,,𒂧,,,
dugina₂,𒂨,,,𒂨,,𒂨,,
dugin₂,𒂨,,,𒂨,,𒂨,,
dugu,𒄭,,,𒄭,𒄭,𒄭,,
dugud,𒂂,,𒂂,𒂂,𒂂,𒂂,,
dugud(lak390),,,𒔄,,,,,
dugud2,𒈪,𒈪,,,𒈪,,,
duguda,𒂂,,,𒂂,,𒂂,,
dugud₂,𒈪,,,𒈪,,,,
dugud₂?,,,,,,𒈪,,
dugudₓ,,,,,,𒓯,,
dugunû,,,,,𒁼,,,
dugunû.dugunû,,,,,𒁼𒁼,,,
duguₓ,𒂂,,,𒂂,,𒂂,,
dug×igi@g,,𒒚,,𒒚,,,,
dug×kušu₂,,𒒝,,𒒝,,,,
dug×ni,,𒒦,,𒒦,,,,
dug₃,𒄭,,𒄭,𒄭,,𒄭,,
dug₄,𒅗,,𒅗,𒅗,,𒅗,,
dug₅,𒂅,,,𒂅,,𒂅,,
dugₓ,𒋀𒅁,,,𒋀𒅁,,𒁉。𒋀𒅁,,
duh,𒃮,,𒂃。𒃮,𒃮,,𒂃,,
duk,𒂁,,𒂁,𒂁,𒂁,𒂁,,
duk2,𒌇,𒌇,𒌇,,𒌇,,,
duka,𒂁,,,𒂁,,𒂁,,
dukudₓ,𒂂,,,𒂂,,𒂂,,
dukuₓ,,,,,,𒌇,,
duk₂,𒌇,,,𒌇,,𒌇,,
dul,𒌋𒌆,,𒌋𒌆,𒌋𒌆,𒌋𒌆,𒌋𒌆,,
dul10,𒁍,𒁍,,,𒁍,,,
dul2,𒇥,𒇥,𒇥,,𒇥,,,
dul3,𒊨,𒊨,𒊨,,𒊨,,,
dul3_,,,𒊨,,,,,
dul4,𒂈,𒂈,,,𒂈,,,
dul5,𒌆,𒌆,𒌆,,𒌆,,,
dul6,𒇯,𒇯,𒇯,,𒇯,,,
dul7,𒊕,𒊕,𒊕,,𒊕,,,
dul8,𒁳,𒁳,,,𒁳,,,
dul9,𒌪,𒌪,,,,,,
dul],,,𒌋𒌆,,,,,
duliₓ,,,,,,𒀸,,
dulluₓ,𒄩𒉄𒁍,,,𒄩𒉄𒁍,,𒄩𒉄𒁍,,
dulu,𒋗𒁍,,,𒋗𒁍,𒋗𒁍,𒋗𒁍,,
dulum,,𒅆𒉄𒁍,,𒅆𒉄𒁍,,𒅆𒉄𒁍,,
dulumaₓ,,,,,,𒅆𒉄𒋓,,
dulum₂,,𒉄𒁍,,𒉄𒁍,,𒉄𒁍,,
duluₓ,,,,,,𒇥,,
dul₁₀,𒁍,,,𒁍,,𒁍,,
dul₂,𒇥,,,𒇥,,𒇥,,
dul₃,𒊨,,𒊨,𒊨,,𒊨,,
dul₄,𒂈,,,𒂈,,𒂈,,
dul₅,𒌆,,𒌆,𒌆,,𒌆,,
dul₆,𒇯,,,𒇯,,𒇯,,
dul₇,𒊕,,,𒊕,,𒊕,,
dul₈,𒁳,,,𒁳,,𒁳,,
dul₉,𒌪,,,𒌪,,𒌪,,
dulₓ,𒌨,,,𒌨,,None。𒁺。𒂅。𒇀。𒇻。𒌨,,
dum,𒌈,,𒌈,𒌈,𒌈,𒌈,,
dum3,𒁮,𒁮,,,𒁮,,,
dum4,𒁴,𒁴,,,𒁴,,,
dumgal,𒋇,,𒋇,𒋇,𒋇,𒋇,,
dumu,𒌉,,𒌉,𒌉,𒌉,𒌉,,
dumu#,,,𒌉,,,,,
dumu-gi7,𒌉𒂠,𒌉𒂠,,,,,,
dumu-gi₇,𒌉𒂠,,,𒌉𒂠,,𒌉𒂠,,
dumu.nita,,,,,𒌉𒍑,,,
dumu.nita2,,,,,𒌉𒀴,,,
dumu.sag,,,,,𒌉𒊕,,,
dum₃,𒁮,,,𒁮,,,,
dum₃?,,,,,,𒁮,,
dum₄,𒁴,,,𒁴,,𒁴,,
dumₓ,𒌉,,,𒌉,,𒌉,,
dun,𒂄,,𒂄,𒂄,𒂄,𒂄,,
dun.ne.tur,,𒂄𒉈𒌉,,𒂄𒉈𒌉,,,,
dun.tur,,𒂄𒌉,,𒂄𒌉,,,,
dun2,,,,,𒁷,,,
dun3,𒂅,𒂅,𒂅,,𒂅,,,
dun3gunû,,,,,𒂆,,,
dun3gunûgunû,,,,,𒂇,,,
dun4,𒂈,𒂈,𒂈,,𒂈,,,
dun5,𒁔,𒁔,𒁔,,𒁔,,,
dun6,𒆗,𒆗,,,𒄨,,,
duna,𒂄,,,𒂄,,𒂄,,
dunda,𒉺𒍜,,,𒉺𒍜,,𒉺𒍜,,
dunga,𒊕,,,𒊕,𒊕,𒊕,,
dunga2,𒈜,𒈜,,,𒈜,,,
dunga3,,,,,𒀭𒊌。𒊌,,,
dunga₂,𒈜,,,𒈜,,𒈜,,
dungaₓ,𒅎𒋛𒀀,,,𒅎𒋛𒀀,,𒅎𒋛𒀀。𒊫𒈤,,
dungu,𒅎𒋛𒀀,,,𒅎𒋛𒀀,𒅎𒋛𒀀,𒅎𒋛𒀀,,
dunguₓ,,,,,,𒅎𒋛,,
dun₃,𒂅,,𒂅,𒂅,,𒂅,,
dun₃@g,,𒂆,,𒂆,,,,
dun₃@g.uš,,𒂆𒍑,,𒂆𒍑,,,,
dun₃@g@g,,𒂇,,𒂇,,,,
dun₃@g@g.uš,,𒂇𒍑,,𒂇𒍑,,,,
dun₃@g@g.za,,𒂇𒍝,,𒂇𒍝,,,,
dun₃⁺,,𒂅,,𒂅,,𒂅,,
dun₄,𒂈,,,𒂈,,𒂈,,
dun₅,𒁔,,,𒁔,,𒁔,,
dun₆,𒆗,,,𒆗,,𒆗,,
dunₓ,𒅾,,,𒅾,,𒅍。𒅱。𒅾,,
duoverdu,,,,,𒁻,,,
dup,𒁾,,,𒁾,𒁾,𒁾,,
dup2,𒂀,𒂀,,,𒂀,,,
dupsik,𒅍,,,𒅍,,𒅍,,
dupsikₓ,,,,,,None,,
dup₂,𒂀,,,𒂀,,𒂀,,
duq,𒂁,,𒂁,𒂁,𒂁,𒂁,,
duq2,,,,,𒌇,,,
dur,𒄙,,𒄙,𒄙,𒄙,𒄙,,
dur.kib,,,,,𒄙𒄒,,,
dur10,𒊿,𒊿,𒊿,,𒊿,,,
dur11,𒌅,𒌅,𒌅,,𒌅,,,
dur2,𒂉,𒂉,𒂉,,𒂉。𒆪,,,
dur3,𒀲𒀴,𒀲𒀴,𒀲𒀴,,𒀲𒀴,,,
dur4,𒄒,𒄒,𒄒,,𒄒,,,
dur5,𒀀,𒀀,𒀀,,𒀀,,,
dur6,𒉺,𒉺,,,𒊿,,,
dur7,𒁍,𒁍,,,𒁍,,,
dur8,𒂦,𒂦,,,𒂦,,,
dur9,𒂄,𒂄,𒂄,,𒂄,,,
durah,𒁰,,,𒁰,,𒁰,,
durah₂,,,,,,𒁱,,
durahₓ,𒁱,,,𒁱,,,,
duran,𒄙𒄒,,,𒄙𒄒,𒄙𒄒,,,
duran?,,,,,,𒄙𒄒,,
duraḫ,,,,,𒁰,,,
durba,𒈢,,,𒈢,𒈢,𒈢,,
durgul,𒈣𒈮,,,𒈣𒈮,𒈣𒈮,𒈣𒈮,,
duri,𒉢,,,𒉢,𒋓,𒂦,,
duri?,,,,,,𒉢,,
durix,,,,,𒆋,,,
duriₓ,𒆋,,,𒆋,,𒆋,,
durku,,,,,𒈢,,,
durme,𒊕𒂡,,,𒊕𒂡,𒊕𒂡,𒊕𒂡,,
duru,,,,,𒄙。𒊕,,,
duru2,𒂉,𒂉,,,𒆪,,,
duru3,𒀲𒀴,𒀲𒀴,,,,,,
duru4,𒄒,𒄒,,,𒄒,,,
duru5,𒀀,𒀀,𒀀,,𒀀,,,
duru6,𒉺,𒉺,,,𒉺,,,
duru7,,,,,𒂍𒀀,,,
duru9,𒂄,𒂄,,,𒂄,,,
durum,𒂦,,,𒂦,,𒂦,,
durum2,𒂉,𒂉,,,𒆪,,,
durum4,𒄒,𒄒,,,,,,
durum₂,𒂉,,,𒂉,,𒂉,,
durum₄,𒄒,,,𒄒,,𒄒,,
durumₓ,,,,,,𒔂,,
durun,𒂉,,,𒂉,𒆪,𒂉,,
durun3,𒋗𒆸𒈾,𒋗𒆸𒈾,,,𒋗𒆸𒈾,,,
duruna,𒂉,,,𒂉,𒆪,𒂉,,
duruna2,𒇌,𒇌,,,𒇌,,,
duruna3,𒋗𒆸𒈾,𒋗𒆸𒈾,,,𒋗𒆸𒈾,,,
duruna4,𒇅,𒇅,,,,,,
duruna₂,𒇌,,,𒇌,,𒇌,,
duruna₃,𒋗𒆸𒈾,,,𒋗𒆸𒈾,,𒋗𒆸𒈾,,
duruna₄,𒇅,,,𒇅,,𒇅,,
durunaₓ,𒆪𒆪,,,𒆪𒆪,,𒆪𒆪,,
durungal,𒌓𒉣,,,𒌓𒉣,,𒌓𒉣,,
durun₃,𒋗𒆸𒈾,,,𒋗𒆸𒈾,,𒋗𒆸𒈾,,
durunₓ,𒋗𒃸,,,𒋗𒃸,,𒂉𒂉。𒆪𒆪。𒋗𒃸,,
duru₂,𒂉,,,𒂉,,𒂉,,
duru₃,𒀲𒀴,,,𒀲𒀴,,𒀲𒀴,,
duru₄,𒄒,,,𒄒,,𒄒,,
duru₅,𒀀,,𒀀,𒀀,,𒀀,,
duru₆,𒉺,,,𒉺,,,,
duru₆?,,,,,,𒉺,,
duru₉,𒂄,,,𒂄,,𒂄,,
duruₓ,𒆪𒄒,,,𒆪𒄒,,,,
duruₓ?,,,,,,𒆪𒄒,,
dur₁₀,𒊿,,,𒊿,,𒊿,,
dur₁₁,𒌅,,,𒌅,,𒌅,,
dur₂,𒂉,,,𒂉,,𒂉,,
dur₂&lu₂,,𒂉𒇽,,𒂉𒇽,,,,
dur₂.dur₂,,𒂉𒂉,,𒂉𒂉,,,,
dur₂?,,,,,,𒂉,,
dur₃,𒀲𒀴,,,𒀲𒀴,,𒀲𒀴,,
dur₄,𒄒,,,𒄒,,𒄒,,
dur₅,𒀀,,,𒀀,,𒀀,,
dur₆,𒉺,,,𒉺,,𒉺,,
dur₇,𒁍,,,𒁍,,,,
dur₇?,,,,,,𒁍,,
dur₈,𒂦,,,𒂦,,𒂦,,
dur₉,𒂄,,,𒂄,,𒂄,,
durₓ,𒀴𒀲,,,𒀴𒀲,,𒀲𒍑。𒀴𒀲。𒄘𒆕。𒍑𒀲,,
dusi,𒅍,,,𒅍,𒅍,𒅍,,
dusi2,𒀲𒅆𒂠,𒀲𒅆𒂠,𒀲𒅆𒂠,,𒀲𒅇,,,
dusi₂,𒀲𒅆𒂠,,,𒀲𒅆𒂠,,𒀲𒅆𒂠,,
dussa2,𒀲𒅆𒂠,𒀲𒅆𒂠,,,𒀲𒅇,,,
dussa₂,𒀲𒅆𒂠,,,𒀲𒅆𒂠,,𒀲𒅆𒂠,,
dussu,𒅍,,𒅍,𒅍,𒅍,𒅍,,
dusu,𒅍,,𒅍,𒅍,𒅍,𒅍,,
dusu2,𒀲𒅆𒂠,𒀲𒅆𒂠,𒀲𒅆𒂠,,𒀲𒅇,,,
dusu₂,𒀲𒅆𒂠,,,𒀲𒅆𒂠,,𒀲𒅆𒂠,,
dusuₓ,,,,,,𒀲𒅆。𒀲𒅇。𒅆,,
dusz,𒆪,𒆪,,,,,,
dusz2,𒁹,𒁹,,,,,,
"dut,u",𒅗𒅗,𒅗𒅗,,,,,,
duttu,𒌇𒌇,,,𒌇𒌇,𒌇𒌇,𒌇𒌇,,
duš,𒆪,,,𒆪,𒆪,𒆪,,
duš2,,,,,𒁹,,,
dušeššig,,,,,𒁽,,,
dušsu,,,,,𒅍,,,
duš₂,𒁹,,,𒁹,,𒁹,,
duḫ,,,𒂃,,𒂃,,,
duḫ;,,,𒂃。𒃮,,,,,
duṭu,𒅗𒅗,,,𒅗𒅗,,𒅗𒅗,,
du₁₀,𒄭,,,𒄭,,𒄭,,
du₁₁,𒅗,,,𒅗,,𒅗,,
du₁₂,𒌇,,,𒌇,,𒌇,,
du₁₃,𒌉,,,𒌉,,𒌉,,
du₁₃-du₁₃,𒌉𒌉,,,𒌉𒌉,,𒌉𒌉,,
du₁₄,𒈌,,,𒈌,,𒈌,,
du₁₅,𒄰,,,𒄰,,𒄰,,
du₁₆,𒌗,,,𒌗,,𒌗,,
du₁₇,𒉈,,,𒉈,,,,
du₁₇?,,,,,,𒉈,,
du₁₉,𒌤,,,𒌤,,,,
du₁₉?,,,,,,𒌤,,
du₂,𒌅,,,𒌅,,𒌅,,
du₂₀,𒁕,,,𒁕,,𒁕,,
du₂₄,𒂄,,,𒂄,,𒂄,,
du₂₅,𒀲𒀴,,,𒀲𒀴,,𒀲𒀴,,
du₂₆,𒋛𒀀,,,𒋛𒀀,,𒋛𒀀,,
du₃,𒆕,,𒆕,𒆕,,𒆕,,
du₄,𒌈,,,𒌈,,𒌈,,
du₅,𒂅,,,𒂅,,𒂅,,
du₅⁺,,𒂅,,𒂅,,𒂅,,
du₆,𒇯,,𒇯,𒇯,,𒇯,,
du₇,𒌌,,𒌌,𒌌,,𒌌,,
du₈,𒃮,,𒃮,𒃮,,𒂃,,
du₉,𒁔,,,𒁔,,𒁔,,
duₓ,𒋀𒅁,,,𒋀𒅁,,𒄸。𒇧。𒇽。𒋀𒅁,,
duₓ?,,,,,,𒁲,,
dà,,,𒆕,,,,,
dàg,,,𒉌𒌓,,,,,
dàr,,,𒁰,,,,,
dàra,,,𒁰,,,,,
dá,,,𒋫,,,,,
dè,,,𒉈,,,,,
dé,,,𒌤,,,,,
dìlib,,,𒊠,,,,,
dìm,,,𒈕,,,,,
dìr,,,𒀭,,,,,
dí,,,𒄭,,,,,
dílib,,,𒆂,,,,,
dílim,,,𒇺,,,,,
dím,,,𒁶,,,,,
dù,,,𒆕,,,,,
dùg,,,𒄭,,,,,
dùl,,,𒊨,,,,,
dùr,,,𒀲𒀴,,,,,
dú,,,𒌅,,,,,
dúb,,,𒂀,,,,,
dúbur,,,𒄶,,,,,
dúr,,,𒂉,,,,,
dūru,𒂦𒀭,,,𒂦𒀭,,,,
e,𒂊,,𒂊,𒂊,𒂊,𒂊,,
e&e.nun&nun,,𒂌,,𒂌,,,,
e',𒀪,𒀪,𒀪,,,,,
e'2,𒄴,𒄴,,,,,,
e'3,𒂍,𒂍,,,,,,
e'ella,𒃈,𒃈,,,,,,
e'i,𒂍𒀀,𒂍𒀀,,,,,,
e'u,𒂍𒀀,𒂍𒀀,,,,,,
e.sud,,,,,𒂊𒋤,,,
e.sud.hub₂×ud,,𒂊𒋤𒄽,,𒂊𒋤𒄽,,,,
e.tum,,𒂊𒌈,,𒂊𒌈,𒂊𒌈,,,
e.tum.ga₂×nun&nun,,𒂊𒌈𒃡,,𒂊𒌈𒃡,,,,
e10,𒉄,𒉄,,,𒉄,,,
e11,𒇯𒁺,𒇯𒁺,𒇯𒁺,,𒇯𒁺,,,
e11],,,𒇯𒁺,,,,,
e12,𒇯𒁽,𒇯𒁽,,,𒇯𒁽,,,
e13,𒊩𒆪,𒊩𒆪,,,𒊩𒆪。𒊩𒈠,,,
e14,𒊬,𒊬,,,,,,
e2,𒂍,𒂍,𒂍,,𒂍,,,
e2#,,,𒂍,,,,,
e2-gar6,𒂍𒉣,𒂍𒉣,,,,,,
e2.a,,,,,𒂍𒀀,,,
e2.gar6,,,,,𒂍𒉣,,,
e2.gar8,,,,,𒂍𒋞,,,
e2.kur.bad,,,,,𒂍𒆳𒁁,,,
e2.nun,,,,,𒂍𒉣,,,
e2.sig4,,,,,𒂍𒋞,,,
e2.uš.bu.da,,,,,𒂍𒍑𒁍𒁕,,,
e2_,,,𒂍,,,,,
e2xa.ḫa.da,,,,,𒂎,,,
e2xgar,,,,,𒂏,,,
e2xmi,,,,,𒂐,,,
e2xmunus,,,,,𒂑,,,
e2xnig2,,,,,𒂏,,,
e2xsal,,,,,𒂑,,,
e2xu,,,,,𒂓,,,
e2xše,,,,,𒂒,,,
e2’,,,,,𒄴,,,
e3,𒌓𒁺,𒌓𒁺,𒌓𒁺,,𒌓𒁺,,,
e3’,,,,,𒂍,,,
e4,𒀀,𒀀,𒀀,,𒀀,,,
e5,𒊩𒌆,𒊩𒌆,𒊩𒌆,,𒊩𒌆,,,
e6,𒋣,𒋣,𒋣,,𒋢𒋢。𒋣,,,
e6-a,𒋣𒀀,𒋣𒀀,,,,,,
e7,𒅗,𒅗,𒅗,,𒅗,,,
e8,𒌓,𒌓,,,𒌓,,,
e9,,,,,𒈪,,,
e[n,,,𒂗,,,,,
e],,,𒂊,,,,,
e_,,,𒂊,,,,,
ea,𒀀,,𒀀,𒀀,𒀀,𒀀,,
eazag,𒃜,,,𒃜,,,,
eazag?,,,,,,𒃜,,
eb,𒅁,,𒅁,𒅁,𒅁,𒅁,,
eb2,𒌈,𒌈,𒌈,,𒌈,,,
ebeh,𒂗𒋾,,,𒂗𒋾,,𒂗𒋾,,
ebih,𒂗𒋾,,,𒂗𒋾,,𒂗𒋾,,
ebih2,𒂠𒈤,𒂠𒈤,𒂠𒈤,,,,,
ebih₂,𒂠𒈤,,,𒂠𒈤,,𒂠𒈤,,
ebir,𒂁,,,𒂁,𒂁,𒂁,,
ebir2,,,,,𒁉,,,
ebir3,𒀀,𒀀,,,𒀀,,,
ebir4,𒂵,𒂵,,,𒂵,,,
ebir₃,𒀀,,,𒀀,,𒀀,,
ebir₄,𒂵,,,𒂵,,𒂵,,
ebirₓ,𒁉,,,𒁉,,𒁉,,
ebiḫ,,,,,𒂗𒋾,,,
ebiḫ2,,,,,𒂠𒈤,,,
ebla,𒀀𒋻𒀀𒀭,,,𒀀𒋻𒀀𒀭,𒀀𒋻𒀀𒀭,𒀀𒋻𒀀𒀭,,
ebur,𒂙,,,𒂙,𒂘。𒂙,𒂙,,
eburra,𒃀,,,𒃀,,,,
eburra?,,,,,,𒃀,,
eburuₓ,𒂙,,,𒂙,,𒂙,,
eb₂,𒌈,,,𒌈,,𒌈,,
ed,𒀉,,𒀉,𒀉,𒀉,𒀉,,
ed2,𒌓𒁺,𒌓𒁺,𒌓𒁺,,𒌓𒁺,,,
ed3,𒇯𒁺,𒇯𒁺,𒇯𒁺,,𒇯𒁺,,,
ed4,𒇯𒁽,𒇯𒁽,,,𒇯𒁽,,,
edakua,𒂸,,𒂸,𒂸,𒂎。𒂸,𒂸,,
edakua2,𒆺,𒆺,𒆺,,𒆺,,,
edakua₂,𒆺,,,𒆺,,𒆺,,
edakuaₓ,𒂸,𒂸。𒓀,,𒓀,,𒂎。𒂹。𒒾,,
edamu,𒀀𒌉,,,𒀀𒌉,𒀀𒌉,𒀀𒌉,,
edaₓ,𒌓𒁺,,,𒌓𒁺,,𒌓𒁺,,
eden,𒂔,,𒂔,𒂔,𒂔,𒂔,,
edena,𒂔,,,𒂔,,𒂔,,
edi,𒃄,,,𒃄,𒃄,𒃄,,
edim,𒁁,,,𒁁,𒁁,,,
edim?,,,,,,𒁁,,
edimₓ,𒂔,,,𒂔,,𒂔,,
edin,𒂔,,𒂔,𒂔,𒂔,𒂔,,
edin.a,,𒂔𒀀,,𒂔𒀀,,,,
edin.a.lal,,𒂔𒀀𒇲,,𒂔𒀀𒇲,,,,
edin.lal.a,,𒂔𒇲𒀀,,𒂔𒇲𒀀,,,,
edina,𒂔,,,𒂔,,𒂔,,
edur,𒀁,,,𒀁,𒀀𒀁,𒀁,,
eduru,𒀁,,𒀁,𒀁,𒀀𒀁,𒀁,,
eduruₓ,𒂍𒀀,,,𒂍𒀀,,𒂍𒀀,,
ed₂,𒌓𒁺,,,𒌓𒁺,,𒌓𒁺,,
ed₃,𒇯𒁺,,𒇯𒁺,𒇯𒁺,,𒇯𒁺,,
ed₄,𒇯𒁽,,,𒇯𒁽,,𒇯𒁽,,
edₓ,,,,,,𒁺𒇯,,
eg,𒅅,,𒅅,𒅅,𒅅,𒅅,,
eg2,𒂊,𒂊,𒂊,,𒂊,,,
eg2/ig2,,,𒂊 𒂊,,,,,
eg3,𒉘,𒉘,𒉘,,𒉘,,,
ega,𒀀𒈪𒀀,,,𒀀𒈪𒀀,𒀀𒈪𒀀,𒀀𒈪𒀀,,
ega2,𒉬,𒉬,,,𒉧,,,
egar,𒂍𒋞,,,𒂍𒋞,𒂍𒋞,𒂍𒋞,,
egara,𒃌,,,𒃌,𒂏。𒃌,𒃌,,
egaraₓ,𒂏,,,𒂏,,𒂏,,
egarₓ,,,,,,𒋞,,
ega₂,𒉬,,,𒉬,,𒉬,,
ege,𒂠,,,𒂠,𒂠,𒂠,,
ege2,𒊩𒂠,𒊩𒂠,,,𒊩𒂠,,,
eger,𒂕,,𒂕,𒂕,𒂕,𒂕,,
eger2,𒂠,𒂠,,,𒂠,,,
eger3,𒊩𒂠,𒊩𒂠,,,𒊩𒂠,,,
eger4,𒌈,𒌈,,,𒌈,,,
eger5,𒈝,𒈝,,,𒈱,,,
eger6,𒋞,𒋞,,,𒋞,,,
egera,𒂕,,,𒂕,𒂕,𒂕,,
eger₂,𒂠,,,𒂠,,𒂠,,
eger₃,𒊩𒂠,,,𒊩𒂠,,𒊩𒂠,,
eger₄,𒌈,,,𒌈,,𒌈,,
eger₅,𒈝,,,𒈝,,,,
eger₅?,,,,,,𒈱,,
eger₆,𒋞,,,𒋞,,,,
eger₆?,,,,,,𒋞,,
ege₂,𒊩𒂠,,,𒊩𒂠,,𒊩𒂠,,
egi,𒂠,,𒂠,𒂠,𒂠,𒂠,,
egi2,𒊩𒂠,𒊩𒂠,𒊩𒂠,,𒊩𒂠,,,
egi3,𒆠𒊕,𒆠𒊕,,,,,,
egia,𒃎,,,𒃎,𒃎,𒃎,,
egir,𒂕,,𒂕,𒂕,𒂕,𒂕。𒌈𒋙。𒌈𒌓,,
egir2,𒂠,𒂠,𒂠,,𒂠,,,
egir3,𒊩𒂠,𒊩𒂠,𒊩𒂠,,𒊩𒂠。𒌈,,,
egir4,𒌈,𒌈,,,𒌈,,,
egir5,𒈝,𒈝,,,𒈱,,,
egir6,𒋞,𒋞,,,𒋞,,,
egira,,,,,𒂕,,,
egirsu,𒃐,,,𒃐,,𒃐,,
egir₂,𒂠,,,𒂠,,𒂠,,
egir₃,𒊩𒂠,,,𒊩𒂠,,𒊩𒂠,,
egir₄,𒌈,,,𒌈,,𒌈,,
egir₅,𒈝,,,𒈝,,,,
egir₅?,,,,,,𒈱,,
egir₆,𒋞,,,𒋞,,,,
egir₆?,,,,,,𒋞,,
egirₓ,,,,,,None。𒔺,,
egi₂,𒊩𒂠,,,𒊩𒂠,,𒊩𒂠,,
egi₃,𒆠𒊕,,,𒆠𒊕,,,,
egi₃?,,,,,,𒆠𒊕,,
egiₓ,,,,,,𒌆,,
egu,,,,,𒀀𒆪,,,
egur₄,,𒌈,,𒌈,,𒌈,,
eg₂,𒂊,,,𒂊,,𒂊,,
eg₃,𒉘,,,𒉘,,𒉘,,
eh,𒄴,,𒄴,𒄴,,𒄴,,
eh2,𒀪,𒀪,,,,,,
eh3,𒆪𒆪,𒆪𒆪,,,,,,
ehalla,𒃓,,,𒃓,,𒃓,,
ehe,𒀉𒌓𒁺,,,𒀉𒌓𒁺,,𒀉𒌓𒁺,,
eheh,,𒆪𒆪𒆪,,𒆪𒆪𒆪,,𒆪𒆪𒆪,,
ehehhe,𒆪𒆪𒆪,,,𒆪𒆪𒆪,,𒆪𒆪𒆪,,
ehi,𒀉𒌓𒁺,,,𒀉𒌓𒁺,,𒀉𒌓𒁺,,
ehili,𒃔,,,𒃔,,𒃔,,
eh₂,𒀪,,,𒀪,,𒀪,,
eh₃,𒆪𒆪,,,𒆪𒆪,,𒆪𒆪,,
ehₓ,𒆪𒆪𒆪,,,𒆪𒆪𒆪,,𒄮。𒆪𒆪𒆪,,
ej,,,𒅅,,,,,
ej3,,,𒉘,,,,,
ejer,,,𒂕,,,,,
ek,𒅅,,𒅅,𒅅,𒅅,𒅅,,
eki,𒂊,,𒂊,𒂊,𒂊,𒂊,,
el,𒂖,,𒂖,𒂖,𒂖,𒂖,,
el2,𒅋,𒅋,𒅋,,𒅋,,,
el3,𒀭,𒀭,𒀭,,𒀭,,,
el4,𒅌,𒅌,𒅌,,,,,
ela,𒀀𒆗,,,𒀀𒆗,𒀀𒄨,𒀀𒆗,,
elal,𒋄,,,𒋄,𒋄,𒋄,,
elal2,𒋃,𒋃,,,𒋃,,,
elal₂,𒋃,,,𒋃,,𒋃,,
elam,𒉏,,𒉏,𒉏,𒉏,𒉏,,
elama,𒉏,,,𒉏,,𒉏,,
elamkusz,𒇌,𒇌,,,,,,
elamkusz2,𒇖,𒇖,,,,,,
elamkusz3,𒇈,𒇈,,,,,,
elamkusz4,𒆹,𒆹,,,,,,
elamkuszₓ,𒇎,𒇎,,,,,,
elamkuš,𒇌,,𒇌,𒇌,𒇌,𒇌,,
elamkuš2,,,𒇖,,𒇖,,,
elamkuš3,,,𒇈,,𒇈,,,
elamkuš4,,,,,𒆹,,,
elamkuš₂,𒇖,,,𒇖,,𒇖,,
elamkuš₃,𒇈,,,𒇈,,𒇈,,
elamkuš₄,𒆹,,,𒆹,,𒆹,,
elamkušₓ,𒇎,,,𒇎,,𒇎,,
elamu,𒉏,,,𒉏,𒉏,𒉏,,
eldig,,𒄠,,𒄠,,𒄠,,
ele,𒌋𒅗,,,𒌋𒅗,𒌋𒅗,𒌋𒅗,,
ele2,𒂖,𒂖,,,𒂖,,,
ele₂,𒂖,,,𒂖,,𒂖,,
eli,𒌋𒅗,,𒌋𒅗,𒌋𒅗,𒌋𒅗,𒌋𒅗,,
elilla,𒃛,,,𒃛,,𒃛,,
elimmu,,,,,𒑆,,,
elimmuₓ,𒐎,,,𒐎,,𒐎,,
ella,𒀀𒆗,,,𒀀𒆗,,𒀀𒆗,,
ella2,𒆸,𒆸,,,𒆸,,,
ellag,𒆸,,𒆸,𒆸,𒆸,𒆸,,
ellag2,𒄵,𒄵,𒄵,,,,,
ellag₂,𒄵,,,𒄵,,𒄵,,
ellam,,,,,,𒄵,,
ellamkusz,𒇌,𒇌,,,,,,
ellamkusz2,𒇖,𒇖,,,,,,
ellamkusz3,𒇈,𒇈,,,,,,
ellamkusz4,𒆹,𒆹,,,,,,
ellamkusz5,𒇍,𒇍,,,,,,
ellamkuszₓ,𒇎,𒇎,,,,,,
ellamkuš,𒇌,,,𒇌,𒇌,𒇌,,
ellamkuš2,,,,,𒇖,,,
ellamkuš3,,,,,𒇈,,,
ellamkuš4,,,,,𒆹,,,
ellamkuš₂,𒇖,,,𒇖,,𒇖,,
ellamkuš₃,𒇈,,,𒇈,,𒇈,,
ellamkuš₄,𒆹,,,𒆹,,𒆹,,
ellamkuš₅,𒇍,,,𒇍,,𒇍,,
ellamkušₓ,𒇎,,,𒇎,,𒇅。𒇎,,
ellamₓ,𒄵,,,𒄵,,,,
ellandu,𒊓𒄵𒆕,,,𒊓𒄵𒆕,,𒊓𒄵𒆕,,
ellat,𒆜𒆳,,𒆜𒆳,𒆜𒆳,,𒆜𒆳,,
ellaŋ,𒆸,,,𒆸,,𒆸,,
ellaŋ2,𒄵,𒄵,,,,,,
ellaŋ₂,𒄵,,,𒄵,,𒄵,,
ellaŋₓ,,,,,,None。𒄯,,
ella₂,𒆸,,,𒆸,,𒆸,,
elles160,,𒒫,,𒒫,,,,
elles396,,𒍡,,𒍡,,,,
ellil,𒂗𒆤,,,𒂗𒆤,𒂗𒆤,𒂗𒆤,,
el₂,𒅋,,,𒅋,,𒅋,,
el₃,𒀭,,,𒀭,,𒀭,,
el₄,𒅌,,,𒅌,,𒅌,,
em,𒅎,,𒅎,𒅎,𒅎,𒅎,,
em3,𒉘,𒉘,,,𒉘,,,
em4,𒅴,𒅴,,,𒅴,,,
emasz,𒈦.X,𒈦.X,,,,,,
emaš,𒈦.X,𒈦。𒈦.X,,𒈦,,𒈦X,,
eme,𒅴,,𒅴,𒅴,𒅴,𒅴,,
eme.gi,,,,,𒅴𒄀,,,
eme2,𒌝𒈨,𒌝𒈨,𒌝𒈨,,𒌝𒈨,,,
eme3,𒊩𒀲,𒊩𒀲,𒊩𒀲,,𒊩𒀲,,,
eme4,𒂼,𒂼,𒂼,,𒂼,,,
eme4-du2,𒂼𒌅,𒂼𒌅,,,,,,
eme4-e4-du2,𒂼𒀀𒌅,𒂼𒀀𒌅,,,,,,
eme5,𒊩𒄸,𒊩𒄸,,,𒊩𒂗𒀲。𒊩𒄸,,,
eme6,𒀲𒊩,𒀲𒊩,𒀲𒊩,,𒀲𒊩,,,
eme7,𒊩𒀠,𒊩𒀠,,,𒊩𒀠,,,
eme8,𒃣,𒃣,,,𒃣,,,
emed2,,,,,𒌝𒈨𒁕,,,
emeda,𒌝𒈨,,,𒌝𒈨,𒌝𒈨,𒌝𒈨,,
emeda2,,,,,𒌝𒈨𒁕,,,
emeda3,𒌟,𒌟,𒌟,,𒌟,,,
emeda₃,𒌟,,,𒌟,,𒌟,,
emedaₓ,,,,,,𒈨𒌝,,
emedu,𒂼𒌅,,,𒂼𒌅,𒂼𒌅,𒂼𒌅,,
emedu2,𒂼𒀀𒌅,𒂼𒀀𒌅,𒂼𒀀𒌅,,𒂼𒀀𒌅,,,
emedub,𒃆,,𒃆,𒃆,𒃆,𒃆,,
emedub2,𒃧,𒃧,𒃧,,𒃧,,,
emedub₂,𒃧,,,𒃧,,𒃧,,
emedudₓ,,,,,,𒂼𒌅,,
emedu₂,𒂼𒀀𒌅,,,𒂼𒀀𒌅,,𒂼𒀀𒌅,,
emengi,𒅶,,𒅶,𒅶,,𒅶,,
emenₓ,,,,,,None,,
emerah,𒊩𒄸,,,𒊩𒄸,,𒊩𒄸,,
emerahₓ,,,,,,𒂟𒆏。𒉌𒄸。𒊩𒆏。𒎙𒄸,,
emesig,𒆄,,,𒆄,,𒆄,,
emesz,𒊩𒇬,𒊩𒇬,,,,,,
emesz2,𒉊,𒉊,,,,,,
emezi,𒊩𒇬,,,𒊩𒇬,𒊩𒇬,𒊩𒇬,,
emeziₓ,𒊩𒆸,,,𒊩𒆸,,𒊩𒆸,,
emeŋarŋarₓ,,𒅹,,𒅹,,None,,
emeŋarₓ,,,,,,None,,
emeš,𒊩𒇬,,𒊩𒇬,𒊩𒇬,𒊩𒇬,𒊩𒇬,,
emeš2,,,,,𒉊,,,
emeš₂,𒉊,,,𒉊,,𒉊,,
eme₂,𒌝𒈨,,,𒌝𒈨,,𒌝𒈨,,
eme₃,𒊩𒀲,,,𒊩𒀲,,𒊩𒀲,,
eme₄,𒂼,,,𒂼,,𒂼,,
eme₄-du₂,𒂼𒌅,,,𒂼𒌅,,𒂼𒌅,,
eme₄-e₄-du₂,𒂼𒀀𒌅,,,𒂼𒀀𒌅,,𒂼𒀀𒌅,,
eme₅,𒊩𒄸,,,𒊩𒄸,,𒊩𒄸,,
eme₆,𒀲𒊩,,,𒀲𒊩,,𒀲𒊩,,
eme₇,𒊩𒀠,,,𒊩𒀠,,𒊩𒀠,,
eme₈,𒃣,,,𒃣,,𒃣,,
emeₓ,𒊩𒂗,,,𒊩𒂗,,𒂑。𒅗。𒅨。𒊩X。𒊩𒂗,,
emeₓ-gir2,𒅨,𒅨,,,,,,
emeₓ-gir₂,𒅨,,,𒅨,,𒅨,,
emma,𒆉,,,𒆉,𒆉,𒆉,,
emma2,𒅘,𒅘,,,𒅘,,,
emma₂,𒅘,,,𒅘,,𒅘,,
emmen,𒆉,,,𒆉,𒆉,𒆉,,
emmen2,𒅘,𒅘,𒅘,,𒅘,,,
emmen₂,𒅘,,,𒅘,,𒅘,,
emmin,𒆉,,,𒆉,𒆉,𒆉,,
emmin2,𒅘,𒅘,,,𒅘,,,
emmin₂,𒅘,,,𒅘,,𒅘,,
emusz,𒀇,𒀇,,,,,,
emuš,𒀇,,,𒀇,,𒀇,,
emé,,,𒌝𒈨,,,,,
em₃,𒉘,,,𒉘,,𒉘,,
em₄,𒅴,,,𒅴,,𒅴,,
emₓ,𒀀,,,𒀀,,𒀀。𒀀𒀭,,
en,𒂗,,𒂗,𒂗,𒂗,𒂗,,
en%en,,𒂛,𒂛,𒂛,,,,
en%en.im%im,,𒂛𒅐,,𒂛𒅐,,,,
en-lil2,𒂗𒆤,𒂗𒆤,,,,,,
en-lil₂,𒂗𒆤,,,𒂗𒆤,,𒂗𒆤,,
en.dim₂.gig,,𒂗𒁶,,𒂗𒁶,,,,
en.gi,,𒂗𒄀,,𒂗𒄀,,,,
en.gim.gig,,,,,𒂗𒁶𒈨𒉭,,,
en.ki,,𒂗𒆠,,𒂗𒆠,,,,
en.kid,,𒂗𒆤,,𒂗𒆤,𒂗𒆤,,,
en.ku.a,,𒂗𒆪𒀀,,𒂗𒆪𒀀,𒂗𒌆𒀀,,,
en.li,,𒂗𒇷,,𒂗𒇷,,,,
en.maš.gag,,,,,𒂗𒈦𒆕,,,
en.maš.kak,,𒂗𒈦𒆕,,𒂗𒈦𒆕,,,,
en.me.ad.kug,,,,,𒂗𒈨𒀜𒆬,,,
en.me.ad.ku₃,,𒂗𒈨𒀜𒆬,,𒂗𒈨𒀜𒆬,,,,
en.me.an+muš3,,,,,𒂗𒈨𒀭𒈹,,,
en.me.an.muš3,,,,,𒂗𒈨𒀭𒈹,,,
en.me.an.muš₃,,𒂗𒈨𒀭𒈹,,𒂗𒈨𒀭𒈹,,,,
en.me.gi,,𒂗𒈨𒄀,,𒂗𒈨𒄀,𒂗𒈨𒄀,,,
en.me.lagar,,𒂗𒈨𒇬,,𒂗𒈨𒇬,𒂗𒈨𒇬,,,
en.me.li,,𒂗𒈨𒇷,,𒂗𒈨𒇷,𒂗𒈨𒇷,,,
en.me.mu,,𒂗𒈨𒈬,,𒂗𒈨𒈬,𒂗𒈨𒈬,,,
en.me.zi.an.na,,𒂗𒈨𒍣𒀭𒈾,,𒂗𒈨𒍣𒀭𒈾,,,,
en.nu.nunuz.zi.an.ud,,𒂗𒉡𒉭𒍣𒀭𒌓,,𒂗𒉡𒉭𒍣𒀭𒌓,,,,
en.nunuz.dim₂,,𒂗𒉭𒁶,,𒂗𒉭𒁶,,,,
en.nunuz.gim,,,,,𒂗𒉭𒁶,,,
en.nunuz.zi.an.ud,,𒂗𒉭𒍣𒀭𒌓,,𒂗𒉭𒍣𒀭𒌓,𒂗𒉭𒍣𒀭𒌓,,,
en.nunuz.zi.an.šeš.ki,,𒂗𒉭𒍣𒀭𒋀𒆠,,𒂗𒉭𒍣𒀭𒋀𒆠,𒂗𒉭𒍣𒀭𒋀𒆠,,,
en.pab.sig7.nun.me.ubara,,,,,𒂗𒉽𒅊𒉣𒈨𒂬,,,
en.pap.igi@g.nun.me.ezen×kaskal,,𒂗𒉽𒅊𒉣𒈨𒂬,,𒂗𒉽𒅊𒉣𒈨𒂬,,,,
en.sal.me.nunuz.zi.an.šeš.ki,,𒂗𒊩𒈨𒉭𒍣𒀭𒋀𒆠,,𒂗𒊩𒈨𒉭𒍣𒀭𒋀𒆠,,,,
en.ti,,𒂗𒋾,,𒂗𒋾,𒂗𒋾,,,
en.tug2.a,,,,,𒂗𒌆𒀀,,,
en.zu,,𒂗𒍪,,𒂗𒍪,𒂗𒍪,,,
en.šeš,,𒂗𒋀,,𒂗𒋀,,,,
en2,𒋙𒀭,𒋙𒀭,𒋙𒀭,,,,,
en2.šar2xgad,,,,,𒋙𒀭𒄲,,,
en2.šar2xgad.ki,,,,,𒋙𒀭𒄲𒆠,,,
en3,𒇷,𒇷,𒇷,,𒇷,,,
en4,𒅗,𒅗,,,𒅗,,,
en5,𒉺𒋼,𒉺𒋼,,,𒑐𒋼,,,
en6,𒅔,𒅔,𒅔,,𒅔,,,
en7,𒍠,𒍠,𒍠,,𒍠,,,
en8,𒊭,𒊭,𒊭,,𒊭,,,
en:,,,𒂗,,,,,
en@en,,𒂜,𒂜,𒂜,,,,
ena,𒂗,,,𒂗,,𒂗,,
enaqa,𒉌𒌓𒅎,𒅎𒉌𒌓。𒉌𒌓𒅎,,𒅎𒉌𒌓,𒉎𒉌𒌓,𒅎𒎎,,
enbir,𒈓,,,𒈓,𒈓,𒈓,,
encrossingen,,,,,𒂛,,,
encrossingen.imcrossingim,,,,,𒂛𒅐,,,
endamekar,𒉗,,,𒉗,,𒉗,,
endib,𒂗𒈨𒍣𒀭𒈾,,,𒂗𒈨𒍣𒀭𒈾,𒂗𒈨𒈬,𒂗𒈨𒈬,,
endibdim,𒄯,,,𒄯,𒄯,𒄯,,
endibₓ,,,,,,𒂗𒈨𒍣𒀭𒈾。𒈨𒈬,,
endub,𒂗𒈨𒈬,,,𒂗𒈨𒈬,𒂗𒈨𒈬,𒂗𒈨𒈬,,
endur,𒉺,,,𒉺,𒉺,𒉺,,
enegi,𒅎,,,𒅎,𒅎,𒅎,,
enegi2,,,,,𒂗𒉭𒁶,,,
enegi3,𒂗𒁶.X,𒂗𒁶.X,,,𒂗𒁶𒈨𒉭,,,
enegir,𒅎,𒅎,,,,𒅎,,
enegir3,𒂗𒁶.X,𒂗𒁶.X,,,,,,
enegir₃,𒂗𒁶.X,𒂗𒁶。𒂗𒁶.X,,𒂗𒁶,,𒂗𒁶𒍼,,
enegi₃,𒂗𒁶.X,𒂗𒁶。𒂗𒁶.X,,𒂗𒁶,,𒂗𒁶𒍼,,
enegiₓ,,,,,,𒂗𒄀,,
enem,𒅗,,,𒅗,𒅗,𒅗,,
engar,𒀳,,𒀳,𒀳,𒀳,𒀳,,
engara,𒀳,,,𒀳,,𒀳,,
engarₓ,𒆠𒅗𒇽,,,𒆠𒅗𒇽,,𒆠𒅗𒇽,,
engima,,,,,𒂗𒈨𒄀,,,
engiz,𒂗𒈨𒄀,,𒂗𒈨𒄀,𒂗𒈨𒄀,𒂗𒈨𒄀,𒂗𒈨𒄀,,
engiz2,𒂚𒄀,𒂚𒄀,,,𒂚𒄀,,,
engiz₂,𒂚𒄀,,,𒂚𒄀,,𒂚𒄄,,
engizₓ,𒂗𒄀,,,𒂗𒄀,,𒂗𒄀,,
engur,𒇉,,𒇉,𒇉,𒇉,𒇉,,
engurₓ,𒆹,,,𒆹,,𒆹,,
eni,𒂗,,,𒂗,𒂗,𒂗,,
enigin,𒀀𒆸𒆸,,,𒀀𒆸𒆸,𒀀𒆸𒆸,𒀀𒆸𒆸,,
enim,𒅗,,𒅗,𒅗,𒅗,𒅗,,
enim2,𒉏,𒉏,,,𒉏,,,
enim₂,𒉏,,,𒉏,,𒉏,,
enkar,𒂙,,𒂙,𒂙,𒂘。𒂙,𒂙,,
enkara,𒂙,,,𒂙,𒂘。𒂙,𒂙,,
enku,𒍠𒄩,,𒍠𒄩,𒍠𒄩,𒍠𒄩,𒍠𒄩,,
enkud,𒍠𒄩,,𒍠𒄩,𒍠𒄩,,𒍠𒄩,,
enkudₓ,,,,,,𒍠,,
enkum,𒂗𒉽𒅊𒉣𒈨𒂬,,𒂗𒉽𒅊𒉣𒈨𒂬,𒂗𒉽𒅊𒉣𒈨𒂬,𒂗𒉽𒅊𒉣𒈨𒂬,𒂗𒉽𒅊𒉣𒈨𒂬,,
enkumₓ,,,,,,𒂗𒁖𒉣X。𒂗𒉽𒂊𒅊𒉣𒈨𒂬,,
enkuₓ,𒄩𒍠,,,𒄩𒍠,,𒄩𒍠,,
enlil,,𒁁,,𒁁,,,,
enlilₓ,,,,,,𒁁,,
enme,𒂚,,𒂚,𒂚,𒂚,𒂚,,
enme.gi,,,,,𒂚𒄀,,,
enme.li,,,,,𒂚𒇷,,,
enmen,𒆉,,,𒆉,𒆉,𒆉,,
enmen2,𒅘,𒅘,,,𒅘,,,
enmen₂,𒅘,,,𒅘,,𒅘,,
enna,𒉌𒌓𒂗,,,𒉌𒌓𒂗,𒉌𒌓𒂗。𒉌𒌓𒇲𒅊,𒎎𒂗,,
ennegi,𒅎,𒅎,𒅎,,,𒅎,,
enni,,,,,𒅎,,,
ennigi,𒅎,,,𒅎,𒅎,𒅎,,
ennigi2,𒂗𒉭𒁶,𒂗𒉭𒁶,,,𒂗𒉭𒁶,,,
ennigi3,𒂗𒁶.X,𒂗𒁶.X,,,𒂗𒁶𒈨𒉭,,,
ennigi₂,𒂗𒉭𒁶,,,𒂗𒉭𒁶,,𒂗𒉭𒁶,,
ennigi₃,𒂗𒁶.X,𒂗𒁶。𒂗𒁶.X,,𒂗𒁶,,𒂗𒁶𒍼,,
ennin,𒈹,,,𒈹,𒈹,𒈹,,
enopposingen,,,,,𒂜,,,
ensag,𒉺𒋼𒋛,,,𒉺𒋼𒋛,,𒉺𒋼𒋛,,
ensi,𒂗𒈨𒇷,,𒂗𒈨𒇷,𒂗𒈨𒇷,𒂗𒈨𒇷,𒂗𒈨𒇷,,
ensi2,𒉺𒋼𒋛,𒉺𒋼𒋛,𒉺𒋼𒋛,,𒑐𒋼𒋛,,,
ensi3,𒂚,𒂚,𒂚,,𒂚𒇷,,,
ensik,𒉺𒋼𒋛,,,𒉺𒋼𒋛,,𒉺𒋼𒋛,,
ensi₂,𒉺𒋼𒋛,,𒉺𒋼𒋛,𒉺𒋼𒋛,,𒉺𒋼𒋛,,
ensi₃,𒂚,,,𒂚,,𒂚,,
ensiₓ,𒉺𒋼𒋛𒃻,,,𒉺𒋼𒋛𒃻,,𒂗𒇷。𒃻𒉺𒋼𒋛。𒉺𒋛。𒉺𒋛𒃻。𒉺𒋼𒋛𒃻,,
ensquared,,,,,𒂝,,,
enszab,𒉢,𒉢,,,,,,
enszada,𒉺𒌆,𒉺𒌆,,,,,,
enszadu,𒉺𒌆,𒉺𒌆,,,,,,
ensí,,,𒉺𒋼𒋛,,,,,
entemena,,,,,𒉉,,,
enten,𒉉,,𒉉,𒉉,𒉉,𒉉,,
entena,𒉉,,,𒉉,𒉉,𒉉,,
enu,𒂗,,,𒂗,𒂗,𒂗,,
enxgan2,,,,,𒂘,,,
enxgan2tenû,,,,,𒂙,,,
enxkar2,,,,,𒂙,,,
enxme,,,,,𒂚,,,
enxme.gi,,,,,𒂚𒄀,,,
enxme.li,,,,,𒂚𒇷,,,
en×gan₂,,𒂘,,𒂘,,,,
en×gan₂@t,,𒂙,,𒂙,,,,
en×kar₂,,𒂙,,𒂙,,,,
en×me,,𒂚,,𒂚,,,,
en×me.gi,,𒂚𒄀,,𒂚𒄀,,,,
enšab,𒉢,,,𒉢,,𒉢,,
enšada,𒉺𒌆,,𒉺𒌆,𒉺𒌆,𒉺𒌆,𒉺𒌆,,
enšadu,𒉺𒌆,,,𒉺𒌆,𒉺𒌆,𒉺𒌆,,
en₂,𒋙𒀭,,,𒋙𒀭,,𒋙𒀭,,
en₃,𒇷,,,𒇷,,𒇷,,
en₄,𒅗,,,𒅗,,𒅗,,
en₅,𒉺𒋼,,,𒉺𒋼,,𒉺𒋼,,
en₆,𒅔,,,𒅔,,𒅔,,
en₇,𒍠,,,𒍠,,𒍠,,
en₈,𒊭,,,𒊭,,𒊭,,
enₓ,𒉈𒄀,,,𒉈𒄀,,𒀭𒌋。𒃲。𒉈𒄀,,
eovere.nunovernun,,,,,𒂌,,,
ep,𒅁,,𒅁,𒅁,𒅁,𒅁,,
ep2,𒌈,𒌈,,,𒌈,,,
epig,𒋝,,,𒋝,𒋝,𒋝,,
epig2,𒂁,𒂁,,,𒂁,,,
epig₂,𒂁,,,𒂁,,,,
epig₂?,,,,,,𒂁,,
epigₓ,𒀀𒋝,,,𒀀𒋝,,𒀀𒋝,,
epir,𒂁,,,𒂁,𒂁,𒂁,,
epir2,𒁉,𒁉,,,𒁉,,,
epir3,𒀀,𒀀,,,𒀀,,,
epir4,𒂵,𒂵,,,𒂵,,,
epir₂,𒁉,,,𒁉,,𒁉,,
epir₃,𒀀,,,𒀀,,𒀀,,
epir₄,𒂵,,,𒂵,,𒂵,,
ep₂,𒌈,,,𒌈,,𒌈,,
eq,𒅅,,𒅅,𒅅,𒅅,𒅅,,
eqlu,𒃷,,,𒃷,,,,
eqqil,,,,,,𒃷,,
er,𒅕,,𒅕,𒅕,𒅕,𒅕,,
er10,𒁺,𒁺,,,𒁺,,,
er11,𒀵,𒀵,,,,,,
er13,𒈁,𒈁,,,𒈁,,,
er2,𒀀𒅆,𒀀𒅆,𒀀𒅆,,𒀀𒅆,,,
er3,𒀴,𒀴,𒀴,,𒀴,,,
er3.ra,,,,,𒀴𒊏,,,
er4,𒌷,𒌷,𒌷,,𒌷,,,
er6,𒀅,𒀅,,,𒀅,,,
er9,𒄊,𒄊,,,,,,
era,𒀴𒊏,,,𒀴𒊏,𒀴𒊏,,,
era2,𒀀𒅆,𒀀𒅆,,,,,,
era3,𒃞,𒃞,,,𒃞,,,
era4,𒃢,𒃢,,,𒃢,,,
era?,,,,,,𒀴𒊏,,
erad,𒀴,,,𒀴,𒀴,,,
erad?,,,,,,𒀴,,
erarimₓ,𒍍,,,𒍍,,𒍍,,
era₂,𒀀𒅆,,,𒀀𒅆,,𒀀𒅆,,
era₃,𒃞,,,𒃞,,,,
era₃?,,,,,,𒃞,,
era₄,𒃢,,,𒃢,,,,
era₄?,,,,,,𒃢,,
erba,𒇹,,,𒇹,𒇹。𒐂,𒇹。𒐂,,
erbe,𒇹,,,𒇹,,𒇹。𒐂,,
erbura,𒋺,,,𒋺,𒉫,𒋺,,
ere,𒌷,,,𒌷,,𒌷,,
ere13,𒈁,𒈁,,,,,,
ere14,𒅕,𒅕,,,,,,
erem,𒂟,,,𒂟,𒂟,𒂟,,
eren,𒂞,,𒂞,𒂞,𒂞,𒂞,,
eren.šu.me,,𒂞𒋗𒈨,,𒂞𒋗𒈨,,,,
eren2,𒂟,𒂟,𒂟,,𒂟,,,
eren2/erin2,,,𒂟 𒂟,,,,,
eren8,𒌯,𒌯,,,,,,
erena,𒂞,,,𒂞,𒂞,𒂞,,
erena2,𒂟,𒂟,,,,,,
erena₂,𒂟,,,𒂟,,𒂟,,
eren₂,𒂟,,,𒂟,,𒂟,,
eren₈,𒌯,,,𒌯,,𒌯,,
erenₓ,,,,,,None,,
eresz,𒊩𒌆,𒊩𒌆,𒊩𒌆,,,,,
eresz2,𒉀,𒉀,,,,,,
eresz3,𒅕,𒅕,,,,,,
eresz4,𒀳,𒀳,,,,,,
eresz5,𒃲𒀭𒍪,𒃲𒀭𒍪,,,,,,
ereszu,𒅕,𒅕,,,,,,
ereš,𒊩𒌆,,𒊩𒌆,𒊩𒌆,𒊩𒈠。𒊩𒌆,𒎏,,
ereš2,,,,,𒉀,,,
ereš3,,,,,𒅕,,,
ereš4,,,,,𒀳,,,
ereš5,,,,,𒃲𒀭𒍪,,,
erešu,𒅕,,,𒅕,,,,
ereš₂,𒉀,,,𒉀,,𒉀,,
ereš₃,𒅕,,,𒅕,,𒅕,,
ereš₄,𒀳,,,𒀳,,𒀳,,
ereš₅,𒃲𒀭𒍪,,,𒃲𒀭𒍪,,𒃲𒀭𒍪,,
ere₁₃,𒈁,,,𒈁,,𒈁,,
ere₁₄,𒅕,,,𒅕,,𒅕,,
ereₓ,𒈀,𒈀。𒔢,,𒔢,,𒁺𒁺。𒈀。𒎊。𒎋,,
eri,𒌷,,𒌷,𒌷,𒅕。𒌷,𒌷,,
eri/iri,,,𒌷 𒌷,,,,,
eri11,𒀕,𒀕,𒀕,,,,,
eri12,𒀊,𒀊,,,𒀊,,,
eri13,𒈁,𒈁,,,𒈁,,,
eri14,𒅕,𒅕,,,𒅕,,,
eri15,𒃞,𒃞,,,𒃞,,,
eri16,𒃢,𒃢,,,𒃢,,,
eri3,𒀴,𒀴,,,𒀴,,,
eri4,,,,,𒌷,,,
erib,𒀿,,,𒀿,𒀿,𒀿,,
eribura,𒉫,,,𒉫,𒉫,𒉫,,
eribₓ,𒊩𒌓,,,𒊩𒌓,,𒀀𒂔。𒀀𒆗。𒊩𒌓,,
erida,𒉣,,,𒉣,𒉣,𒉣,,
erida2,𒉺𒊷,𒉺𒊷,,,,,,
erida₂,𒉺𒊷,,,𒉺𒊷,,𒉺𒊷,,
eridu,𒉣,,𒉣,𒉣,𒉣,𒉣,,
eridug,𒉣,,𒉣,𒉣,𒉣,𒉣,,
eriduga,𒉣,,,𒉣,,𒉣,,
eridug{ki},,,𒉣 𒆠,,,,,
erigal,𒀍,,,𒀍,,𒀍,,
erigal₂,,𒀕,,𒀕,,𒀕,,
erigal₃,,𒀊,,𒀊,,𒀊,,
erim,𒂟,,𒂟,𒂟,𒂟,𒂟,,
erim2,𒉈𒊒,𒉈𒊒,𒉈𒊒,,𒉈𒊒,,,
erim3,𒌿,𒌿,𒌿,,𒌿,,,
erim4,𒃫,𒃫,𒃫,,𒃫,,,
erim5,𒀕,𒀕,,,,,,
erim6,𒍍,𒍍,,,𒍍,,,
erim7,𒌯,𒌯,,,𒌯,,,
erima2,𒉈𒊒,𒉈𒊒,,,,,,
erima₂,𒉈𒊒,,,𒉈𒊒,,𒉈𒊒,,
erimmaₓ,𒌿,,,𒌿,,𒌿,,
erimtenû,,,,,𒍞,,,
erim₂,𒉈𒊒,,𒉈𒊒,𒉈𒊒,,𒉈𒊒,,
erim₃,𒌿,,,𒌿,,𒌿,,
erim₄,𒃫,,,𒃫,,𒃫,,
erim₅,𒀕,,,𒀕,,𒀕,,
erim₆,𒍍,,,𒍍,,𒍍,,
erim₇,𒌯,,,𒌯,,𒌯,,
erimₓ,𒉺𒊷,,,𒉺𒊷,,𒀔。𒉺𒊷。𒌾,,
erin,𒂞,,𒂞,𒂞,𒂞,𒂞,,
erin2,𒂟,𒂟,𒂟,,𒂟,,,
erin3,𒌿,𒌿,,,𒌿,,,
erin4,𒃫,𒃫,𒃫,,𒃫,,,
erin5,𒀕,𒀕,,,𒊷,,,
erin6,𒍍,𒍍,,,𒍍,,,
erin7,𒉈𒊒,𒉈𒊒,,,𒉈𒊒,,,
erin9,𒌯,𒌯,,,𒌯,,,
erina,𒂞,,,𒂞,𒂞,𒂞,,
erina2,𒂟,𒂟,,,,,,
erina8,𒈸𒀀𒈾,𒈸𒀀𒈾,𒈸𒀀𒈾,,𒈷,,,
erina₂,𒂟,,,𒂟,,𒂟,,
erina₈,𒈸𒀀𒈾,,,𒈸𒀀𒈾,,𒈸𒀀𒈾,,
erin×muš&muš,,𒂞𒈶,,𒂞𒈶,,,,
erin₂,𒂟,,,𒂟,,𒂟,,
erin₂+x,,𒒭,,𒒭,,,,
erin₂.na,,𒂟𒈾,,𒂟𒈾,,,,
erin₃,𒌿,,,𒌿,,𒌿,,
erin₄,𒃫,,,𒃫,,𒃫,,
erin₅,𒀕,,,𒀕,,𒀕,,
erin₆,𒍍,,,𒍍,,𒍍,,
erin₇,𒉈𒊒,,,𒉈𒊒,,𒉈𒊒,,
erin₉,𒌯,,,𒌯,,𒌯,,
erinₓ,,,,,,None。𒍮,,
erisz,𒊩𒌆,𒊩𒌆,,,,,,
erisz2,𒉀,𒉀,,,,,,
erisz4,𒀳,𒀳,,,,,,
erisz6,𒄰,𒄰,,,,,,
erisz7,𒆚,𒆚,,,,,,
erisztiₓ,𒃲𒍪,𒃲𒍪,,,,,,
eriš,𒊩𒌆,,,𒊩𒌆,𒊩𒈠。𒊩𒌆,𒎏,,
eriš2,,,,,𒉀,,,
eriš4,,,,,𒀳,,,
eriš6,,,,,𒄰,,,
eriš7,,,,,,,,
erištiₓ,𒃲𒍪,,,𒃲𒍪,,𒃲𒍪,,
eriš₂,𒉀,,,𒉀,,𒉀。𒊺𒉀,,
eriš₄,𒀳,,,𒀳,,𒀳,,
eriš₆,𒄰,,,𒄰,,𒄰,,
eriš₇,𒆚,,,𒆚,,𒆚,,
eri₁₁,𒀕,,,𒀕,,𒀕,,
eri₁₂,𒀊,,,𒀊,,𒀊,,
eri₁₃,𒈁,,,𒈁,,𒇽𒋗。𒈁,,
eri₁₄,𒅕,,,𒅕,,𒅕,,
eri₁₅,𒃞,,,𒃞,,,,
eri₁₅?,,,,,,𒃞,,
eri₁₆,𒃢,,,𒃢,,,,
eri₁₆?,,,,,,𒃢,,
eri₃,𒀴,,,𒀴,,𒀴,,
eriₓ,𒍍,,,𒍍,,None。𒈦X。𒍍,,
erraₓ,,,,,,𒆧,,
"ers,etu",𒆠,𒆠,,,,,,
eru,𒀴,,,𒀴,𒀴,𒀴,,
eru2,𒊕𒊩,𒊕𒊩,,,𒊕𒊩,,,
eru3,𒊟,𒊟,𒊟,,𒊟,,,
eru4,𒀀𒂔,𒀀𒂔,,,𒀀𒂔,,,
eru5,𒂔,𒂔,,,𒂔,,,
erua,𒀀𒂔,,,𒀀𒂔,𒀀𒂔,𒀀𒂔,,
erua2,𒂔,𒂔,,,𒂔,,,
erua₂,𒂔,,,𒂔,,𒂔,,
erum,𒀴,,,𒀴,𒀴,𒀴,,
erum2,𒊕𒊩,𒊕𒊩,,,𒊕𒊩,,,
erum3,𒊟,𒊟,,,𒊟,,,
erum4,𒀀𒂔,𒀀𒂔,𒀀𒂔,,𒀀𒂔,,,
erum₂,𒊕𒊩,,,𒊕𒊩,,𒊕𒊩,,
erum₃,𒊟,,,𒊟,,𒊟,,
erum₄,𒀀𒂔,,,𒀀𒂔,,𒀀𒂔,,
eru₂,𒊕𒊩,,,𒊕𒊩,,𒊕𒊩,,
eru₃,𒊟,,,𒊟,,𒊟,,
eru₄,𒀀𒂔,,,𒀀𒂔,,𒀀𒂔,,
eru₅,𒂔,,,𒂔,,𒂔,,
erín,,,𒂟,,,,,
erṣetu,𒆠,,,𒆠,,,,
er₁₀,𒁺,,,𒁺,,,,
er₁₀?,,,,,,𒁺,,
er₁₁,𒀵,,,𒀵,,𒀵,,
er₁₃,𒈁,,,𒈁,,𒈁,,
er₁₄,,𒁻,,𒁻,,𒁻,,
er₂,𒀀𒅆,,𒀀𒅆,𒀀𒅆,,𒀀𒅆,,
er₃,𒀴,,,𒀴,,𒀴,,
er₄,𒌷,,,𒌷,,𒌷,,
er₆,𒀅,,,𒀅,,𒀅,,
er₉,𒄊,,,𒄊,,𒄊,,
erₓ,𒈀,𒈀。𒔢,,𒔢,,𒁺𒁺。𒈀。𒎋,,
es,𒄑,,𒄑,𒄑,𒄑,𒄑,,
"es,",𒄑,𒄑,𒄑,,,,,
"es,3",𒀊,𒀊,𒀊,,,,,
es2,𒌍,𒌍,,,𒌍,,,
es3,𒀊,𒀊,,,𒀊,,,
es4,,,,,𒀾,,,
es5,𒅖,𒅖,,,𒅖,,,
esa,,,,,𒆳𒋾𒆠,,,
esa3,𒀊,𒀊,,,,,,
esag,𒀈,,𒀈,𒀈,𒀈,𒀈,,
esag2,𒃥,𒃥,𒃥,,𒂒。𒃥,,,
esagtur,𒃦,,,𒃦,𒃦,𒃦,,
esag₂,𒃥,,,𒃥,,𒃥,,
esagₓ,𒂒,,,𒂒,,𒂍𒊺。𒂒,,
esaŋ,𒀈,,,𒀈,,𒀈,,
esaŋ2,𒃥,𒃥,,,,,,
esaŋtur,𒃦,,,𒃦,,𒃦,,
esaŋ₂,𒃥,,,𒃥,,𒃥,,
esaŋₓ,,,,,,𒂍𒊺。𒂒,,
esa₃,𒀊,,,𒀊,,𒀊,,
esen,𒂡,,,𒂡,,𒂡,,
esesz,𒀀𒅆,𒀀𒅆,,,,,,
eseš,𒀀𒅆,,,𒀀𒅆,𒀀𒅆,𒀀𒅆,,
esi,𒆗,,𒆗,𒆗,𒄨,𒆗,,
esibir,𒃊,,,𒃊,𒃊,𒃊,,
esibₓ,,,,,,𒈨,,
esig,𒆗,,,𒆗,𒄨,𒆗,,
esikilla,𒃈,,,𒃈,𒃈,𒃈,,
esin,𒂡,,,𒂡,,𒂡,,
esir,𒀀𒇒,,𒀀𒇒,𒀀𒇒,𒀀𒇒,𒀀𒇒,,
esir2,𒇒,𒇒,𒇒,,𒇒,,,
esir3,𒆓𒆓,𒆓𒆓,,,𒆒𒆒。𒆓𒆓,,,
esir4,𒄃,𒄃,,,𒄃,,,
esir5,𒄆,𒄆,𒄆,,𒄅,,,
esirha,𒇓,,,𒇓,,𒇓,,
esirhia,𒇓,,,𒇓,,𒇓,,
esirḫia,,,,,𒇓,,,
esir₂,𒇒,,𒇒,𒇒,,𒇒,,
esir₃,𒆓𒆓,,,𒆓𒆓,,𒆓𒆓,,
esir₄,𒄃,,𒄃,𒄃,,𒄃,,
esir₅,𒄆,,,𒄆,,𒄆,,
esirₓ,𒆔,,,𒆔,,None。𒆓。𒆔。𒋺,,
esisz3,𒀀𒅆,𒀀𒅆,,,,,,
esiš₃,𒀀𒅆,,,𒀀𒅆,,𒀀𒅆,,
essad,𒍠𒄩,,,𒍠𒄩,𒍠𒄩,𒍠𒄩,,
essadu,𒀊𒄩𒍠𒃮𒄷,,,𒀊𒄩𒍠𒃮𒄷,𒀊𒄩𒍠𒃮𒄷,𒀊𒄩𒍠𒃮𒄷,,
esz,𒌍,𒌍,𒌍,,,,,
esz#,,,𒌍,,,,,
esz10,𒀀,𒀀,,,,,,
esz11,𒊑,𒊑,,,,,,
esz12,𒉊,𒉊,,,,,,
esz13,𒉉,𒉉,,,,,,
esz14,𒂖,𒂖,,,,,,
esz15,𒅖,𒅖,,,,,,
esz16,𒐺,𒐺,,,,,,
esz17,𒈨𒌍,𒈨𒌍,,,,,,
esz18,𒀹,𒀹,,,,,,
esz19,𒄑,𒄑,,,,,,
esz2,𒂠,𒂠,𒂠,,,,,
esz20,𒀸,𒀸,,,,,,
esz21,𒐻,𒐻,,,,,,
esz22,𒇵,𒇵,,,,,,
esz3,𒀊,𒀊,𒀊,,,,,
esz4,𒁹,𒁹,𒁹,,,,,
esz5,𒁹𒁹𒁹,𒁹𒁹𒁹,,,,,,
esz6,𒀸𒀸𒀸,𒀸𒀸𒀸,𒀸𒀸𒀸,,,,,
esz7,𒁁,𒁁,,,,,,
esz8,𒆜,𒆜,𒆜,,,,,
esz9,𒀀𒅆,𒀀𒅆,,,,,,
esza,𒀀𒊺𒉪,𒀀𒊺𒉪,,,,,,
esza/esze4,,,𒀀𒊺𒉪 𒀀𒊺𒉪,,,,,
esza2,𒌍,𒌍,,,,,,
esza3,𒀊,𒀊,,,,,,
esza5,𒁹𒁹𒁹,𒁹𒁹𒁹,,,,,,
eszaₓ,𒆗,𒆗,,,,,,
eszda,𒂷𒄑,𒂷𒄑,,,,,,
eszda2,𒋖𒄑𒌆,𒋖𒄑𒌆,,,,,,
eszda3,𒋖,𒋖,,,,,,
eszdaₓ,𒆯,𒆯,,,,,,
esze,𒌍,𒌍,,,,,,
esze2,𒂠,𒂠,𒂠,,,,,
esze3,𒅂,𒅂,,,,,,
esze3@c,𒑘,𒑘,,,,,,
esze4,𒀀𒊺𒉪,𒀀𒊺𒉪,,,,,,
eszela,𒈀𒇲,𒈀𒇲,,,,,,
eszelal,𒈀𒇲,𒈀𒇲,,,,,,
eszemen,𒆠𒂊𒉈𒁲,𒆠𒂊𒉈𒁲,𒆠𒂊𒉈𒁲,,,,,
eszemen2,𒆠𒂊𒉈𒁲𒀭𒈹,𒆠𒂊𒉈𒁲𒀭𒈹,,,,,,
eszemen3,𒂠𒄾,𒂠𒄾,,,,,,
eszemen4,𒀑,𒀑,,,,,,
eszemen5,𒁉,𒁉,,,,,,
eszemin,𒆠𒂊𒉈𒁲,𒆠𒂊𒉈𒁲,,,,,,
eszemin2,𒆠𒂊𒉈𒁲𒀭𒈹,𒆠𒂊𒉈𒁲𒀭𒈹,,,,,,
eszemin3,𒂠𒄾,𒂠𒄾,,,,,,
eszemin4,𒀑,𒀑,,,,,,
eszemin5,𒁉,𒁉,,,,,,
eszer,𒀀𒇒,𒀀𒇒,,,,,,
eszeₓ,𒀊,𒀊,,,,,,
eszgal,𒀍,𒀍,𒀍,,,,,
eszgar,𒀾𒃼,𒀾𒃼,,,,,,
eszgarₓ,𒌋𒂙,𒌋𒂙,,,,,,
eszgiri,𒌋𒂙,𒌋𒂙,𒌋𒂙,,,,,
eszgiri2,𒂙,𒂙,,,,,,
eszkiri,𒌋𒂙,𒌋𒂙,,,,,,
eszkiri2,𒂙,𒂙,,,,,,
eszlug,𒈊,𒈊,,,,,,
eszqa,𒆯,𒆯,,,,,,
eszsad,𒍠𒄩,𒍠𒄩,,,,,,
eszsadu,𒀊𒄩𒍠𒃮𒄷,𒀊𒄩𒍠𒃮𒄷,,,,,,
eszsza2,𒋙,𒋙,,,,,,
eszsza3,𒄀,𒄀,,,,,,
eszszaba,𒁹𒁹𒁹𒌋𒌋,𒁹𒁹𒁹𒌋𒌋,,,,,,
eszszad,𒍠𒄩,𒍠𒄩,,,,,,
eszszana,𒁹𒁹𒁹𒌋𒌋,𒁹𒁹𒁹𒌋𒌋,,,,,,
eszszeb,𒆠𒅁,𒆠𒅁,,,,,,
eszszu2,𒀭,𒀭,,,,,,
esztaₓ,𒋖𒄑𒌆,𒋖𒄑𒌆,,,,,,
esztub,𒄞,𒄞,,,,,,
eszuₓ,𒇵,𒇵,,,,,,
eszₓ,𒇴,𒇴,,,,,,
es₂,𒌍,,,𒌍,,𒌍,,
es₃,𒀊,,,𒀊,,𒀊,,
es₅,𒅖,,,𒅖,,𒅖,,
et,𒀉,,𒀉,𒀉,𒀉,𒀉,,
"et,",𒀉,𒀉,𒀉,,,,,
"et,lu",𒆗,𒆗,,,,,,
"et,utu",𒂿,𒂿,,,,,,
etam,𒃫,,,𒃫,𒃫,𒃫,,
etutum,,,,,,𒂿,,
etutumₓ,𒂿,,,𒂿,,,,
eurre,𒂍𒆠𒋧𒂵,,,𒂍𒆠𒋧𒂵,,𒂍𒆠𒋧𒂵,,
ev.gišgalxigi,,,,,𒍂,,,
ev.gišgalxurudu,,,,,𒍎,,,
ew,𒉿,,𒉿,𒉿,𒉿,𒉿,,
ex,,,𒉿,,,,,
expap,,,,,𒂋,,,
ez,𒄑,,𒄑,𒄑,𒄑,𒄑,,
ez2,,,,,𒌍,,,
ez3,𒀊,𒀊,,,𒀊,,,
ez5,,,,,𒅖,,,
eze,𒇻,,,𒇻,𒁳,𒇻,,
ezem,𒂡,,𒂡,𒂡,𒂡,𒂡,,
ezema,𒂡,,,𒂡,,𒂡,,
ezen,𒂡,,𒂡,𒂡,𒂡,𒂡,,
ezen@s×aš,,𒒯,,𒒯,,,,
ezen@s×hi,,𒒰,,𒒰,,,,
ezen@s×igi@g,,𒒱,,𒒱,,,,
ezen@s×la,,𒒲,,𒒲,,,,
ezen@s×lal,,𒒳,,𒒳,,,,
ezen@s×me,,𒒴,,𒒴,,,,
ezen@s×mes,,𒒵,,𒒵,,,,
ezen@s×su,,𒒶,,𒒶,,,,
ezena,𒂡,,,𒂡,,𒂡,,
ezennaₓ,𒊺𒊺𒉪,,,𒊺𒊺𒉪,,𒊺𒌁,,
ezenxa,,,,,𒂢,,,
ezenxa.lal,,,,,𒂣,,,
ezenxa.lal2,,,,,𒂤,,,
ezenxan,,,,,𒂥,,,
ezenxbad,,,,,𒂦,,,
ezenxdun3gunû,,,,,𒂧,,,
ezenxdun3gunûgunû,,,,,𒂨,,,
ezenxigigunû,,,,,𒂫,,,
ezenxkaskal,,,,,𒂬,,,
ezenxkaskalsquared,,,,,𒂭,,,
ezenxku3,,,,,𒂮,,,
ezenxkug,,,,,𒂮,,,
ezenxla,,,,,𒂯,,,
ezenxlal2,,,,,𒂰,,,
ezenxlalxlal,,,,,𒂰,,,
ezenxli,,,,,𒂱,,,
ezenxlu,,,,,𒂲,,,
ezenxmir,,,,,𒂧,,,
ezenxsig7,,,,,𒂫,,,
ezenxu2,,,,,𒂳,,,
ezenxud,,,,,𒂴,,,
ezenxḫa,,,,,𒂩,,,
ezenxḫagunû,,,,,𒂪,,,
ezen×(a.lal),,𒂣,,𒂣,,,,
ezen×(a.lal₂),,𒂤,,𒂤,,,,
ezen×a,,𒂢,,𒂢,,,,
ezen×an,,𒂥,,𒂥,,,,
ezen×bad,,𒂦,,𒂦,,,,
ezen×bad.an,,𒂦𒀭,,𒂦𒀭,,,,
ezen×dun₃,,𒂡  𒂅,,𒂡  𒂅,,,,
ezen×dun₃@g,,𒂧,,𒂧,,,,
ezen×dun₃@g@g,,𒂨,,𒂨,,,,
ezen×ha,,𒂩,,𒂩,,,,
ezen×igi@g,,𒂫,,𒂫,,,,
ezen×kaskal,,𒂬,,𒂬,,,,
ezen×ku₃,,𒂮,,𒂮,,,,
ezen×la,,𒂯,,𒂯,,,,
ezen×lal₂,,𒂰,,𒂰,,,,
ezen×li,,𒂱,,𒂱,,,,
ezen×lu,,𒂲,,𒂲,,,,
ezen×su,,𒒷,,𒒷,,,,
ezen×ud,,𒂴,,𒂴,,,,
ezen×u₂,,𒂳,,𒂳,,,,
ezen₄,,,,,,𒍸,,
ezim2,𒊺𒊺𒉪,𒊺𒊺𒉪,,,𒊺𒌁,,,
ezim₂,𒊺𒊺𒉪,,,𒊺𒊺𒉪,,𒊺𒌁,,
ezin,𒂡,,,𒂡,𒂡,𒂡,,
ezin2,𒊺𒊺𒉪,𒊺𒊺𒉪,,,𒊺𒌁,,,
ezina2,𒊺𒊺𒉪,𒊺𒊺𒉪,,,𒊺𒌁,,,
ezina3,𒌁,𒌁,,,𒌁,,,
ezinam₂,,𒊺𒊺𒉪,,𒊺𒊺𒉪,,𒊺𒌁,,
ezinam₃,,𒌁,,𒌁,,𒌁,,
ezinan₂,,𒊺𒊺𒉪,,𒊺𒊺𒉪,,𒊺𒌁,,
ezina₂,𒊺𒊺𒉪,,,𒊺𒊺𒉪,,𒊺𒌁,,
ezina₃,𒌁,,,𒌁,,𒌁,,
ezinaₓ,𒌂,,,𒌂,,𒌂,,
ezinu,,𒊺𒌁,,𒊺𒌁,𒊺𒌁,,,
ezinu2,𒊺𒊺𒉪,𒊺𒊺𒉪,,,𒊺𒌁,,,
ezinu3,𒌁,𒌁,,,𒌁,,,
ezinu₂,𒊺𒊺𒉪,,,𒊺𒊺𒉪,,𒊺𒌁,,
ezinu₃,𒌁,,,𒌁,,𒌁,,
ezinuₓ,𒌂,,,𒌂,,𒄔。𒌂,,
ezin₂,𒊺𒊺𒉪,,,𒊺𒊺𒉪,,𒊺𒌁,,
eziₓ,𒊩𒇬,,,𒊩𒇬,,𒊩𒇬,,
ez₃,𒀊,,,𒀊,,𒀊,,
e×pap,,𒂋,,𒂋,,,,
eĝ3,,,𒉘,,,,,
eĝer,,,𒂕,,,,,
eŋ,𒅅,,,𒅅,,𒅅,,
eŋ3,𒉘,𒉘,,,,,,
eŋar,,𒂍𒋞,,𒂍𒋞,,𒂍𒋞,,
eŋara,𒃌,,,𒃌,,𒃌,,
eŋaraₓ,𒂏,,,𒂏,,𒂏,,
eŋer,𒂕,,,𒂕,,𒂕,,
eŋera,𒂕,,,𒂕,,𒂕,,
eŋir,𒂕,,,𒂕,,𒂕,,
eŋir5,𒈝,𒈝,,,,,,
eŋir6,𒈱,𒈱,,,,,,
eŋir₅,𒈝,,,𒈝,,,,
eŋir₅?,,,,,,𒈱,,
eŋir₆,𒈱,,,𒈱,,,,
eŋ₃,𒉘,,,𒉘,,𒉘,,
eš,𒌍,,𒌍,𒌍,𒌍,𒌍,,
eš10,,,𒀀,,𒀀,,,
eš11,,,,,𒊑,,,
eš12,,,,,𒉊,,,
eš13,,,,,𒉉,,,
eš14,,,,,𒂖,,,
eš15,,,𒅖,,𒅖,,,
eš16,,,𒐺,,𒅖。𒐺,,,
eš16.aš,,,,,𒐽,,,
eš16.eš16,,,,,𒑀,,,
eš16.eš16.aš,,,,,𒑁,,,
eš16.eš16.eš16,,,,,𒑇,,,
eš16.eš16.tab,,,,,𒑅,,,
eš16.tab,,,,,𒐺𒋰,,,
eš17,,,,,𒈨𒌍,,,
eš18,,,,,𒀹,,,
eš19,,,,,𒄑,,,
eš2,,,𒂠,,𒂠,,,
eš20,,,,,𒀸,,,
eš21,,,𒐻,,𒐻,,,
eš22,,,𒇵,,𒇵,,,
eš23,,,,,𒑋,,,
eš3,,,𒀊,,𒀊,,,
eš3.dam.ma,,,,,𒀊𒁮𒈠,,,
eš4,,,𒁹,,𒁹,,,
eš5,,,𒁹𒁹𒁹,,𒐈,,,
eš6,,,𒀸𒀸𒀸,,𒐁,,,
eš7,,,,,𒑘,,,
eš8,,,𒆜,,𒆜,,,
eš9,,,,,𒀀𒅆,,,
eša,𒀀𒊺𒉪,,𒀀𒊺𒉪,𒀀𒊺𒉪,𒀀𒌁,𒀀𒌁,,
eša2,,,,,𒌍,,,
eša₂,𒌍,,,𒌍,,𒌍,,
eša₃,𒀊,,,𒀊,,𒀊,,
eša₅,𒁹𒁹𒁹,,,𒁹𒁹𒁹,,𒁹𒁹𒁹,,
ešaₓ,𒆗,,,𒆗,,𒆗,,
ešda,𒂷𒄑,,,𒂷𒄑,𒋖𒄑,𒋖𒄑,,
ešda2,,,,,𒀊𒁮𒈠。𒋖𒄑𒆪,,,
ešda3,,,,,𒋖,,,
ešda₂,𒋖𒄑𒌆,,,𒋖𒄑𒌆,,𒋖𒄑𒌆,,
ešda₃,𒋖,,,𒋖,,𒋖,,
ešdaₓ,𒆯,,,𒆯,,𒂷。𒆯,,
eše,𒌍,,,𒌍,𒌍,𒌍,,
eše2,,,𒂠,,𒂠,,,
eše3,,,,,𒑘,,,
eše4,,,,,𒀀𒌁,,,
eše@c,,𒌍,,𒌍,,𒌍,,
ešela,𒈀𒇲,𒈀𒇲。𒎊,,𒎊,,𒎊,,
ešelal,𒈀𒇲,𒈀𒇲,,,,𒎊,,
ešemen,𒆠𒂊𒉈𒁲,,𒆠𒂊𒉈𒁲,𒆠𒂊𒉈𒁲,𒆠𒂊𒉈𒁲,𒆠𒂊𒉈𒁲,,
ešemen2,,,𒆠𒂊𒉈𒁲𒀭𒈹,,𒆠𒂊𒉈𒁲𒀭𒈹,,,
ešemen3,,,𒂠𒄾,,𒂠𒄾,,,
ešemen4,,,,,𒀑,,,
ešemen5,,,𒁉,,𒑙,,,
ešemen₂,𒆠𒂊𒉈𒁲𒀭𒈹,,,𒆠𒂊𒉈𒁲𒀭𒈹,,𒆠𒂊𒉈𒁲𒀭𒈹,,
ešemen₃,𒂠𒄾,,,𒂠𒄾,,𒂠𒄾,,
ešemen₄,𒀑,,,𒀑,,𒀑,,
ešemen₅,𒁉,,,𒁉,,󰂅,,
ešemenₓ,,,,,,𒆠𒉈𒁲,,
ešemin,𒆠𒂊𒉈𒁲,,,𒆠𒂊𒉈𒁲,𒆠𒂊𒉈𒁲,𒆠𒂊𒉈𒁲,,
ešemin2,,,,,𒆠𒂊𒉈𒁲𒀭𒈹,,,
ešemin3,,,,,𒂠𒄾。𒂠𒄾𒂡𒊏,,,
ešemin4,,,𒀑,,𒀑,,,
ešemin5,,,𒁉,,𒑙,,,
ešemin₂,𒆠𒂊𒉈𒁲𒀭𒈹,,,𒆠𒂊𒉈𒁲𒀭𒈹,,𒆠𒂊𒉈𒁲𒀭𒈹,,
ešemin₃,𒂠𒄾,,,𒂠𒄾,,𒂠𒄾,,
ešemin₄,𒀑,,,𒀑,,𒀑,,
ešemin₅,𒁉,,,𒁉,,󰂅,,
ešer,𒀀𒇒,,,𒀀𒇒,,𒀀𒇒,,
ešerₓ,,,,,,𒇒,,
eše₂,𒂠,,,𒂠,,𒂠,,
eše₃,𒅂,,,𒅂,,𒅂,,
eše₃@c,𒑘,,,𒑘,,𒑘,,
eše₄,𒀀𒊺𒉪,,,𒀀𒊺𒉪,,𒀀𒌁,,
ešeₓ,𒀊,,,𒀊,,𒀊,,
ešgal,𒀍,,𒀍,𒀍,𒀍,𒀍,,
ešgar,𒀾𒃼,,𒀾𒃼,𒀾𒃼,𒀾𒃻,𒀾𒃼,,
ešgarₓ,𒌋𒂙,,,𒌋𒂙,,𒌋𒂙,,
ešgiri,𒌋𒂙,,,𒌋𒂙,𒌋𒂘,𒌋𒂙,,
ešgiri₂,𒂙,,,𒂙,,𒂙,,
ešgunaₓ,,,,,,𒀔,,
ešgunuₓ,,,,,,𒀔,,
eškiri,𒌋𒂙,,𒌋𒂙,𒌋𒂙,𒌋𒂘,𒌋𒂙,,
eškiri2,,,𒂙,,,,,
eškiri₂,𒂙,,,𒂙,,𒂙,,
eškiriₓ,,,,,,𒅗𒂠,,
eškunuₓ,,,,,,𒀔,,
ešlug,𒈊,,,𒈊,𒇽𒆸。𒈊。𒊬𒄷,𒈊,,
ešqa,𒆯,,,𒆯,,𒆯,,
ešsad,𒍠𒄩,,,𒍠𒄩,𒍠𒄩,𒍠𒄩,,
ešsadu,𒀊𒄩𒍠𒃮𒄷,,,𒀊𒄩𒍠𒃮𒄷,𒀊𒄩𒍠𒃮𒄷,𒀊𒄩𒍠𒃮𒄷,,
eštaₓ,𒋖𒄑𒌆,,,𒋖𒄑𒌆,,𒋖𒄑𒌆,,
eštub,𒄞,,𒄞,𒄞,𒄞,𒄞,,
ešuₓ,𒇵,,,𒇵,,𒇵,,
ešša2,,,,,𒄀,,,
eššaba,𒁹𒁹𒁹𒌋𒌋,,,𒁹𒁹𒁹𒌋𒌋,,𒁹𒁹𒁹𒎙,,
eššad,𒍠𒄩,,,𒍠𒄩,,𒍠𒄩,,
eššana,𒁹𒁹𒁹𒌋𒌋,,,𒁹𒁹𒁹𒌋𒌋,,𒁹𒁹𒁹𒎙,,
eššax,,,,,𒄀。𒋙,,,
ešša₂,𒋙,,,𒋙,,𒋙,,
ešša₃,𒄀,,,𒄀,,𒄀,,
eššeb,𒆠𒅁,,,𒆠𒅁,𒆠𒅁,𒆠𒅁,,
eššu,,,,,𒀭,,,
eššux,,,,,𒀭,,,
eššu₂,𒀭,,,𒀭,,𒀭,,
eš₁₀,𒀀,,,𒀀,,𒀀,,
eš₁₁,𒊑,,,𒊑,,𒊑,,
eš₁₂,𒉊,,,𒉊,,𒉊,,
eš₁₃,𒉉,,,𒉉,,𒉉,,
eš₁₄,𒂖,,,𒂖,,𒂖,,
eš₁₅,𒅖,,,𒅖,,𒅖,,
eš₁₆,𒐺,,,𒐺,,𒀼,,
eš₁₇,𒈨𒌍,,,𒈨𒌍,,𒎌,,
eš₁₈,𒀹,,,𒀹,,𒀹,,
eš₁₈-dar,,,,,,𒀹𒁯,,
eš₁₉,𒄑,,,𒄑,,𒄑,,
eš₂,𒂠,,𒂠,𒂠,,𒂠,,
eš₂.bu.nun.eš₂.tu,,𒂠𒁍𒉣𒂠𒌅,,𒂠𒁍𒉣𒂠𒌅,,,,
eš₂.hul₂,,𒂠𒄾,,𒂠𒄾,,,,
eš₂.ka,,𒂠𒅗,,𒂠𒅗,,,,
eš₂.mah,,𒂠𒈤,,𒂠𒈤,,,,
eš₂.pap.pap,,𒂠𒉽𒉽,,𒂠𒉽𒉽,,,,
eš₂.sud.nun.eš₂.tu,,𒂠𒋤𒉣𒂠𒌅,,𒂠𒋤𒉣𒂠𒌅,,,,
eš₂.ud,,𒂠𒌓,,𒂠𒌓,,,,
eš₂.še,,𒂠𒊺,,𒂠𒊺,,,,
eš₂@90,,𒂠,,𒂠,,𒂠,,
eš₂@t,,𒂠,,𒂠,,󰁤,,
eš₂₀,𒀸,,,𒀸,,𒀸,,
eš₂₁,𒐻,,,𒐻,,𒐻,,
eš₂₂,𒇵,,,𒇵,,𒇵,,
eš₃,𒀊,,𒀊,𒀊,,𒀊,,
eš₄,𒁹,,,𒁹,,𒁹,,
eš₅,𒁹𒁹𒁹,,,𒁹𒁹𒁹,,𒁹𒁹𒁹,,
eš₆,𒀸𒀸𒀸,,,𒀸𒀸𒀸,,𒐁,,
eš₇,𒁁,,,𒁁,,𒁁,,
eš₈,𒆜,,,𒆜,,𒆜,,
eš₉,𒀀𒅆,,,𒀀𒅆,,𒀀𒅆,,
ešₓ,𒇴,,,𒇴,,𒇴,,
eʾ,𒀪,,,𒀪,,𒀪,,
eʾella,𒃈,,,𒃈,,𒃈,,
eʾi,𒂍𒀀,,,𒂍𒀀,,𒂍𒀀,,
eʾu,𒂍𒀀,,,𒂍𒀀,,𒂍𒀀,,
eʾ₂,𒄴,,,𒄴,,,,
eʾ₂?,,,,,,𒄴,,
eʾ₃,𒂍,,,𒂍,,𒂍,,
eḫ,,,𒄴,,𒄴,,,
eḫ2,,,,,𒀪,,,
eḫ3,,,,,𒆪𒆪,,,
eḫe,,,,,𒀉𒌓𒁺,,,
eḫeḫḫe,,,,,𒆪𒆪𒆪,,,
eḫi,,,,,𒀉𒌓𒁺,,,
eṣ,𒄑,,𒄑,𒄑,𒄑,𒄑,,
eṣ3,,,,,𒀊,,,
eṣ₃,𒀊,,,𒀊,,𒀊,,
eṭ,𒀉,,𒀉,𒀉,𒀉,𒀉,,
eṭlu,𒆗,,,𒆗,,,,
eṭutu,𒂿,,,𒂿,,,,
e’,,,,,𒀪,,,
e’ella,,,,,𒃈,,,
e₁₀,𒉄,,,𒉄,,𒉄,,
e₁₁,𒇯𒁺,,,𒇯𒁺,,𒇯𒁺,,
e₁₂,𒇯𒁽,,,𒇯𒁽,,𒇯𒁽,,
e₁₃,𒊩𒆪,,,𒊩𒆪,,,,
e₁₃?,,,,,,𒎐,,
e₁₄,𒊬,,,𒊬,,𒊬,,
e₂,𒂍,,𒂍,𒂍,,𒂍,,
e₂-gar₆,𒂍𒉣,,,𒂍𒉣,,𒂍𒉣,,
e₂.a,,𒂍𒀀,,𒂍𒀀,,,,
e₂.an.še.naga,,𒂍𒀭𒊺𒉀,,𒂍𒀭𒊺𒉀,,,,
e₂.gi.na.ab.hi,,𒂍𒄀𒈾𒀊𒄭,,𒂍𒄀𒈾𒀊𒄭,,,,
e₂.gi.na.ab.tum,,𒂍𒄀𒈾𒀊𒌈,,𒂍𒄀𒈾𒀊𒌈,,,,
e₂.gi.na.ab.u.gud,,𒂍𒄀𒈾𒀊𒌋𒄞,,𒂍𒄀𒈾𒀊𒌋𒄞,,,,
e₂.giš.tug₂.pi.an.še.naga,,𒂍𒄑𒌆𒉿𒀭𒊺𒉀,,𒂍𒄑𒌆𒉿𒀭𒊺𒉀,,,,
e₂.ki.sum.ga,,𒂍𒆠𒋧𒂵,,𒂍𒆠𒋧𒂵,,,,
e₂.kur.bad,,𒂍𒆳𒁁,,𒂍𒆳𒁁,,,,
e₂.lu₂×gan₂@t.a,,𒂍𒈂𒀀,,𒂍𒈂𒀀,,,,
e₂.mi,,𒂍𒈪,,𒂍𒈪,,,,
e₂.nun,,𒂍𒉣,,𒂍𒉣,,,,
e₂.sal,,𒂍𒊩,,𒂍𒊩,,,,
e₂.sig₄,,𒂍𒋞,,𒂍𒋞,,,,
e₂.uš.bu.da,,𒂍𒍑𒁍𒁕,,𒂍𒍑𒁍𒁕,,,,
e₂.še,,𒂍𒊺,,𒂍𒊺,,,,
e₂×(a.ha.da),,𒂎,,𒂎,,,,
e₂×gar,,𒂏,,𒂏,,,,
e₂×mi,,𒂐,,𒂐,,,,
e₂×sal,,𒂑,,𒂑,,,,
e₂×u,,𒂓,,𒂓,,,,
e₂×še,,𒂒,,𒂒,,,,
e₃,𒌓𒁺,,𒌓𒁺,𒌓𒁺,,𒌓𒁺,,
e₄,𒀀,,,𒀀,,𒀀,,
e₅,𒊩𒌆,,,𒊩𒌆,,𒎏,,
e₆,𒋣,,,𒋣,,𒋣,,
e₆-a,𒋣𒀀,,,𒋣𒀀,,𒋣𒀀,,
e₇,𒅗,,,𒅗,,𒅗,,
e₈,𒌓,,,𒌓,,𒌓,,
eₓ,𒉿,,,𒉿,,𒇉。𒈙。𒉿。𒋢。𒌓𒁺,,
f,𒊩,,𒊩,𒊩,,𒊩,,
f₁,,𒑝,,𒑝,,,,
f₂,,𒑞,,𒑞,,,,
f₃,,𒑟,,𒑟,,,,
f₄,,𒑠,,𒑠,,,,
f₅,,𒑡,,𒑡,,,,
f₆,,𒑢,,𒑢,,,,
ga,𒂵,,𒂵,𒂵,𒂵,𒂵,,
ga ge gi gu,,,𒂵 𒄀 𒄀 𒄖,,,,,
ga'ar,,𒓻,,𒓻,,,,
ga'azag,𒃜,𒃜,,,,,,
ga-a-a-u,,,,,𒇇,,,
ga-sza-an-an-na,𒈹,𒈹,,,,,,
ga-ša-an-an-na,𒈹,,,𒈹,,𒈹,,
ga.a,,𒂵𒀀,,𒂵𒀀,𒂵𒀀,,,
ga.balag,,𒂵𒁆,,𒂵𒁆,𒂵𒂀,,,
ga.diš,,𒂵𒁹,,𒂵𒁹,𒂵𒁹,,,
ga.dub2,,,,,𒂵𒂀,,,
ga.ga,,𒂵𒂵,,𒂵𒂵,,,,
ga.gin2,,,,,𒅍,,,
ga.kad₃,,𒂵𒆑,,𒂵𒆑,,,,
ga.kaskal,,𒂵𒆜,,𒂵𒆜,𒂵𒆜,,,
ga.lagab,,𒂵𒆸,,𒂵𒆸,𒂵𒆸,,,
ga.ma2.kaskal.sig7,,,,,𒂵𒈣𒆜𒅊,,,
ga.ma2.sig7,,,,,𒂵𒈣𒅊,,,
ga.ma₂.igi@g,,𒂵𒈣𒅊,,𒂵𒈣𒅊,,,,
ga.ni,,𒂵𒉌,,𒂵𒉌,𒂵𒉌,,,
ga.uz₃,,𒂵𒍚,,𒂵𒍚,,,,
ga.uz₃.hi,,𒂵𒍚𒄭,,𒂵𒍚𒄭,,,,
ga.uz₃.igi@g,,𒂵𒍚𒅊,,𒂵𒍚𒅊,,,,
ga11,𒄯,𒄯,,,𒄯,,,
ga12,𒈪,𒈪,,,𒈪,,,
ga14,𒅗,𒅗,𒅗,,𒅗,,,
ga15,𒃮,𒃮,,,𒃮,,,
ga2,𒂷,𒂷,𒂷,,𒂷,,,
ga2.giš,,,,,𒋖𒄑,,,
ga2.giš.ku,,,,,𒋖𒄑𒆪,,,
ga2_,,,𒂷,,,,,
ga2overga2,,,,,𒃭,,,
ga2xa.da.ḫa,,,,,𒂸,,,
ga2xa.igi,,,,,𒂺,,,
ga2xa.ḫa,,,,,𒂹,,,
ga2xab2tenû.tab,,,,,𒂻,,,
ga2xan,,,,,𒂼,,,
ga2xaš,,,,,𒂽,,,
ga2xaš2.gal,,,,,𒂾,,,
ga2xbad,,,,,𒂿,,,
ga2xbar.ra,,,,,𒃀,,,
ga2xbur,,,,,𒃁,,,
ga2xbur.ra,,,,,𒃂,,,
ga2xburu14,,,,,𒃊,,,
ga2xda,,,,,𒃃,,,
ga2xdi,,,,,𒃄,,,
ga2xdimxše,,,,,𒃅,,,
ga2xdub,,,,,𒃆,,,
ga2xel,,,,,𒃇,,,
ga2xel.la,,,,,𒃈,,,
ga2xen,,,,,𒃉,,,
ga2xenxgan2tenû,,,,,𒃊,,,
ga2xgag,,,,,𒃘,,,
ga2xgan2tenû,,,,,𒃋,,,
ga2xgar,,,,,𒃌,,,
ga2xgi,,,,,𒃍,,,
ga2xgi4,,,,,𒃎,,,
ga2xgi4.a,,,,,𒃏,,,
ga2xgir2.su,,,,,𒃐,,,
ga2xigigunû,,,,,𒃖,,,
ga2xiš.ḫu.aš,,,,,𒃗,,,
ga2xiš.ḫu.rum,,,,,𒃗,,,
ga2xkab,,,,,𒃕,,,
ga2xkak,,,,,𒃘,,,
ga2xkar2,,,,,𒃋,,,
ga2xkaskal,,,,,𒃙,,,
ga2xkid,,,,,𒃚,,,
ga2xkid.lal,,,,,𒃛,,,
ga2xkid2,,,,,𒃩,,,
ga2xku3.an,,,,,𒃜,,,
ga2xkug.an,,,,,𒃜,,,
ga2xla,,,,,𒃝,,,
ga2xlil2.la2,,,,,𒃛,,,
ga2xme.en,,,,,𒃞,,,
ga2xmi,,,,,𒃟,,,
ga2xmun,,,,,𒃅,,,
ga2xmunus,,,,,𒃣,,,
ga2xnig2,,,,,𒃌,,,
ga2xnir,,,,,𒃡,,,
ga2xnun,,,,,𒃠,,,
ga2xnunovernun,,,,,𒃡,,,
ga2xpa,,,,,𒃢,,,
ga2xsal,,,,,𒃣,,,
ga2xsar,,,,,𒃤,,,
ga2xsig7,,,,,𒃖,,,
ga2xsikil.la,,,,,𒃈,,,
ga2xsum,,,,,𒃨,,,
ga2xu,,,,,𒃪,,,
ga2xud,,,,,𒃫,,,
ga2xud.du,,,,,𒃬,,,
ga2xše,,,,,𒃥,,,
ga2xše.tur,,,,,𒃦,,,
ga2xšid,,,,,𒃧,,,
ga2xḫa.lu.eš2,,,,,𒃑,,,
ga2xḫa.lu.ub2,,,,,𒃑,,,
ga2xḫa.lu.še3,,,,,𒃑,,,
ga2xḫal,,,,,𒃒,,,
ga2xḫal.la,,,,,𒃓,,,
ga2xḫi.li,,,,,𒃔,,,
ga2xḫub2,,,,,𒃕,,,
ga3,𒃷,𒃷,𒃷,,𒃷,,,
ga4,𒃻,𒃻,𒃻,,𒃻,,,
ga5,𒋡,𒋡,𒋡,,𒋡,,,
ga6,𒅍,𒅍,𒅍,,𒅍,,,
ga7,𒅅,𒅅,,,𒅅,,,
ga8,𒄄,𒄄,,,𒄄,,,
ga@g,,𒂶,𒂶,𒂶,,,,
ga],,,𒂵,,,,,
gab,𒃮,,𒃮,𒃮,𒃮,𒃮,,
gab.liš,,,,,𒃮𒇺,,,
gab/duḫ,,,𒃮 𒃮,,,,,
gab2,𒆏,𒆏,𒆏,,𒆏,,,
gab3,𒅘,𒅘,𒅘,,𒅘,,,
gab;,,,𒃮,,,,,
gaba,𒃮,,𒃮,𒃮,𒃮,𒃮,,
gaba%gaba,,𒃯,,𒃯,,,,
gaba.liš,,𒃮𒇺,,𒃮𒇺,,,,
gaba2,𒆏,𒆏,,,,,,
gaba@90,,𒓋,,𒓋,,,,
gabacrossinggaba,,,,,𒃯,,,
gabar,𒉺𒁖,,,𒉺𒁖,𒑐𒁣,𒉺𒁣,,
gabar2,𒁣,𒁣,,,,,,
gabar₂,𒁣,,,𒁣,,𒁣,,
gaba₂,𒆏,,,𒆏,,𒆏,,
gabaₓ,𒓋,,,𒓋,,𒓉,,
gablumₓ,,𒍛,,𒍛,,𒍛,,
gabraₓ,𒁕𒍑,,,𒁕𒍑,,𒁕𒍑,,
gabu2,𒆏,𒆏,𒆏,,,,,
gaburaₓ,,,,,,𒃁𒈨,,
gaburra,𒃂,,𒃂,𒃂,𒃂,𒃂,,
gaburraₓ?,,,,,,𒃀,,
gabu₂,𒆏,,,𒆏,,𒆏,,
gabuₓ,𒆏𒁍,,,𒆏𒁍,,𒆏𒁍,,
gab₂,𒆏,,,𒆏,,𒆏,,
gab₃,𒅘,,,𒅘,,𒅘,,
gad,𒃰,,𒃰,𒃰,𒃰,𒃰,,
gad&gad.gar&gar,,𒃱,,𒃱,,,,
gad.dun₃,,𒃰𒂅,,𒃰𒂅,,,,
gad.kid2,,,,,𒃰𒋺,,,
gad.kid2.giš,,,,,𒃰𒋺𒄑,,,
gad.kid2.si,,,,,𒃰𒋺𒋛,,,
gad.kid2.ur2,,,,,𒌢,,,
gad.naga,,,,,𒋒,,,
gad.tak₄,,𒃰𒋺,,𒃰𒋺,,,,
gad.tak₄.giš,,𒃰𒋺𒄑,,𒃰𒋺𒄑,,,,
gad.tak₄.si,,𒃰𒋺𒋛,,𒃰𒋺𒋛,,,,
gada,𒃰,,𒃰,𒃰,𒃰,𒃰,,
gada:sukkal,,,𒃰 𒈛,,,,,
gadaₓ,,,,,,𒈖𒈖,,
gaddaₓ,,,,,,𒈖𒈖,,
gadi,𒃄,,,𒃄,𒃄,𒃄,,
gadibdim,𒄯,,,𒄯,𒄯,𒄯,,
gadma,𒄞,,,𒄞,𒄞,𒄞,,
gadovergad.garovergar,,,,,𒃱,,,
gadu,𒃰,,,𒃰,𒃰,𒃰,,
gadub,𒃆,,,𒃆,𒃆,𒃆,,
gadₓ,𒈖,,,𒈖,,𒈖,,
gaesz,𒂵𒆜,𒂵𒆜,𒂵𒆜,,,,,
gaesz2,𒆜𒂵,𒆜𒂵,,,,,,
gaeš,𒂵𒆜,,,𒂵𒆜,𒂵𒆜,𒂵𒆜,,
gaeš2,,,,,𒆜𒂵,,,
gaeš₂,𒆜𒂵,,,𒆜𒂵,,𒆜𒂵,,
gaešₓ,,,,,,𒆜,,
gag,𒆕,,𒆕,𒆕,𒆕,𒆕,,
gag.tar,,,,,𒆕𒋻,,,
gag_,,,𒆕,,,,,
gaga,𒃖,,,𒃖,,𒃖,,
gagal,𒅅,,,𒅅,,𒅅,,
gagalam,𒃴𒃴,,,𒃴𒃴,,𒃴𒃴,,
gagar,𒆠,,,𒆠,𒆠,𒆠,,
gagax,,,,,𒉨,,,
gagazu,𒃲𒍪,,,𒃲𒍪,𒃲𒍪,,,
gagazu?,,,,,,𒃲𒍪,,
gagaₓ,𒉤,,,𒉤,,𒆕。𒉣𒆷𒃌。𒉤,,
gaggim,𒈮,,𒈮,𒈮,,𒈮,,
gaggimₓ,,,,,,𒄈,,
gaggu,,,,,𒉿,,,
gaggunû,,,,,𒅕,,,
gagi,𒃎,,,𒃎,,𒃎,,
gagi2,𒃍,𒃍,,,,,,
gagia,𒃎,,𒃎,𒃎,𒃎,𒃎,,
gagia2,𒃍,𒃍,,,,,,
gagia₂,𒃍,,,𒃍,,𒃍,,
gagig,𒃟,,,𒃟,𒂐。𒃟,𒃟,,
gagigₓ,𒂐,,,𒂐,,𒂐,,
gagim,𒈮,,,𒈮,𒈮,𒈮,,
gagim2,,,,,𒄯,,,
gagirsu,𒃐,,𒃐,𒃐,𒃐,𒃐,,
gagi₂,𒃍,,,𒃍,,𒃍,,
gagri,𒄄,,,𒄄,𒄄,,,
gagri?,,,,,,𒄄,,
gagunû,,,,,𒂶,,,
gagxsig7,,,,,𒆖,,,
gagₓ,𒍝𒄢,,,𒍝𒄢,,𒍝𒄢,,
gahalla,𒃓,,𒃓,𒃓,,𒃓,,
gahili,𒃔,,𒃔,𒃔,,𒃔,,
gaiku,𒂽,,,𒂽,,𒂽,,
gaisz,𒂵𒆜,𒂵𒆜,,,,,,
gaisz2,𒆜𒂵,𒆜𒂵,,,,,,
gaiš,𒂵𒆜,,,𒂵𒆜,𒂵𒆜,𒂵𒆜,,
gaiš2,,,,,𒆜𒂵,,,
gaiš₂,𒆜𒂵,,,𒆜𒂵,,𒆜𒂵,,
gaiₓ,,𒊩𒍑𒁲,,𒊩𒍑𒁲,,𒊩𒍑𒁲𒂍。𒊩𒍑𒁲𒆤,,
gak,𒆕,,,𒆕,𒆕,𒆕,,
gakim,𒈮,,,𒈮,𒈮,𒈮,,
gakim2,,,,,𒄯,,,
"gakis,s,u",𒂻,𒂻,,,,,,
gakiṣṣu,𒂻,,,𒂻,,𒂻,,
gakkul,𒌋𒁵,,𒌋𒁵,𒌋𒁵,𒌋𒁵,𒌋𒁵,,
gakkul2,𒁵,𒁵,,,𒁵,,,
gakkul3,𒌋𒁴,𒌋𒁴,,,𒌋𒁴,,,
gakkul₂,𒁵,,,𒁵,,𒁵,,
gakkul₃,𒌋𒁴,,,𒌋𒁴,,𒌋𒁴,,
gal,𒃲,,𒃲,𒃲,𒃲,𒃲,,
gal!,,,𒃲,,,,,
gal-di,𒃲𒁲,,,𒃲𒁲,,𒃲𒁲,,
gal-zu,𒃲𒍪,,,𒃲𒍪,,𒃲𒍪,,
gal.an.zu,,𒃲𒀭𒍪,,𒃲𒀭𒍪,𒃲𒀭𒍪,,,
gal.ašgab,,𒃲𒀿,,𒃲𒀿,,,,
gal.bar.edin,,𒃲𒁇𒂔,,𒃲𒁇𒂔,,,,
gal.bur2,,,,,𒃲𒁔,,,
gal.bur₂,,𒃲𒁔,,𒃲𒁔,,,,
gal.di,,𒃲𒁲,,𒃲𒁲,,,,
gal.dim,,𒃲𒁴,,𒃲𒁴,,,,
gal.dim₂,,𒃲𒁶,,𒃲𒁶,,,,
gal.dun₃@g@g,,𒃲𒂇,,𒃲𒂇,,,,
gal.gad&gad.gar&gar,,𒃳,,𒃳,,,,
gal.gadovergad.garovergar,,,,,𒃳,,,
gal.giš.tug₂.te.a.du,,𒃲𒄑𒌆𒋼𒀀𒁺,,𒃲𒄑𒌆𒋼𒀀𒁺,,,,
gal.kinda,,,,,𒃳,,,
gal.luh,,𒃲𒈛,,𒃲𒈛,,,,
gal.nagar,,𒃲𒉄,,𒃲𒉄,,,,
gal.ni,,𒃲𒉌,,𒃲𒉌,𒃲𒉌,,,
gal.te,,𒃲𒋼,,𒃲𒋼,𒃲𒋼,,,
gal.te.lal,,𒃲𒋼𒇲,,𒃲𒋼𒇲,,,,
gal.ukkin,,,,,𒃲𒌺,,,
gal.umum,,𒃲𒌣,,𒃲𒌣,,,,
gal.uri,,𒃲𒌵,,𒃲𒌵,𒃲𒌵,,,
gal.uruxbar,,,,,𒃲𒌺,,,
gal.uru×bar,,𒃲𒌺,,𒃲𒌺,,,,
gal.ušum,,,,,𒃲𒁔,,,
gal.zu,,𒃲𒍪,,𒃲𒍪,𒃲𒍪,,,
gal.šubur,,𒃲𒋚,,𒃲𒋚,𒃲𒋚,,,
gal10,𒇽𒁹,𒇽𒁹,,,𒇽𒁹,,,
gal2,𒅅,𒅅,𒅅,,𒅅,,,
gal2_,,,𒅅,,,,,
gal3,𒍇,𒍇,𒍇,,𒍇,,,
gal4,𒊩,𒊩,𒊩,,𒊩,,,
gal4-la,𒊩𒆷,𒊩𒆷,,,,,,
gal5,𒋼,𒋼,𒋼,,𒋼,,,
gal5-la,𒋼𒇲,𒋼𒇲,,,,,,
gal8,𒌓,𒌓,,,𒌓,,,
gal9,𒆗,𒆗,,,𒄨,,,
gal:muš,,,𒃲 𒈲,,,,,
gal:tuk,,,𒃲 𒌇,,,,,
gal:tur3,,,𒃲 𒉣𒇬,,,,,
gal_,,,𒃲,,,,,
gala,𒍑𒆪,,𒍑𒆪,𒍑𒆪,𒃲。𒍑𒆪。𒍓,𒍑𒆪,,
gala10,𒇽𒁹,𒇽𒁹,,,𒇽𒁹,,,
gala11,𒇂,𒇂,,,𒇂,,,
gala2,𒊩𒆷,𒊩𒆷,,,𒊩𒀠。𒊩𒆷,,,
gala3,𒇥,𒇥,,,𒇥,,,
gala4,𒆽,𒆽,𒆽,,𒆽,,,
gala5,𒇏,𒇏,𒇏,,𒇏,,,
gala6,𒋙,𒋙,,,𒇽𒋙。𒋙,,,
gala7,𒅅,𒅅,,,,,,
gala8,𒃲,𒃲,,,𒃲,,,
galam,𒃴,,𒃴,𒃴,𒃴,𒃴,,
galam.galam,,𒃴𒃴,,𒃴𒃴,𒃴𒃴,,,
galax,,,,,𒀴𒆪,,,
gala₁₀,𒇽𒁹,,,𒇽𒁹,,𒁹。𒇽𒁹,,
gala₁₁,𒇂,,,𒇂,,𒇂,,
gala₂,𒊩𒆷,,,𒊩𒆷,,𒊩𒆷,,
gala₃,𒇥,,,𒇥,,𒇥,,
gala₄,𒆽,,,𒆽,,𒆽,,
gala₅,𒇏,,,𒇏,,𒇏,,
gala₆,𒋙,,,𒋙,,𒋙,,
gala₇,𒅅,,,𒅅,,𒅅,,
gala₈,𒃲,,,𒃲,,𒃲,,
galaₓ,𒍓,,,𒍓,,𒀴。𒀴𒆪。𒊩。𒍓,,
gale,𒃲,,,𒃲,,𒃲,,
galga,𒃌,,𒃌,𒃌,𒂏。𒃌,𒃌,,
galgax,,,,,𒉨,,,
galgaₓ,𒉤,,,𒉤,,𒃖。𒉤,,
galilla,𒃛,,𒃛,𒃛,𒃛,𒃛,,
galla,𒋼𒇲,,,𒋼𒇲,𒋼𒇲,𒋼𒇲,,
galla2,𒊩𒆷,𒊩𒆷,,,𒊩𒆷,,,
gallagalₓ,𒃲𒋼𒇲,,,𒃲𒋼𒇲,,𒃲𒋼𒇲,,
galla₂,𒊩𒆷,,,𒊩𒆷,,𒊩𒆷,,
galla₄,,𒊩,,𒊩,,𒊩,,
gallaₓ,𒋼,,,𒋼,,𒄴𒈨。𒋼,,
galti,𒃲𒁲,,,𒃲𒁲,,𒃲𒁲,,
galu,𒋼𒇲,,,𒋼𒇲,,𒋼𒇲,,
gal~a,,,𒃲,,,,,
gal~b,,,𒃲,,,,,
gal₁₀,𒇽𒁹,,,𒇽𒁹,,𒇽𒁹,,
gal₂,𒅅,,𒅅,𒅅,,𒅅,,
gal₃,𒍇,,,𒍇,,,,
gal₃?,,,,,,𒍇,,
gal₄,𒊩,,,𒊩,,𒊩,,
gal₄-la,𒊩𒆷,,,𒊩𒆷,,𒊩𒆷,,
gal₅,𒋼,,,𒋼,,𒋼,,
gal₅-la,𒋼𒇲,,,𒋼𒇲,,𒋼𒇲,,
gal₈,𒌓,,,𒌓,,𒌓,,
gal₉,𒆗,,,𒆗,,𒆗,,
galₓ,𒍑𒆪,,,𒍑𒆪,,𒈨。𒋙𒅅。𒋽。𒍑𒆪,,
gam,𒃵,,𒃵,𒃵,𒑲,𒃵,,
gam.gam,,𒃵𒃵,,𒃵𒃵,,,,
gam2,𒄰,𒄰,,,𒄰,,,
gam3,𒆛,𒆛,,,𒆛,,,
gam4,𒃶,𒃶,,,𒃶,,,
gam5,,,,,𒁁,,,
gama2,𒄰,𒄰,,,𒄰,,,
gamalₓ,,,,,,𒆯,,
gamar,𒉌,,,𒉌,𒉌,𒉌,,
gama₂,𒄰,,,𒄰,,,,
gama₂?,,,,,,𒄰,,
gambi,𒊩𒍑𒁲,,,𒊩𒍑𒁲,𒊩𒍑𒁲,𒊩𒍑𒁲𒆤。𒊩𒍑𒂍𒁲。𒊩𒍑𒆤,,
gambi?,,,,,,𒊩𒍑𒁲,,
gambiₓ,𒊩,,,𒊩,,𒊩。𒊩𒍑𒆠,,
gaml,𒆯,,,𒆯,,𒆯,,
gamme,,,,,𒊐,,,
gammu,𒊩𒍑𒁲,,,𒊩𒍑𒁲,𒊩𒍑𒁲,,,
gammu?,,,,,,𒊩𒍑𒁲,,
gamu,𒊩𒍑𒁲,,,𒊩𒍑𒁲,𒊩𒍑𒁲,𒊩𒍑𒁲,,
gamun,𒁷𒊺𒉪,,𒁷𒊺𒉪,𒁷𒊺𒉪,𒁷𒌁。𒁷𒌁𒆠。𒁷𒌁𒊬,𒁷𒌁,,
gamun2,𒌁,𒌁,,,𒌁,,,
gamun₂,𒌁,,,𒌁,,𒌁,,
gamunₓ,,,,,,None,,
gamurₓ,𒔊,,,𒔊,,𒓻,,
gam₂,𒄰,,,𒄰,,𒄰,,
gam₃,𒆛,,,𒆛,,𒆛,,
gam₄,𒃶,,,𒃶,,𒃶,,
gamₓ,𒈝,,,𒈝,,𒄧。𒈝。𒊩𒆳,,
gan,𒃶,,𒃶,𒃶,𒃶,𒃶,,
gan#,,,𒃶,,,,,
gan2,𒃷,𒃷,𒃷,,𒃷,,,
gan2crossinggan2,,,,,𒃺,,,
gan2overgan2,,,,,𒃹,,,
gan2tenûandše3tenû,,,,,𒃸,,,
gan3,𒁽𒀀,𒁽𒀀,,,𒁽,,,
gan7,𒃵,𒃵,,,,,,
gana,𒃶,,𒃶,𒃶,𒃶,𒃶,,
gana2,𒃷,𒃷,𒃷,,𒃷,,,
gana3,𒁽𒀀,𒁽𒀀,,,𒁽。𒁽𒀀,,,
gana4,𒇇,𒇇,,,𒇇,,,
gana5,𒇆,𒇆,,,𒇆。𒇇,,,
gana6,𒁱,𒁱,,,𒁱,,,
ganam4,𒇇,𒇇,𒇇,,𒇇,,,
ganam5,𒇆,𒇆,,,𒇆。𒇇,,,
ganam6,𒁱,𒁱,,,𒁱,,,
ganam₄,𒇇,,,𒇇,,𒇇,,
ganam₅,𒇆,,,𒇆,,𒇆,,
ganam₆,𒁱,,,𒁱,,𒁱,,
ganamₓ,𒋠𒀸,,,𒋠𒀸,,𒋠𒀸,,
gana₂,𒃷,,,𒃷,,𒃷,,
gana₃,𒁽𒀀,,,𒁽𒀀,,𒁽𒀀,,
gana₄,𒇇,,,𒇇,,𒇇,,
gana₅,𒇆,,,𒇆,,𒇆,,
gana₆,𒁱,,,𒁱,,𒁱,,
ganaₓ,𒋠𒀸,,,𒋠𒀸,,𒁼𒀀。𒅸。𒋠𒀸,,
ganba,𒆠𒇴,,𒆠𒇴,𒆠𒇴,𒆠𒇴,𒆠𒇴,,
ganbaₓ,,,,,,𒆠𒇵。𒇵𒆠,,
gangud,𒉺𒊷,,,𒉺𒊷,,𒉺𒊷,,
ganmuš,,,,,𒋮,,,
ganmuš2,,,,,𒋯,,,
gansis,𒋯,,𒋯,𒋯,𒋯,𒋯,,
gansisgasis,,,,,𒋮,,,
gansisₓ,𒋮,,,𒋮,,𒋮,,
ganu,𒌋𒂙,,,𒌋𒂙,𒌋𒂘,𒌋𒂙,,
ganun,𒃠,,𒃠,𒃠,𒃠,𒃠,,
ganzer,𒅆𒆳𒍝,,𒅆𒆳𒍝,𒅆𒆳𒍝,𒅆𒆳𒍝,𒅆𒆳𒍝,,
ganzer2,𒉈𒋛𒀀,𒉈𒋛𒀀,,,𒉈𒋛𒀀,,,
ganzer3,𒅆𒆳,𒅆𒆳,,,𒅆𒆳,,,
ganzerx,,,,,𒋯,,,
ganzer₂,𒉈𒋛𒀀,,,𒉈𒋛𒀀,,𒉈𒋛𒀀,,
ganzer₃,𒅆𒆳,,,𒅆𒆳,,𒅆𒆳,,
ganzerₓ,𒋯,,,𒋯,,𒆳𒍝𒆳𒍣。𒋯,,
ganzir,𒅆𒆳𒍝,,𒅆𒆳𒍝,𒅆𒆳𒍝,𒅆𒆳𒍝,𒅆𒆳𒍝,,
ganzir2,𒉈𒋛𒀀,𒉈𒋛𒀀,,,𒉈𒋛𒀀,,,
ganzir3,𒅆𒆳,𒅆𒆳,𒅆𒆳,,𒅆𒆳,,,
ganzirx,,,,,𒋯,,,
ganzir₂,𒉈𒋛𒀀,,,𒉈𒋛𒀀,,𒉈𒋛𒀀,,
ganzir₃,𒅆𒆳,,,𒅆𒆳,,𒅆𒆳,,
gan₂,𒃷,,𒃷,𒃷,,𒃷,,
gan₂%gan₂,,𒃺,,𒃺,,,,
gan₂&gan₂,,𒃹,,𒃹,,,,
gan₂.bu,,𒃷𒁍,,𒃷𒁍,,,,
gan₂@t,,𒃸,,𒃸,,,,
gan₂@t.gan₂@t,,𒃸𒃸,,𒃸𒃸,,,,
gan₃,𒁽𒀀,,,𒁽𒀀,,𒁽𒀀,,
gan₇,𒃵,,,𒃵,,𒃵,,
ganₓ,,,,,,None,,
gap,𒃮,,𒃮,𒃮,𒃮,𒃮,,
gap2,𒆏,𒆏,𒆏,,𒆏,,,
gapi,𒃻𒂺,,,𒃻𒂺,𒂺,,,
gapi?,,,,,,𒃻𒂺,,
gap₂,𒆏,,,𒆏,,𒆏,,
gar,𒃻,,𒃻,𒃻,𒃻,𒃻,,
gar&gada,,𒃻𒃰,,𒃻𒃰,,,,
gar.gad.tak₄.ur₂,,𒃻𒃰𒋺𒌫,,𒃻𒃰𒋺𒌫,,,,
gar.ga₂×(a.igi),,𒃻𒂺,,𒃻𒂺,,,,
gar.ib,,𒃻𒅁,,𒃻𒅁,,,,
gar.kingusili.sila₃,,𒃻𒑜𒋡,,𒃻𒑜𒋡,,,,
gar.lagab,,𒃻𒆸,,𒃻𒆸,,,,
gar.lu₃,,𒃻𒈖,,𒃻𒈖,,,,
gar.pa.te.si,,𒃻𒉺𒋼𒋛,,𒃻𒉺𒋼𒋛,,,,
gar.sag.il₂.ezen.sal,,𒃻𒊕𒅍𒂡𒊩,,𒃻𒊕𒅍𒂡𒊩,,,,
gar.sag.il₂.ezen.uš,,𒃻𒊕𒅍𒂡𒍑,,𒃻𒊕𒅍𒂡𒍑,,,,
gar.šanabi.sila₃,,𒃻𒑛𒋡,,𒃻𒑛𒋡,,,,
gar.ša₃,,𒃻𒊮,,𒃻𒊮,,,,
gar.ša₃.a,,𒃻𒊮𒀀,,𒃻𒊮𒀀,,,,
gar.ša₃×a,,𒃻𒊯,,𒃻𒊯,,,,
gar.šid,,𒃻𒋃,,𒃻𒋃,,,,
gar.šu.dugud,,𒃻𒋗𒂂,,𒃻𒋗𒂂,,,,
gar.šušana.sila₃,,𒃻𒑚𒋡,,𒃻𒑚𒋡,,,,
gar10,𒂵𒉌,𒂵𒉌,,,𒂵𒉌。𒂶,,,
gar11,𒂵𒀀,𒂵𒀀,,,𒂵𒀀。𒂶,,,
gar12,𒂵𒁹,𒂵𒁹,,,𒂵𒁹。𒂶,,,
gar13,𒋽,𒋽,,,𒋼。𒋽,,,
gar14,𒋼𒀀,𒋼𒀀,,,𒋼𒀀,,,
gar16,,,,,𒊑,,,
gar19,𒃸,𒃸,,,𒃸,,,
gar2,𒂶,𒂶,,,𒂶。𒊓𒉌,,,
gar3,𒃼,𒃼,𒃼,,𒃼,,,
gar3_,,,𒃼,,,,,
gar4,𒄞,𒄞,,,𒄞,,,
gar5,𒈖,𒈖,𒈖,,𒈖,,,
gar6,𒉣,𒉣,,,𒉣,,,
gar7,𒈥,𒈥,,,𒈥,,,
gar8,𒋞,𒋞,𒋞,,𒋞,,,
gar9,𒂵,𒂵,,,𒂵,,,
gar_,,,𒃻,,,,,
gara,𒃻,,,𒃻,𒃻,𒃻,,
gara10,𒂵𒉌,𒂵𒉌,𒂵𒉌,,𒂶,,,
gara11,𒂵𒀀,𒂵𒀀,,,𒂶,,,
gara12,,,,,𒂶,,,
gara2,𒂶,𒂶,𒂶,,𒂶,,,
gara2!,,,𒂶,,,,,
gara3,𒃼,𒃼,𒃼,,𒃼,,,
gara4,𒄞,𒄞,,,𒄞,,,
gara6,𒉣,𒉣,,,𒉣,,,
gara8,𒋞,𒋞,,,,,,
gara9,𒂵,𒂵,,,𒂵,,,
garadin,𒌄,,𒌄,𒌄,𒊺𒁓。𒌄,𒌄,,
garadin10,𒌎,𒌎,,,𒌎,,,
garadin2,𒊼,𒊼,,,𒊼,,,
garadin3,𒊽,𒊽,,,𒊽,,,
garadin4,𒌃𒆸𒆸,𒌃𒆸𒆸,,,𒌃𒆸𒆸,,,
garadin5,𒆸𒆸,𒆸𒆸,,,𒄀𒆸𒆸,,,
garadin6,𒌃,𒌃,,,𒌃,,,
garadin9,𒌏,𒌏,𒌏,,𒌏,,,
garadin₁₀,𒌎,,,𒌎,,𒌎,,
garadin₂,𒊼,,,𒊼,,𒊼,,
garadin₃,𒊽,,,𒊽,,𒊽,,
garadin₄,𒌃𒆸𒆸,,,𒌃𒆸𒆸,,𒌃𒆸𒆸,,
garadin₅,𒆸𒆸,,,𒆸𒆸,,𒆸𒆸,,
garadin₆,𒌃,,,𒌃,,,,
garadin₆?,,,,,,𒌃,,
garadin₇,,𒔲XX,,𒔲XX,,𒔲XX,,
garadin₈,,,,,,𒔲X,,
garadin₉,𒌏,,,𒌏,,𒌏,,
garadinₓ,,,,,,None。𒊺𒂠𒉿𒃻。𒋰𒃻𒊺,,
garak,𒃸,,,𒃸,𒃸,𒃸,,
garak2,,,,,𒆽,,,
garak3,,,,,𒇥,,,
garak4,,,,,𒇏,,,
garak5,𒃻,𒃻,,,𒃻,,,
garak₅,𒃻,,,𒃻,,𒃻,,
garasz,𒃕,𒃕,,,,,,
garasz2,𒆠𒆘,𒆠𒆘,𒆠𒆘,,,,,
garasz3,𒂵𒆜,𒂵𒆜,𒂵𒆜,,,,,
garasz4,𒆜𒂵,𒆜𒂵,,,,,,
garasz5,𒆠𒆗,𒆠𒆗,,,,,,
garaszaₓ,𒆠𒁁,𒆠𒁁,,,,,,
garaszₓ,𒆠𒆗𒁁𒅂,𒆠𒆗𒁁𒅂,,,,,,
garaš,𒃕,,𒃕,𒃕,𒃉。𒃕,𒃕,,
garaš2,,,𒆠𒆘,,𒆠𒄨𒁁。𒆠𒆘,,,
garaš3,,,𒂵𒆜,,𒂵𒆜,,,
garaš4,,,𒆜𒂵,,𒆜𒂵,,,
garaš5,,,𒆠𒆗,,𒆠𒄨,,,
garašaₓ,𒆠𒁁,,,𒆠𒁁,,𒆠𒁁,,
garaš₂,𒆠𒆘,,,𒆠𒆘,,𒆠𒆘,,
garaš₃,𒂵𒆜,,,𒂵𒆜,,𒂵𒆜,,
garaš₄,𒆜𒂵,,,𒆜𒂵,,𒆜𒂵,,
garaš₅,𒆠𒆗,,,𒆠𒆗,,𒆠𒆗,,
garašₓ,𒆠𒆗𒁁𒅂,,,𒆠𒆗𒁁𒅂,,𒆜。𒆠𒆗𒁁𒅂,,
gara₁₀,𒂵𒉌,,,𒂵𒉌,,𒂵𒉌,,
gara₁₁,𒂵𒀀,,,𒂵𒀀,,𒂵𒀀,,
gara₂,𒂶,,𒂶,𒂶,,𒂶,,
gara₃,𒃼,,,𒃼,,𒃼,,
gara₄,𒄞,,,𒄞,,𒄞,,
gara₆,𒉣,,,𒉣,,𒉣,,
gara₈,𒋞,,,𒋞,,𒋞,,
gara₉,𒂵,,,𒂵,,𒂵,,
garaₓ,𒂵𒆜,,,𒂵𒆜,,𒂊X。𒂵𒆜,,
garig,𒍮,,,𒍮,𒍮,𒍮,,
garig2,,,,,𒊪,,,
garig₂,,𒔎,,𒔎,,None,,
garig₃,,𒔎,,𒔎,,𒍮𒋛,,
garigₓ,,,,,,None,,
garim,𒇑,,𒇑,𒇑,𒇉。𒇑,𒇑,,
garim2,𒁘,𒁘,,,𒁘,,,
garim₂,𒁘,,,𒁘,,𒁘,,
garimₓ,𒊩𒇬,,,𒊩𒇬,,𒊩𒇬,,
garin,𒇑,,𒇑,𒇑,𒇑,𒇑,,
garinₓ,𒊩𒇬,,,𒊩𒇬,,𒂼𒋋。𒊩𒄽。𒊩𒇬,,
gariŋ₂,,𒍮,,𒍮,,𒍮,,
garsu,,,,,𒉺𒀭。𒉺𒋢,,,
garu,𒌔,,,𒌔,𒌔,𒌔,,
garza,𒉺𒀭,,𒉺𒀭,𒉺𒀭,𒉺𒀭。𒉺𒈗,𒉺𒀭,,
garza2,𒉺𒈗,𒉺𒈗,𒉺𒈗,,𒉺𒈗,,,
garza₂,𒉺𒈗,,,𒉺𒈗,,𒉺𒈗,,
garzu,𒉺𒀭,,,𒉺𒀭,𒉺𒀭,𒉺𒀭,,
garzu2,,,,,𒉺𒈗,,,
gar₁₀,𒂵𒉌,,,𒂵𒉌,,𒂵𒉌,,
gar₁₁,𒂵𒀀,,,𒂵𒀀,,𒂵𒀀,,
gar₁₂,𒂵𒁹,,,𒂵𒁹,,𒂵𒁹,,
gar₁₃,𒋽,,,𒋽,,𒋽,,
gar₁₄,𒋼𒀀,,,𒋼𒀀,,𒋼𒀀,,
gar₁₉,𒃸,,,𒃸,,𒃸,,
gar₂,𒂶,,,𒂶,,𒂶,,
gar₃,𒃼,,𒃼,𒃼,,𒃼,,
gar₄,𒄞,,,𒄞,,𒄞,,
gar₅,𒈖,,𒈖,𒈖,,𒈖,,
gar₆,𒉣,,,𒉣,,𒉣,,
gar₇,𒈥,,,𒈥,,𒈥,,
gar₈,𒋞,,,𒋞,,𒋞,,
gar₉,𒂵,,,𒂵,,𒂵,,
garₓ,𒉩,,,𒉩,,𒂵𒂵。𒄈。𒉩,,
gas,𒄤,,𒄤,𒄤,𒄤,𒄤,,
"gas,",𒄤,𒄤,𒄤,,,,,
gas2,𒄣,𒄣,,,𒄣,,,
gas;,,,𒄤,,,,,
gasa,𒅪,,,𒅪,𒅪,𒅪,,
gasaₓ,𒋓,,,𒋓,,𒋓,,
gasibir,𒃊,,,𒃊,𒃊,𒃊,,
gasikilla,𒃈,,,𒃈,𒃈,𒃈,,
gasis,,,,,𒋯,,,
gasz,𒁉,𒁉,𒁉,,,,,
gaszam,𒉣𒈨𒋳,𒉣𒈨𒋳,,,,,,
gaszamₓ,𒈨𒉣𒋳,𒈨𒉣𒋳,,,,,,
gaszan,𒃽,𒃽,𒃽,,,,,
gaszmu,𒀻,𒀻,,,,,,
gaszszu,𒉣𒈨𒋳,𒉣𒈨𒋳,,,,,,
gas₂,𒄣,,,𒄣,,,,
gas₂?,,,,,,𒄣,,
gasₓ,𒉢𒁓,,,𒉢𒁓,,𒉢𒁓,,
gat,𒃰,,𒃰,𒃰,𒃰,𒃰,,
gat2,𒆐,𒆐,,,𒆐,,,
gat3,𒆑,𒆑,,,𒆑,,,
gat₂,𒆐,,,𒆐,,𒆐,,
gat₃,𒆑,,,𒆑,,𒆑,,
gayayu,𒇇,,,𒇇,,𒇇,,
gayayuₓ,𒋠𒀸,,,𒋠𒀸,,𒋠𒀸,,
gaz,𒄤,,𒄤,𒄤,𒄤,𒄤,,
gaz2,𒄣,𒄣,,,𒄣,,,
gaz3,𒁿,𒁿,,,,,,
gaza,𒄤,,,𒄤,𒄤,𒄤,,
gaza2,,,,,𒅪,,,
gaza3,𒅪,𒅪,,,,,,
gazag,𒃜,,𒃜,𒃜,𒃜,,,
gazag?,,,,,,𒃜,,
gaza₃,𒅪,,,𒅪,,𒅪,,
gazaₓ,𒓊,,,𒓊,,𒓈,,
gazi,𒓊,,𒓊,𒓊,𒃢,𒓈,,
gazi2,𒃨,𒃨,,,𒃢。𒃨,,,
gazi3,𒃤,𒃤,,,𒃤,,,
gazibu,𒁍,,,𒁍,𒁍。𒄑𒁍,𒁍,,
gazigal,𒂾,,,𒂾,𒂾,𒂾,,
gazigalₓ,,,,,,𒍺,,
gazimbi,𒁍,,,𒁍,,𒁍,,
gazinbi,𒁍,,,𒁍,𒁍。𒄑𒁍,𒁍,,
gazinbu,𒁍,,,𒁍,𒁍。𒄑𒁍,𒁍,,
gazi₂,𒃨,,,𒃨,,𒃨,,
gazi₃,𒃤,,,𒃤,,𒃤,,
gaziₓ,,,,,,𒍺,,
gazum2,𒍮,𒍮,,,,,,
gazum₂,𒍮,,,𒍮,,𒍮,,
gazumₓ,𒍮𒆸,,,𒍮𒆸,,𒍮𒆸,,
gaz⁻,,𒄣,,𒄣,,𒄣,,
gaz₂,𒄣,,,𒄣,,𒄣,,
gaz₃,𒁿,,,𒁿,,𒍶,,
gaŋₓ,,,,,,𒅍,,
gaš,𒁉,,𒁉,𒁉,𒁉,𒁉,,
gašam,𒉣𒈨𒋳,,𒉣𒈨𒋳,𒉣𒈨𒋳,𒉣𒈨𒋳,𒉣𒈨𒋳,,
gašamₓ,𒈨𒉣𒋳,,,𒈨𒉣𒋳,,𒈨𒉣𒋳,,
gašan,𒃽,,𒃽,𒃽,𒃽,𒃽,,
gašmu,𒀻,,,𒀻,𒂛𒅐,𒀻,,
gaššu,𒉣𒈨𒋳,,,𒉣𒈨𒋳,𒉣𒈨𒋳,𒉣𒈨𒋳,,
gaʾar,,,,,,𒓻,,
gaʾazag,𒃜,,,𒃜,,,,
gaʾazag?,,,,,,𒃜,,
gaʾešₓ,,,,,,𒆜,,
gaʾurₓ,,,,,,𒓻,,
gaḫalla,,,,,𒃓,,,
gaḫili,,,,,𒃔,,,
gaḫurin,,,,,𒇩,,,
gaṣ,𒄤,,,𒄤,𒄤,𒄤,,
gaṭ,,,,,𒃰,,,
ga’azag,,,,,𒃜,,,
ga’eš,,,,,𒂵𒆜,,,
ga’iš,,,,,𒂵𒆜,,,
ga₁₁,𒄯,,,𒄯,,,,
ga₁₁?,,,,,,𒄯,,
ga₁₂,𒈪,,,𒈪,,,,
ga₁₂?,,,,,,𒈪,,
ga₁₄,𒅗,,,𒅗,,𒅗,,
ga₁₅,𒃮,,,𒃮,,,,
ga₁₅?,,,,,,𒃮,,
ga₂,𒂷,,,𒂷,,𒂷,,
ga₂&ga₂,,𒃭,,𒃭,,,,
ga₂×(a.da.ha),,𒂸,,𒂸,,,,
ga₂×(a.ha),,𒂹,,𒂹,,,,
ga₂×(a.igi),,𒂺,,𒂺,,,,
ga₂×(ab₂@t.tab),,𒂻,,𒂻,,,,
ga₂×(aš₂.gal),,𒂾,,𒂾,,,,
ga₂×(bar.ra),,𒃀,,𒃀,,,,
ga₂×(bur.ra),,𒃂,,𒃂,,,,
ga₂×(el.la),,𒃈,,𒃈,,,,
ga₂×(e₂.ne),,𒓈,,𒓈,,,,
ga₂×(gir₂.su),,𒃐,,𒃐,,,,
ga₂×(gi₄.a),,𒃏,,𒃏,,,,
ga₂×(ha.a),,𒓀,,𒓀,,,,
ga₂×(ha.lu.eš₂),,𒃑,,𒃑,,,,
ga₂×(hal.la),,𒃓,,𒃓,,,,
ga₂×(hi.li),,𒃔,,𒃔,,,,
ga₂×(iš.hu.aš),,𒃗,,𒃗,,,,
ga₂×(kid.lal),,𒃛,,𒃛,,,,
ga₂×(ku₃.an),,𒃜,,𒃜,,,,
ga₂×(me.en),,𒃞,,𒃞,,,,
ga₂×(ne.e₂),,𒓇,,𒓇,,,,
ga₂×(ud.du),,𒃬,,𒃬,,,,
ga₂×(še.tur),,𒃦,,𒃦,,,,
ga₂×an,,𒂼,,𒂼,,,,
ga₂×an.a.tu,,𒂼𒀀𒌅,,𒂼𒀀𒌅,,,,
ga₂×an.an.muš₃,,𒂼𒀭𒈹,,𒂼𒀭𒈹,,,,
ga₂×an.dun₃@g,,𒂼𒂆,,𒂼𒂆,,,,
ga₂×an.kak.a,,𒂼𒆕𒀀,,𒂼𒆕𒀀,,,,
ga₂×an.lul,,𒂼𒈜,,𒂼𒈜,,,,
ga₂×an.tu,,𒂼𒌅,,𒂼𒌅,,,,
ga₂×an.x,,𒂼,,𒂼,,,,
ga₂×an.šim,,𒂼𒋆,,𒂼𒋆,,,,
ga₂×an.šim×gar,,𒂼𒋋,,𒂼𒋋,,,,
ga₂×aš,,𒂽,,𒂽,,,,
ga₂×aš₂,,𒂷  𒀾,,𒂷  𒀾,,,,
ga₂×bad,,𒂿,,𒂿,,,,
ga₂×bur,,𒃁,,𒃁,,,,
ga₂×da,,𒃃,,𒃃,,,,
ga₂×di,,𒃄,,𒃄,,,,
ga₂×dim×še,,𒃅,,𒃅,,,,
ga₂×dub,,𒃆,,𒃆,,,,
ga₂×el,,𒃇,,𒃇,,,,
ga₂×en,,𒃉,,𒃉,,,,
ga₂×en.nun,,𒃉𒉣,,𒃉𒉣,,,,
ga₂×en×gan₂@t,,𒃊,,𒃊,,,,
ga₂×eren,,𒒼,,𒒼,,,,
ga₂×gan₂@t,,𒃋,,𒃋,,,,
ga₂×gar,,𒃌,,𒃌,,,,
ga₂×gi,,𒃍,,𒃍,,,,
ga₂×gi₄,,𒃎,,𒃎,,,,
ga₂×hal,,𒃒,,𒃒,,,,
ga₂×hub₂,,𒃕,,𒃕,,,,
ga₂×igi@g,,𒃖,,𒃖,,,,
ga₂×kak,,𒃘,,𒃘,,,,
ga₂×kaskal,,𒃙,,𒃙,,,,
ga₂×kid,,𒃚,,𒃚,,,,
ga₂×la,,𒃝,,𒃝,,,,
ga₂×mi,,𒃟,,𒃟,,,,
ga₂×nun,,𒃠,,𒃠,,,,
ga₂×nun&nun,,𒃡,,𒃡,,,,
ga₂×pa,,𒃢,,𒃢,,,,
ga₂×sal,,𒃣,,𒃣,,,,
ga₂×sar,,𒃤,,𒃤,,,,
ga₂×sum,,𒃨,,𒃨,,,,
ga₂×tak₄,,𒃩,,𒃩,,,,
ga₂×u,,𒃪,,𒃪,,,,
ga₂×ud,,𒃫,,𒃫,,,,
ga₂×ziz₂,,𒓊,,𒓊,,,,
ga₂×še,,𒃥,,𒃥,,,,
ga₂×šid,,𒃧,,𒃧,,,,
ga₃,𒃷,,,𒃷,,,,
ga₃?,,,,,,𒃷,,
ga₄,𒃻,,,𒃻,,𒃻,,
ga₅,𒋡,,,𒋡,,𒋡,,
ga₆,𒅍,,,𒅍,,𒅍,,
ga₇,𒅅,,,𒅅,,𒅅,,
ga₈,𒄄,,,𒄄,,,,
ga₈?,,,,,,𒄄,,
gaₓ,𒈨,,,𒈨,,𒃴。𒇂。𒈨,,
ge,𒄀,,𒄀,𒄀,𒄀,𒄀,,
ge#,,,𒄀,,,,,
ge10,𒉋,𒉋,,,𒉋,,,
ge11,𒂆,𒂆,,,𒂅,,,
ge12,𒊩𒆳,𒊩𒆳,,,𒊩𒆳,,,
ge13,𒁺,𒁺,,,𒁺,,,
ge14,𒌋,𒌋,,,𒌋,,,
ge15,𒀸,𒀸,,,𒀸,,,
ge16,𒄃,𒄃,,,𒄃,,,
ge17,𒈪𒉭,𒈪𒉭,𒈪𒉭,,𒈪𒉭,,,
ge18,𒁶,𒁶,,,𒁶,,,
ge19,𒉾,𒉾,,,,,,
ge2,𒆤,𒆤,𒆤,,𒆤,,,
ge20,𒂵,𒂵,,,𒂵,,,
ge21,𒆳,𒆳,,,𒆳,,,
ge22,,,,,𒀹,,,
ge23,𒀹,𒀹,𒀹,,𒀹,,,
ge23.dar,,,,,𒀹𒁯,,,
ge24,𒀵,𒀵,,,𒀵,,,
ge25,,,,,𒍣,,,
ge26,𒂷,𒂷,𒂷,,𒂷,,,
ge28,𒁨,𒁨,,,𒁨,,,
ge3,𒁹,𒁹,,,𒁹,,,
ge4,𒄄,𒄄,𒄄,,𒄄,,,
ge5,𒆠,𒆠,,,𒆠,,,
ge6,𒈪,𒈪,𒈪,,𒈪,,,
ge6_,,,𒈪,,,,,
ge7,𒂠,𒂠,,,𒂠,,,
ge8,𒅆,𒅆,,,𒅆,,,
ge9,𒉈,𒉈,,,𒉈,,,
gebₓ,,,,,,𒍼,,
gedim,𒄇,,,𒄇,,𒄇,,
geg,,𒈪𒉭,,𒈪𒉭,,𒍼,,
gegge,,𒈪,,𒈪,,𒈪,,
geg₂,,𒈪,,𒈪,,𒈪,,
gel,𒄃,,,𒄃,𒄃,𒄃,,
gel2,,,,,𒆸,,,
gel5,,,,,𒃲,,,
gele3,𒅲,𒅲,,,𒅲,,,
geleŋ,,,,,,𒄃,,
gele₃,𒅲,,,𒅲,,𒅲,,
geli3,𒅲,𒅲,,,𒅲,,,
geli₃,𒅲,,,𒅲,,𒅲,,
geltan,𒉿,,,𒉿,𒉿,𒉿,,
gem,𒁶,,,𒁶,𒁶,𒁶,,
gem3,𒊩𒆳,𒊩𒆳,,,𒊩𒆳,,,
geme,,𒊩,,𒊩,𒊩,,,
geme2,𒊩𒆳,𒊩𒆳,𒊩𒆳,,𒊩𒆳,,,
geme3,𒀵,𒀵,𒀵,,𒀵,,,
geme₂,𒊩𒆳,,,𒊩𒆳,,𒊩𒆳,,
geme₃,𒀵,,,𒀵,,𒀵,,
gemeₓ,,,,,,𒊩,,
gemé,,,𒊩𒆳,,,,,
gem₃,𒊩𒆳,,,𒊩𒆳,,𒊩𒆳,,
gen,𒁺,,𒁺,𒁺,𒁺,𒁺,,
gen3,𒆳,𒆳,,,𒆳,,,
gen6,𒄀,𒄀,𒄀,,,,,
gen7,𒁶,𒁶,𒁶,,𒁶,,,
gena,𒌉𒁹,,𒌉𒁹,𒌉𒁹,𒌉𒁹,𒌉𒁹,,
genan,𒌉𒁹,,,𒌉𒁹,,𒌉𒁹,,
gene,,,,,𒆠𒉈,,,
genna,𒌉𒁹,,𒌉𒁹,𒌉𒁹,𒌉𒁹,𒌉𒁹,,
gen₃,𒆳,,,𒆳,,𒆳,,
gen₆,𒄀,,𒄀,𒄀,,𒄀,,
gen₇,𒁶,,,𒁶,,𒁶,,
ger,𒄫,,𒄫,𒄫,𒄫,𒄫,,
ger15,𒂠,𒂠,,,𒂠,,,
ger2,,,,,𒄈,,,
ger3,𒄊,𒄊,,,𒄊,,,
geresz,𒄵,𒄵,𒄵,,,,,
geresz3,𒀵,𒀵,,,,,,
gereš,𒄵,,,𒄵,𒄵,𒄵,,
gereš2,,,,,𒄨,,,
gereš3,,,,,𒀵,,,
gereš₃,𒀵,,,𒀵,,𒀵,,
gerin,,𒆸,,𒆸,,𒆸,,
ger₁₅,𒂠,,,𒂠,,𒂠,,
ger₂,,𒄈,,𒄈,,𒄈,,
ger₃,𒄊,,,𒄊,,𒄊,,
gesz,𒄑,𒄑,𒄑,,,,,
gesz#,,,𒄑,,,,,
gesz'u,𒐞,𒐞,,,,,,
gesz-tin,𒄑𒁷,𒄑𒁷,,,,,,
gesz2,𒐕,𒐕,𒐕,,,,,
gesz2@c,𒐕,𒐕,,,,,,
gesz3,𒍑,𒍑,𒍑,,,,,
gesz4,𒀸,𒀸,,,,,,
geszba,𒊒,𒊒,,,,,,
geszbu,𒊒,𒊒,,,,,,
geszbu2,𒋗𒉽𒉽,𒋗𒉽𒉽,,,,,,
geszbun,𒆠𒁉𒃻,𒆠𒁉𒃻,,,,,,
geszbun2,𒆠𒁉,𒆠𒁉,,,,,,
geszbunₓ,𒄑𒆠𒁉,𒄑𒆠𒁉,,,,,,
geszburₓ,𒌋,𒌋,,,,,,
geszbuₓ,𒄑𒊒,𒄑𒊒,,,,,,
geszdu,𒉿,𒉿,,,,,,
geszdu2,𒄑𒌆𒉿,𒄑𒌆𒉿,,,,,,
geszdu3,𒄑𒉿𒌆,𒄑𒉿𒌆,,,,,,
geszdu4,𒅆𒁺,𒅆𒁺,,,,,,
geszhar,𒄓,𒄓,,,,,,
geszhur,𒆒,𒆒,,,,,,
geszimmar,𒊷,𒊷,,,,,,
geszkad,𒆒,𒆒,,,,,,
geszkadₓ,𒌈,𒌈,,,,,,
geszkim,𒅆𒁾,𒅆𒁾,,,,,,
gesznimbar,𒊷,𒊷,,,,,,
gesznu,𒉢,𒉢,,,,,,
gesznu2,𒉢𒅕,𒉢𒅕,,,,,,
geszpa,𒊒,𒊒,,,,,,
geszpaₓ,𒄑𒊒,𒄑𒊒,,,,,,
geszpu,𒊒,𒊒,,,,,,
geszpu2,𒋗𒉽𒉽,𒋗𒉽𒉽,,,,,,
geszpuₓ,𒄑𒊒,𒄑𒊒,,,,,,
geszszir,𒂙,𒂙,,,,,,
geszta,𒐕,𒐕,,,,,,
gesztae,𒍟,𒍟,,,,,,
gesztaeₓ,𒍝𒆳,𒍝𒆳,,,,,,
gesztara,𒉺,𒉺,,,,,,
gesztin,𒃾,𒃾,𒃾,,,,,
gesztin@d,𒃾,𒃾,,,,,,
gesztina,𒃾,𒃾,,,,,,
gesztu,𒉿,𒉿,𒉿,,,,,
gesztu2,𒄑𒌆𒉿,𒄑𒌆𒉿,𒄑𒌆𒉿,,,,,
gesztu3,𒄑𒉿𒌆,𒄑𒉿𒌆,,,,,,
gesztu4,𒅆𒁺,𒅆𒁺,,,,,,
gesztug,𒉿,𒉿,𒉿,,,,,
gesztug2,𒄑𒌆𒉿,𒄑𒌆𒉿,𒄑𒌆𒉿,,,,,
gesztug3,𒄑𒉿𒌆,𒄑𒉿𒌆,𒄑𒉿𒌆,,,,,
gesztunuₓ,𒉿,𒉿,,,,,,
gesztuₓ,𒅆𒂠𒁺,𒅆𒂠𒁺,,,,,,
geszₓ,𒍔,𒍔,,,,,,
gez,𒄑,,,𒄑,𒄑,𒄑,,
geš,𒄑,,𒄑,𒄑,𒄑,𒄑,,
geš-tin,𒄑𒁷,,,𒄑𒁷,,𒄑𒁷,,
geš2,,,,,𒁹,,,
geš3,,,,,𒍑,,,
geš4,,,,,𒀸,,,
gešaš,,,,,𒐋,,,
gešaₓ,,,,,,𒄑X。𒄑𒆠𒆵,,
gešba,𒊒,,,𒊒,𒄑𒊒,𒊒,,
gešba₂,,𒋗𒉽𒉽,,𒋗𒉽𒉽,,𒋗𒉽𒉽,,
gešbu,𒊒,,𒊒,𒊒,𒄑𒊒,𒊒,,
gešbu2,,,,,𒋗𒉽𒉽,,,
gešbun,𒆠𒁉𒃻,,,𒆠𒁉𒃻,,𒆠𒁉𒃻,,
gešbun₂,𒆠𒁉,,,𒆠𒁉,,𒆠𒁉,,
gešbunₓ,𒄑𒆠𒁉,,,𒄑𒆠𒁉,,𒄑𒆠𒁉,,
gešburₓ,𒌋,,,𒌋,,𒌋,,
gešbu₂,𒋗𒉽𒉽,,,𒋗𒉽𒉽,,𒋗𒉽𒉽,,
gešbuₓ,𒄑𒊒,,,𒄑𒊒,,,,
gešbuₓ?,,,,,,𒄑𒊒,,
gešdu,𒉿,,,𒉿,𒉿,𒉿,,
gešdu2,,,,,𒄑𒌆𒉿,,,
gešdu3,,,,,𒄑𒉿𒌆,,,
gešdu4,,,,,𒅆𒁺,,,
gešdu₂,𒄑𒌆𒉿,,,𒄑𒌆𒉿,,𒄑𒌆𒉿,,
gešdu₃,𒄑𒉿𒌆,,,𒄑𒉿𒌆,,𒄑𒉿𒌆,,
gešdu₄,𒅆𒁺,,,𒅆𒁺,,𒅆𒁺,,
gešhar,𒄓,,,𒄓,,𒄓,,
gešhur,𒆒,,,𒆒,,𒆒,,
gešhurₓ,,,,,,𒆓,,
gešia,,,,,𒐊,,,
gešilimmu,,,,,𒑆,,,
gešimmar,𒊷,,,𒊷,,𒊷,,
geškad,𒆒,,,𒆒,𒆓,𒆒,,
geškadₓ,𒌈,,,𒌈,,𒆓。𒌈,,
geškim,𒅆𒁾,,,𒅆𒁾,,𒅆𒁾,,
gešmin@c,,,,,,None,,
gešminu@c,,,,,,None,,
gešminʾu@c,,,,,,None,,
gešnimbar,𒊷,,,𒊷,𒊷,𒊷,,
gešnu,𒉢,,,𒉢,𒋓𒄑,,,
gešnu2,,,,,𒋓𒅕,,,
gešnu?,,,,,,𒉢,,
gešnu₂,𒉢𒅕,,,𒉢𒅕,,𒉢𒅕,,
gešnu₃,,,,,,𒈿,,
gešpa,𒊒,,,𒊒,𒄑𒊒,𒊒,,
gešpaₓ,𒄑𒊒,,,𒄑𒊒,,𒋗𒉽𒉽,,
gešpaₓ?,,,,,,𒄑𒊒,,
gešpu,𒊒,,𒊒,𒊒,𒄑𒊒,𒊒,,
gešpu2,,,𒋗𒉽𒉽,,𒋗𒉽𒉽,,,
gešpu₂,𒋗𒉽𒉽,,,𒋗𒉽𒉽,,𒋗𒉽𒉽,,
gešpuₓ,𒄑𒊒,,,𒄑𒊒,,,,
gešpuₓ?,,,,,,𒄑𒊒,,
gešta,𒐕,,,𒐕,𒁹,𒁹。𒐕,,
geštae,𒍟,,,𒍟,,𒍟,,
geštaeₓ,𒍝𒆳,,,𒍝𒆳,,𒍝𒆳,,
geštara,𒉺,,,𒉺,,𒉺,,
geštin,𒃾,,𒃾,𒃾,𒃾,𒃾,,
geštin@d,𒃾,,,𒃾,,,,
geština,𒃾,,,𒃾,,𒃾,,
geštinxkur,,,,,𒃿,,,
geštin×kur,,𒃿,,𒃿,,,,
geštinₓ,,,,,,𒂀,,
geštu,𒉿,,𒉿,𒉿,𒉿,𒉿,,
geštu2,,,𒄑𒌆𒉿,,𒄑𒌆𒉿,,,
geštu3,,,,,𒄑𒉿𒌆,,,
geštu4,,,,,𒅆𒁺,,,
geštug,𒉿,,𒉿,𒉿,𒉿,𒉿,,
geštug2,,,𒄑𒌆𒉿,,𒄑𒌆𒉿,,,
geštug3,,,,,𒄑𒉿𒌆,,,
geštug₂,𒄑𒌆𒉿,,,𒄑𒌆𒉿,,𒄑𒌆𒉿,,
geštug₃,𒄑𒉿𒌆,,,𒄑𒉿𒌆,,𒄑𒉿𒌆,,
geštunuₓ,𒉿,,,𒉿,,𒉿,,
geštu₂,𒄑𒌆𒉿,,,𒄑𒌆𒉿,,𒄑𒌆𒉿,,
geštu₃,𒄑𒉿𒌆,,,𒄑𒉿𒌆,,𒄑𒉿𒌆,,
geštu₄,𒅆𒁺,,,𒅆𒁺,,𒅆𒁺,,
geštuₓ,𒅆𒂠𒁺,,,𒅆𒂠𒁺,,𒄑𒉿。𒅆𒂠𒁺。𒋰𒉿,,
gešu,,,,,,𒐞,,
gešu@v,,,,,,󰀫,,
gešumun,,,,,𒑂,,,
gešussu,,,,,𒐍。𒑄,,,
geššir,𒂙,,,𒂙,𒂘。𒂙,𒂙,,
gešʾu,𒐞,,,𒐞,,𒐞,,
gešʾu@c,,𒐞,,𒐞,,𒐞,,
gešʾu@v,,𒐞,,𒐞,,,,
gešḫar,,,,,𒄓,,,
gešḫur,,,,,𒆒。𒆓,,,
geš₂,𒐕,,,𒐕,,𒁹。𒐕,,
geš₂@c,𒐕,,,𒐕,,𒐕,,
geš₂@c@90,,𒐕,,𒐕,,󰀜,,
geš₂@c@v,,𒐕,,𒐕,,󰀜,,
geš₂@t,,𒐕,,𒐕,,󰀟,,
geš₃,𒍑,,,𒍑,,𒍑,,
geš₄,𒀸,,,𒀸,,𒀸,,
gešₓ,𒍔,,,𒍔,,𒍔。𒎙,,
ge₁₀,𒉋,,,𒉋,,𒉋,,
ge₁₁,𒂆,,,𒂆,,,,
ge₁₁?,,,,,,𒂆,,
ge₁₂,𒊩𒆳,,,𒊩𒆳,,𒊩𒆳,,
ge₁₃,𒁺,,,𒁺,,,,
ge₁₃?,,,,,,𒁺,,
ge₁₄,𒌋,,,𒌋,,𒌋,,
ge₁₅,𒀸,,,𒀸,,𒀸,,
ge₁₆,𒄃,,,𒄃,,𒄃,,
ge₁₇,𒈪𒉭,,,𒈪𒉭,,𒍼,,
ge₁₈,𒁶,,,𒁶,,𒁶,,
ge₁₉,𒉾,,,𒉾,,𒉾,,
ge₂,𒆤,,,𒆤,,𒆤,,
ge₂₀,𒂵,,,𒂵,,𒂵,,
ge₂₁,𒆳,,,𒆳,,,,
ge₂₁?,,,,,,𒆳,,
ge₂₂,,𒀹,,𒀹,,𒍻,,
ge₂₃,𒀹,,,𒀹,,𒀹,,
ge₂₄,𒀵,,,𒀵,,𒀵,,
ge₂₆,𒂷,,,𒂷,,𒂷,,
ge₂₈,𒁨,,,𒁨,,𒁨,,
ge₃,𒁹,,,𒁹,,𒁹,,
ge₄,𒄄,,,𒄄,,𒄄,,
ge₅,𒆠,,,𒆠,,𒆠,,
ge₆,𒈪,,,𒈪,,𒈪,,
ge₇,𒂠,,,𒂠,,𒂠,,
ge₈,𒅆,,,𒅆,,𒅆,,
ge₉,𒉈,,,𒉈,,𒉈,,
geₓ,𒈨,,,𒈨,,𒂂。𒈨,,
gi,𒄀,,𒄀,𒄀,𒄀,𒄀,,
gi%gi,,𒄃,𒄃,𒄃,,,,
gi&gi,,𒄃,,𒄃,,,,
gi.kak,,𒄀𒆕,,𒄀𒆕,,,,
gi.lagab+lagab,,,,,𒄀𒆸𒆸,,,
gi.lagab.lagab,,,,,𒄀𒆸𒆸,,,
gi.lu,,𒄀𒇻,,𒄀𒇻,𒄀𒇻,,,
gi.na.ab.du7,,,,,𒄀𒈾𒀊𒌌,,,
gi.na.ab.na.tum,,𒄀𒈾𒀊𒈾𒌈,,𒄀𒈾𒀊𒈾𒌈,,,,
gi.na.ab.tum,,𒄀𒈾𒀊𒌈,,𒄀𒈾𒀊𒌈,𒄀𒈾𒀊𒌈,,,
gi.na.ab.u.gud,,𒄀𒈾𒀊𒌋𒄞,,𒄀𒈾𒀊𒌋𒄞,,,,
gi.na.ab.ul,,,,,𒄀𒈾𒀊𒌌,,,
gi.nigin,,,,,𒄀𒆸𒆸,,,
gi.pad,,𒄀𒉻,,𒄀𒉻,,,,
gi10,𒉋,𒉋,,,𒉋,,,
gi11,𒂆,𒂆,,,𒂅,,,
gi12,𒊩𒆳,𒊩𒆳,,,𒊩𒆳,,,
gi16,𒄃,𒄃,𒄃,,𒄃,,,
gi17,𒈪𒉭,𒈪𒉭,,,𒈪𒉭,,,
gi18,𒁶,𒁶,,,𒁶,,,
gi2,𒆤,𒆤,𒆤,,𒆤,,,
gi25,𒂂,𒂂,,,𒂂,,,
gi27,𒁍,𒁍,,,𒁍。𒍏,,,
gi3,𒐕,𒐕,𒐕,,𒁹,,,
gi4,𒄄,𒄄,𒄄,,𒄄,,,
gi4%gi4,,,𒄆,,,,,
gi4&gi4,,,𒄅,,,,,
gi4crossinggi4,,,,,𒄆,,,
gi4overgi4,,,,,𒄅,,,
gi4overgi4crossed,,,,,𒄆,,,
gi5,𒆠,𒆠,,,𒆠,,,
gi6,𒈪,𒈪,𒈪,,𒈪,,,
gi7,𒂠,𒂠,𒂠,,𒂠,,,
gi8,𒅆,𒅆,,,𒅆,,,
gi9,𒉈,𒉈,,,𒉈,,,
gi_,,,𒄀,,,,,
gib,𒄃,,𒄃,𒄃,𒄃,𒄃,,
gib2,𒄒,𒄒,,,𒄒,,,
gib3,𒈪𒉭,𒈪𒉭,,,𒈪𒉭,,,
gibi,𒉋,,,𒉋,,𒉋,,
gibil,𒉋,,𒉋,𒉋,𒉋,𒉋,,
gibil2,𒋙𒀾,𒋙𒀾,,,𒋙𒀾,,,
gibil3,𒆠𒉈,𒆠𒉈,,,𒆠𒉈,,,
gibil4,𒉈,𒉈,𒉈,,𒉈,,,
gibil5,𒃴𒃴,𒃴𒃴,,,𒃴𒃴,,,
gibil6,𒉈𒄀,𒉈𒄀,𒉈𒄀,,𒉈𒄀,,,
gibil7,𒋙𒀭,𒋙𒀭,,,,,,
gibil;,,,𒉋,,,,,
gibila,𒉋,,,𒉋,𒉋,𒉋,,
gibil⁻,,𒉈,,𒉈,,𒉈,,
gibil₂,𒋙𒀾,,,𒋙𒀾,,𒋙𒀾,,
gibil₃,𒆠𒉈,,,𒆠𒉈,,𒆠𒉈,,
gibil₄,𒉈,,,𒉈,,𒉈,,
gibil₅,𒃴𒃴,,,𒃴𒃴,,𒃴𒃴,,
gibil₆,𒉈𒄀,,𒉈𒄀,𒉈𒄀,,𒉈𒄀,,
gibil₇,𒋙𒀭,,,𒋙𒀭,,𒋙𒀭,,
gibilₓ,𒄑𒉋,,,𒄑𒉋,,𒄑𒉋。𒉋𒄀,,
gibir,𒋙𒀾,,,𒋙𒀾,𒋙𒀾,𒋙𒀾,,
gibir2,𒋙𒀭,𒋙𒀭,,,,,,
gibiru,𒌋,,,𒌋,,𒌋,,
gibir₂,𒋙𒀭,,,𒋙𒀭,,𒋙𒀭,,
giburu,𒌋,,,𒌋,𒌋,𒌋,,
giburum,,,,,𒌋,,,
gib₂,𒄒,,,𒄒,,𒄒,,
gib₃,𒈪𒉭,,,𒈪𒉭,,𒍼,,
gid,𒆤,,𒆤,𒆤,𒆤,𒆤,,
gid2,𒁍,𒁍,𒁍,,𒁍,,,
gid2],,,𒁍,,,,,
gid3,𒊓,𒊓,𒊓,,𒊓,,,
gid4,𒃰,𒃰,,,𒃰,,,
gid6,𒋺,𒋺,,,𒋺,,,
gida2,𒁍,𒁍,,,,,,
gida4,𒃰,𒃰,,,,,,
gidar,𒉺,,,𒉺,,𒉺,,
gida₂,𒁍,,,𒁍,,𒁍,,
gida₄,𒃰,,,𒃰,,𒃰,,
gidaₓ?,,,,,,None,,
gideszta,𒃻𒑚𒋡,𒃻𒑚𒋡,,,,,,
gidesztaₓ,𒃻𒑛𒋡,𒃻𒑛𒋡,,,,,,
gidešta,𒃻𒑚𒋡,,,𒃻𒑚𒋡,𒃻𒑚𒋡。𒃻𒑛𒋡。𒃻𒑜𒋡,,,
gidešta?,,,,,,𒃻𒑚𒋡,,
gideštaₓ,𒃻𒑛𒋡,,,𒃻𒑛𒋡,,,,
gideštaₓ?,,,,,,𒃻𒑛𒋡。𒃻𒑜𒋡,,
gidi3,𒁍,𒁍,,,𒁍。𒄑𒁍,,,
gidi5,,,,,𒋤,,,
gidi6,𒌓𒃶,𒌓𒃶,,,𒃶。𒌓𒃶,,,
gidim,𒄇,,𒄇,𒄇,𒄇,𒄇,,
gidim2,𒈦𒌋,𒈦𒌋,𒈦𒌋,,𒈦𒌋,,,
gidim3,𒁍,𒁍,,,𒁍。𒄑𒁍,,,
gidim4,𒌜,𒌜,,,𒌜,,,
gidim7,𒄞,𒄞,,,𒄞,,,
gidim₂,𒈦𒌋,,,𒈦𒌋,,𒈦𒌋,,
gidim₃,𒁍,,,𒁍,,𒁍,,
gidim₄,𒌜,,,𒌜,,𒌜,,
gidim₇,𒄞,,,𒄞,,,,
gidim₇?,,,,,,𒄞,,
gidimₓ,,,,,,None。𒎒𒅂,,
gidirₓ,𒉺,,,𒉺,,𒉺,,
gidi₃,𒁍,,,𒁍,,𒁍,,
gidi₆,𒌓𒃶,,,𒌓𒃶,,𒌓𒃶,,
gidlam,𒊩𒍑𒁮,,,𒊩𒍑𒁮,𒊩𒍑𒁮,𒊩𒍑𒁮,,
gidlam2,𒍑𒁮,𒍑𒁮,,,𒍑𒁮,,,
gidlam3,𒍑𒊩𒁮,𒍑𒊩𒁮,,,𒍑𒊩𒁮,,,
gidlam4,𒊩𒍑,𒊩𒍑,,,𒊩𒍑,,,
gidlam₂,𒍑𒁮,,,𒍑𒁮,,𒍑𒁮,,
gidlam₃,𒍑𒊩𒁮,,,𒍑𒊩𒁮,,𒍑𒊩𒁮,,
gidlam₄,𒊩𒍑,,,𒊩𒍑,,𒊩𒍑,,
gidri,𒉺,,𒉺,𒉺,𒉺,𒉺,,
gidri_,,,𒉺,,,,,
gidru,𒉺,,𒉺,𒉺,𒉺,𒉺,,
gid₂,𒁍,,𒁍,𒁍,,𒁍,,
gid₃,𒊓,,,𒊓,,,,
gid₃?,,,,,,𒊓,,
gid₄,𒃰,,,𒃰,,,,
gid₄?,,,,,,𒃰,,
gid₆,𒋺,,,𒋺,,𒋺,,
gidₓ,𒁺𒁺,,,𒁺𒁺,,𒁺𒁺,,
gig,𒈪𒉭,,𒈪𒉭,𒈪𒉭,𒈪𒉭,𒍼,,
gig2,𒈪,𒈪,𒈪,,𒈪,,,
gig3,𒄃,𒄃,,,𒄃,,,
gig4,𒂆,𒂆,𒂆,,𒂅,,,
gig_,,,𒈪𒉭,,,,,
gigam,𒈓,,,𒈓,𒇽𒇽。𒈒,𒈓,,
giggi,𒈪,,𒈪,𒈪,,𒈪,,
gigi,𒄆,,𒄆,𒄆,𒄅。𒄆,𒄆,,
gigi2,𒈪,𒈪,,,𒈪,,,
gigir,𒇀,,𒇀,𒇀,𒇀,𒇀,,
gigir2,𒇥,𒇥,,,𒇥,,,
gigir3,𒇕,𒇕,𒇕,,𒇕,,,
gigir4,𒇯𒁺,𒇯𒁺,,,𒇯𒁺,,,
gigira,𒇀,,,𒇀,,𒇀,,
gigira2,𒇥,𒇥,,,,,,
gigira₂,𒇥,,,𒇥,,𒇥,,
gigirum,𒃵𒃵,,,𒃵𒃵,,𒃵𒃵,,
gigir₂,𒇥,,,𒇥,,𒇥,,
gigir₃,𒇕,,,𒇕,,𒇕,,
gigir₄,𒇯𒁺,,,𒇯𒁺,,,,
gigir₄?,,,,,,𒇯𒁺,,
gigirₓ,,,,,,None。𒇥,,
gigi₂,𒈪,,,𒈪,,𒈪,,
gigiₓ,,,,,,𒉋,,
gigri,𒁼𒁼,,,𒁼𒁼,𒁼𒁼,𒁼𒁼,,
gigri2,𒁽𒁽,𒁽𒁽,,,𒁽𒁽,,,
gigri₂,𒁽𒁽,,,𒁽𒁽,,𒁽𒁽,,
gigunû,,,,,𒄄,,,
giguru,𒌋,,,𒌋,𒌋,𒌋,,
giguru2,𒈦𒌋,𒈦𒌋,,,𒈦𒌋,,,
giguru3,𒆂,𒆂,,,𒆂,,,
giguru₂,𒈦𒌋,,,𒈦𒌋,,𒈦𒌋,,
giguru₃,𒆂,,,𒆂,,𒆂,,
giguruₓ,,,,,,𒎒,,
gig₂,𒈪,,,𒈪,,𒈪,,
gig₃,𒄃,,,𒄃,,,,
gig₃?,,,,,,𒄃,,
gig₄,𒂆,,,𒂆,,,,
gig₄?,,,,,,𒂆,,
gij4,,,𒂆,,,,,
gik,,,,,𒈪𒉭,,,
gikki,𒈪,,,𒈪,𒈪,𒈪,,
gil,𒄃,,𒄃,𒄃,𒄃,𒄃,,
gil2,𒆸,𒆸,𒆸,,𒆸,,,
gil3,𒅍,𒅍,𒅍,,𒅍,,,
gil4,𒉋,𒉋,,,,,,
gilal,,,,,𒄈𒇲,,,
gilgames,𒄑𒂆𒈦,,,𒄑𒂆𒈦,𒄑𒂅𒈦,𒄑𒂆𒈦,,
gilgames2,,,,,𒄑𒉋𒂵𒈩,,,
gilgames3,𒄑𒉈𒂵𒈩,𒄑𒉈𒂵𒈩,,,𒄑𒉈𒂵𒈩,,,
gilgamesz,𒄑𒂆𒈦,𒄑𒂆𒈦,,,,,,
gilgamesz2,𒄑𒉋𒂵𒈨𒌋𒌋𒌋,𒄑𒉋𒂵𒈨𒌋𒌋𒌋,𒄑𒉋𒂵𒈨𒌋𒌋𒌋,,,,,
gilgamesz3,𒄑𒉈𒂵𒈩,𒄑𒉈𒂵𒈩,,,,,,
gilgames₃,𒄑𒉈𒂵𒈩,,,𒄑𒉈𒂵𒈩,,𒄑𒉈𒂵𒈩,,
gilgames₄,,,,,,𒄑𒉋𒂵𒈩,,
gilgamesₓ,,,,,,𒄑𒄑𒉋𒈩𒂵。𒄑𒉋𒂵。𒄑𒉋𒈩𒂵。𒉋𒂵𒈩,,
gilgameš,𒄑𒂆𒈦,,𒄑𒂆𒈦,𒄑𒂆𒈦,𒄑𒂅𒈦,𒄑𒂆𒈦,,
gilgameš2,,,𒄑𒉋𒂵𒈨𒌋𒌋𒌋,,𒄑𒉋𒂵𒈩,,,
gilgameš3,,,𒄑𒉈𒂵𒈩,,𒄑𒉈𒂵𒈩,,,
gilgameš₂,𒄑𒉋𒂵𒈨𒌋𒌋𒌋,,,𒄑𒉋𒂵𒈨𒌋𒌋𒌋,,𒄑𒉋𒂵𒎌,,
gilgameš₃,𒄑𒉈𒂵𒈩,,,𒄑𒉈𒂵𒈩,,𒄑𒉈𒂵𒈩,,
gilgameš₄,,,,,,𒄑𒉋𒂵𒈩,,
gilgamešₓ,,,,,,𒄑𒄑𒉋𒈩𒂵。𒄑𒉈O𒂵𒈩。𒄑𒉈𒈩𒂵。𒄑𒉋𒂵。𒄑𒉋𒈩𒂵。𒄑𒌇𒈦。𒉋𒂵𒈩,,
gili,𒄃,,,𒄃,,𒄃,,
gili2,𒆸,𒆸,,,𒆸,,,
gili3,𒅲,𒅲,,,𒅲,,,
gili4,,,,,𒅽。𒆸,,,
gilib3,𒅲,𒅲,,,,,,
gilib4,𒅽,𒅽,,,𒅽,,,
gilib₃,𒅲,,,𒅲,,𒅲,,
gilib₄,𒅽,,,𒅽,,𒅽,,
gilibₓ,𒄃,,,𒄃,,𒄃,,
gilili,𒉾,,,𒉾,,𒉾,,
gilim,𒄃,,𒄃,𒄃,𒄃,𒄃,,
gilim2,𒉾,𒉾,,,,,,
gilim₂,𒉾,,,𒉾,,𒉾,,
gilin,𒉾,,𒉾,𒉾,,𒉾,,
gili₂,𒆸,,,𒆸,,𒆸,,
gili₃,𒅲,,,𒅲,,𒅲,,
gillim,𒄃,,,𒄃,𒄃,𒄃,,
gilugu,𒇉,,,𒇉,,,,
gilugu?,,,,,,𒇉,,
gil₂,𒆸,,,𒆸,,𒆸,,
gil₃,𒅍,,,𒅍,,𒅍,,
gil₄,𒉋,,,𒉋,,𒉋,,
gim,𒁶,,𒁶,𒁶,𒁶,𒁶,,
gim2,𒂆,𒂆,𒂆,,𒂅,,,
gim3,𒊩𒆳,𒊩𒆳,,,𒊩𒆳,,,
gim4,𒁽,𒁽,,,𒁽,,,
gim5,𒁼,𒁼,,,𒁼,,,
gim6,𒁺,𒁺,,,𒁺,,,
gim7,𒁍,𒁍,,,𒁍,,,
gim8,𒃰𒋺𒄑,𒃰𒋺𒄑,,,𒃰𒋺𒄑,,,
gimi,𒁶,,,𒁶,𒁶,𒁶,,
gim₂,𒂆,,,𒂆,,𒂆,,
gim₃,𒊩𒆳,,,𒊩𒆳,,𒊩𒆳,,
gim₄,𒁽,,,𒁽,,𒁽,,
gim₅,𒁼,,,𒁼,,,,
gim₅?,,,,,,𒁼,,
gim₆,𒁺,,,𒁺,,𒁺,,
gim₇,𒁍,,,𒁍,,𒁍,,
gim₈,𒃰𒋺𒄑,𒃰𒋺𒄑,,,,,,
gim₈?,,,,,,𒃰𒋺𒄑,,
gin,𒁺,,𒁺,𒁺,𒁺,𒁺,,
gin2,𒂆,𒂆,𒂆,,𒂅,,,
gin3,𒆳,𒆳,𒆳,,𒆳,,,
gin3],,,𒆳,,,,,
gin4,𒍤𒆸,𒍤𒆸,,,𒌑𒍤𒆸,,,
gin4gug4,,,,,𒍤𒆸,,,
gin5,𒊩𒆳,𒊩𒆳,,,𒊩𒆳,,,
gin6,𒄀,𒄀,𒄀,,𒄀。𒍏,,,
gin7,𒁶,𒁶,𒁶,,𒁶。𒄀,,,
gin8,𒄯,𒄯,,,𒄯,,,
gina,𒌉𒁹,,𒌉𒁹,𒌉𒁹,𒌉𒁹,𒌉𒁹,,
gina2,𒂆,𒂆,,,,,,
gina3,𒆳,𒆳,,,𒆳,,,
ginan,𒌉𒁹,,,𒌉𒁹,𒌉𒁹,𒌉𒁹,,
gina₂,𒂆,,,𒂆,,𒂆,,
gina₃,𒆳,,,𒆳,,𒆳,,
ginaₓ,𒁺,,,𒁺,,𒁺,,
gingam,𒈓,,,𒈓,,𒈓,,
gingira,𒆩,,,𒆩,𒆩,,,
gingira?,,,,,,𒆩,,
ginna,𒌉𒁹,,,𒌉𒁹,𒌉𒁹,𒌉𒁹,,
gin₂,𒂆,,𒂆,𒂆,,𒂆,,
gin₃,𒆳,,𒆳,𒆳,,𒆳,,
gin₄,𒍤𒆸,,,𒍤𒆸,,𒍤𒆸,,
gin₅,𒊩𒆳,,,𒊩𒆳,,𒊩𒆳,,
gin₆,𒄀,,𒄀,𒄀,,𒄀,,
gin₇,𒁶,,,𒁶,,𒁶,,
gin₈,𒄯,,,𒄯,,𒄯,,
ginₓ,𒍤𒀀,,,𒍤𒀀,,None。𒀀𒍤。𒂅。𒍤𒀀,,
giovergiparallelorgicrossinggi,,,,,𒄃,,,
gip2,𒄒,𒄒,,,𒄒,,,
giparₓ,,,,,,𒆦,,
gip₂,𒄒,,,𒄒,,𒄒,,
giq,,,,,𒈪𒉭,,,
gir,𒄫,,𒄫,𒄫,𒄫,𒄫,,
gir10,𒉈,𒉈,𒉈,,𒉈,,,
gir11,𒆟,𒆟,𒆟,,𒂡,,,
gir12,𒅔,𒅔,𒅔,,𒅔,,,
gir13,𒋃,𒋃,𒋃,,𒋃,,,
gir14,𒄩,𒄩,𒄩,,𒄩,,,
gir15,𒂠,𒂠,𒂠,,𒂠,,,
gir16,𒄌,𒄌,,,𒄌,,,
gir17,𒅗,𒅗,,,𒅗,,,
gir18,𒉈𒄀,𒉈𒄀,,,,,,
gir2,𒄈,𒄈,𒄈,,𒄈,,,
gir2#,,,𒄈,,,,,
gir2.lal,,,,,𒄈𒇲,,,
gir2gunû,,,,,𒄉,,,
gir3,𒄊,𒄊,𒄊,,𒄊,,,
gir3+2,,,𒄊 𒈫。𒄊𒈫 𒈫,,,,,
gir3.arad,,,,,𒄊𒀴,,,
gir3.bar,,,,,𒄊𒁇,,,
gir3.eri11.gal,,,,,𒄊𒀕𒃲,,,
gir3.gir3,,,,,𒄊𒄊,,,
gir3.gir3inversum,,,,,𒊎,,,
gir3.zatenû,,,,,𒄊𒍞,,,
gir3xgan2tenû,,,,,𒄌,,,
gir3xigi,,,,,𒄍,,,
gir3xkar2,,,,,𒄌,,,
gir3xlu.igi,,,,,𒄎,,,
gir3xpa,,,,,𒄏,,,
gir4,𒌋𒀜,𒌋𒀜,𒌋𒀜,,𒌋𒀜,,,
gir4.sar,,,,,𒌋𒀜𒊬,,,
gir5,𒁽,𒁽,𒁽,,𒁽,,,
gir6,𒁼,𒁼,𒁼,,𒁼,,,
gir7,𒁺,𒁺,𒁺,,𒁺,,,
gir8,𒆸,𒆸,𒆸,,𒆸,,,
gir9,𒀚,𒀚,𒀚,,𒀚,,,
gira,𒌋𒈦𒆏,,,𒌋𒈦𒆏,𒌋𒈦𒆏,𒌋𒈦𒆏,,
gira2,𒄑𒁇,𒄑𒁇,,,𒄑𒁇,,,
gira3,𒉈𒄀,𒉈𒄀,,,𒉈𒄀,,,
giraba,𒀊,,,𒀊,,𒀊,,
girabaₓ,𒀊𒄫,,,𒀊𒄫,,𒀊𒄫,,
girag,,,,,𒆸,,,
girah,𒋗𒁶,,,𒋗𒁶,,𒋗𒁶,,
girak,𒆸,,,𒆸,,𒆸,,
giraḫ,,,,,𒋗𒁶,,,
gira₂,𒄑𒁇,,,𒄑𒁇,,𒄑𒁇,,
gira₃,𒉈𒄀,,,𒉈𒄀,,𒉈𒄀,,
girenₓ,𒆸,,,𒆸,,𒆸,,
giresz,𒄵,𒄵,,,,,,
giresz2,𒄨,𒄨,,,,,,
gireš,𒄵,,,𒄵,𒄵,𒄵,,
gireš2,,,,,𒄨,,,
gireš3,,,,,𒀵,,,
gireš₂,𒄨,,,𒄨,,𒄨,,
giri,𒄫,,,𒄫,𒄫,𒄫,,
giri11,𒆟,𒆟,,,𒂡,,,
giri16,𒄌,𒄌,𒄌,,𒄌,,,
giri17,𒅗,𒅗,𒅗,,𒅗,,,
giri19,𒋗𒇽,𒋗𒇽,,,𒋗𒇽,,,
giri2,𒄈,𒄈,,,𒄈,,,
giri20,𒋗𒀭,𒋗𒀭,,,𒋗𒀭,,,
giri21,𒋗𒈗,𒋗𒈗,,,𒋗𒈗,,,
giri3,𒄊,𒄊,𒄊,,𒄊,,,
giri5,𒁽,𒁽,,,𒁽,,,
giri6,𒁼,𒁼,,,𒁼,,,
giri8,𒆸,𒆸,,,𒆸,,,
giriak,𒆸,,,𒆸,,𒆸,,
girid,𒆟,,,𒆟,,𒆟,,
girid2,𒄌,𒄌,𒄌,,,,,
girid₂,𒄌,,,𒄌,,𒄌,,
girim,𒆸,,,𒆸,𒆸,𒆸,,
girim2,𒁽,𒁽,,,𒁽,,,
girim3,𒀀𒄩𒋻𒁺,𒀀𒄩𒋻𒁺,𒀀𒄩𒋻𒁺,,𒀀𒄩𒋻𒁺,,,
girima3,𒀀𒄩𒋻𒁺,𒀀𒄩𒋻𒁺,,,𒀀𒄩𒋻𒁺,,,
girima₃,𒀀𒄩𒋻𒁺,,,𒀀𒄩𒋻𒁺,,𒀀𒄩𒋻𒁺,,
girimma3,𒀀𒄩𒋻𒁺,𒀀𒄩𒋻𒁺,,,𒀀𒄩𒋻𒁺,,,
girimma₃,𒀀𒄩𒋻𒁺,,,𒀀𒄩𒋻𒁺,,𒀀𒄩𒋻𒁺,,
girim₂,𒁽,,,𒁽,,𒁽,,
girim₃,𒀀𒄩𒋻𒁺,,,𒀀𒄩𒋻𒁺,,𒀀𒄩𒋻𒁺,,
girimₓ,,,,,,𒈲𒄩𒁺𒀀。𒋆,,
girin,𒆸,,,𒆸,𒆸,𒆸,,
girin2,𒀀𒄩𒋻𒁺,𒀀𒄩𒋻𒁺,,,,,,
girin₂,𒀀𒄩𒋻𒁺,,,𒀀𒄩𒋻𒁺,,𒀀𒄩𒋻𒁺,,
girisz,𒄵,𒄵,,,,,,
girisz2,𒄨,𒄨,,,,,,
girisz3,𒀵,𒀵,,,,,,
giriszₓ,𒄴,𒄴,,,,,,
giriš,𒄵,,,𒄵,𒄵,𒄵,,
giriš2,,,,,𒄨,,,
giriš3,,,,,𒀵,,,
giriš₂,𒄨,,,𒄨,,𒄨,,
giriš₃,𒀵,,,𒀵,,𒀵,,
girišₓ,𒄴,,,𒄴,,𒄯。𒄴,,
giri₁₁,𒆟,,,𒆟,,𒆟,,
giri₁₃,,𒋃,,𒋃,,𒋃,,
giri₁₆,𒄌,,,𒄌,,𒄌,,
giri₁₆⁻,,𒄌,,𒄌,,𒄌,,
giri₁₇,𒅗,,,𒅗,,𒅗,,
giri₁₉,𒋗𒇽,,,𒋗𒇽,,𒋗𒇽,,
giri₂,𒄈,,,𒄈,,𒄈,,
giri₂₀,𒋗𒀭,,,𒋗𒀭,,𒋗𒀭,,
giri₂₁,𒋗𒈗,,,𒋗𒈗,,𒋗𒈗,,
giri₃,𒄊,,,𒄊,,𒄊,,
giri₅,𒁽,,,𒁽,,𒁽,,
giri₆,𒁼,,,𒁼,,𒁼,,
giri₈,𒆸,,,𒆸,,𒆸,,
giriₓ,𒔼,,,𒔼,,𒄑𒇽。𒄑𒋗𒇽。𒄨。𒅲。𒇽。𒋗。𒔸,,
girra,𒉈𒄀,,,𒉈𒄀,,𒉈𒄀,,
girriₓ,𒄒,,,𒄒,,𒃷。𒃺。𒄒,,
giru3,𒄊,𒄊,,,𒄊,,,
girum,𒃵,,,𒃵,,𒃵,,
girum/gurum,,,𒃵 𒃵,,,,,
giru₃,𒄊,,,𒄊,,𒄊,,
girza,𒉺𒈗,,,𒉺𒈗,,𒉺𒈗,,
girza2,,,,,𒉺𒈗,,,
gir⁻,,𒄫,,𒄫,,𒄫,,
gir₁₀,𒉈,,,𒉈,,𒉈,,
gir₁₁,𒆟,,,𒆟,,𒆟,,
gir₁₂,𒅔,,,𒅔,,𒅔,,
gir₁₃,𒋃,,,𒋃,,𒋃,,
gir₁₄,𒄩,,𒄩,𒄩,,𒄩,,
gir₁₅,𒂠,,,𒂠,,𒂠,,
gir₁₆,𒄌,,,𒄌,,𒄌,,
gir₁₇,𒅗,,,𒅗,,𒅗,,
gir₁₈,𒉈𒄀,,,𒉈𒄀,,𒉈𒄀,,
gir₂,𒄈,,,𒄈,,𒄈,,
gir₂@g,,𒄉,,𒄉,,,,
gir₃,𒄊,,,𒄊,,𒄊,,
gir₃.arad,,𒄊𒀴,,𒄊𒀴,,,,
gir₃.bar,,𒄊𒁇,,𒄊𒁇,,,,
gir₃.ga₂×pa.a.an,,𒄊𒃢𒀀𒀭,,𒄊𒃢𒀀𒀭,,,,
gir₃.za@t,,𒄊𒍞,,𒄊𒍞,,,,
gir₃.šu.ig,,𒄊𒋗𒅅,,𒄊𒋗𒅅,,,,
gir₃?,,,𒄊,,,,,
gir₃×(a.igi),,𒄋,,𒄋,,,,
gir₃×(lu.igi),,𒄎,,𒄎,,,,
gir₃×gan₂@t,,𒄌,,𒄌,,,,
gir₃×igi,,𒄍,,𒄍,,,,
gir₃×pa,,𒄏,,𒄏,,,,
gir₄,𒌋𒀜,,,𒌋𒀜,,𒌋𒀜,,
gir₅,𒁽,,,𒁽,,𒁽,,
gir₅⁻,,𒁽,,𒁽,,𒁽,,
gir₆,𒁼,,,𒁼,,𒁼,,
gir₇,𒁺,,,𒁺,,𒁺,,
gir₈,𒆸,,,𒆸,,𒆸,,
gir₉,𒀚,,,𒀚,,𒀚,,
girₓ,𒌋𒂙,,,𒌋𒂙,,𒀖𒊮。𒀛。𒂔。𒄊𒍞。𒈴。𒋃𒉣。𒌋𒂙,,
gis,𒄑,,𒄑,𒄑,𒄑,𒄑,,
"gis,",𒄑,𒄑,,,,,,
gisal,𒄐,,𒄐,𒄐,𒄐,𒄐,,
gisal.pad.si.a,,𒄐𒉻𒋛𒀀,,𒄐𒉻𒋛𒀀,,,,
gisalₓ,,,,,,𒁉𒄑,,
gisbun,𒆠𒀸𒀸,,,𒆠𒀸𒀸,,𒆠𒀸𒀸,,
gisgal,,,,,𒍇,,,
giskim,𒅆𒁾,,𒅆𒁾,𒅆𒁾,𒅆𒁾,𒅆𒁾,,
gissu,𒄑𒈪,,𒄑𒈪,𒄑𒈪,𒄑𒈪,𒄑𒈪,,
gissuₓ,,,,,,𒈪,,
gisz,𒄑,𒄑,𒄑,,,,,
gisz2,𒐕,𒐕,𒐕,,,,,
gisz3,𒍑,𒍑,𒍑,,,,,
gisza,𒄑,𒄑,,,,,,
giszal,𒄐,𒄐,,,,,,
giszbar,𒀣,𒀣,,,,,,
giszbun,𒆠𒁉𒃻,𒆠𒁉𒃻,,,,,,
giszdu,𒉿,𒉿,,,,,,
giszdu2,𒄑𒌆𒉿,𒄑𒌆𒉿,,,,,,
giszdu3,𒄑𒉿𒌆,𒄑𒉿𒌆,,,,,,
giszgal,𒍇,𒍇,𒍇,,,,,
giszha,𒂷𒄑,𒂷𒄑,,,,,,
giszhar,𒄓,𒄓,,,,,,
giszhur,𒆒,𒆒,,,,,,
giszimmar,𒊷,𒊷,𒊷,,,,,
giszkad,𒆒,𒆒,,,,,,
giszkadₓ,𒌈,𒌈,,,,,,
giszkim,𒅆𒁾,𒅆𒁾,,,,,,
giszmasz,𒀣,𒀣,,,,,,
gisznimbar,𒊷,𒊷,,,,,,
gisznu,𒉢,𒉢,,,,,,
gisznu2,𒉢𒅕,𒉢𒅕,,,,,,
giszszir,𒂙,𒂙,,,,,,
giszta'e,𒍟,𒍟,,,,,,
giszta'e2,𒍝𒆳,𒍝𒆳,,,,,,
giszta'i,𒍟,𒍟,,,,,,
giszta'i2,𒍝𒆳,𒍝𒆳,,,,,,
gisztae,𒍟,𒍟,,,,,,
gisztu,𒉿,𒉿,,,,,,
gisztu2,𒄑𒌆𒉿,𒄑𒌆𒉿,,,,,,
gisztu3,𒄑𒉿𒌆,𒄑𒉿𒌆,,,,,,
gisztug,𒉿,𒉿,,,,,,
gisztug2,𒄑𒌆𒉿,𒄑𒌆𒉿,,,,,,
gisztug3,𒄑𒉿𒌆,𒄑𒉿𒌆,,,,,,
gisztunuₓ,𒉿,𒉿,,,,,,
giszturu,𒉺,𒉺,,,,,,
giszₓ,𒌋𒌋,𒌋𒌋,,,,,,
git,𒆤,,𒆤,𒆤,𒆤,𒆤,,
"git,2",𒁍,𒁍,,,,,,
git2,𒁍,𒁍,,,𒁍,,,
gitag,𒄀,𒄀。𒄂,,𒄂,,None。𒄀,,
gitlam,𒊩𒍑𒁮,,,𒊩𒍑𒁮,𒊩𒍑𒁮。𒍑𒁮,𒊩𒍑𒁮,,
gitlam2,𒍑𒁮,𒍑𒁮,,,𒍑𒁮。𒍑𒊩𒁮,,,
gitlam3,𒍑𒊩𒁮,𒍑𒊩𒁮,,,𒍑𒊩𒁮,,,
gitlam4,𒊩𒍑,𒊩𒍑,,,𒊩𒍑,,,
gitlam₂,𒍑𒁮,,,𒍑𒁮,,𒍑𒁮,,
gitlam₃,𒍑𒊩𒁮,,,𒍑𒊩𒁮,,𒍑𒊩𒁮,,
gitlam₄,𒊩𒍑,,,𒊩𒍑,,𒊩𒍑,,
git₂,𒁍,,,𒁍,,𒁍,,
gixe,,,,,𒄁,,,
gixu,,,,,𒄂,,,
giz,𒄑,,𒄑,𒄑,𒄑,𒄑,,
gizal,𒄐,,,𒄐,𒄐,𒄐,,
gizal2,,,,,𒄑𒌆𒉿𒋓𒋡。𒄑𒌆𒉿𒋔𒋡,,,
gizal3,,,,,𒋔𒋡,,,
gizal₂,,𒄑𒌆𒉿𒉢𒋡,,𒄑𒌆𒉿𒉢𒋡,,𒄑𒌆𒉿𒎓𒋡,,
gizbun,𒆠𒁉𒃻,,,𒆠𒁉𒃻,,𒆠𒁉𒃻,,
gizkim,𒅆𒁾,,,𒅆𒁾,𒅆𒁾,𒅆𒁾,,
gizzal,,𒄑𒌆𒉿𒉢𒋡,,𒄑𒌆𒉿𒉢𒋡,𒄑𒌆𒉿𒋓𒋡。𒄑𒌆𒉿𒋔𒋡。𒌋𒌋𒉌,𒄑𒌆𒉿𒎓𒋡,,
gizzal2,,,𒄑𒌆𒉿𒉢𒋡,,𒋔𒋡,,,
gizzal₂,,𒄑𒌆𒉿𒉢𒋡,,𒄑𒌆𒉿𒉢𒋡,,𒎓𒋡,,
gizzalₓ,,𒄑𒌆𒉿𒉢𒋡,,𒄑𒌆𒉿𒉢𒋡,,𒄑𒌆𒉿𒉌。𒎓𒉿,,
gizzu,𒄑𒈪,,,𒄑𒈪,𒄑𒈪,𒄑𒈪,,
gi×tak₄,,𒄂,,𒄂,,,,
giĝ4,,,𒂆,,,,,
giŋ4,𒂆,𒂆,,,,,,
giŋ₄,𒂆,,,𒂆,,𒂆,,
giš,𒄑,,𒄑,𒄑,𒄑,𒄑,,
giš%giš,,𒄒,,𒄒,,,,
giš%giš.za,,𒄒𒍝,,𒄒𒍝,,,,
giš&giš,,𒄒,,𒄒,,,,
giš&giš&giš,,𒄑𒄑𒄑,,𒄑𒄑𒄑,,,,
giš.bad,,𒄑𒁁,,𒄑𒁁,,,,
giš.ban2,,,,,𒄑𒑏,,,
giš.bar,,𒄑𒁇,,𒄑𒁇,𒄑𒁇,,,
giš.bil2,,,,,𒄑𒉋,,,
giš.bil2.ga.mes,,,,,𒄑𒉋𒂵𒈩,,,
giš.bu,,,,,𒄑𒁍,,,
giš.din,,𒄑𒁷,,𒄑𒁷,𒃾,,,
giš.dug.sila3.bur,,,,,"𒄑𒁃,𒄑𒂁𒋡𒁓",,,
giš.dun₃@g.maš,,𒄑𒂆𒈦,,𒄑𒂆𒈦,,,,
giš.gad.kid2,,,,,𒄑𒃰𒋺,,,
giš.gar.umbin,,𒄑𒃻𒌢,,𒄑𒃻𒌢,,,,
giš.gin2.maš,,,,,𒄑𒂅𒈦,,,
giš.ka.kad₄,,𒄑𒅗𒆒,,𒄑𒅗𒆒,,,,
giš.ka.kad₅,,𒄑𒅗𒆓,,𒄑𒅗𒆓,,,,
giš.kad5,,,,,𒄑𒆓,,,
giš.ki.bi,,𒄑𒆠𒁉,,𒄑𒆠𒁉,,,,
giš.ku,,𒄑𒆪,,𒄑𒆪,𒄑𒆪,,,
giš.ku.an,,,,,𒄑𒆪𒀭,,,
giš.ku.bad,,,,,𒄑𒆪𒁁,,,
giš.kul,,𒄑𒆰,,𒄑𒆰,,,,
giš.kušu2,,,,,𒄑𒆵,,,
giš.kušu₂,,𒄑𒆵,,𒄑𒆵,,,,
giš.lu₂,,𒄑𒇽,,𒄑𒇽,,,,
giš.ma₂.ra,,𒄑𒈣𒊏,,𒄑𒈣𒊏,,,,
giš.mi,,𒄑𒈪,,𒄑𒈪,𒄑𒈪,,,
giš.ne,,𒄑𒉈,,𒄑𒉈,𒄑𒉈,,,
giš.ne.ga.mes,,𒄑𒉈𒂵𒈩,,𒄑𒉈𒂵𒈩,𒄑𒉈𒂵𒈩,,,
giš.ne@s,,𒄑𒉋,,𒄑𒉋,,,,
giš.ne@s.ga.me.u.u.u,,𒄑𒉋𒂵𒈨𒌋𒌋𒌋,,𒄑𒉋𒂵𒈨𒌋𒌋𒌋,,,,
giš.ni,,𒄑𒉌,,𒄑𒉌,,,,
giš.nu₁₁,,𒄑𒉢,,𒄑𒉢,,,,
giš.pi.tug2,,,,,𒄑𒉿𒌆,,,
giš.pi.tug₂,,𒄑𒉿𒌆,,𒄑𒉿𒌆,,,,
giš.ru,,𒄑𒊒,,𒄑𒊒,𒄑𒊒,,,
giš.sal.kur,,𒄑𒊩𒆳,,𒄑𒊩𒆳,,,,
giš.tar,,𒄑𒋻,,𒄑𒋻,,,,
giš.tug2.kar,,,,,𒄑𒌆𒋼𒀀,,,
giš.tug2.kar.du,,,,,𒄑𒌆𒋼𒀀𒁺,,,
giš.tug2.pi,,,,,𒄑𒌆𒉿,,,
giš.tug2.pi.kar,,,,,𒄑𒌆𒉿𒋼𒀀,,,
giš.tug2.pi.kar.du,,,,,𒄑𒌆𒉿𒋼𒀀𒁺,,,
giš.tug2.pi.šir.sila3,,,,,𒄑𒌆𒉿𒋓𒋡,,,
giš.tug2.pi.širtenû.sila3,,,,,𒄑𒌆𒉿𒋔𒋡,,,
giš.tug₂.pi,,𒄑𒌆𒉿,,𒄑𒌆𒉿,,,,
giš.tug₂.pi.nu₁₁.sila₃,,𒄑𒌆𒉿𒉢𒋡,,𒄑𒌆𒉿𒉢𒋡,,,,
giš.tug₂.pi.te.a,,𒄑𒌆𒉿𒋼𒀀,,𒄑𒌆𒉿𒋼𒀀,,,,
giš.tug₂.pi.te.a.du,,𒄑𒌆𒉿𒋼𒀀𒁺,,𒄑𒌆𒉿𒋼𒀀𒁺,,,,
giš.tug₂.pi.šir@t.nun,,𒄑𒌆𒉿𒋔𒉣,,𒄑𒌆𒉿𒋔𒉣,,,,
giš.tug₂.te.a,,𒄑𒌆𒋼𒀀,,𒄑𒌆𒋼𒀀,,,,
giš.tug₂.te.a.du,,𒄑𒌆𒋼𒀀𒁺,,𒄑𒌆𒋼𒀀𒁺,,,,
giš.tukul.dingir,,,,,𒄑𒆪𒀭,,,
giš.tukul.idim,,,,,𒄑𒆪𒁁,,,
giš.uš,,,,,𒄑𒍑,,,
giš.šir,,,,,𒄑𒋓,,,
giš.šu.lu₂,,𒄑𒋗𒇽,,𒄑𒋗𒇽,,,,
giš2,,,𒐕,,𒁹,,,
giš3,,,𒍑,,𒍑,,,
giš@t,,𒄕,𒄕,𒄕,,,,
giša,𒄑,,,𒄑,,𒄑,,
gišal,𒄐,,,𒄐,,,,
gišal?,,,,,,𒄐,,
gišbar,𒀣,,𒀣,𒀣,𒀣,𒀣,,
gišbun,𒆠𒁉𒃻,,,𒆠𒁉𒃻,𒆠𒁉𒃻,𒆠𒁉𒃻,,
gišcrossinggiš,,,,,𒄒,,,
gišdu,𒉿,,,𒉿,,𒉿,,
gišdu₂,𒄑𒌆𒉿,,,𒄑𒌆𒉿,,𒄑𒌆𒉿,,
gišdu₃,𒄑𒉿𒌆,,,𒄑𒉿𒌆,,𒄑𒉿𒌆,,
gišgal,𒍇,,𒍇,𒍇,𒍇,𒍇,,
gišgal×igi,,𒍂,,𒍂,,,,
gišgal×urudu,,𒍎,,𒍎,,,,
gišha,𒂷𒄑,,𒂷𒄑,𒂷𒄑,,𒋖𒄑,,
gišhar,𒄓,,,𒄓,,𒄓,,
gišhur,𒆒,,,𒆒,,𒆒,,
gišhurₓ,,,,,,None,,
gišimmar,𒊷,,𒊷,𒊷,𒊷,𒊷,,
gišimmar;,,,𒊷,,,,,
giškad,𒆒,,,𒆒,𒆓,𒆒,,
giškadₓ,𒌈,,,𒌈,,None。𒌈,,
giškim,𒅆𒁾,,𒅆𒁾,𒅆𒁾,𒅆𒁾,𒅆𒁾,,
giškim;,,,𒅆𒁾,,,,,
gišmaš,𒀣,,,𒀣,𒀣,𒀣,,
gišnimbar,𒊷,,,𒊷,𒊷,𒊷,,
gišnu,𒉢,,,𒉢,𒋓𒄑,,,
gišnu2,,,,,𒋓𒅕,,,
gišnu?,,,,,,𒉢,,
gišnu₂,𒉢𒅕,,,𒉢𒅕,,𒉢𒅕,,
gišovergišcrossed,,,,,𒄒,,,
gišta'e,,,𒍟,,,,,
gištae,𒍟,,,𒍟,,𒍟,,
gištaʾe,𒍟,,,𒍟,,𒍟,,
gištaʾe₂,𒍝𒆳,,,𒍝𒆳,,𒍝𒆳,,
gištaʾi,𒍟,,,𒍟,,𒍟,,
gištaʾi₂,𒍝𒆳,,,𒍝𒆳,,𒍝𒆳,,
gišta’e,,,,,𒍟,,,
gišta’e2,,,,,𒍝𒆳,,,
gišta’i,,,,,𒍟,,,
gišta’i2,,,,,𒍝𒆳,,,
gištenû,,,,,𒄕,,,
gištu,𒉿,,,𒉿,,𒉿,,
gištug,𒉿,,,𒉿,,𒉿,,
gištug₂,𒄑𒌆𒉿,,,𒄑𒌆𒉿,,𒄑𒌆𒉿,,
gištug₃,𒄑𒉿𒌆,,,𒄑𒉿𒌆,,𒄑𒉿𒌆,,
gištunuₓ,𒉿,,,𒉿,,𒉿,,
gišturu,𒉺,,,𒉺,𒉺,𒉺,,
gištu₂,𒄑𒌆𒉿,,,𒄑𒌆𒉿,,𒄑𒌆𒉿,,
gištu₃,𒄑𒉿𒌆,,,𒄑𒉿𒌆,,𒄑𒉿𒌆,,
gišxbad,,,,,𒄓,,,
gišxtak4,,,,,𒄔,,,
gišzal,,𒄑𒌆𒉿𒉢𒋡,,𒄑𒌆𒉿𒉢𒋡,,𒄑𒌆𒉿𒎓𒋡,,
giš×bad,,𒄓,,𒄓,,,,
giš×tak₄,,𒄔,,𒄔,,,,
giššir,𒂙,,,𒂙,𒂘。𒂙,𒂙,,
gišḫar,,,,,𒄓。𒆒,,,
gišḫar2,,,,,𒄓,,,
gišḫur,,,,,𒆒。𒆓,,,
giš₂,𒐕,,,𒐕,,𒁹。𒐕,,
giš₃,𒍑,,,𒍑,,𒍑,,
gišₓ,𒌋𒌋,,,𒌋𒌋,,𒊩𒍑。𒎙,,
giṣ,𒄑,,,𒄑,𒄑,,,
giṣ?,,,,,,𒄑,,
giṭ,,,,,𒆤,,,
giṭ2,,,,,𒁍,,,
giṭ₂,𒁍,,,𒁍,,𒁍,,
gi₁₀,𒉋,,,𒉋,,𒉋,,
gi₁₁,𒂆,,,𒂆,,,,
gi₁₁?,,,,,,𒂆,,
gi₁₂,𒊩𒆳,,,𒊩𒆳,,𒊩𒆳,,
gi₁₆,𒄃,,,𒄃,,𒄃,,
gi₁₇,𒈪𒉭,,,𒈪𒉭,,𒍼,,
gi₁₈,𒁶,,,𒁶,,𒁶,,
gi₂,𒆤,,,𒆤,,𒆤,,
gi₂₅,𒂂,,,𒂂,,,,
gi₂₅?,,,,,,𒂂,,
gi₂₇,𒁍,,,𒁍,,𒁍,,
gi₃,𒐕,,,𒐕,,𒁹,,
gi₃?,,,,,,𒐕,,
gi₄,𒄄,,𒄄,𒄄,,𒄄,,
gi₄%gi₄,,𒄆,,𒄆,,,,
gi₄&gi₄,,𒄅,,𒄅,,,,
gi₅,𒆠,,,𒆠,,𒆠,,
gi₆,𒈪,,,𒈪,,𒈪,,
gi₇,𒂠,,𒂠,𒂠,,𒂠,,
gi₈,𒅆,,,𒅆,,𒅆,,
gi₉,𒉈,,,𒉈,,𒉈,,
giₓ?,,,,,,None,,
gu,𒄖,,𒄖,𒄖,𒄖,𒄖,,
gu%gu,,𒄗,𒄗,𒄗,,,,
gu%gu.gu%gu,,𒄗𒄗,,𒄗𒄗,,,,
gu&gu,,𒄖𒄖,,𒄖𒄖,,,,
gu(2),,,𒈫 𒈫,,,,,
gu10,𒈬,𒈬,𒈬,,𒈬,,,
gu11,𒂵,𒂵,,,𒂵,,,
gu13,𒄯,𒄯,,,𒄯,,,
gu14,𒆠,𒆠,,,𒆠,,,
gu15,𒈝,𒈝,,,𒈝,,,
gu16,𒆍,𒆍,,,𒆍,,,
gu2,𒄘,𒄘,𒄘,,𒄘,,,
gu2.gag,,,,,𒄙,,,
gu2.un,,,,,𒄘𒌦,,,
gu2gunû,,,,,𒄝,,,
gu2xgag,,,,,𒄙,,,
gu2xkakxigigunû,,,,,𒄚,,,
gu2xsal.tug2,,,,,𒄜,,,
gu3,𒅗,𒅗,𒅗,,𒅗,,,
gu4,𒄞,𒄞,𒄞,,𒄞,,,
gu4!(bi),,,𒁉,,,,,
gu4(bi),,,𒁉,,,,,
gu4overgu4.lugal,,,,,𒄡,,,
gu4overgu4.na2,,,,,𒀩,,,
gu4xa.kur,,,,,𒄟,,,
gu4xkur,,,,,𒄠,,,
gu5,𒆪,𒆪,𒆪,,𒆪,,,
gu6,𒅘,𒅘,𒅘,,𒅘,,,
gu7,𒅥,𒅥,𒅥,,𒅥,,,
gu7(ka),,,𒅗,,,,,
gu8,𒄣,𒄣,𒄣,,𒄣,,,
gu9,𒆰,𒆰,,,𒆰,,,
gu[b],,,𒁺,,,,,
guana,𒍚𒆜,,,𒍚𒆜,𒍛,𒍚𒆜,,
gub,𒁺,,𒁺,𒁺,𒁺,𒁺,,
gub!,,,𒁺,,,,,
gub2,𒇷,𒇷,𒇷,,𒇷,,,
gub3,𒆏,𒆏,𒆏,,𒆏,,,
gub4,𒉌,𒉌,,,𒉌,,,
gub5,𒆤,𒆤,𒆤,,𒀜𒆤,,,
gub_,,,𒁺,,,,,
guba,𒁺,,,𒁺,𒁺,𒁺,,
guba2,,,,,𒇷,,,
gubalag,𒂯,,,𒂯,𒂯,𒂯,,
gubalaga,𒂯,,,𒂯,,𒂯,,
gubba,,,,,𒁺,,,
gubla,,,,,𒊮,,,
gublaga,𒂯,,,𒂯,𒂯,𒂯,,
gubru,,,,,𒋗𒄨,,,
gubru2,,,,,𒀸,,,
gubru3,,,,,𒄒,,,
gubu,𒁺,,,𒁺,𒁺,𒁺,,
gubu3,𒆏,𒆏,,,𒆏,,,
gubu₃,𒆏,,,𒆏,,𒆏,,
gub₂,𒇷,,,𒇷,,𒇷,,
gub₃,𒆏,,,𒆏,,𒆏,,
gub₄,𒉌,,,𒉌,,𒉌,,
gub₅,𒆤,,,𒆤,,𒆤,,
gucrossinggu,,,,,𒄗,,,
gud,𒄞,,𒄞,𒄞,𒄞,𒄞,,
gud&gud,,𒄞𒄞,,𒄞𒄞,,,,
gud&gud.lugal,,𒄡,,𒄡,,,,
gud.an.na,,𒄞𒀭𒈾,,𒄞𒀭𒈾,,,,
gud.giš×kid₂,,𒓙,,𒓙,,,,
gud10,𒁆,𒁆,𒁆,,𒁆。𒂀,,,
gud2,𒊥,𒊥,𒊥,,𒊥,,,
gud3,𒌑𒆠𒋧𒂵,𒌑𒆠𒋧𒂵,𒌑𒆠𒋧𒂵,,𒌑𒆠𒋧𒂵,,,
gud4,𒋻,𒋻,,,𒋻,,,
gud5,𒃴,𒃴,,,𒃴,,,
gud6,𒈝,𒈝,,,𒈝,,,
gud7,𒆪,𒆪,,,𒆪,,,
gud8,𒆸,𒆸,,,𒆸,,,
gud9,𒋃,𒋃,,,𒋃,,,
guda2,𒄴𒈨,𒄴𒈨,,,,,,
guda2gudu4,,,,,𒄴𒈨,,,
guda3,𒊥,𒊥,,,𒊥,,,
guda₂,𒄴𒈨,,,𒄴𒈨,,𒄴𒈨,,
guda₃,𒊥,,,𒊥,,𒊥,,
gudaₓ,,,,,,None,,
guddaₓ,𒄴𒈨,,,𒄴𒈨,,𒄴𒈨,,
gudedde,𒆊,,,𒆊,,𒆊,,
gudibdim,𒄯,,,𒄯,𒄯,𒄯,,
gudibir,𒋺,,,𒋺,𒋺,𒋺,,
gudibir2,𒆴,𒆴,,,𒆴,,,
gudibir₂,𒆴,,,𒆴,,𒆴,,
gudiddi,𒅝,,,𒅝,,𒅝,,
gudma,𒄞,,,𒄞,𒄞,𒄞,,
gudovergud.lugal,,,,,𒄡,,,
gudu,𒄞,,,𒄞,,𒄞,,
gudu10,𒁆,𒁆,,,𒁆。𒂀,,,
gudu11,𒋨𒈨,𒋨𒈨,,,,,,
gudu12,,,,,𒄴𒈨,,,
gudu2,𒊥,𒊥,,,𒊥,,,
gudu4,𒄴𒈨,𒄴𒈨,𒄴𒈨,,,,,
gudu5,𒊳,𒊳,,,𒊳,,,
guduaₓ,,,,,,𒆧𒀕,,
gudug,𒄴𒈨,,,𒄴𒈨,,𒄴𒈨,,
gudug2,𒋨𒈨,𒋨𒈨,,,,,,
gudug₂,𒋨𒈨,,,𒋨𒈨,,𒋨𒈨,,
gudunₓ,,,,,,𒁆,,
gudu₁₀,𒁆,,,𒁆,,𒁆,,
gudu₁₁,𒋨𒈨,,,𒋨𒈨,,𒋨𒈨,,
gudu₂,𒊥,,,𒊥,,𒊥,,
gudu₄,𒄴𒈨,,,𒄴𒈨,,𒄴𒈨,,
gudu₅,𒊳,,,𒊳,,𒊳,,
guduₓ,𒄴,,,𒄴,,None。𒄴,,
gud×(a.kur),,𒄟,,𒄟,,,,
gud×kur,,𒄠,,𒄠,,,,
gud₁₀,𒁆,,,𒁆,,𒁆,,
gud₂,𒊥,,,𒊥,,𒊥,,
gud₃,𒌑𒆠𒋧𒂵,,,𒌑𒆠𒋧𒂵,,𒌑𒆠𒋧𒂵,,
gud₄,𒋻,,,𒋻,,𒋻,,
gud₅,𒃴,,,𒃴,,𒃴,,
gud₆,𒈝,,,𒈝,,𒈝,,
gud₇,𒆪,,,𒆪,,𒆪,,
gud₈,𒆸,,,𒆸,,𒆸,,
gud₉,𒋃,,,𒋃,,𒋃,,
gudₓ,𒋺,,,𒋺,,𒈖。𒋺,,
gudₓ?,,,,,,𒄴𒈨,,
gueriszi,𒄜,𒄜,,,,,,
gueriši,𒄜,,,𒄜,,𒄜,,
gug,𒍝𒄢,,𒍝𒄢,𒍝𒄢,𒍝𒄢,𒍝𒄢,,
gug2,𒈖,𒈖,𒈖,,𒈖,,,
gug2.bulug3,,,,,𒈖𒉽𒉽,,,
gug2.munu4,,,,,𒈖𒉽𒉽,,,
gug3,𒃻𒈖,𒃻𒈖,,,𒃻𒈖。𒋻,,,
gug4,𒍤𒆸,𒍤𒆸,,,𒌑𒍤𒆸,,,
gug5,𒈙,𒈙,𒈙,,𒈙,,,
gug6,𒅗𒆕,𒅗𒆕,,,𒅗𒆕,,,
gugarid,𒄞,,,𒄞,𒄞,𒄞,,
guggal,𒇻𒄾,,,𒇻𒄾,,𒇻𒄾,,
guggim,𒈮,,𒈮,𒈮,,𒈮,,
guggimₓ,,,,,,𒄈,,
gugim,𒈮,,,𒈮,𒈮,𒈮,,
gugim2,,,,,𒄯,,,
gugina,𒃻𒈖,,,𒃻𒈖,𒃻𒈖,𒃻𒈖,,
gugru,𒃸𒃸,,,𒃸𒃸,,𒃸𒃸,,
gugu,,,,,𒅗𒅗,,,
gugu2,𒂭,𒂭,𒂭,,𒂭,,,
gugumu,𒈝𒈝,,,𒈝𒈝,𒈝𒈝,𒈝𒈝,,
gugu₂,𒂭,,,𒂭,,𒂭,,
gug₂,𒈖,,,𒈖,,𒈖,,
gug₃,𒃻𒈖,,,𒃻𒈖,,𒃻𒈖,,
gug₄,𒍤𒆸,,,𒍤𒆸,,𒍤𒆸,,
gug₅,𒈙,,,𒈙,,𒈘。𒈙,,
gug₆,𒅗𒆕,,,𒅗𒆕,,𒅗𒆕,,
gugₓ,𒍤𒆸,,,𒍤𒆸,,𒀀𒍤。𒃻𒄢𒁕。𒄢。𒅯。𒉺𒋻。𒍤𒀀。𒍤𒆸,,
guhszu,𒋟,𒋟,,,,,,
guhszu2,𒈞𒋙,𒈞𒋙,,,,,,
guhšu,𒋟,,,𒋟,,𒋟,,
guhšu2,,,𒈞𒋙,,,,,
guhšu₂,𒈞𒋙,,,𒈞𒋙,,𒈞𒋙,,
guk,,,,,𒋻,,,
guk2,,,,,𒈖,,,
gukim,𒈮,,,𒈮,𒈮,𒈮,,
gukim2,,,,,𒄯,,,
gukin,𒇐,,𒇐,𒇐,𒇐,𒇐,,
gukin2,𒄳,𒄳,,,𒄭。𒄳,,,
gukin₂,𒄳,,,𒄳,,𒄳,,
gukinₓ,,,,,,𒇧,,
gukiri,𒅿,,,𒅿,,𒅿,,
gukkal,𒇻𒄾,,𒇻𒄾,𒇻𒄾,𒇻𒄾,𒇻𒄾,,
gukkalₓ,,,,,,None,,
gukri,𒅩,,,𒅩,,𒅩,,
gul,𒄢,,𒄢,𒄢,𒄢,𒄢,,
gul.sar,,,,,𒄢𒊬,,,
gul2,𒆰,𒆰,,,𒆰,,,
gul3,𒋼,𒋼,,,𒋼,,,
gulla,𒋼𒇲,,,𒋼𒇲,,𒋼𒇲,,
gulu,𒄢,,,𒄢,𒄢,𒄢,,
gul₂,𒆰,,,𒆰,,𒆰,,
gul₃,𒋼,,,𒋼,,𒋼,,
gum,𒄣,,𒄣,𒄣,𒄣,𒄣,,
gum2,𒈝,𒈝,𒈝,,𒈝,,,
gum2-gum2,𒈞,𒈞,,,,,,
gum2-gum2-kasz4,𒈞𒁽,𒈞𒁽,,,,,,
gum2-gum2-szu2,𒈞𒋙,𒈞𒋙,,,,,,
gum3,𒉈,𒉈,,,𒉈,,,
gum4,𒃵,𒃵,,,,,,
gumgum,𒈞,,𒈞,𒈞,𒈞。𒈞𒋙,𒈞,,
gumgumszu,𒈞𒋙,𒈞𒋙,,,,,,
gumgumšu,𒈞𒋙,,,𒈞𒋙,,𒈞𒋙,,
gumgumₓ,,,,,,𒈞𒁽,,
gumle,𒂫,,,𒂫,,𒂫,,
gumu,𒈝,,,𒈝,𒈝,𒈝,,
gumuš,,,,,𒆪,,,
gum×še,,𒄤,,𒄤,,,,
gum₂,𒈝,,,𒈝,,𒈝,,
gum₂-gum₂,𒈞,,,𒈞,,𒈞,,
gum₂-gum₂-kaš₄,𒈞𒁽,,,𒈞𒁽,,𒈞𒁽,,
gum₂-gum₂-šu₂,𒈞𒋙,,,𒈞𒋙,,𒈞𒋙,,
gum₃,𒉈,,,𒉈,,𒉈,,
gum₄,𒃵,,,𒃵,,𒃵,,
gumₓ,𒄖,,,𒄖,,,,
gumₓ?,,,,,,𒄖,,
gun,𒄘𒌦,,𒄘𒌦,𒄘𒌦,𒄘𒌦,𒄘𒌦,,
gun2,𒄘,𒄘,𒄘,,𒄘,,,
gun3,𒁯,𒁯,𒁯,,𒁯,,,
gun4,𒀕,𒀕,𒀕,,,,,
gun5,𒈝,𒈝,𒈝,,𒈝,,,
guna4,𒀕,𒀕,𒀕,,,,,
guna₄,𒀕,,,𒀕,,𒀕,,
gunidaₓ,,,,,,𒉭,,
gunimₓ,,,,,,𒆹,,
gunin2,𒆹,𒆹,,,𒆹,,,
gunin₂,𒆹,,,𒆹,,𒆹,,
guninₓ,𒇅,,,𒇅,,𒀀𒆪。𒀀𒆹。𒀀𒇉。𒇅,,
gunni,𒆠𒉈,,𒆠𒉈,𒆠𒉈,𒆠𒉈,𒆠𒉈,,
gunniₓ,𒆠𒉈,,,𒆠𒉈,,𒆠𒉋,,
gunnu,,,,,𒋜,,,
gunu3,𒁯,𒁯,𒁯,,𒁯,,,
gunu4,𒀕,𒀕,,,,,,
gunu₃,𒁯,,,𒁯,,𒁯,,
gunu₄,𒀕,,,𒀕,,𒀕,,
gunuₓ,𒋜,,,𒋜,,𒀔。𒄯。𒋜,,
gun₂,𒄘,,,𒄘,,𒄘,,
gun₃,𒁯,,,𒁯,,𒁯,,
gun₄,𒀕,,,𒀕,,𒀕,,
gun₅,𒈝,,,𒈝,,𒈝,,
gunₓ,𒀭𒄷𒈪𒅎,,,𒀭𒄷𒈪𒅎,,𒀔。𒀭𒄷𒈪𒅎。𒄯,,
gup,𒁺,,,𒁺,𒁺,𒁺,,
gup2,𒇷,𒇷,,,𒇷,,,
gup5,𒆤,𒆤,,,,,,
gup₂,𒇷,,,𒇷,,,,
gup₂?,,,,,,𒇷,,
gup₅,𒆤,,,𒆤,,𒆤,,
guq,𒍝𒄢,,,𒍝𒄢,𒍝𒄢,𒍝𒄢,,
gur,𒄥,,𒄥,𒄥,𒄥,𒄥,,
gur10,𒆥,𒆥,𒆥,,𒆥,,,
gur11,𒂵,𒂵,𒂵,,𒂵,,,
gur12,𒉽,𒉽,,,𒉽,,,
gur13,𒉌,𒉌,,,𒉌,,,
gur14,𒄯,𒄯,,,𒄯,,,
gur15,𒌴,𒌴,,,𒌴,,,
gur16,𒆳,𒆳,,,𒆳,,,
gur17,𒄕,𒄕,𒄕,,𒄕,,,
gur18,𒅗,𒅗,,,𒅗,,,
gur19,𒉩𒆠,𒉩𒆠,,,𒉣𒆠。𒉩𒆠,,,
gur2,𒃵,𒃵,𒃵,,,,,
gur21,𒂊𒌈,𒂊𒌈,,,,,,
gur22,𒇉,𒇉,,,𒇉,,,
gur3,𒅍,𒅍,𒅍,,𒅍,,,
gur4,𒆸,𒆸,𒆸,,𒆸,,,
gur5,𒍀,𒍀,𒍀,,𒅫。𒍀,,,
gur6,𒃸,𒃸,,,𒃸,,,
gur7,𒄦,𒄦,𒄦,,𒄦,,,
gur8,𒋽,𒋽,𒋽,,𒋽,,,
gur8.unug,,,,,𒋽𒀕,,,
gur9,𒉒,𒉒,,,𒉒,,,
gur_,,,𒄥,,,,,
gura,𒄥,,,𒄥,,𒄥,,
gura8,𒋽,𒋽,,,𒋽,,,
gura₈,𒋽,,,𒋽,,𒋽,,
gurdaₓ,,,,,,𒄈,,
gurdub,𒃍,,,𒃍,𒃍,𒃍,,
gurdub2,𒃎,𒃎,,,𒃎,,,
gurdub₂,𒃎,,,𒃎,,,,
gurdub₂?,,,,,,𒃎,,
gurgig,,,,,,None,,
gurin,𒄧,,,𒄧,𒄧,𒄧,,
gurinₓ,𒋲,,,𒋲,,None。𒁁𒅆𒁁。𒂁。𒅃。𒅄。𒋲,,
gurmedub,,𒔮,,𒔮,,None,,
gurmi,𒔬,,,𒔬,,𒔨,,
guru,𒄥,,,𒄥,𒄥。𒄧,𒄥,,
guru12,𒌋,𒌋,,,𒌋,,,
guru17,𒄕,𒄕,𒄕,,𒄕,,,
guru19,𒉩𒆠,𒉩𒆠,,,𒉣𒆠。𒉩𒆠,,,
guru2,𒃵,𒃵,,,,,,
guru20,𒄧,𒄧,,,𒄧,,,
guru21,𒂊𒌈,𒂊𒌈,,,𒂊𒌈,,,
guru22,𒇫,𒇫,,,,,,
guru3,𒅍,𒅍,𒅍,,𒅍,,,
guru5,𒍀,𒍀,𒍀,,𒅫。𒍀,,,
guru6,𒃸,𒃸,,,𒃸,,,
guru7,𒄦,𒄦,𒄦,,𒄦,,,
guru7_,,,𒄦,,,,,
guru8,𒋽,𒋽,,,,,,
gurud,𒉩𒆠,,,𒉩𒆠,𒉣𒆠。𒉩𒆠,𒉩𒆠,,
gurud2,𒈈,𒈈,,,𒇽𒆠。𒈈,,,
guruda,𒉩𒆠,,,𒉩𒆠,,𒉣𒆠,,
gurud₂,𒈈,,,𒈈,,𒇽𒆠。𒈈,,
gurum,𒃵,,𒃵,𒃵,,𒃵,,
gurum2,𒅆𒂟,𒅆𒂟,𒅆𒂟,,,,,
gurum5,,,,,𒅫。𒍀,,,
gurum₂,𒅆𒂟,,,𒅆𒂟,,𒅆𒂟,,
gurumₓ,𒅆𒃻,,,𒅆𒃻,,𒄧。𒅆𒃸。𒅆𒃻,,
gurun,𒄧,,𒄧,𒄧,𒄧,𒄧,,
gurun2,𒁁𒅆𒁁,𒁁𒅆𒁁,,,𒁁𒅆𒁁,,,
gurun3,𒆸,𒆸,,,𒆸,,,
gurun4,𒇫,𒇫,,,𒇫,,,
gurun6,,,,,𒆥,,,
gurun7,𒂁,𒂁,𒂁,,𒂁,,,
gurun8,𒁷,𒁷,,,𒁷,,,
gurun₂,𒁁𒅆𒁁,,,𒁁𒅆𒁁,,𒁁𒅆𒁁,,
gurun₃,𒆸,,,𒆸,,,,
gurun₃?,,,,,,𒆸,,
gurun₄,𒇫,,,𒇫,,𒇫,,
gurun₅,,,,,,None,,
gurun₇,𒂁,,,𒂁,,𒂁,,
gurun₈,𒁷,,,𒁷,,𒁷,,
gurunₓ,𒋲,,,𒋲,,𒅃。𒅄。𒋲,,
gurusa,𒆯,,,𒆯,,𒆯,,
gurusz,𒄨,𒄨,𒄨,,,,,
gurusz2,𒆯,𒆯,,,,,,
gurusz3,𒍀,𒍀,𒍀,,,,,
gurusz4,𒋳,𒋳,,,,,,
guruszda,𒆯,𒆯,,,,,,
guruszta,𒆯,𒆯,𒆯,,,,,
guruszti,𒆯,𒆯,,,,,,
gurusztiₓ,𒁲.X,𒁲.X,,,,,,
guruszₓ,𒍑,𒍑,,,,,,
guruš,𒄨,,𒄨,𒄨,𒄨。𒆗,𒄨,,
guruš2,,,,,𒆯。𒍑,,,
guruš3,,,,,𒍀,,,
guruš4,,,,,𒋳,,,
guruš5,,,,,𒍑,,,
gurušda,𒆯,,,𒆯,𒆯,𒆯,,
gurušta,𒆯,,,𒆯,𒆯,𒆯,,
gurušti,𒆯,,,𒆯,𒆯,𒆯,,
guruštiₓ,𒁲.X,𒁲。𒁲.X,,𒁲,,𒁲X,,
guruš₂,𒆯,,,𒆯,,𒆯,,
guruš₃,𒍀,,,𒍀,,𒍀,,
guruš₄,𒋳,,,𒋳,,𒋳,,
gurušₓ,𒍑,,,𒍑,,None。𒍑,,
guru₁₂,𒌋,,,𒌋,,𒌋,,
guru₁₇,𒄕,,,𒄕,,𒄕,,
guru₁₉,𒉩𒆠,,,𒉩𒆠,,𒉩𒆠,,
guru₂,𒃵,,,𒃵,,𒃵,,
guru₂₀,𒄧,,,𒄧,,𒄧,,
guru₂₁,𒂊𒌈,,,𒂊𒌈,,𒂊𒌈,,
guru₂₂,𒇫,,,𒇫,,𒇫,,
guru₃,𒅍,,,𒅍,,𒅍,,
guru₅,𒍀,,,𒍀,,𒅫。𒍀,,
guru₆,𒃸,,,𒃸,,𒃸,,
guru₇,𒄦,,,𒄦,,𒄦。𒋠𒇴𒄴𒈨𒃵,,
guru₈,𒋽,,,𒋽,,𒋽,,
guruₓ,𒅆𒂟,,,𒅆𒂟,,None。𒂁。𒂊𒌈𒃡。𒅆𒂟。𒋠𒄴𒀸𒌋。𒌈。𒍥,,
gur₁₀,𒆥,,𒆥,𒆥,,𒆥,,
gur₁₁,𒂵,,,𒂵,,𒂵,,
gur₁₂,𒉽,,,𒉽,,𒉽,,
gur₁₃,𒉌,,,𒉌,,𒉌,,
gur₁₄,𒄯,,,𒄯,,𒄯,,
gur₁₅,𒌴,,,𒌴,,𒌴,,
gur₁₆,𒆳,,,𒆳,,𒆳,,
gur₁₇,𒄕,,,𒄕,,𒄕,,
gur₁₈,𒅗,,,𒅗,,𒅗,,
gur₁₉,𒉩𒆠,,,𒉩𒆠,,𒉩𒆠,,
gur₂,𒃵,,,𒃵,,𒃵,,
gur₂₁,𒂊𒌈,,,𒂊𒌈,,𒂊𒌈,,
gur₂₂,𒇉,,,𒇉,,𒇉,,
gur₂₃,,𒔦,,𒔦,,𒎑,,
gur₃,𒅍,,,𒅍,,𒅍,,
gur₄,𒆸,,,𒆸,,𒆸,,
gur₅,𒍀,,,𒍀,,𒅫。𒍀,,
gur₆,𒃸,,,𒃸,,𒃸,,
gur₇,𒄦,,,𒄦,,𒄦,,
gur₇&gur₇×an,,𒄦𒄦𒀭,,𒄦𒄦𒀭,,,,
gur₈,𒋽,,𒋽,𒋽,,𒋽,,
gur₉,𒉒,,,𒉒,,𒉒,,
gurₓ,𒊺𒊺𒆥,,,𒊺𒊺𒆥,,None。X𒆥。𒂔。𒄞。𒊺𒆥。𒊺𒆥𒆥。𒊺𒊺𒆥。𒊺𒌴。𒌅。𒌈。𒌋𒂵。𒍥。𒓙。𒓚。𒔲𒆥,,
gusz,𒋢,𒋢,,,,,,
guszkin,𒆬𒄀,𒆬𒄀,,,,,,
guszur,𒃡,𒃡,,,,,,
guszur2,𒊐𒃲,𒊐𒃲,,,,,,
gutir,𒁏,,,𒁏,,𒁏,,
guz,𒈝,,,𒈝,𒈝,𒈝,,
guz2,𒁍,𒁍,,,𒁍,,,
guz3,𒆪,𒆪,,,𒆪,,,
guza,𒆪𒃻,,,𒆪𒃻,𒆪𒃻,𒆪𒃻,,
guziₓ,𒆌,,,𒆌,,𒆌,,
guzumₓ,,,,,,None,,
guzza,𒆪𒃻,,,𒆪𒃻,𒆪𒃻,𒆪𒃻,,
guz₂,𒁍,,,𒁍,,𒁍,,
guz₃,𒆪,,,𒆪,,𒆪,,
guš,𒋢,,,𒋢,𒋢,𒋢,,
guškin,𒆬𒄀,,,𒆬𒄀,𒆬𒄀,𒆬𒄀,,
gušur,𒃡,,,𒃡,𒃡,,,
gušur2,,,,,𒊐𒃲,,,
gušur?,,,,,,𒃡,,
gušur₂,𒊐𒃲,,,𒊐𒃲,,𒊐𒃲,,
gušurₓ,,,,,,𒊐𒈤。𒊐𒌉𒌉,,
guḫšu,,,,,𒈞𒋙𒀀。𒋟,,,
guḫšu2,,,,,𒈞𒋙。𒋟,,,
gu₁₀,𒈬,,𒈬,𒈬,,𒈬,,
gu₁₁,𒂵,,,𒂵,,,,
gu₁₁?,,,,,,𒂵,,
gu₁₃,𒄯,,,𒄯,,,,
gu₁₃?,,,,,,𒄯,,
gu₁₄,𒆠,,,𒆠,,𒆠,,
gu₁₅,𒈝,,,𒈝,,𒈝,,
gu₁₆,𒆍,,,𒆍,,,,
gu₁₆?,,,,,,𒆍,,
gu₂,𒄘,,𒄘,𒄘,,𒄘,,
gu₂.gar₃,,𒄘𒃼,,𒄘𒃼,,,,
gu₂.nunuz,,𒄘𒉭,,𒄘𒉭,,,,
gu₂.un,,𒄘𒌦,,𒄘𒌦,,,,
gu₂@g,,𒄝,,𒄝,,,,
gu₂×(sal.tug₂),,𒄜,,𒄜,,,,
gu₂×kak,,𒄙,,𒄙,,,,
gu₂×kak.giš%giš,,𒄙𒄒,,𒄙𒄒,,,,
gu₂×kak×igi@g,,𒄚,,𒄚,,,,
gu₂×nun,,𒄛,,𒄛,,,,
gu₃,𒅗,,𒅗,𒅗,,𒅗。𒅥,,
gu₄,𒄞,,𒄞,𒄞,,𒄞,,
gu₅,𒆪,,,𒆪,,𒆪,,
gu₆,𒅘,,,𒅘,,,,
gu₆?,,,,,,𒅘,,
gu₇,𒅥,,,𒅥,,𒅥,,
gu₇⁻,,𒅥,,𒅥,,𒅥,,
gu₈,𒄣,,,𒄣,,𒄣,,
gu₉,𒆰,,,𒆰,,𒆰,,
guₓ,𒍀,,,𒍀,,𒁯。𒅝。𒅫。𒉻,,
gàkkul,,,𒌋𒁴,,,,,
gàm,,,𒆛,,,,,
gàr,,,𒃼,,,,,
gá,,,𒂷,,,,,
gáb,,,𒆏,,,,,
gábu,,,𒆏,,,,,
gál,,,𒅅,,,,,
gán,,,𒃷,,,,,
gána,,,𒃷,,,,,
gár,,,𒂶,,,,,
gára,,,𒂶,,,,,
gáraš,,,𒆠𒆘,,,,,
gèštu,,,𒄑𒉿𒌆,,,,,
géme,,,𒊩𒆳,,,,,
gész+u,,,𒄑 𒌑,,,,,
géš,,,𒐕,,,,,
gì,,,𒐕,,,,,
gìm,,,𒊩𒆳,,,,,
gìn,,,𒆳,,,,,
gìr,,,𒄊,,,,,
gìr[,,,𒄊,,,,,
gí,,,𒆤,,,,,
gíbil,,,𒋙𒀾,,,,,
gíd,,,𒁍,,,,,
gídim,,,𒈦𒌋,,,,,
gíl,,,𒆸,,,,,
gím,,,𒂆,,,,,
gín,,,𒂆,,,,,
gír,,,𒄈,,,,,
gít,,,𒁍,,,,,
gù,,,𒅗,,,,,
gùb,,,𒆏,,,,,
gùd,,,𒌑𒆠𒋧𒂵,,,,,
gùn,,,𒁯,,,,,
gùru,,,𒅍,,,,,
gùruš,,,𒍀,,,,,
gú,,,𒄘,,,,,
gúb,,,𒇷,,,,,
gúg,,,𒈖,,,,,
gúr,,,𒃵,,,,,
h]ar,,,𒄯,,,,,
ha,𒄩,,𒄩,𒄩,,𒄩,,
ha he hi hu,,,𒄩 𒄭 𒄭 𒄷,,,,,
ha+,,,𒄩,,,,,
ha+szu2,,,𒄩 𒋙,,,,,
ha.a,,𒄩𒀀,,𒄩𒀀,,,,
ha.nagar.bu,,𒄩𒉄𒁍,,𒄩𒉄𒁍,,,,
ha.zag,,𒄩𒍠,,𒄩𒍠,,,,
ha2,𒄭𒀀,𒄭𒀀,𒄭𒀀,,,,,
ha3,𒌋,𒌋,𒌋,,,,,
ha4,𒄭,𒄭,𒄭,,,,,
ha5,𒌓,𒌓,𒌓,,,,,
ha6,𒄫,𒄫,𒄫,,,,,
ha7,𒂵,𒂵,𒂵,,,,,
ha8,𒂷𒄑,𒂷𒄑,𒂷𒄑,,,,,
ha@g,,𒄫,,𒄫,,,,
ha@t,,𒄪,,𒄪,,,,
ha@t@g,,𒕉,,𒕉,,,,
hab,𒆸,,𒆸,𒆸,,𒆸,,
hab2,𒇥,𒇥,,,,,,
haba,𒆸,,,𒆸,,𒆸,,
habburudaₓ,𒊵,,,𒊵,,𒊰。𒊵,,
habrud,𒆢,,𒆢,𒆢,,𒆢,,
habrud2,𒆡,𒆡,𒆡,,,,,
habrud3,𒊰,𒊰,,,,,,
habrud4,𒊵,𒊵,,,,,,
habruda,𒆢,,,𒆢,,𒆢,,
habruda2,𒆡,𒆡,,,,,,
habruda3,𒊰,𒊰,,,,,,
habruda4,𒊵,𒊵,,,,,,
habruda₂,𒆡,,,𒆡,,𒆡,,
habruda₃,𒊰,,,𒊰,,𒊰,,
habruda₄,𒊵,,,𒊵,,𒊵,,
habrud₂,𒆡,,,𒆡,,𒆡,,
habrud₃,𒊰,,,𒊰,,𒊰,,
habrud₄,𒊵,,,𒊵,,𒊵,,
habur,,,,,,𒆕,,
hab₂,𒇥,,,𒇥,,𒇥,,
had,𒉺,,𒉺,𒉺,,𒉺,,
had2,𒌓,𒌓,𒌓,,,,,
had3,𒊷,𒊷,,,,,,
had4,𒆒,𒆒,,,,,,
hada2,𒌓,𒌓,,,,,,
hada₂,𒌓,,,𒌓,,𒌓,,
had₂,𒌓,,,𒌓,,𒌓,,
had₃,𒊷,,,𒊷,,𒊷,,
had₄,𒆒,,,𒆒,,𒆒,,
hadₓ,,,,,,None。𒆓,,
hahad,𒌓𒌓,,,𒌓𒌓,,𒌓𒌓,,
hahhadₓ,𒌓𒌓,,,𒌓𒌓,,𒌓𒌓,,
haia,𒉄,,,𒉄,,𒉄,,
hal,𒄬,,𒄬,𒄬,,𒄬,,
hal2,𒍮,𒍮,,,,,,
hala,𒄬,,𒄬,𒄬,,𒄬,,
halba,𒈹𒁲,,,𒈹𒁲,,𒈻,,
halba2,𒈹𒁲,𒈹𒁲,,,,,,
halba3,𒍝𒈽,𒍝𒈽,,,,,,
halba4,𒇳𒄬,𒇳𒄬,,,,,,
halba5,𒇳𒍇,𒇳𒍇,,,,,,
halba6,𒈹𒁲,𒈹𒁲,,,,,,
halba₂,𒈹𒁲,,,𒈹𒁲,,𒍝𒈹𒁲,,
halba₃,𒍝𒈽,,,𒍝𒈽,,𒍝𒈽。𒍝𒈽𒁲,,
halba₄,𒇳𒄬,,,𒇳𒄬,,𒇳𒄬,,
halba₅,𒇳𒍇,,,𒇳𒍇,,𒇳𒍇,,
halba₆,𒈹𒁲,,,𒈹𒁲,,𒀀𒈹𒁲,,
halbaₓ,𒍝𒈹,,,𒍝𒈹,,𒀀𒈺𒁲。𒈹𒁲。𒈼。𒍝𒈹,,
halbi,𒈹𒁲,,,𒈹𒁲,,𒈻,,
halbi2,𒈹𒁲,𒈹𒁲,𒍝𒈹𒁲,,,,,
halbi3,𒍝𒈽,𒍝𒈽,,,,,,
halbi4,𒇳𒄬,𒇳𒄬,,,,,,
halbi5,𒇳𒍇,𒇳𒍇,,,,,,
halbi6,𒈹𒁲,𒈹𒁲,,,,,,
halbi₂,𒈹𒁲,,,𒈹𒁲,,𒍝𒈹𒁲,,
halbi₃,𒍝𒈽,,,𒍝𒈽,,𒍝𒈽。𒍝𒈽𒁲,,
halbi₄,𒇳𒄬,,,𒇳𒄬,,𒇳𒄬,,
halbi₅,𒇳𒍇,,,𒇳𒍇,,𒇳𒍇,,
halbi₆,𒈹𒁲,,,𒈹𒁲,,𒀀𒈹𒁲,,
halbiₓ,𒈹𒁲,,,𒈹𒁲,,𒀀𒈺𒁲。𒈹𒁲。𒈼,,
halbu,𒈹𒁲,,,𒈹𒁲,,𒈻,,
halbu2,𒈹𒁲,𒈹𒁲,,,,,,
halbu3,𒍝𒈽,𒍝𒈽,,,,,,
halbu4,𒇳𒄬,𒇳𒄬,,,,,,
halbu5,𒇳𒍇,𒇳𒍇,,,,,,
halbu6,𒈹𒁲,𒈹𒁲,,,,,,
halbu₂,𒈹𒁲,,,𒈹𒁲,,𒍝𒈹𒁲,,
halbu₃,𒍝𒈽,,,𒍝𒈽,,𒍝𒈽。𒍝𒈽𒁲,,
halbu₄,𒇳𒄬,,,𒇳𒄬,,𒇳𒄬,,
halbu₅,𒇳𒍇,,,𒇳𒍇,,𒇳𒍇,,
halbu₆,𒈹𒁲,,,𒈹𒁲,,𒀀𒈹𒁲,,
halib,𒅆𒆳,,,𒅆𒆳,,𒅆𒆳,,
halpa,𒇳𒍇,,,𒇳𒍇,,𒇳𒍇,,
halpi,𒇳𒍇,,,𒇳𒍇,,𒇳𒍇,,
halpia,𒇳𒍇,,,𒇳𒍇,,𒇳𒍇,,
halpiaₓ,𒇳𒄬,,,𒇳𒄬,,𒇳𒄬,,
halpiₓ,𒇳𒄬,,,𒇳𒄬,,𒇳𒄬,,
halubba,𒃑,,𒃑,𒃑,,𒃑,,
halubₓ,𒓇,,,𒓇,,𒓅,,
hal₂,𒍮,,,𒍮,,𒍮,,
hamanzer,𒉺𒅁,,,𒉺𒅁,,𒉺𒅁,,
hamanzerₓ,𒋠𒉺𒅁,,,𒋠𒉺𒅁,,𒋠𒉺𒅁。𒋠𒊕𒉺𒅁,,
hamanzirₓ,𒋠𒉺𒅁,,,𒋠𒉺𒅁,,𒋠𒉺𒅁,,
hamun,𒉃,,,𒉃,,𒉃,,
hamunzirₓ,,,,,,󰁷,,
hamunₓ,,,,,,𒂛。𒅐。𒉀。𒊺𒉀,,
hanburuda,𒆢,,,𒆢,,𒆢,,
hanisz,𒅂,𒅂,,,,,,
hanisz2,𒈗,𒈗,,,,,,
hanisz3,𒉺,𒉺,,,,,,
haniš,𒅂,,,𒅂,,𒅂,,
haniš₂,𒈗,,,𒈗,,𒈗,,
haniš₃,𒉺,,,𒉺,,𒉺,,
hanzalub,𒊮𒄀,,,𒊮𒄀,,𒊮𒄀,,
hap,𒆸,,,𒆸,,𒆸,,
hap2,𒇥,𒇥,,,,,,
hap₂,𒇥,,,𒇥,,𒇥,,
har,𒄯,,𒄯,𒄯,,𒄯,,
har2,𒄞,𒄞,,,,,,
har3,𒈊,𒈊,,,,,,
hara,𒄯,,,𒄯,,𒄯,,
hara2,𒄞,𒄞,,,,,,
hara3,𒈊,𒈊,,,,,,
hara4,𒁚,𒁚,,,,,,
hara5,𒁬,𒁬,,,,,,
hara₂,𒄞,,,𒄞,,,,
hara₂?,,,,,,𒄞,,
hara₃,𒈊,,,𒈊,,𒈊,,
hara₄,𒁚,,,𒁚,,𒁚,,
hara₅,𒁬,,,𒁬,,𒁬,,
haraₓ,𒉸,,,𒉸,,𒁃。𒁛。𒁡。𒁦。𒉭X。𒉯。𒉴。𒉸,,
harranₓ,,,,,,𒆜,,
haru4,𒁚,𒁚,,,,,,
harub,𒁬,,,𒁬,,𒁬,,
haruba,,𒁬,,𒁬,,𒁬,,
harubuₓ,,,,,,𒁬,,
harubₓ,𒉷,,,𒉷,,𒉷,,
haru₄,𒁚,,,𒁚,,𒁚,,
har₂,𒄞,,,𒄞,,𒄞,,
har₃,𒈊,,,𒈊,,𒈊,,
harₓ,𒆢,,,𒆢,,𒁚。𒆢,,
has,𒋻,,𒋻,𒋻,,𒋻,,
"has,",𒋻,𒋻,𒋻,,,,,
"has,2",𒉺,𒉺,,,,,,
has2,𒉺,𒉺,,,,,,
hasz,𒋻,𒋻,𒋻,,,,,
hasz2,𒍨,𒍨,𒍨,,,,,
hasz3,𒌓,𒌓,,,,,,
hasz4,𒍮,𒍮,𒍮,,,,,
haszhur,𒈢,𒈢,𒈢,,,,,
has₂,𒉺,,,𒉺,,𒉺,,
hat,𒉺,,𒉺,𒉺,,𒉺,,
"hat,",𒉺,𒉺,𒉺,,,,,
hata,𒉺,,,𒉺,,𒉺,,
haya,𒉄,,,𒉄,,𒉄,,
haz,𒋻,,𒋻,𒋻,,𒋻,,
haz2,𒉺,𒉺,,,,,,
hazabur,𒌑,,,𒌑,,𒌑,,
haz₂,𒉺,,,𒉺,,𒉺,,
haš,𒋻,,𒋻,𒋻,,𒋻,,
haš2,,,𒍨,,,,,
haš4,,,𒍮,,,,,
hašhur,𒈢,,𒈢,𒈢,,𒈢,,
hašḫur,,,𒈢,,,,,
haš₂,𒍨,,,𒍨,,𒌈𒆑。𒌈𒌍。𒍨,,
haš₃,𒌓,,,𒌓,,𒌓,,
haš₄,𒍮,,,𒍮,,𒍮,,
hašₓ,,,,,,𒌈𒀾,,
haṣ,𒋻,,𒋻,𒋻,,𒋻,,
haṣ₂,𒉺,,,𒉺,,𒉺,,
haṭ,𒉺,,𒉺,𒉺,,𒉺,,
ha⁺,,𒄩,,𒄩,,𒄩,,
ha₂,𒄭𒀀,,,𒄭𒀀,,𒄭𒀀,,
ha₃,𒌋,,,𒌋,,𒌋,,
ha₄,𒄭,,,𒄭,,𒄭,,
ha₅,𒌓,,,𒌓,,𒌓,,
ha₆,𒄫,,,𒄫,,𒄫,,
ha₇,𒂵,,,𒂵,,𒂵,,
ha₈,𒂷𒄑,,,𒂷𒄑,,,,
ha₈?,,,,,,𒋖𒄑,,
haₓ,𒉌,,,𒉌,,𒂶。𒄬。𒉌。𒊙,,
he,𒄭,,𒄭,𒄭,,𒄭,,
he2,𒃶,𒃶,𒃶,,,,,
heburₓ,,,,,,𒆕,,
hegal,𒂼,,,𒂼,,𒂼,,
henbur,𒆕,,𒆕,𒆕,,𒆕,,
henbur2,𒊺𒆕,𒊺𒆕,,,,,,
henbur₂,𒊺𒆕,,,𒊺𒆕,,𒊺𒆕,,
henburₓ,𒅆𒆕,,,𒅆𒆕,,𒄂。𒅆𒆕,,
hendur,𒉺,,𒉺,𒉺,,𒉺,,
henzer,𒅆𒁴,,,𒅆𒁴,,𒅆𒁴,,
henzir,𒅆𒁴,,,𒅆𒁴,,𒅆𒁴,,
her,𒆟,,𒆟,𒆟,,𒆟,,
herₓ,,,,,,𒄯,,
hesz,𒌓,𒌓,,,,,,
hesz2,𒍨,𒍨,,,,,,
hesz5,𒈂,𒈂,,,,,,
heŋal,,𒂼,,𒂼,,𒂼,,
heš,𒌓,,,𒌓,,𒌓,,
heš₂,𒍨,,,𒍨,,𒍨,,
heš₅,𒈂,,,𒈂,,𒈂,,
he₂,𒃶,,,𒃶,,𒃶,,
hi,𒄭,,𒄭,𒄭,,𒄭,,
hi.a,,𒄭𒀀,,𒄭𒀀,,,,
hi.gir₃,,𒄭𒄊,,𒄭𒄊,,,,
hi2,𒃶,𒃶,𒃶,,,,,
hibira,𒀤,,𒀤,𒀤,,𒀤,,
hibis,𒌉𒁹,,,𒌉𒁹,,𒌉𒁹,,
hibis2,𒀨,𒀨,𒀨,,,,,
hibis₂,𒀨,,,𒀨,,𒀨,,
hibiz,𒌉𒁹,,,𒌉𒁹,,𒌉𒁹,,
hibiz2,𒀨,𒀨,,,,,,
hibiz₂,𒀨,,,𒀨,,𒀨,,
hilib,𒅆𒆳,,,𒅆𒆳,,𒅆𒆳,,
hilib2,𒉀,𒉀,,,,,,
hilibu,𒂌,,𒂌,𒂌,,𒂌,,
hilib₂,𒉀,,,𒉀,,𒉀。𒊺𒉀,,
hir,𒆟,,𒆟,𒆟,,𒆟,,
hir2,𒄯,𒄯,𒄯,,,,,
hirim,𒆠𒆗,,,𒆠𒆗,,𒆠𒆗,,
hirin,𒆠𒆗,,,𒆠𒆗,,𒆠𒆗,,
hirin2,𒆯,𒆯,,,,,,
hirin₂,𒆯,,,𒆯,,𒆯,,
hirinₓ,𒆶,,,𒆶,,𒅍。𒆶。𒊫,,
hir₂,𒄯,,,𒄯,,𒄯,,
his,𒌓,,,𒌓,,𒌓,,
hisz,𒌓,𒌓,𒌓,,,,,
hisz2,𒍨,𒍨,,,,,,
hisz3,𒂟,𒂟,,,,,,
hisz4,𒄭𒄊,𒄭𒄊,,,,,,
hiz,𒋻,,,𒋻,,𒋻,,
hi×aš,,𒄮,,𒄮,,,,
hi×aš₂,,𒄯,,𒄯,,,,
hi×aš₂.du,,𒄯𒁺,,𒄯𒁺,,,,
hi×aš₂.hi×aš₂,,𒄯𒄯,,𒄯𒄯,,,,
hi×aš₂.ka×gar,,𒄯𒅥,,𒄯𒅥,,,,
hi×aš₂.sag,,𒄯𒊕,,𒄯𒊕,,,,
hi×bad,,𒄰,,𒄰,,,,
hi×diš,,𒄱,,𒄱,,,,
hi×gad,,𒄲,,𒄲,,,,
hi×kin,,𒄳,,𒄳,,,,
hi×maš,,𒓚,,𒓚,,,,
hi×nun,,𒄴,,𒄴,,,,
hi×nun.kaskal,,𒄴𒆜,,𒄴𒆜,,,,
hi×nun.me,,𒄴𒈨,,𒄴𒈨,,,,
hi×nun.me.u,,𒄴𒈨𒌋,,𒄴𒈨𒌋,,,,
hi×u,,𒄶,,𒄶,,,,
hi×še,,𒄵,,𒄵,,,,
hiš,𒌓,,,𒌓,,𒌓,,
hiš₂,𒍨,,,𒍨,,𒍨,,
hiš₃,𒂟,,,𒂟,,𒎕,,
hiš₄,𒄭𒄊,,,𒄭𒄊,,𒍽,,
hi₂,𒃶,,,𒃶,,𒃶,,
hiₓ,𒋟,,,𒋟,,𒄯。𒋟,,
hu,𒄷,,𒄷,𒄷,,𒄷,,
hu.hi,,𒄷𒄭,,𒄷𒄭,,,,
hu.kak,,𒄷𒆕,,𒄷𒆕,,,,
hu.mi.an.im,,𒄷𒈪𒀭𒅎,,𒄷𒈪𒀭𒅎,,,,
hu.na₂,,𒄷𒈿,,𒄷𒈿,,,,
hu.si,,𒄷𒋛,,𒄷𒋛,,,,
hu.še.erin₂,,𒄷𒊺𒂟,,𒄷𒊺𒂟,,,,
hu2,𒌅,𒌅,,,,,,
hu3,𒌋,𒌋,,,,,,
hu4,𒄯,𒄯,,,,,,
hu5,𒈝,𒈝,,,,,,
hub,𒄽,,𒄽,𒄽,,𒄽,,
hub2,𒄸,𒄸,𒄸,,,,,
hubhub,𒋄,,,𒋄,,𒋄,,
hubhub2,𒋅,𒋅,,,,,,
hubhub₂,𒋅,,,𒋅,,𒋅,,
hubud,𒄊𒋗𒅅,,,𒄊𒋗𒅅,,𒄊𒋗𒅅,,
hubur,𒉯,,,𒉯,,𒉯,,
huburₓ,𒉭,𒁉。𒉭,,𒁉,,𒁉。𒆕。𒉭X,,
hub₂,𒄸,,,𒄸,,𒄸,,
hub₂.du,,𒄸𒁺,,𒄸𒁺,,,,
hub₂×kaskal,,𒄻,,𒄻,,,,
hub₂×ud,,𒄽,,𒄽,,,,
hubₓ,,,,,,𒈝,,
hud,𒉺,,,𒉺,,𒉺,,
hud2,𒌓,𒌓,,,,,,
hud3,𒄰,𒄰,,,,,,
hud4,𒊷,𒊷,,,,,,
hudbu,𒉺𒆕,,,𒉺𒆕,,𒉺𒆕,,
hudusz,𒌅,𒌅,,,,,,
huduš,𒌅,,,𒌅,,𒌅,,
hud₂,𒌓,,,𒌓,,𒌓,,
hud₃,𒄰,,,𒄰,,𒄰,,
hud₄,𒊷,,,𒊷,,𒊷,,
hug,𒂠,,,𒂠,,𒂠,,
huhud,𒌓𒌓,,,𒌓𒌓,,𒌓𒌓,,
huj,,,𒂠,,,,,
hul,𒅆𒌨,,𒅆𒌨,𒅆𒌨,,𒅆𒌨,,
hul2,𒄾,𒄾,𒄾,,,,,
hul3,𒄒,𒄒,,,,,,
hul4,𒅆𒌪,𒅆𒌪,,,,,,
hula,𒅆𒌨,,,𒅆𒌨,,𒅆𒌨,,
hula2,𒄾,𒄾,,,,,,
hula₂,𒄾,,,𒄾,,𒄾,,
hulpad,𒅆𒌨𒊒𒃻,,,𒅆𒌨𒊒𒃻,,,,
hulpad?,,,,,,𒅆𒌨𒊒𒃻,,
hulu,𒅆𒌨,,𒅆𒌨,𒅆𒌨,,𒅆𒌨,,
huluh,𒈛,,𒈛,𒈛,,𒈛,,
hulum,𒁧,,,𒁧,,𒁧,,
hulum2,𒊜,𒊜,,,,,,
hulum3,𒁠,𒁠,,,,,,
hulum₂,𒊜,,,𒊜,,𒊜,,
hulum₃,𒁠,,,𒁠,,𒁠,,
hulumₓ,𒊙,,,𒊙,,,,
hulumₓ?,,,,,,𒊙,,
hul₂,𒄾,,,𒄾,,𒄾,,
hul₃,𒄒,,,𒄒,,𒄒,,
hul₄,𒅆𒌪,,,𒅆𒌪,,𒅆𒌪,,
hulₓ,,,,,,None,,
hum,𒈝,,𒈝,𒈝,,𒈝,,
humu,𒈝,,,𒈝,,𒈝,,
humuh,𒇦,,,𒇦,,𒇦,,
humunzerₓ,,,,,,𒋠𒉺𒅁,,
humurumₓ,,,,,,𒆕,,
humₓ,,,,,,𒉔𒆳,,
hun,𒂠,,𒂠,𒂠,,𒂠,,
hunin,𒁠,,,𒁠,,𒁠,,
hunₓ,,,,,,𒈝,,
hup,𒄽,,,𒄽,,𒄽,,
hup2,𒄸,𒄸,,,,,,
hup₂,𒄸,,,𒄸,,𒄸,,
hur,𒄯,,𒄯,𒄯,,𒄯,,
hurim,𒈾𒊒,,,𒈾𒊒,,,,
hurim?,,,,,,𒈾𒊒,,
hurin,𒈾𒊒,,𒈾𒊒,𒈾𒊒,,𒆠𒆗,,
hurin?,,,,,,𒈾𒊒,,
hurinₓ,𒁆𒀀,,,𒁆𒀀,,𒀀𒄩𒋻𒌓𒁺。𒁆。𒁆𒀀,,
hursag,𒉺𒂅,,,𒉺𒂅,,𒉺𒂅,,
hursaŋ,𒉺𒂅,,,𒉺𒂅,,𒉺𒂅,,
huru,𒄯,,,𒄯,,𒄯,,
hurₓ,,,,,,None。𒁆,,
hus,𒈝,,,𒈝,,𒈝,,
hus2,𒋻,𒋻,,,,,,
husz,𒄭𒄊,𒄭𒄊,𒄭𒄊,,,,,
husz2,𒄊,𒄊,,,,,,
husza,𒄭𒄊,𒄭𒄊,,,,,,
huszuₓ,𒄭𒄊,𒄭𒄊,,,,,,
hus₂,𒋻,,,𒋻,,𒋻,,
hutpu,𒉺𒆕,,,𒉺𒆕,,,,
huya,𒌔,,,𒌔,,𒌔,,
huz,𒈝,,,𒈝,,,,
huz?,,,,,,𒈝,,
huĝ,,,𒂠,,,,,
huŋ,𒂠,,,𒂠,,𒂠,,
huš,𒄭𒄊,,𒄭𒄊,𒄭𒄊,,𒍽,,
huša,𒄭𒄊,,,𒄭𒄊,,𒍽,,
hušuₓ,𒄭𒄊,,,𒄭𒄊,,𒍽,,
huš⁻,,𒄭𒄊,,𒄭𒄊,,𒅆𒆧,,
huš₂,𒄊,,,𒄊,,𒄊,,
hu₂,𒌅,,,𒌅,,𒆭。𒌅,,
hu₃,𒌋,,,𒌋,,𒌋,,
hu₄,𒄯,,,𒄯,,𒄯,,
hu₅,𒈝,,,𒈝,,𒈝,,
huₓ,𒋛,,,𒋛,,𒆪。𒈣。𒊑。𒊙。𒋛,,
há,,,𒄭𒀀,,,,,
hád,,,𒌓,,,,,
hé,,,𒃶,,,,,
húl,,,𒄾,,,,,
i,𒄿,,𒄿,𒄿,𒄿,𒄿,,
i',𒀪,𒀪,𒀪,,,,,
i'2,𒄴,𒄴,,,,,,
i.a,,𒅀,,𒅀,𒅀,,,
i.dib,,,,,𒄿𒁳,,,
i.lu,,𒄿𒇻,,𒄿𒇻,𒄿𒇻,,,
i.lu₂@s.na,,𒄿𒈕𒈾,,𒄿𒈕𒈾,,,,
i10,𒌓𒁺,𒌓𒁺,𒌓𒁺,,𒌓𒁺,,,
i11,𒄭,𒄭,,,𒄭,,,
i12,,,,,𒇷,,,
i14,𒈬,𒈬,𒈬,,𒈬,,,
i15,𒂊,𒂊,𒂊,,𒂊,,,
i16,𒉿,𒉿,,,𒉿,,,
i2,𒐊,𒐊,𒐊,,𒐊,,,
i2’,,,,,𒄴,,,
i3,𒉌,𒉌,𒉌,,𒉌,,,
i3.a,,,,,𒉌𒀀,,,
i3_,,,𒉌,,,,,
i4,𒉌𒌓,𒉌𒌓,𒉌𒌓,,𒉌𒌓,,,
i5,𒅗,𒅗,𒅗,,𒅗,,,
i6,𒌆,𒌆,,,𒆪,,,
i7,𒀀𒇉,𒀀𒇉,𒀀𒇉,,𒀀𒇉,,,
i8,𒇉,𒇉,,,𒇉,,,
i9,𒋖𒄑𒌆,𒋖𒄑𒌆,,,𒋖𒄑𒆪,,,
i@t,,𒄿,,𒄿,,𒄿,,
i[t?,,,𒀉,,,,,
i[t],,,𒀉,,,,,
i[š,,,𒅖,,,,,
i]m,,,𒅎,,,,,
i]s,,,𒄑,,,,,
i_,,,𒄿,,,,,
ia,𒅀,,𒅀,𒅀,𒅀。𒉿,𒅀,,
ia10,𒀀,𒀀,,,𒀀,,,
ia2,𒐊,𒐊,𒐊,,𒐊,,,
ia3,𒉌,𒉌,𒉌,,𒉌,,,
ia4,𒉌𒌓,𒉌𒌓,,,𒉌𒌓,,,
ia5,𒈬,𒈬,𒈬,,𒈬,,,
ia6,,,,,𒉌𒀀,,,
ia7,𒋰𒋰𒀸,𒋰𒋰𒀸,𒋰𒋰𒀸,,𒐃,,,
ia8,𒉿,𒉿,𒉿,,𒉿,,,
ia9,𒀼𒋰,𒀼𒋰,𒀼𒋰,,𒐺𒋰,,,
ia],,,𒅀,,,,,
iauₓ,,,,,,𒇇,,
ia₁₀,𒀀,,,𒀀,,𒀀,,
ia₂,𒐊,,𒐊,𒐊,,𒐊,,
ia₃,𒉌,,,𒉌,,𒉌,,
ia₄,𒉌𒌓,,,𒉌𒌓,,𒎎,,
ia₅,𒈬,,,𒈬,,𒈬,,
ia₇,𒋰𒋰𒀸,,,𒋰𒋰𒀸,,𒋰𒋰𒀸,,
ia₈,𒉿,,,𒉿,,𒉿,,
ia₉,𒀼𒋰,,,𒀼𒋰,,𒀼𒋰,,
ib,𒅁,,𒅁,𒅁,𒅁,𒅁,,
ib2,𒌈,𒌈,𒌈,,𒌈,,,
ibbanunna,𒌓𒄷𒄭𒉣,,,𒌓𒄷𒄭𒉣,𒌓𒄷𒄭𒉣,𒌓𒄷𒄭𒉣,,
ibbanunnaₓ,𒌓𒄷𒄭𒉣,,,𒌓𒄷𒄭𒉣,,𒌓𒄷𒄭𒉣𒈾,,
ibbi,𒅁,,,𒅁,𒅁,𒅁,,
ibbi₂,,𒉈,,𒉈,,𒉈,,
ibbiₓ,𒉈,𒉈,,,,,,
ibila,𒌉𒍑,,𒌉𒍑,𒌉𒍑,𒌉𒍑,𒌉𒍑,,
ibila2,𒌉𒀴,𒌉𒀴,𒌉𒀴,,𒌉𒀴,,,
ibila3,𒌉𒊕,𒌉𒊕,,,𒌉𒊕,,,
ibila4,𒌉,𒌉,,,𒌉𒁹,,,
ibila₂,𒌉𒀴,,,𒌉𒀴,,𒌉𒀴,,
ibila₃,𒌉𒊕,,,𒌉𒊕,,𒌉𒊕,,
ibila₄,𒌉,,,𒌉,,𒌉,,
ibilaₓ,𒌉𒁹,,,𒌉𒁹,,𒌉𒁹。𒌉𒉈,,
ibira,𒅪,,𒅪,𒅪,𒅪,𒅪,,
ibira2,𒅛,𒅛,,,𒅛,,,
ibira₂,𒅛,,,𒅛,,𒅛,,
ib₂,𒌈,,𒌈,𒌈,,𒌈,,
id,𒀉,,𒀉,𒀉,𒀉,𒀉,,
id2,𒀀𒇉,𒀀𒇉,𒀀𒇉,,𒀀𒇉,,,
id3,𒇉,𒇉,𒇉,,𒇉,,,
id4,𒌓𒀭𒋀𒆠,𒌓𒀭𒋀𒆠,𒌓𒀭𒋀𒆠,,𒌓𒀭𒋀𒆠,,,
id5,𒀀,𒀀,𒀀,,𒀀,,,
id6,𒀀𒇉𒃲,𒀀𒇉𒃲,𒀀𒇉𒃲,,𒀀𒇉𒃲,,,
id7,𒀀𒇉𒁲,𒀀𒇉𒁲,𒀀𒇉𒁲,,𒀀𒇉𒁲,,,
id8,𒌗,𒌗,,,,,,
id9,,,,,𒌗𒀭𒋀𒆠,,,
ida2,𒀀𒇉,𒀀𒇉,,,,,,
idarengalₓ,,,,,,𒀀𒇉𒌓𒉣𒆠,,
ida₂,𒀀𒇉,,,𒀀𒇉,,𒀀𒇉,,
iddir,𒀀𒉺𒄐𒉻𒋛𒀀,,,𒀀𒉺𒄐𒉻𒋛𒀀,𒀀𒉺𒄐𒉻𒋛𒀀,,,
iddir?,,,,,,𒀀𒉺𒄐𒉻𒋛𒀀,,
idenₓ,𒂔,,,𒂔,,𒂔,,
idi,𒃟,,,𒃟,𒂐。𒃟,𒃟,,
idi2,𒀉,𒀉,,,𒀉,,,
idi3,𒁕,𒁕,,,𒁕,,,
idigna,𒄘𒃼,,𒄘𒃼,𒄘𒃼,𒈦𒄘𒃼,𒄘𒃼。𒈦𒈿,,
idignu,,,,,𒈦𒄘𒃼,,,
idim,𒅂,,𒅂,𒅂,𒁁。𒅂,𒅂,,
idim&idim.bur,,𒅃,,𒅃,,,,
idimoveridim.bur,,,,,𒅃,,,
idimoveridimsquared,,,,,𒅄,,,
idin,𒁁,,,𒁁,𒁁,𒁁,,
idinₓ,𒁷,,,𒁷,,𒁷。𒂔。𒅂,,
idi₂,𒀉,,,𒀉,,𒀉,,
idi₃,𒁕,,,𒁕,,𒁕,,
idriₓ,,,,,,𒆠𒆪,,
id₂,𒀀𒇉,,,𒀀𒇉,,𒀀𒇉,,
id₃,𒇉,,,𒇉,,𒇉,,
id₄,𒌓𒀭𒋀𒆠,,,𒌓𒀭𒋀𒆠,,𒌓𒀭𒋀𒆠,,
id₅,𒀀,,,𒀀,,,,
id₅?,,,,,,𒀀,,
id₆,𒀀𒇉𒃲,,,𒀀𒇉𒃲,,𒀀𒇉𒃲,,
id₇,𒀀𒇉𒁲,,,𒀀𒇉𒁲,,𒀀𒇉𒁲,,
id₈,𒌗,,,𒌗,,𒌗,,
idₓ,𒌓𒋀𒆠,,,𒌓𒋀𒆠,,𒀀𒁈。𒀀𒆹。𒆹。𒉌。𒌓𒋀𒆠,,
ie,𒅀,,𒅀,𒅀,𒅀,𒅀,,
ig,𒅅,,𒅅,𒅅,𒅅,𒅅,,
ig2,𒂊,𒂊,,,𒂊,,,
ig3,𒉘,𒉘,,,𒉘,,,
iga,𒅅,,,𒅅,𒅅。𒅆𒅅,𒅅,,
igar,𒂍𒋞,,,𒂍𒋞,𒂍𒋞,𒂍𒋞,,
igaₓ,𒅆,,,𒅆,,𒅆,,
igesztu,𒅆𒁺,𒅆𒁺,,,,,,
igeštu,𒅆𒁺,,,𒅆𒁺,𒅆𒁺,𒅆𒁺,,
igi,𒅆,,𒅆,𒅆,𒅆,𒅆,,
igi&igi.šir&šir.ud&ud,,𒅉,,𒅉,,,,
igi.a,,𒅆𒀀,,𒅆𒀀,𒅆𒀀,,,
igi.bi,,𒅆𒁉,,𒅆𒁉,𒅆𒁉,,,
igi.bu,,𒅆𒁍,,𒅆𒁍,𒅆𒁍,,,
igi.dib,,𒅇,,𒅇,𒅇,,,
igi.dim,,𒅆𒁴,,𒅆𒁴,𒅆𒁴,,,
igi.du,,𒅆𒁺,,𒅆𒁺,𒅆𒁺,,,
igi.dub,,𒅆𒁾,,𒅆𒁾,𒅆𒁾,,,
igi.e2,,,,,𒅆𒂍,,,
igi.erim,,,,,𒅆𒂟,,,
igi.erin₂,,𒅆𒂟,,𒅆𒂟,,,,
igi.eš₂,,𒅆𒂠,,𒅆𒂠,,,,
igi.eš₂.du,,𒅆𒂠𒁺,,𒅆𒂠𒁺,,,,
igi.eš₂.du.erin₂,,𒅆𒂠𒁺𒂟,,𒅆𒂠𒁺𒂟,,,,
igi.e₂,,𒅆𒂍,,𒅆𒂍,,,,
igi.ga,,𒅆𒂵,,𒅆𒂵,𒅆𒂵,,,
igi.gag,,,,,𒅆𒆕,,,
igi.gar,,𒅆𒃻,,𒅆𒃻,,,,
igi.ig,,,,,𒅆𒅅,,,
igi.igi,,𒅆𒅆,,𒅆𒅆,𒅆𒅆,,,
igi.kak,,𒅆𒆕,,𒅆𒆕,,,,
igi.kur,,𒅆𒆳,,𒅆𒆳,𒅆𒆳,,,
igi.kur.za,,𒅆𒆳𒍝,,𒅆𒆳𒍝,𒅆𒆳𒍝,,,
igi.min,,𒅆𒈫,,𒅆𒈫,𒅆𒈫,,,
igi.nagar,,𒅆𒉄,,𒅆𒉄,,,,
igi.nagar.bu,,𒅆𒉄𒁍,,𒅆𒉄𒁍,𒅆𒉄𒁍,,,
igi.ri,,𒅈,,𒅈,𒅈,,,
igi.ru,,𒅆𒊒,,𒅆𒊒,𒅆𒊒,,,
igi.tur.tur,,𒅆𒌉𒌉,,𒅆𒌉𒌉,𒅆𒌉𒌉,,,
igi.ur,,𒅆𒌨,,𒅆𒌨,𒅆𒌨,,,
igi.ur.ru.gar,,𒅆𒌨𒊒𒃻,,𒅆𒌨𒊒𒃻,,,,
igi.ur.ru.nig2,,,,,𒅆𒌨𒊒𒃻,,,
igi.ur@s,,𒅆𒌪,,𒅆𒌪,,,,
igi.uršeššig,,,,,𒅆𒌪,,,
igi.zi,,𒅆𒍣,,𒅆𒍣,,,,
igi.še3,,,,,𒅆𒂠,,,
igi.še3.du,,,,,𒅆𒂠𒁺,,,
igi.še3.du.erim,,,,,𒅆𒂠𒁺𒂟,,,
igi2,𒅊,𒅊,,,𒅊,,,
igi3,𒆠𒊕,𒆠𒊕,𒆠𒊕,,𒆠𒊕,,,
igi@g,,𒅊,𒅊,𒅊,,,,
igi@g.alan,,𒅊𒀩,,𒅊𒀩,,,,
igi@g.tak₄.alan,,𒅊𒋺𒀩,,𒅊𒋺𒀩,,,,
igigunuₓ,𒅊,,,𒅊,,𒅊,,
igigunû,,,,,𒅊,,,
igioverigi.široveršir.udoverud,,,,,𒅉,,,
igira,𒅆𒁍,,,𒅆𒁍,𒅆𒁍。𒊕𒉺𒆸,,,
igira2,𒆠𒊕𒊩,𒆠𒊕𒊩,𒆠𒊕𒊩,,𒆠𒊕𒊩。𒆠𒊕𒊩𒄷,,,
igira?,,,,,,𒅆𒁍,,
igira₂,𒆠𒊕𒊩,,,𒆠𒊕𒊩,,𒆠𒊕𒊩,,
igiraₓ,𒆠𒊕𒊩,,,𒆠𒊕𒊩,,𒆠𒅗𒊩。𒊕𒊩,,
igiru,𒆠𒊕𒊩,,,𒆠𒊕𒊩,𒆠𒊕𒊩,𒆠𒊕𒊩,,
igisztu,𒅆𒁺,𒅆𒁺,𒅆𒁺,,,,,
igištu,𒅆𒁺,,,𒅆𒁺,𒅆𒁺,𒅆𒁺,,
igišŋalₓ,,,,,,𒑚,,
igi₂,𒅊,,,𒅊,,𒅊,,
igi₃,𒆠𒊕,,,𒆠𒊕,,,,
igi₃?,,,,,,𒆠𒊕,,
igu,𒅆,,𒅆,𒅆,𒅆,𒅆,,
igì,,,𒆠𒊕,,,,,
ig₂,𒂊,,,𒂊,,𒂊,,
ig₃,𒉘,,,𒉘,,𒉘,,
ih,𒄴,,𒄴,𒄴,,𒄴,,
ih uh,,,𒄴 𒄴,,,,,
ih2,𒀪,𒀪,,,,,,
ih],,,𒄴,,,,,
ih₂,𒀪,,,𒀪,,𒀪,,
ii,𒅀,,𒅀,𒅀,𒅀。𒉿,𒅀,,
ii3,,,,,𒂊,,,
ij3,,,𒉘,,,,,
ija,,,,,𒀀𒀀,,,
ije,,,,,𒀀𒀀,,,
iji,,,,,𒀀𒀀,,,
ijja,,,,,𒀀𒀀,,,
ijje,,,,,𒀀𒀀,,,
ijji,,,,,𒀀𒀀,,,
ijju,,,,,𒀀𒀀,,,
iju,,,,,𒀀𒀀,,,
ik,𒅅,,𒅅,𒅅,𒅅,𒅅,,
ik uk,,,𒅅 𒊌,,,,,
iku,𒃷,,𒃷,𒃷,𒃷,𒃷,,
iku2,𒂽,𒂽,𒂽,,𒂽,,,
iku@c,𒀸,𒀸。𒃷,,𒃷,,𒃷,,
iku@c@v,,𒃷,,𒃷,,𒃷,,
iku@t,,𒃷,,𒃷,,𒃷,,
iku₂,𒂽,,,𒂽,,𒂽,,
ikuₓ,,,,,,𒀸𒃷,,
il,𒅋,,𒅋,𒅋,𒀧。𒅋,𒅋,,
il10,𒀠,𒀠,,,𒀠。𒅋,,,
il2,𒅍,𒅍,𒅍,,𒅍,,,
il2.balag,,,,,𒅍𒂀,,,
il2.dub2,,,,,𒅍𒂀,,,
il2.ma2.balag,,,,,𒅍𒈣𒂀,,,
il2.ma2.dub2,,,,,𒅍𒈣𒂀,,,
il2.ma2.sig7,,,,,𒅍𒈣𒅊,,,
il2_,,,𒅍,,,,,
il3,𒀭,𒀭,𒀭,,𒀭,,,
il4,𒁹,𒁹,,,𒁹,,,
il5,𒂖,𒂖,𒂖,,𒂖,,,
il6,𒀧,𒀧,,,𒀧,,,
il8,𒅌,𒅌,𒅌,,𒅌,,,
il9,𒇸,𒇸,,,𒇸,,,
il],,,𒅋,,,,,
ila,𒀭,,𒀭,𒀭,𒀭,𒀭,,
ila2,𒅍,𒅍,𒅍,,𒅍,,,
ilamma,𒇌,,,𒇌,,,,
ilamma?,,,,,,𒇌,,
ilar,𒊒,,,𒊒,𒊒,𒊒,,
ila₂,𒅍,,,𒅍,,𒅍,,
ilba,𒂷,,,𒂷,𒂷,𒂷,,
ilba2,𒆜𒆳,𒆜𒆳,,,𒆜𒆳,,,
ilba₂,𒆜𒆳,,,𒆜𒆳,,𒆜𒆳,,
ildag,𒋥,,,𒋥,𒋥,𒋥,,
ildag2,𒄟,𒄟,𒄟,,𒀀𒄠。𒄟,,,
ildag3,𒄠,𒄠,,,𒄠,,,
ildag4,𒃿,𒃿,,,𒃿,,,
ildag₂,𒄟,,,𒄟,,𒄟,,
ildag₃,𒄠,,,𒄠,,𒄠,,
ildag₄,𒃿,,,𒃿,,𒃿,,
ildagₓ,𒀀𒄠,,,𒀀𒄠,,,,
ildu,𒅆𒂠𒁺𒂟,,,𒅆𒂠𒁺𒂟,𒅆𒂠𒁺。𒅆𒂠𒁺𒂟,𒅆𒂠𒁺𒂟,,
ildu2,𒅆𒉄𒁍,𒅆𒉄𒁍,,,𒅆𒉄𒁍,,,
ildu3,𒉄𒁍,𒉄𒁍,,,𒉄𒁍,,,
ildum,𒅆𒂠𒁺𒂟,,,𒅆𒂠𒁺𒂟,𒅆𒂠𒁺。𒅆𒂠𒁺𒂟,𒅆𒂠𒁺𒂟,,
ildum2,𒅆𒉄𒁍,𒅆𒉄𒁍,𒅆𒉄𒁍,,𒅆𒉄𒁍,,,
ildum3,𒉄𒁍,𒉄𒁍,𒉄𒁍,,𒉄𒁍,,,
ilduma,𒅆𒂠𒁺𒂟,,,𒅆𒂠𒁺𒂟,,𒅆𒂠𒁺𒂟,,
ilduma2,𒅆𒉄𒁍,𒅆𒉄𒁍,,,𒅆𒉄𒁍,,,
ilduma3,𒉄𒁍,𒉄𒁍,,,𒉄𒁍,,,
ilduma₂,𒅆𒉄𒁍,,,𒅆𒉄𒁍,,𒅆𒉄𒁍,,
ilduma₃,𒉄𒁍,,,𒉄𒁍,,𒉄𒁍,,
ildumma,𒅆𒂠𒁺𒂟,,,𒅆𒂠𒁺𒂟,,𒅆𒂠𒁺𒂟,,
ildumma2,𒅆𒉄𒁍,𒅆𒉄𒁍,,,𒅆𒉄𒁍,,,
ildumma3,𒉄𒁍,𒉄𒁍,,,𒉄𒁍,,,
ildumma₂,𒅆𒉄𒁍,,,𒅆𒉄𒁍,,𒅆𒉄𒁍,,
ildumma₃,𒉄𒁍,,,𒉄𒁍,,𒉄𒁍,,
ildum₂,𒅆𒉄𒁍,,,𒅆𒉄𒁍,,𒅆𒉄𒁍,,
ildum₃,𒉄𒁍,,,𒉄𒁍,,𒉄𒁍,,
ildumₓ,𒉄,,,𒉄,,𒁍。𒁍𒉄𒌝。𒉄。𒌝𒉄𒁍,,
ildu₂,𒅆𒉄𒁍,,,𒅆𒉄𒁍,,𒅆𒉄𒁍,,
ildu₃,𒉄𒁍,,,𒉄𒁍,,𒉄𒁍,,
ilduₓ,𒅆𒉄,,,𒅆𒉄,,𒁍。𒅆𒉄,,
ilha,𒆜𒆳,,,𒆜𒆳,,𒆜𒆳,,
ili,𒀭,,,𒀭,𒀭。𒅋,𒀭,,
ili2,𒅍,𒅍,,,𒅍,,,
ili3,,,,,𒀭,,,
ili5,𒂖,𒂖,,,𒂖,,,
ili6,𒁹,𒁹,,,𒁹,,,
ili7,𒀭𒈨𒌍,𒀭𒈨𒌍,,,𒀭𒈨𒌍,,,
ilimmu,𒑆,,𒑆,𒑆,𒑆,𒑆,,
ilimmu2,𒋰𒋰𒋰𒋰𒀸,𒋰𒋰𒋰𒋰𒀸,,,𒐇,,,
ilimmu3,𒑇,𒑇,,,𒑇,,,
ilimmu4,𒑈,𒑈,𒑈,,𒑳,,,
ilimmu5,,,,,𒑉,,,
ilimmu₂,𒋰𒋰𒋰𒋰𒀸,,,𒋰𒋰𒋰𒋰𒀸,,𒋰𒋰𒋰𒋰𒀸,,
ilimmu₃,𒑇,,,𒑇,,𒑇,,
ilimmu₄,𒑈,,,𒑈,,𒑈,,
ilimmuₓ,𒑉,,,𒑉,,𒐎。𒐔。𒑉,,
ilimₓ,𒐎,,,𒐎,,𒐎,,
ili₂,𒅍,,,𒅍,,𒅍,,
ili₅,𒂖,,,𒂖,,𒂖,,
ili₆,𒁹,,,𒁹,,𒁹,,
ili₇,𒀭𒈨𒌍,,,𒀭𒈨𒌍,,𒀭𒎌,,
iliₓ,𒉌,,,𒉌,,𒈗。𒉌,,
illa,𒉄,,,𒉄,𒉄,𒉄,,
illag,𒆸,,,𒆸,𒆸,𒆸,,
illalₓ,,,,,,𒅍,,
illamma,𒇌,,,𒇌,𒅮。𒇌,𒇌,,
illar,𒊒,,𒊒,𒊒,𒄑𒊒。𒊒,𒊒,,
illat,𒆜𒆳,,𒆜𒆳,𒆜𒆳,𒆜𒆳,𒆜𒆳,,
illatu,𒆜𒆳,,,𒆜𒆳,,,,
illil,𒂗𒆤,,,𒂗𒆤,𒂗𒆤,𒂗𒆤,,
illil2,𒐐,𒐐,,,𒐐,,,
illil₂,𒐐,,,𒐐,,𒐐,,
illu,𒀀𒆗,,,𒀀𒆗,𒀀𒄨,𒀀𒆗,,
illulu,𒊒,,,𒊒,𒄑𒊒。𒊒,𒊒,,
illur,𒊒,,,𒊒,,𒊒,,
illuru,𒊒,,,𒊒,𒄑𒊒。𒊒,𒊒,,
ilu,𒀭,,𒀭,𒀭,𒀭。𒅋,𒀭,,
ilu3,,,,,𒀭,,,
ilumer,𒅎,,,𒅎,,𒅎,,
ilumer2,𒍂,𒍂,,,,,,
ilumer3,𒈜,𒈜,,,,,,
ilumer₂,𒍂,,,𒍂,,𒍂,,
ilumer₃,𒈜,,,𒈜,,𒈜,,
ilxkar2,,,,,𒅌,,,
il×gan₂@t,,𒅌,,𒅌,,,,
ilī,𒉌𒉌,,,𒉌𒉌,,,,
ilḫa,,,,,𒆜𒆳,,,
il₁₀,𒀠,,,𒀠,,𒀠,,
il₂,𒅍,,𒅍,𒅍,,𒅍,,
il₂.dub₂,,𒅍𒂀,,𒅍𒂀,,,,
il₂.ma₂.dub₂,,𒅍𒈣𒂀,,𒅍𒈣𒂀,,,,
il₂.ma₂.igi@g,,𒅍𒈣𒅊,,𒅍𒈣𒅊,,,,
il₃,𒀭,,,𒀭,,𒀭,,
il₄,𒁹,,,𒁹,,𒁹,,
il₅,𒂖,,,𒂖,,𒂖,,
il₆,𒀧,,,𒀧,,𒀧,,
il₈,𒅌,,,𒅌,,𒅌,,
il₉,𒇸,,,𒇸,,,,
il₉?,,,,,,𒇸,,
ilₓ,𒃸,,,𒃸,,𒀠𒊺。𒃸。𒄊。𒆧,,
ilₓ?,,,,,,𒌈,,
im,𒅎,,𒅎,𒅎,𒅎,𒅎,,
im%im,,𒅐,𒅐,𒅐,,,,
im&im,,𒅐,,𒅐,,,,
im.a,,𒅎𒀀,,𒅎𒀀,,,,
im.a.a,,𒅎𒀀𒀀,,𒅎𒀀𒀀,,,,
im.a.an,,𒅎𒀀𒀭,,𒅎𒀀𒀭,𒉎𒀀𒀭,,,
im.aḫ.me.u.gan2,,,,,𒉎𒄴𒈨𒌋𒃷,,,
im.dir,,,,,𒅎𒋛𒀀,,,
im.dub₂,,𒅎𒂀,,𒅎𒂀,,,,
im.dugud,,𒅎𒂂,,𒅎𒂂,𒅎𒂂,,,
im.dun.dun₃@g@g,,𒅎𒂄𒂇,,𒅎𒂄𒂇,,,,
im.dun3@g@g.dun,,𒅎𒂇𒂄,,𒅎𒂇𒂄,,,,
im.gan2.aḫ.me.u,,,,,𒉎𒃷𒄴𒈨𒌋,,,
im.gan₂.hi×nun.me.u,,𒅎𒃷𒄴𒈨𒌋,,𒅎𒃷𒄴𒈨𒌋,,,,
im.hi×nun.me.u.gan₂,,𒅎𒄴𒈨𒌋𒃷,,𒅎𒄴𒈨𒌋𒃷,,,,
im.im.kad₃im.kad₃a,,𒅎𒀀,,𒅎𒀀,,,,
im.kad₃,,𒅎𒆑,,𒅎𒆑,,,,
im.kid2,,,,,𒉎𒋺,,,
im.mi,,,,,𒅎𒈪,,,
im.mir.šul,,,,,𒉎𒂆𒂄,,,
im.na4,,,,,𒉎𒉌𒌓,,,
im.ni.ud,,𒅎𒉌𒌓,,𒅎𒉌𒌓,,,,
im.si.a,,𒅎𒋛𒀀,,𒅎𒋛𒀀,𒅎𒋛𒀀,,,
im.ud,,𒅎𒌓,,𒅎𒌓,,,,
im.šita,,𒅎𒋖,,𒅎𒋖,𒉎𒋖,,,
im.šu2,,,,,𒉎𒋙,,,
im.šul.mir,,,,,𒉎𒂄𒂆,,,
im.šu₂,,𒅎𒋙,,𒅎𒋙,,,,
im2,𒁽,𒁽,𒁽,,𒁽,,,
im3,𒉘,𒉘,,,𒉘,,,
im4,,,,,𒁺。𒅴,,,
im5,𒁼,𒁼,,,𒁼,,,
im6,𒁺,𒁺,,,𒁺,,,
im7,,,,,𒅖𒀀𒋤,,,
im@im,,𒅑,,𒅑,,,,
imcrossingim,,,,,𒅐,,,
imdudu,𒈲,,,𒈲,,𒈲,,
imeriₓ,𒄊,,,𒄊,,𒄊,,
imeₓ,𒅎,𒅎,,,,𒅎,,
imgaga,𒍩𒀀𒀭,,,𒍩𒀀𒀭,𒀾𒀀𒀭,𒍩𒀀𒀭,,
imgaga2,𒍩𒀭𒈾,𒍩𒀭𒈾,,,𒀾𒀭𒈾,,,
imgaga3,𒍩𒀭,𒍩𒀭,𒍩𒀭,,𒀾𒀭,,,
imgaga₂,𒍩𒀭𒈾,,,𒍩𒀭𒈾,,𒍩𒀭𒈾,,
imgaga₃,𒍩𒀭,,,𒍩𒀭,,𒍩𒀭,,
imgagaₓ,𒍩𒀀,,,𒍩𒀀,,𒀾𒀀。𒍩𒀀。𒍩𒀭𒀭,,
imhur2,𒅆𒁉,𒅆𒁉,,,,,,
imhur3,𒅆𒂵,𒅆𒂵,,,,,,
imhur4,𒅆𒀀,𒅆𒀀,,,,,,
imhur₂,𒅆𒁉,,,𒅆𒁉,,𒅆𒁉,,
imhur₃,𒅆𒂵,,,𒅆𒂵,,𒅆𒂵,,
imhur₄,𒅆𒀀,,,𒅆𒀀,,𒅆𒀀,,
imi,𒅎,𒅎,𒅎,,𒅎,𒅎,,
imi2,𒂼,𒂼,,,𒂼,,,
imin,𒅓,,𒅓,𒅓,𒑂,𒅓。𒐌,,
imin2,𒋰𒋰𒋰𒀸,𒋰𒋰𒋰𒀸,𒋰𒋰𒋰𒀸,,𒐅,,,
imin3,𒑁,𒑁,,,𒑁,,,
imina,𒅓,,,𒅓,𒑂,𒅓。𒐌,,
imina2,𒋰𒋰𒋰𒀸,𒋰𒋰𒋰𒀸,,,,,,
imina3,𒀼𒀼𒀸,𒀼𒀼𒀸,,,,,,
imina₂,𒋰𒋰𒋰𒀸,,,𒋰𒋰𒋰𒀸,,𒋰𒋰𒋰𒀸,,
imina₃,𒀼𒀼𒀸,,,𒀼𒀼𒀸,,𒀼𒀼𒀸,,
imin₂,𒋰𒋰𒋰𒀸,,,𒋰𒋰𒋰𒀸,,𒋰𒋰𒋰𒀸,,
imin₃,𒑁,,,𒑁,,𒀼𒀼𒀸。𒑁,,
iminₓ,𒑃,,,𒑃,,𒐌。𒑂。𒑃,,
imi₂,𒂼,,,𒂼,,𒂼,,
imma,𒆉,,,𒆉,𒆉,𒆉,,
imma2,𒅘,𒅘,,,𒅘,,,
imma3,𒅊,𒅊,,,𒅊,,,
immal,𒉦,,,𒉦,𒉥,𒁹𒉣𒇬。𒉥,,
immal2,𒉦,𒉦,𒉦,,𒉦,,,
immal3,𒃻𒋗𒂂,𒃻𒋗𒂂,,,𒃻𒋗𒂂,,,
immalmal,,,,,𒀾𒀀𒀭,,,
immal₂,𒉦,,,𒉦,,𒉦,,
immal₃,𒃻𒋗𒂂,,,𒃻𒋗𒂂,,𒃻𒋗𒂂,,
immalₓ,𒉣𒇬,,,𒉣𒇬,,𒉣𒇬,,
imma₂,𒅘,,,𒅘,,𒅘,,
imma₃,𒅊,,,𒅊,,𒅊,,
immaₓ,𒇋,,,𒇋,,None。𒅊𒅊,,
immaₓ?,,,,,,𒇋,,
immeli,𒅘,,,𒅘,𒅘,,,
immeli?,,,,,,𒅘,,
immen,𒆉,,𒆉,𒆉,𒆉,𒆉,,
immen2,𒅘,𒅘,𒅘,,,,,
immen₂,𒅘,,,𒅘,,𒅘,,
immin,𒆉,,𒆉,𒆉,𒆉,𒆉,,
immin2,𒅘,𒅘,,,𒅘,,,
immindu,𒇌,,,𒇌,𒇌,𒇌,,
immindu2,𒇅,𒇅,,,,,,
immindu₂,𒇅,,,𒇅,,𒇅,,
imminte,𒅷,,𒅷,𒅷,,𒅷,,
immin₂,𒅘,,,𒅘,,𒅘,,
imopposingim,,,,,𒅑,,,
imsquared,,,,,𒅒,,,
imxkid2,,,,,𒅏,,,
imxtak4,,,,,𒅏,,,
im{mušen},,,𒅎 𒄷,,,,,
im×tak₄,,𒅏,,𒅏,,,,
imŋaŋa,𒍩𒀀𒀭,,,𒍩𒀀𒀭,,𒍩𒀀𒀭,,
imŋaŋa2,𒍩𒀭𒈾,𒍩𒀭𒈾,,,,,,
imŋaŋa3,𒍩𒀭,𒍩𒀭,,,,,,
imŋaŋa₂,𒍩𒀭𒈾,,,𒍩𒀭𒈾,,𒍩𒀭𒈾,,
imŋaŋa₃,𒍩𒀭,,,𒍩𒀭,,𒍩𒀭,,
imŋaŋaₓ,𒍩𒀀,,,𒍩𒀀,,𒀾𒀀。𒍩𒀀,,
imḫur2,,,,,𒅆𒁉,,,
imḫur3,,,,,𒅆𒂵,,,
imḫur4,,,,,𒅆𒀀,,,
im₂,𒁽,,,𒁽,,𒁽,,
im₂⁻,,𒁽,,𒁽,,𒁽,,
im₃,𒉘,,,𒉘,,𒉘,,
im₅,𒁼,,,𒁼,,,,
im₅?,,,,,,𒁼,,
im₆,𒁺,,,𒁺,,𒁺,,
imₓ,,,,,,𒅖𒀀𒋤,,
in,𒅔,,𒅔,𒅔,𒅔,𒅔,,
in2,,,,,𒅆,,,
in4,𒂗,𒂗,,,𒂗,,,
in5,𒊩𒌆,𒊩𒌆,,,𒊩𒈠。𒊩𒌆,,,
in6,𒀸,𒀸,,,𒀸,,,
ina,𒀸,,𒀸,𒀸,𒀸,𒀸,,
ina2,𒅆,𒅆,,,𒅆,,,
ina],,,𒀸,,,,,
inana,𒈹,,𒈹,𒈹,,𒈹,,
inanna,𒈹,,𒈹,𒈹,𒈹,𒈹,,
inanna&inanna,,𒈹𒈹,,𒈹𒈹,,,,
inarₓ,,,,,,𒓮,,
ina₂,𒅆,,,𒅆,,𒅆,,
inbir,𒈓,,,𒈓,𒈓,𒈓,,
inbir2,𒇽,𒇽,,,,,,
inbir₂,𒇽,,,𒇽,,𒇽,,
inda,𒉒,,𒉒,𒉒,𒉒,𒉒,,
inda2,𒆹𒋻,𒆹𒋻,,,,,,
inda3,𒃻,𒃻,𒃻,,𒃻,,,
inda4,𒇅,𒇅,,,𒇅,,,
inda5,𒇌,𒇌,,,𒇌,,,
indadili,𒉔,,,𒉔,,𒉔,,
indadilida,𒉕,,,𒉕,,𒉕,,
indagara,𒉖,,,𒉖,𒉖,𒉖,,
indagaraₓ,𒉔,,,𒉔,,,,
indagaraₓ?,,,,,,𒉔,,
indagra,𒉖,,,𒉖,,𒉖,,
inda₂,𒆹𒋻,,,𒆹𒋻,,,,
inda₂?,,,,,,𒆹𒋻,,
inda₃,𒃻,,,𒃻,,𒃻,,
inda₄,𒇅,,,𒇅,,𒇅,,
inda₅,𒇌,,,𒇌,,𒇌,,
ingar,𒂍𒋞,,,𒂍𒋞,𒂍𒋞,𒂍𒋞,,
ini,𒅔,,,𒅔,𒅔,𒅔,,
ini2,𒅆,𒅆,,,𒅆,,,
ini4,𒅆𒈫,𒅆𒈫,,,𒅆𒈫,,,
inim,𒅗,,𒅗,𒅗,𒅗,𒅗,,
inimma,,,,,𒈨𒇷𒂊𒀀,,,
inini,𒈹,,,𒈹,,𒈹,,
ini₂,𒅆,,,𒅆,,𒅆,,
ini₄,𒅆𒈫,,,𒅆𒈫,,𒅆𒈫,,
inmen2,,,,,𒅘,,,
inna,𒁱,,,𒁱,𒁱,𒁱,,
innana,𒈹,,𒈹,𒈹,𒈹,𒈹,,
innin,𒈹,,𒈹,𒈹,𒈹,𒈹,,
innin;,,,𒈹,,,,,
insi,,,,,𒂗𒈨𒇷,,,
insi2,,,,,𒑐𒋼𒋛,,,
insi3,,,,,𒂚𒇷,,,
inszuszinak,𒈹𒂞,𒈹𒂞,,,,,,
inta3,𒃻,𒃻,,,𒃻,,,
inta₃,𒃻,,,𒃻,,,,
inta₃?,,,,,,𒃻,,
inu,,,,,𒅗,,,
inu2,𒅆,𒅆,,,𒅆,,,
inu₂,𒅆,,,𒅆,,𒅆,,
in{ki},,,𒅔 𒆠,,,,,
inšušinak,𒈹𒂞,,,𒈹𒂞,,𒈹𒂞,,
inšušinaₓ,,,,,,𒂞,,
in₄,𒂗,,,𒂗,,𒂗,,
in₅,𒊩𒌆,,,𒊩𒌆,,𒎏,,
in₆,𒀸,,,𒀸,,𒀸,,
ip,𒅁,,𒅁,𒅁,𒅁,𒅁,,
ip2,𒌈,𒌈,,,𒌈,,,
ipig,𒋝,,,𒋝,𒋝,𒋝,,
ip₂,𒌈,,,𒌈,,𒌈,,
iq,𒅅,,𒅅,𒅅,𒅅,𒅅,,
iq!,,,𒅅,,,,,
ir,𒅕,,𒅕,𒅕,𒅕,𒅕,,
ir10,𒁺,𒁺,,,𒁺,,,
ir11,𒀵,𒀵,𒀵,,𒀵,,,
ir13,𒈁,𒈁,,,𒈁,,,
ir17,𒂇,𒂇,,,𒂆,,,
ir2,𒀀𒅆,𒀀𒅆,𒀀𒅆,,𒀀𒅆,,,
ir3,𒀴,𒀴,𒀴,,𒀴,,,
ir4,𒌷,𒌷,,,𒌷,,,
ir5,𒄯,𒄯,,,𒄯,,,
ir6,𒀅,𒀅,𒀅,,𒀅,,,
ir7,𒆜,𒆜,𒆜,,𒆜,,,
ir9,𒄊,𒄊,𒄊,,𒄊,,,
ira2,𒀀𒅆,𒀀𒅆,,,𒀀𒅆,,,
ira₂,𒀀𒅆,,,𒀀𒅆,,𒀀𒅆,,
irbura,𒋺,,,𒋺,𒉫,𒋺,,
irburaₓ,,,,,,𒉫,,
irda,𒀴,,,𒀴,,𒀴,,
ire14,𒅕,𒅕,,,,,,
ire₁₄,𒅕,,,𒅕,,𒅕,,
irgi,𒄊𒍞,,,𒄊𒍞,𒄊𒍞,𒄊𒍞,,
irhan,𒈲,,,𒈲,,𒈲,,
irhandiₓ,𒅪,,,𒅪,,𒅪,,
irhanₓ,,,,,,𒈲𒁷𒌁𒁆,,
iri,𒌷,,𒌷,𒌷,𒅕。𒌷,𒌷,,
iri11,𒀕,𒀕,,,,,,
iri12,𒀊,𒀊,,,𒀊,,,
iri14,𒅕,𒅕,,,,,,
iri4,,,,,𒌷,,,
iri8,𒅂,𒅂,,,𒁁,,,
iri_,,,𒌷,,,,,
irib,𒀿,,,𒀿,𒀿,𒀿,,
irib2,𒇗,𒇗,,,𒇗,,,
iribura,𒉫,,,𒉫,,𒉫,,
irib₂,𒇗,,,𒇗,,𒇗,,
irig,,,,,𒅕,,,
irigal,𒀍,,𒀍,𒀍,,𒀍,,
irigal2,𒀕,𒀕,,,,,,
irigal₂,𒀕,,,𒀕,,𒀕,,
irigal₃,,𒀊,,𒀊,,𒀊,,
irimma,,𒌿,,𒌿,,𒌿,,
irimmaₓ,𒌿,𒌿,,,,,,
irina,𒈸𒀀𒈾,,,𒈸𒀀𒈾,𒈷,𒈸𒀀𒈾,,
irina₃,,𒈕,,𒈕,,𒈕,,
irinaₓ,,,,,,𒋠𒉣,,
iriszeb,𒍁,𒍁,,,,,,
iri{ki},,,𒌷 𒆠,,,,,
irišeb,𒍁,,,𒍁,,𒍁,,
iri₁₁,𒀕,,,𒀕,,𒀕,,
iri₁₂,𒀊,,,𒀊,,𒀊,,
iri₁₄,𒅕,,,𒅕,,𒅕,,
iri₈,𒅂,,,𒅂,,𒅂,,
iriₓ,,,,,,None,,
irkab,𒃻𒅁,,,𒃻𒅁,𒀶,𒃻𒅁,,
irra,,𒄊,,𒄊,,𒄊,,
irsaŋ,,𒆜,,𒆜,,𒆜,,
irtu,𒃮,,𒃮,𒃮,𒃮,𒃮,,
irḫan,,,,,𒈲,,,
ir₁₀,𒁺,,,𒁺,,,,
ir₁₀?,,,,,,𒁺,,
ir₁₁,𒀵,,,𒀵,,𒀵,,
ir₁₃,𒈁,,,𒈁,,𒈁,,
ir₁₇,𒂇,,,𒂇,,𒂇,,
ir₂,𒀀𒅆,,,𒀀𒅆,,𒀀𒅆,,
ir₃,𒀴,,,𒀴,,𒀴,,
ir₄,𒌷,,,𒌷,,𒌷,,
ir₅,𒄯,,,𒄯,,,,
ir₅?,,,,,,𒄯,,
ir₆,𒀅,,,𒀅,,𒀅,,
ir₇,𒆜,,,𒆜,,,,
ir₇?,,,,,,𒆜,,
ir₉,𒄊,,,𒄊,,𒄊,,
irₓ,𒈀𒇲,𒄌。𒈀𒇲,,𒄌,,𒄈。𒄌。𒌵。𒍑,,
irₓ?,,,,,,𒎊,,
is,𒄑,,𒄑,𒄑,𒄑,𒄑,,
"is,",𒄑,𒄑,𒄑,,,,,
"is,2",𒅖,𒅖,,,,,,
"is,3",𒀊,𒀊,,,,,,
"is,u",𒄑,𒄑,,,,,,
is2,𒅖,𒅖,𒅖,,𒅖,,,
is3,𒀊,𒀊,𒀊,,𒀊,,,
is4,,,,,𒀾,,,
is5,𒌍,𒌍,𒌍,,𒌍,,,
isak,,,,,𒑐𒋼𒋛,,,
isi,𒅖,,,𒅖,𒅖,𒅖,,
isi2,𒄢,𒄢,,,𒄢,,,
isi3,𒌋𒀜,𒌋𒀜,,,𒌋𒀜,,,
isib,𒈨,,𒈨,𒈨,𒈨,𒈨,,
isim2,𒄢,𒄢,,,𒄢,,,
isim3,𒌋𒀜,𒌋𒀜,,,𒌋𒀜,,,
isima,𒉽𒅊,,,𒉽𒅊,𒉽𒅊,𒉽𒅊,,
isima4,,,,,𒉽𒅊𒉣𒈨,,,
isimu,𒉽𒅊,,,𒉽𒅊,𒉽𒅊,𒉽𒅊,,
isimu2,𒄢,𒄢,,,𒄢。𒄢𒊬,,,
isimu3,𒌋𒀜,𒌋𒀜,,,𒌋𒀜。𒌋𒀜𒊬,,,
isimu4,𒉽𒅊𒉣𒈨,𒉽𒅊𒉣𒈨,,,,,,
isimud,𒉽𒅊,,𒉽𒅊,𒉽𒅊,,𒉽𒅊,,
isimud4,𒉽𒅊𒉣𒈨,𒉽𒅊𒉣𒈨,,,,,,
isimud₄,𒉽𒅊𒉣𒈨,,,𒉽𒅊𒉣𒈨,,𒉽𒅊𒉣𒈨,,
isimudₓ,,,,,,𒂗𒉽𒅊𒉣𒈨𒂬。𒅆𒌨𒊬。𒉽𒉣𒈨𒂡,,
isimu₂,𒄢,,,𒄢,,𒄢,,
isimu₃,𒌋𒀜,,,𒌋𒀜,,𒌋𒀜,,
isimu₄,𒉽𒅊𒉣𒈨,,,𒉽𒅊𒉣𒈨,,𒉽𒅊𒉣𒈨,,
isim₂,𒄢,,,𒄢,,𒄢,,
isim₃,𒌋𒀜,,,𒌋𒀜,,𒌋𒀜,,
isin,𒉺𒊺,,,𒉺𒊺,𒑐𒊺,𒉺𒊺,,
isin2,𒅔,𒅔,,,𒅔,,,
isina,,𒉺𒊺,,𒉺𒊺,,𒉺𒊺,,
isin₂,𒅔,,,𒅔,,𒅔,,
isinₓ,𒊺𒅆𒌉,,,𒊺𒅆𒌉,,𒊺𒅆𒌉,,
isirₓ,,,,,,𒇒,,
isisz,𒅖,𒅖,,,,,,
isisz2,𒀀𒅆,𒀀𒅆,,,,,,
isisz3,𒀅,𒀅,,,,,,
isiš,𒅖,,,𒅖,𒅖,𒅖,,
isiš2,,,,,𒀀𒅆,,,
isiš3,,,,,𒀅,,,
isiš₂,𒀀𒅆,,,𒀀𒅆,,𒀀𒅆,,
isiš₃,𒀅,,,𒀅,,𒀅,,
isi₂,𒄢,,,𒄢,,𒄢,,
isi₃,𒌋𒀜,,,𒌋𒀜,,𒌋𒀜,,
iski,𒂍,,,𒂍,,𒂍,,
iskim,𒅆𒁾,,,𒅆𒁾,𒅆𒁾,𒅆𒁾,,
isla,,𒊯,,𒊯,,𒊯,,
isli,𒊯,,,𒊯,,𒊯,,
isubuₓ,,,,,,𒀀𒇉𒉽𒈿。𒆛,,
isurugalₓ,,,,,,𒀀𒇉𒌓𒉣𒆠,,
isurungal,𒌓𒉣,,,𒌓𒉣,,𒌓𒉣,,
isz,𒅖,𒅖,𒅖,,,,,
isz10,𒍑,𒍑,𒍑,,,,,
isz11,𒇵,𒇵,𒇵,,,,,
isz2,𒆜,𒆜,𒆜,,,,,
isz3,𒌍,𒌍,𒌍,,,,,
isz4,𒁹,𒁹,𒁹,,,,,
isz5,𒅗,𒅗,𒅗,,,,,
isz6,𒄑,𒄑,𒄑,,,,,
isz7,𒀊,𒀊,𒀊,,,,,
isz8,𒀹,𒀹,𒀹,,,,,
isz9,𒂠,𒂠,𒂠,,,,,
iszdu,𒁼,𒁼,,,,,,
iszdumₓ,𒁼,𒁼,,,,,,
iszgurₓ,𒅎,𒅎,,,,,,
iszhara,𒃌,𒃌,,,,,,
iszhara2,𒊮𒆸,𒊮𒆸,,,,,,
iszhara3,𒆸𒆸,𒆸𒆸,,,,,,
iszhara4,𒃢,𒃢,,,,,,
iszhur4,𒃢,𒃢,,,,,,
iszhuru,𒃌,𒃌,,,,,,
iszhuru2,𒍂,𒍂,,,,,,
iszhuru3,𒃷,𒃷,,,,,,
iszhuru4,𒃢,𒃢,,,,,,
iszhuru5,𒃗,𒃗,,,,,,
iszhurum3,𒃷,𒃷,,,,,,
iszhurum5,𒃗,𒃗,,,,,,
iszi,𒅖,𒅖,𒅖,,,,,
iszi2,𒋙𒀯,𒋙𒀯,,,,,,
iszib,𒈨,𒈨,,,,,,
iszin,𒉺𒊺,𒉺𒊺,,,,,,
iszkila,𒊯,𒊯,,,,,,
iszkili,𒊯,𒊯,,,,,,
iszkur,𒅎,𒅎,𒅎,,,,,
iszla,𒊯,𒊯,,,,,,
iszli,𒊯,𒊯,,,,,,
iszszebu,𒁹𒁹𒁹𒌋𒌋,𒁹𒁹𒁹𒌋𒌋,,,,,,
iszszebuₓ,𒁹𒁹𒁹𒌍,𒁹𒁹𒁹𒌍,,,,,,
isztar,𒈹,𒈹,𒈹,,,,,
isztaran,𒅗𒁲,𒅗𒁲,,,,,,
iszuruengal,𒀀𒇉𒌓𒉣𒆠,𒀀𒇉𒌓𒉣𒆠,,,,,,
is₂,𒅖,,,𒅖,,𒅖,,
is₃,𒀊,,,𒀊,,𒀊,,
is₅,𒌍,,,𒌍,,𒌍,,
isₓ,,,,,,𒇵,,
it,𒀉,,𒀉,𒀉,𒀉,𒀉,,
"it,",𒀉,𒀉,𒀉,,,,,
it2,𒀀𒇉,𒀀𒇉,𒀀𒇉,,𒀀𒇉,,,
it4,𒌓𒀭𒋀𒆠,𒌓𒀭𒋀𒆠,𒌓𒀭𒋀𒆠,,𒌓𒀭𒋀𒆠,,,
it9,,,,,𒌗𒀭𒋀𒆠,,,
ita4,𒀭𒀀𒇉,𒀭𒀀𒇉,,,𒀭𒀀𒇉,,,
ita5,𒀀𒇉,𒀀𒇉,,,𒀀𒇉,,,
ita₄,𒀭𒀀𒇉,,,𒀭𒀀𒇉,,𒀭𒀀𒇉,,
ita₅,𒀀𒇉,,,𒀀𒇉,,𒀀𒇉,,
itaₓ,𒌓𒀭𒋀𒆠,,,𒌓𒀭𒋀𒆠,,𒌓𒀭𒋀𒆠,,
iti,𒌗,,𒌗,𒌗,𒌚,𒌗,,
iti.an.šeš.ki,,,,,𒌗𒀭𒋀𒆠,,,
iti.dingir.nanna,,,,,𒌗𒀭𒋀𒆠,,,
iti.kid,,,,,𒌗𒆤,,,
iti.kušu2,,,,,𒌗𒆵,,,
iti2,𒌛,𒌛,,,𒌛,,,
iti3,𒆜𒌚,𒆜𒌚,,,𒆜𒌓。𒆜𒌚,,,
iti4,𒀭𒀀𒇉,𒀭𒀀𒇉,,,𒀭𒀀𒇉,,,
iti5,𒀀𒇉,𒀀𒇉,,,𒀀𒇉,,,
iti6,𒌓𒀭𒋀𒆠,𒌓𒀭𒋀𒆠,𒌓𒀭𒋀𒆠,,𒌓𒀭𒋀𒆠,,,
iti7,𒌗𒀭𒋀𒆠,𒌗𒀭𒋀𒆠,,,𒌗𒀭𒋀𒆠,,,
itid,𒌗,,𒌗,𒌗,,𒌗,,
itid2,𒌛,𒌛,,,,,,
itid₂,𒌛,,,𒌛,,𒌛,,
itigunû,,,,,𒌘,,,
itim,𒃟,,𒃟,𒃟,,𒃟,,
itima,𒃟,,𒃟,𒃟,𒂐。𒃟,𒃟,,
itima2,𒌖,𒌖,,,𒌖,,,
itima{ma},,,𒃟 𒈠,,,,,
itima₂,𒌖,,,𒌖,,𒌖,,
itimaₓ,𒂐,,,𒂐,,𒂍𒈪。𒂐,,
itinₓ,,,,,,𒁷,,
itixbad,,,,,𒌛,,,
iti₂,𒌛,,,𒌛,,𒌛,,
iti₃,𒆜𒌚,,,𒆜𒌚,,𒆜𒌚,,
iti₄,𒀭𒀀𒇉,,,𒀭𒀀𒇉,,𒀭𒀀𒇉,,
iti₅,𒀀𒇉,,,𒀀𒇉,,𒀀𒇉,,
iti₆,𒌓𒀭𒋀𒆠,,,𒌓𒀭𒋀𒆠,,,,
iti₆?,,,,,,𒌓𒀭𒋀𒆠,,
iti₇,𒌗𒀭𒋀𒆠,,,𒌗𒀭𒋀𒆠,,,,
iti₇?,,,,,,𒌗𒀭𒋀𒆠,,
itiₓ,𒌓𒋀𒆠,,,𒌓𒋀𒆠,,None。𒌓𒋀𒆠。𒌕。𒌚,,
itu,𒌗,,𒌗,𒌗,,𒌗,,
itu2,𒌛,𒌛,,,𒌛,,,
itu4,𒀭𒀀𒇉,𒀭𒀀𒇉,,,𒀭𒀀𒇉,,,
itu5,𒀀𒇉,𒀀𒇉,,,𒀀𒇉,,,
itud,𒌗,,,𒌗,,𒌗,,
itud2,𒌛,𒌛,,,,,,
itud₂,𒌛,,,𒌛,,𒌛,,
itudₓ,𒌚,,,𒌚,,𒌓𒀭𒋀𒆠。𒌕。𒌚,,
iturungal,,,,,𒌓𒉣,,,
itu₂,𒌛,,,𒌛,,𒌛,,
itu₄,𒀭𒀀𒇉,,,𒀭𒀀𒇉,,𒀭𒀀𒇉,,
itu₅,𒀀𒇉,,,𒀀𒇉,,𒀀𒇉,,
it₂,𒀀𒇉,,,𒀀𒇉,,𒀀𒇉,,
it₄,𒌓𒀭𒋀𒆠,,,𒌓𒀭𒋀𒆠,,𒌓𒀭𒋀𒆠,,
iu,𒅀,,𒅀,𒅀,𒅀。𒉿,𒅀,,
iu2,𒉿,𒉿,,,𒉿,,,
iu₂,𒉿,,,𒉿,,𒉿,,
iw,𒉿,,𒉿,𒉿,𒉿,𒉿,,
ix,,,𒇉𒀀,,,,,
iya,𒀀𒀀,,,𒀀𒀀,𒀀𒀀,𒀀𒀀,,
iye,,,,,𒀀𒀀,,,
iyi,𒀀𒀀,,,𒀀𒀀,𒀀𒀀,𒀀𒀀,,
iyu,𒀀𒀀,,,𒀀𒀀,𒀀𒀀,𒀀𒀀,,
iyya,𒀀𒀀,,,𒀀𒀀,𒀀𒀀,𒀀𒀀,,
iyye,,,,,𒀀𒀀,,,
iyyi,𒀀𒀀,,,𒀀𒀀,𒀀𒀀,𒀀𒀀,,
iyyu,𒀀𒀀,,,𒀀𒀀,𒀀𒀀,𒀀𒀀,,
iz,𒄑,,𒄑,𒄑,𒄑,𒄑,,
iz2,𒅖,𒅖,,,𒅖,,,
iz3,𒀊,𒀊,,,𒀊,,,
izen,𒂡,,,𒂡,𒂡,𒂡,,
izi,𒉈,,𒉈,𒉈,𒉈,𒉈,,
izi2,𒆠𒉈,𒆠𒉈,,,𒆠𒉈,,,
izib,,,,,𒈨,,,
izid,𒂠,,,𒂠,,𒂠,,
izim,𒂡,,𒂡,𒂡,,𒂡,,
izin,𒂡,,,𒂡,𒂡,𒂡,,
izi₂,𒆠𒉈,,,𒆠𒉈,,𒆠𒉈,,
izkim,𒅆𒁾,,,𒅆𒁾,𒅆𒁾,𒅆𒁾,,
izu,𒉈,,,𒉈,𒉈,𒉈,,
izun,𒂡,,,𒂡,𒂡,𒂡,,
iz₂,𒅖,,,𒅖,,𒅖,,
iz₃,𒀊,,,𒀊,,𒀊,,
iá,,,𒐊,,,,,
iŋ3,𒉘,𒉘,,,,,,
iŋ₃,𒉘,,,𒉘,,𒉘,,
iś,𒅖,,,𒅖,𒅖,,,
iś7,,,,,𒀊,,,
iš,𒅖,,𒅖,𒅖,𒅖,𒅖,,
iš.a.sud,,,,,𒅖𒀀𒋤,,,
iš.uruda,,𒅖𒍏,,𒅖𒍏,,,,
iš.urudu,,,,,𒅖𒍏,,,
iš10,,,,,𒍑,,,
iš11,,,𒇵,,𒇵,,,
iš12,,,,,𒇴,,,
iš2,,,,,𒆜,,,
iš3,,,,,𒌍,,,
iš4,,,,,𒁹,,,
iš5,,,,,𒅗,,,
iš6,,,,,𒄑,,,
iš7,,,,,𒀊,,,
iš8,,,𒀹,,𒀹。𒌋,,,
iš9,,,,,𒂠,,,
išdayaₓ,,,,,,𒍂。𒍇,,
išdu,𒁼,,,𒁼,,,,
išdumₓ,𒁼,,,𒁼,,𒁼,,
išgurₓ,𒅎,𒅎,,,,𒅎,,
išhara,𒃌,,,𒃌,,𒃌,,
išhara₂,𒊮𒆸,,,𒊮𒆸,,𒊮𒆸,,
išhara₃,𒆸𒆸,,,𒆸𒆸,,𒆸𒆸,,
išhara₄,𒃢,,,𒃢,,𒃢,,
išharaₓ,,,,,,None,,
išhuru,𒃌,,,𒃌,,𒃌,,
išhuru5,,,𒃗,,,,,
išhurum₃,𒃷,,,𒃷,,𒃷,,
išhurum₅,𒃗,,,𒃗,,𒃗,,
išhuru₂,𒍂,,,𒍂,,𒍂,,
išhuru₃,𒃷,,,𒃷,,𒃷,,
išhuru₄,𒃢,,,𒃢,,𒃢,,
išhuru₅,𒃗,,,𒃗,,𒃗,,
išhur₄,𒃢,,,𒃢,,𒃢,,
iši,𒅖,,,𒅖,𒅖,𒅖,,
iši2,,,,,𒋙𒀯,,,
išib,𒈨,,𒈨,𒈨,𒈨,𒈨,,
išin,𒉺𒊺,,,𒉺𒊺,𒑐𒊺,𒉺𒊺,,
iši₂,𒋙𒀯,,,𒋙𒀯,,𒋙𒀭。𒋙𒀯,,
iškila,𒊯,,,𒊯,𒊯,,,
iškila?,,,,,,𒊯,,
iškilaₓ,,,,,,𒊮,,
iškili,𒊯,,,𒊯,𒊯,,,
iškili?,,,,,,𒊯,,
iškilla,,,,,𒊯,,,
iškur,𒅎,,𒅎,𒅎,𒅎,𒅎,,
išla,𒊯,,,𒊯,𒊯,𒊯,,
išli,𒊯,,,𒊯,𒊯,𒊯,,
ištar,𒈹,,𒈹,𒈹,,𒈹,,
ištaran,𒅗𒁲,,,𒅗𒁲,𒅗𒁲,𒅗𒁲,,
ištaranₓ,,,,,,𒁲𒋻。𒅆𒍝𒈽,,
išuruengal,𒀀𒇉𒌓𒉣𒆠,,,𒀀𒇉𒌓𒉣𒆠,,𒀀𒇉𒌓𒉣𒆠,,
iššebu,𒁹𒁹𒁹𒌋𒌋,,𒁹𒁹𒁹𒌋𒌋,𒁹𒁹𒁹𒌋𒌋,,𒁹𒁹𒁹𒎙,,
iššebuₓ,𒁹𒁹𒁹𒌍,,,𒁹𒁹𒁹𒌍,,𒁹𒁹𒁹𒌍,,
išḫara,,,,,𒂏。𒃌。𒃢,,,
išḫara2,,,,,𒊮𒆸,,,
išḫara4,,,,,𒃢,,,
išḫur4,,,,,𒃢,,,
išḫuru,,,,,𒂏。𒃌,,,
išḫuru2,,,,,𒍂,,,
išḫuru3,,,,,𒃷,,,
išḫuru5,,,,,𒃗,,,
išḫurum3,,,,,𒃷,,,
išḫurum5,,,,,𒃗,,,
iš₁₀,𒍑,,,𒍑,,𒍑,,
iš₁₁,𒇵,,,𒇵,,𒇵,,
iš₂,𒆜,,,𒆜,,𒆜,,
iš₃,𒌍,,,𒌍,,𒌍,,
iš₄,𒁹,,,𒁹,,𒁹,,
iš₅,𒅗,,,𒅗,,𒅗,,
iš₆,𒄑,,,𒄑,,𒄑,,
iš₇,𒀊,,,𒀊,,𒀊,,
iš₈,𒀹,,,𒀹,,𒀹,,
iš₉,𒂠,,,𒂠,,𒂠,,
iʾ,𒀪,,𒀪,𒀪,,𒀪,,
iʾ₂,𒄴,,,𒄴,,,,
iʾ₂?,,,,,,𒄴,,
iḫ,,,𒄴,,𒄴,,,
iḫ2,,,,,𒀪,,,
iṣ,𒄑,,𒄑,𒄑,𒄑,𒄑,,
iṣ2,,,,,𒅖,,,
iṣ3,,,,,𒀊,,,
iṣu,𒄑,,,𒄑,,,,
iṣ₂,𒅖,,,𒅖,,𒅖,,
iṣ₃,𒀊,,,𒀊,,𒀊,,
iṭ,𒀉,,𒀉,𒀉,𒀉,𒀉,,
i’,,,,,𒀪,,,
i₁₀,𒌓𒁺,,,𒌓𒁺,,,,
i₁₀?,,,,,,𒌓𒁺,,
i₁₁,𒄭,,,𒄭,,𒄭,,
i₁₄,𒈬,,,𒈬,,𒈬,,
i₁₅,𒂊,,,𒂊,,,,
i₁₅?,,,,,,𒂊,,
i₁₆,𒉿,,,𒉿,,𒉿,,
i₂,𒐊,,,𒐊,,𒐊,,
i₃,𒉌,,𒉌,𒉌,,𒉌,,
i₄,𒉌𒌓,,,𒉌𒌓,,𒎎,,
i₅,𒅗,,,𒅗,,𒅗,,
i₆,𒌆,,,𒌆,,𒌆,,
i₇,𒀀𒇉,,,𒀀𒇉,,𒀀𒇉,,
i₈,𒇉,,,𒇉,,𒇉,,
i₉,𒋖𒄑𒌆,,,𒋖𒄑𒌆,,𒋖𒄑𒌆,,
iₓ,𒇉𒀀,,,𒇉𒀀,,𒀀𒆹。𒂦。𒆹。𒇉𒀀。𒐋,,
j,,,Ŋ。ŋ,,,,,
ja,,,,,𒉿,,,
ja2,,,𒂷,,,,,
jal2,,,𒅅,,,,,
jal2/pisz10,,,𒅅 𒆠𒀀,,,,,
jar,,,𒃻,,,,,
jar7,,,𒈥,,,,,
jar8,,,𒋞,,,,,
jarza,,,𒉺𒀭,,,,,
je,,,,,𒉿,,,
je26,,,𒂷,,,,,
je6,,,𒈪,,,,,
jedru/jidru,,,𒉺 𒉺,,,,,
jen,,,𒁺,,,,,
jesz,,,𒄑,,,,,
jesz2,,,𒐕,,,,,
jesz3,,,𒍑,,,,,
jeszbun,,,𒆠𒁉𒃻,,,,,
jeszpa,,,𒊒,,,,,
jesztin,,,𒃾,,,,,
jesztug2,,,𒄑𒌆𒉿,,,,,
ji,,,,,𒉿,,,
ji2,,,,,𒅀,,,
ji3,,,,,𒂊,,,
ji6,,,𒈪,,,,,
jidru,,,𒉺,,,,,
jir2,,,𒄈,,,,,
jir3,,,𒄊,,,,,
jiri2,,,𒄈,,,,,
jiri3,,,𒄊,,,,,
jisal,,,𒄐,,,,,
jissu,,,𒄑𒈪,,,,,
jisz,,,𒄑,,,,,
jiš,,,𒄑,,,,,
ju,,,,,𒉿,,,
ju10,,,𒈬,,,,,
jurusz,,,𒄨,,,,,
k[a,,,𒅗,,,,,
k[a],,,𒅗,,,,,
k[ar],,,𒋼𒀀,,,,,
k[i,,,𒆠,,,,,
k]i,,,𒆠,,,,,
k]u,,,𒆪,,,,,
k]á,,,𒆍,,,,,
ka,𒅗,,𒅗,𒅗,𒅗,𒅗,,
ka ke ki ku,,,𒅗 𒆠 𒆠 𒆪,,,,,
ka&ka,,𒅗𒅗,,𒅗𒅗,,,,
ka...,𒂼.X,𒂼。𒂼.X,,𒂼,,,,
ka.an,,𒅗𒀭,,𒅗𒀭,,,,
ka.an.ni.si,,𒅗𒀭𒉌𒋛,,𒅗𒀭𒉌𒋛,𒅗𒀭𒉌𒋛,,,
ka.an.ra,,𒅗𒀭𒊏,,𒅗𒀭𒊏,,,,
ka.balag.ga₂.te.a.du@s.za.na,,𒅗𒁆𒂷𒋼𒀀𒁽𒍝𒈾,,𒅗𒁆𒂷𒋼𒀀𒁽𒍝𒈾,,,,
ka.di,,𒅗𒁲,,𒅗𒁲,𒅗𒁲,,,
ka.gag,,,,,𒅗𒆕,,,
ka.hi,,𒅗𒄭,,𒅗𒄭,,,,
ka.hi.ga,,𒅗𒄭𒂵,,𒅗𒄭𒂵,,,,
ka.ka,,𒅗𒅗,,𒅗𒅗,𒅗𒅗,,,
ka.kak,,𒅗𒆕,,𒅗𒆕,,,,
ka.u₂,,𒅗𒌑,,𒅗𒌑,,,,
ka.šu,,𒅗𒋗,,𒅗𒋗,,,,
ka.ḫi,,,,,𒅗𒄭,,,
ka10,𒈜𒀀,𒈜𒀀,𒈜𒀀,,𒃰。𒈜𒀀,,,
ka11,𒋼𒀀,𒋼𒀀,,,𒋼𒀀,,,
ka13,𒄰,𒄰,𒄰,,𒄰,,,
ka14,𒍪,𒍪,,,𒍪,,,
ka15,𒆕,𒆕,,,𒆕,,,
ka16,,,,,,,,
ka2,𒆍,𒆍,𒆍,,𒆍,,,
ka2.gal,,,,,𒆍𒃲,,,
ka2crossingka2,,,,,𒆎,,,
ka3,𒂵,𒂵,𒂵,,𒂵,,,
ka4,𒋡,𒋡,𒋡,,𒋡,,,
ka5,𒈜,𒈜,𒈜,,𒈜,,,
ka6,𒉾,𒉾,,,,,,
ka7,𒁽,𒁽,,,𒁽,,,
ka8,𒁉,𒁉,,,𒁉,,,
ka9,𒋃,𒋃,𒋃,,𒋃,,,
kab,𒆏,,𒆏,𒆏,𒆏,𒆏,,
kab.bu,,𒆏𒁍,,𒆏𒁍,,,,
kab.uš,,𒆏𒍑,,𒆏𒍑,,,,
kab2,𒅘,𒅘,𒅘,,𒅘,,,
kabar,𒉺𒁖,,,𒉺𒁖,𒑐𒁣,𒉺𒁣,,
kabar2,𒁣,𒁣,,,,,,
kabar₂,𒁣,,,𒁣,,𒁣,,
kabarₓ,,,,,,𒉺𒁛,,
kabta,𒋯,,,𒋯,𒋮。𒋯,𒋯,,
kab₂,𒅘,,,𒅘,,𒅘,,
kabₓ,𒊖,,,𒊖,,None。𒅮。𒊖,,
kad,𒃰,,𒃰,𒃰,𒃰,𒃰,,
kad2,𒆐,𒆐,𒆐,,𒆐,,,
kad3,𒆑,𒆑,𒆑,,𒆑,,,
kad4,𒆒,𒆒,𒆒,,𒆒,,,
kad4.kad4,,,,,𒆒𒆒,,,
kad5,𒆓,𒆓,𒆓,,𒆓,,,
kad5.kad5,,,,,𒆓𒆓,,,
kad5overkad5,,,,,𒆔,,,
kad6,𒍦,𒍦,,,𒍦,,,
kad7,,,,,𒆒𒋙,,,
kad8,𒀽,𒀽,,,𒀽,,,
kadra,𒃻𒊮𒀀,,𒃻𒊮𒀀,𒃻𒊮𒀀,𒃻𒊮𒀀,𒃻𒊮𒀀,,
kadra2,𒃻𒊮,𒃻𒊮,,,𒃻𒊮,,,
kadra3,𒃻𒊯,𒃻𒊯,,,𒃻𒊯,,,
kadra₂,𒃻𒊮,,,𒃻𒊮,,,,
kadra₂?,,,,,,𒃻𒊮,,
kadra₃,𒃻𒊯,,,𒃻𒊯,,𒃻𒊯,,
kadraₓ,𒊮𒀀,,,𒊮𒀀,,𒊮𒀀,,
kadri,𒃻𒊮𒀀,,,𒃻𒊮𒀀,𒃻𒊮𒀀,𒃻𒊮𒀀,,
kadri3,𒃻𒊯,𒃻𒊯,,,𒃻𒊯,,,
kadri₃,𒃻𒊯,,,𒃻𒊯,,𒃻𒊯,,
kadru,𒃻𒊮𒀀,,,𒃻𒊮𒀀,𒃻𒊮𒀀,𒃻𒊮𒀀,,
kadru3,𒃻𒊯,𒃻𒊯,,,𒃻𒊯,,,
kadru₃,𒃻𒊯,,,𒃻𒊯,,𒃻𒊯,,
kad₂,𒆐,,,𒆐,,𒆐,,
kad₃,𒆑,,,𒆑,,𒆑,,
kad₃.kad₃,,𒆑𒆑,,𒆑𒆑,,,,
kad₄,𒆒,,,𒆒,,𒆒,,
kad₄.kad₄.kad₅,,𒆒𒆒𒆓,,𒆒𒆒𒆓,,,,
kad₅,𒆓,,,𒆓,,𒆓,,
kad₅&kad₅,,𒆔,,𒆔,,,,
kad₅&kad₅.kad₅&kad₅,,𒆔𒆔,,𒆔𒆔,,,,
kad₅.kad₅,,𒆓𒆓,,𒆓𒆓,,,,
kad₆,𒍦,,,𒍦,,𒍦,,
kad₈,𒀽,,,𒀽,,𒀽,,
kadₓ,,,,,,None,,
kag,,,,,𒆕,,,
kag2,𒅗,𒅗,,,𒅗,,,
kagar,𒅅,,,𒅅,,𒅅,,
kageškaraₓ,,,,,,𒄑𒅗𒆑。𒄑𒅗𒆒。𒄑𒅗𒆓,,
kag₂,𒅗,,,𒅗,,𒅗,,
kak,𒆕,,𒆕,𒆕,𒆕,𒆕,,
kak&kak,,𒆕𒆕,,𒆕𒆕,,,,
kak.giš,,𒆕𒄑,,𒆕𒄑,,,,
kak.tar,,𒆕𒋻,,𒆕𒋻,,,,
kak2,𒅗,𒅗,,,𒄑𒆪,,,
kakala,,,,,𒆯,,,
kakkala,𒆯,,,𒆯,,𒆯,,
kakkuda,𒆯,,,𒆯,𒆯,𒆯,,
kakkul,𒌋𒁵,,,𒌋𒁵,,𒌋𒁵,,
kakkul2,𒁵,𒁵,,,𒁵,,,
kakkul3,𒌋𒁴,𒌋𒁴,,,𒌋𒁴,,,
kakkula,𒆯,,,𒆯,,𒆯,,
kakkul₂,𒁵,,,𒁵,,𒁵,,
kakkul₃,𒌋𒁴,,,𒌋𒁴,,𒌋𒁴,,
kakkusza,𒆯,𒆯,,,,,,
kakkusₓ,,,,,,𒆪,,
kakkuša,𒆯,,,𒆯,𒆯,𒆯,,
kakra,𒅎,𒅎,,,𒅎,𒅎,,
kakru,𒅎,𒅎,,,𒅎,𒅎,,
kaku,𒁽,,,𒁽,𒁽,𒁽,,
kakxigigunû,,,,,𒆖,,,
kak₂,𒅗,,,𒅗,,𒅗,,
kal,𒆗,,𒆗,𒆗,𒄨,𒆗,,
kal!,,,𒆗,,,,,
kal%kal,,𒆙,𒆙,𒆙,,,,
kal.edin,,𒆗𒂔,,𒆗𒂔,,,,
kal2,𒃲,𒃲,𒃲,,𒃲,,,
kal3,𒆕,𒆕,,,𒆕,,,
kal4,𒊩,𒊩,,,𒊩,,,
kala,𒆗,,𒆗,𒆗,𒄨,𒆗,,
kala10,𒇂,𒇂,,,,,,
kala2,𒊩𒆷,𒊩𒆷,,,𒊩𒆷,,,
kala3,𒇥,𒇥,,,𒇥,,,
kala4,𒆽,𒆽,,,𒆽,,,
kala5,𒇏,𒇏,,,𒇏,,,
kalabₓ,,,,,,𒌨,,
kalag,𒆗,,𒆗,𒆗,𒄨,𒆗,,
kalaga,𒆗,,,𒆗,𒄨,𒆗,,
kalam,𒌦,,𒌦,𒌦,𒌦,𒌧,,
kalam2,𒄵,𒄵,,,𒄵,,,
kalama,𒌦,,𒌦,𒌦,𒌦,𒌧,,
kalam₂,𒄵,,,𒄵,,,,
kalam₂?,,,,,,𒄵,,
kalamₓ,𒌧,,,𒌧,,𒌦,,
kala₁₀,𒇂,,,𒇂,,𒇂,,
kala₂,𒊩𒆷,,,𒊩𒆷,,𒊩𒆷,,
kala₃,𒇥,,,𒇥,,𒇥,,
kala₄,𒆽,,,𒆽,,𒆽,,
kala₅,𒇏,,,𒇏,,𒇏,,
kalaₓ,𒃷,,,𒃷,,𒃷。𒅤,,
kalbu,𒌨,,𒌨,𒌨,,,,
kalbuₓ,,,,,,𒆠𒇴,,
kalcrossingkal,,,,,𒆙,,,
kalga,𒆗,,,𒆗,,𒆗,,
kalxbad,,,,,𒆘,,,
kal×bad,,𒆘,,𒆘,,,,
kal₂,𒃲,,,𒃲,,𒃲,,
kal₃,𒆕,,,𒆕,,𒆕,,
kal₄,𒊩,,,𒊩,,𒊩,,
kam,𒄰,,𒄰,𒄰,𒄭𒁁。𒄰,𒄰,,
kam2,𒆚,𒆚,𒆚,,,,,
kam3,𒆒,𒆒,𒆒,,𒆒。𒆓,,,
kam4,𒆛,𒆛,,,𒆛,,,
kam@v,,,,,,󰁦,,
kam_,,,𒄰,,,,,
kama,𒄰,,𒄰,𒄰,𒄰,𒄰,,
kama5,𒈃,𒈃,,,𒇽𒄰。𒈃,,,
kama6,𒈕,𒈕,,,,,,
kamad,,𒇽𒃶,,𒇽𒃶,,𒇽𒃶,,
kamad₂,,,,,,𒈗𒃶,,
kamaru,,,,,,𒈔,,
kamasz,𒁽,𒁽,,,,,,
kamat,𒈕,,,𒈕,,,,
kamaš,𒁽,,,𒁽,𒁽,𒁽,,
kama₅,𒈃,,,𒈃,,𒇽𒄭𒁁。𒈃,,
kama₆,𒈕,,,𒈕,,𒇽𒃶,,
kamaₓ,,,,,,𒇽𒄰,,
kamusz,𒄞,𒄞,,,,,,
kamuš,𒄞,,,𒄞,𒄞,𒄞,,
kamv,,,,,𒆚,,,
kam~v,,,,,,𒆚,,
kam₂,𒆚,,,𒆚,,𒆚,,
kam₃,𒆒,,,𒆒,,𒆒,,
kam₄,𒆛,,𒆛,𒆛,,𒆛,,
kamₓ,𒋺,,,𒋺,,None。𒃶。𒆓。𒋺,,
kan,𒃶,,𒃶,𒃶,𒃶,𒃶,,
kan2,𒃷,𒃷,𒃷,,𒃷,,,
kan3,𒊝,𒊝,𒊝,,𒊝,,,
kan4,𒆍,𒆍,𒆍,,𒅸。𒆍,,,
kan5,𒊝,𒊝,,,𒅸,,,
kan6,𒅤,𒅤,,,𒅤,,,
kana,𒃶,,,𒃶,𒃶,𒃶,,
kana2,𒃷,𒃷,,,𒃷,,,
kana3,𒊝,𒊝,,,𒊝,,,
kana5,𒊝,𒊝,,,𒅸,,,
kana6,𒅤,𒅤,,,𒅤,,,
kana7,𒄕,𒄕,,,𒄕,,,
kanam,𒌦,,,𒌦,𒌦,𒌧,,
kanaŋ,𒌦,,,𒌦,,𒌧,,
kana₂,𒃷,,,𒃷,,𒃷,,
kana₃,𒊝,,,𒊝,,𒊝,,
kana₅,𒊝,,,𒊝,,𒅸,,
kana₆,𒅤,,,𒅤,,𒅤,,
kana₇,𒄕,,,𒄕,,𒄕,,
kanaₓ,,,,,,𒅮,,
kankal,𒆠𒆗,,𒆠𒆗,𒆠𒆗,𒆠𒄨,𒆠𒆗,,
kankalₓ,,,,,,𒆠𒌓,,
kankan,𒆍,,𒆍,𒆍,𒆍,𒆍,,
kan₂,𒃷,,,𒃷,,𒃷,,
kan₃,𒊝,,,𒊝,,𒊝,,
kan₄,𒆍,,,𒆍,,𒆍,,
kan₅,𒊝,,,𒊝,,𒅸,,
kan₆,𒅤,,,𒅤,,𒅤,,
kap,𒆏,,𒆏,𒆏,𒆏,𒆏,,
kap2,,,,,𒃮,,,
kap3,,,,,𒃮,,,
kapa,𒆏,,,𒆏,,𒆏,,
kapar,𒉺𒁖,,,𒉺𒁖,𒑐𒁣,𒉺𒁣,,
kapara3,𒈔,𒈔,,,,,,
kapara₃,𒈔,,,𒈔,,𒈔,,
kapru,,,,,𒍉,,,
kaptu,𒂂,,,𒂂,𒂂,𒂂,,
kap₀,,,,,,𒍯,,
kap₃,,,,,,𒃮,,
kaq,𒆕,,,𒆕,𒆕,𒆕,,
kar,𒋼𒀀,,𒋼𒀀,𒋼𒀀,𒋼𒀀,𒋼𒀀,,
kar2,𒃸,𒃸,𒃸,,𒃸,,,
kar3,𒃼,𒃼,𒃼,,𒃼,,,
kar4,𒄫,𒄫,,,𒄫,,,
kar5,𒃻,𒃻,,,𒃻,,,
kar],,,𒋼𒀀,,,,,
kara,𒋼𒀀,,,𒋼𒀀,𒋼𒀀,𒋼𒀀,,
kara2,𒃸,𒃸,𒃸,,𒃸,,,
kara4,𒆒,𒆒,,,𒆒。𒆓,,,
kara6,𒄦,𒄦,𒄦,,𒄦,,,
karadin,𒌄,,𒌄,𒌄,𒊺𒁓。𒌄,𒌄,,
karadin10,𒌎,𒌎,,,𒌎,,,
karadin2,𒊼,𒊼,𒊼,,𒊼,,,
karadin3,𒊽,𒊽,𒊽,,𒊽,,,
karadin4,𒌃𒆸𒆸,𒌃𒆸𒆸,,,𒌃𒆸𒆸,,,
karadin5,𒆸𒆸,𒆸𒆸,,,𒄀𒆸𒆸,,,
karadin6,𒌃,𒌃,,,𒌃,,,
karadin9,𒌏,𒌏,,,𒌏,,,
karadin₁₀,𒌎,,,𒌎,,𒌎,,
karadin₂,𒊼,,,𒊼,,𒊼,,
karadin₃,𒊽,,,𒊽,,𒊽,,
karadin₄,𒌃𒆸𒆸,,,𒌃𒆸𒆸,,𒌃𒆸𒆸,,
karadin₅,𒆸𒆸,,,𒆸𒆸,,𒆸𒆸,,
karadin₆,𒌃,,,𒌃,,,,
karadin₆?,,,,,,𒌃,,
karadin₇,,,,,,𒔲XX,,
karadin₈,,,,,,𒔲X,,
karadin₉,𒌏,,,𒌏,,𒌏,,
karam,𒃫,,,𒃫,,𒃫,,
karasz,𒆠𒆘,𒆠𒆘,,,,,,
karasz2,𒆠𒆗,𒆠𒆗,,,,,,
karaszₓ,𒈔,𒈔,,,,,,
karaš,𒆠𒆘,,𒆠𒆘,𒆠𒆘,𒆠𒄨𒁁。𒆠𒆘,𒆠𒆘,,
karaš2,,,,,𒆠𒄨,,,
karaš₂,𒆠𒆗,,,𒆠𒆗,,𒆠𒆗,,
karašₓ,𒈔,,,𒈔,,𒆠𒆗𒁁𒅂,,
karašₓ?,,,,,,𒈔,,
kara₂,𒃸,,,𒃸,,𒃸,,
kara₄,𒆒,,,𒆒,,𒆒,,
kara₆,𒄦,,,𒄦,,𒄦,,
karaₓ,𒍥,,,𒍥,,None。𒆓。𒍥。󰁤,,
karkar,𒅎,,,𒅎,𒅎,𒅎,,
karkara,𒅎,,,𒅎,𒅎,𒅎,,
karkidₓ,,,,,,𒊩𒍑,,
kar₂,𒃸,,,𒃸,,𒃸,,
kar₃,𒃼,,,𒃼,,𒃼,,
kar₄,𒄫,,,𒄫,,𒄫,,
kar₅,𒃻,,,𒃻,,𒃻,,
karₓ,𒆒,,,𒆒,,None。𒂠。𒃷。𒆓。𒋼。𒍥。󰁤,,
karₓ?,,,,,,𒆒,,
kas,𒆜,,𒆜,𒆜,𒆜,𒆜,,
"kas,2",𒁉,𒁉,,,,,,
"kas,3",𒄤,𒄤,,,,,,
kas2,𒁉,𒁉,𒁉,,𒁉,,,
kas3,𒄤,𒄤,𒄤,,𒄤,,,
kas4,𒁽,𒁽,,,𒁽,,,
kas5,𒁼,𒁼,,,𒁼,,,
kas6,𒄣,𒄣,,,𒄣,,,
kas7,𒋃,𒋃,,,𒋃,,,
kasa,𒆜,,,𒆜,𒆜,𒆜,,
kasbi,,,,,𒌑,,,
kaskal,𒆜,,𒆜,𒆜,𒆜,𒆜,,
kaskal.(lagab×u)&(lagab×u),,𒆝,,𒆝,,,,
kaskal.6(diš),,𒆜𒐋,,𒆜𒐋,,,,
kaskal.aš3,,,,,𒆜𒐋,,,
kaskal.aḫ,,,,,𒆜𒄴,,,
kaskal.bu,,𒆜𒁍,,𒆜𒁍,𒆜𒁍,,,
kaskal.bu.da,,,,,𒆜𒁍𒁕,,,
kaskal.ga,,𒆜𒂵,,𒆜𒂵,𒆜𒂵,,,
kaskal.hi×nun,,𒆜𒄴,,𒆜𒄴,,,,
kaskal.iti,,,,,𒆜𒌚,,,
kaskal.kur,,𒆜𒆳,,𒆜𒆳,𒆜𒆳,,,
kaskal.lagab,,𒆜𒆸,,𒆜𒆸,𒆜𒆸,,,
kaskal.lagab×u,,𒆜𒇥,,𒆜𒇥,,,,
kaskal.tul2,,,,,𒆜𒇥,,,
kaskal.tul2overtul2,,,,,𒆝,,,
kaskal.ud,,,,,𒆜𒌓,,,
kaskal.ud@s,,𒆜𒌚,,𒆜𒌚,,,,
kaskaloverkaskal.tul2overtul2,,,,,𒆞,,,
kasz,𒁉,𒁉,𒁉,,,,,
kasz-bir8,𒁉𒀀𒋤,𒁉𒀀𒋤,,,,,,
kasz2,𒆜,𒆜,𒆜,,,,,
kasz3,𒍒,𒍒,,,,,,
kasz4,𒁽,𒁽,𒁽,,,,,
kasz5,𒁺,𒁺,,,,,,
kasz6,𒄤,𒄤,,,,,,
kaszbir,𒁉𒀀𒋤,𒁉𒀀𒋤,,,,,,
kaszbirₓ,𒀀𒋤,𒀀𒋤,,,,,,
kaszszeba,𒈗,𒈗,,,,,,
kaszszeba2,𒀩,𒀩,,,,,,
kaszszeba3,𒄡,𒄡,,,,,,
kaszszebi,𒈗,𒈗,,,,,,
kaszszebi2,𒀩,𒀩,,,,,,
kaszszebi3,𒄡,𒄡,,,,,,
kas₂,𒁉,,,𒁉,,𒁉,,
kas₃,𒄤,,,𒄤,,𒄤,,
kas₄,𒁽,,,𒁽,,𒁽,,
kas₅,𒁼,,,𒁼,,𒁼,,
kas₆,𒄣,,,𒄣,,𒄣,,
kas₇,𒋃,,,𒋃,,𒋃,,
kat,𒃰,,𒃰,𒃰,𒃰,𒃰,,
kat2,𒆐,𒆐,𒆐,,𒆐,,,
kat3,𒆑,𒆑,𒆑,,𒆑,,,
kat4,𒆒,𒆒,,,𒆒,,,
kat5,𒆓,𒆓,,,𒆓,,,
kat6,,,,,𒋗,,,
kat7,𒋗,𒋗,,,𒋗,,,
kata3,𒆑,𒆑,,,𒆑,,,
kata₃,𒆑,,,𒆑,,𒆑,,
kat₂,𒆐,,,𒆐,,𒆐,,
kat₃,𒆑,,,𒆑,,𒆑,,
kat₄,𒆒,,,𒆒,,𒆒,,
kat₅,𒆓,,,𒆓,,𒆓,,
kat₇,𒋗,,,𒋗,,𒋗,,
kaxa,,,,,𒅘,,,
kaxad,,,,,𒅙,,,
kaxad.ku3,,,,,𒅚,,,
kaxad.kug,,,,,𒅚,,,
kaxaš2,,,,,𒅛,,,
kaxbad,,,,,𒅜,,,
kaxbalag,,,,,𒅝,,,
kaxbar,,,,,𒅞,,,
kaxbi,,,,,𒅟,,,
kaxdub2,,,,,𒅝,,,
kaxerim,,,,,𒅠,,,
kaxerin2,,,,,𒅠,,,
kaxga,,,,,𒅢,,,
kaxgag,,,,,𒅯,,,
kaxgal,,,,,𒅣,,,
kaxgar.ša3.a,,,,,𒅦,,,
kaxgi,,,,,𒅧,,,
kaxgir2,,,,,𒅨,,,
kaxgiš.sar,,,,,𒅩,,,
kaxgu,,,,,𒅫,,,
kaxgur7,,,,,𒅬,,,
kaxigi,,,,,𒅭,,,
kaxim,,,,,𒅮,,,
kaxkadra,,,,,𒅦,,,
kaxkak,,,,,𒅯,,,
kaxkar2,,,,,𒅤,,,
kaxki,,,,,𒅰,,,
kaxkib,,,,,𒅪,,,
kaxkid,,,,,𒅱,,,
kaxku,,,,,𒅡,,,
kaxli,,,,,𒅲,,,
kaxlu,,,,,𒅳,,,
kaxmaš,,,,,𒅞,,,
kaxme,,,,,𒅴,,,
kaxme.du,,,,,𒅵,,,
kaxme.gi,,,,,𒅶,,,
kaxme.te,,,,,𒅷,,,
kaxmi,,,,,𒅸,,,
kaxmi.nunuz,,,,,𒅹,,,
kaxne,,,,,𒅺,,,
kaxnig2,,,,,𒅥,,,
kaxnig2.ša3.a,,,,,𒅦,,,
kaxnun,,,,,𒅻,,,
kaxpi,,,,,𒅼,,,
kaxru,,,,,𒅽,,,
kaxsa,,,,,𒅾,,,
kaxsar,,,,,𒅿,,,
kaxsig,,,,,𒆄,,,
kaxsuḫur,,,,,𒆅,,,
kaxtar,,,,,𒆆,,,
kaxu,,,,,𒆇,,,
kaxu2,,,,,𒆈,,,
kaxud,,,,,𒆉,,,
kaxud-bar,𒆉𒁇,𒆉𒁇,,𒆉𒁇,,,,
kaxud.bar,,,,,𒆉𒁇,,,
kaxumumxpa,,,,,𒆊,,,
kaxuš,,,,,𒆋,,,
kaxzi,,,,,𒆌,,,
kaxša,,,,,𒆀,,,
kaxše,,,,,𒆁,,,
kaxše3,,,,,𒅡,,,
kaxšid,,,,,𒆂,,,
kaxšu,,,,,𒆃,,,
kaxšu.zur8,,,,,𒆃𒊭,,,
kaxₓ,,,,,,𒂼X,,
kaz,𒄤,,,𒄤,𒄮,𒄤,,
kaz0,𒆜,𒆜,,,,,,
kaz2,,,,,𒌓。𒌓𒄯,,,
kaz8,𒄮,𒄮,,,𒄮,,,
kaz9,𒌓𒄯,𒌓𒄯,,,𒌓𒄯,,,
kazab,𒌑,,,𒌑,𒌑,𒌑,,
kazab2,,,,,𒌑,,,
kazabu,𒌑,,,𒌑,𒌑,𒌑,,
kazabur,𒌑,,,𒌑,𒌑,𒌑,,
kazaza,𒄮,,,𒄮,𒄮,𒄮,,
kazba,𒄤,,,𒄤,,𒄤,,
kazbi,𒌑,,,𒌑,𒌑,𒌑,,
kazbu,𒌑,,,𒌑,,𒌑,,
kaz₀,𒆜,,,𒆜,,𒆜,,
kaz₈,𒄮,,,𒄮,,𒄮,,
kaz₉,𒌓𒄯,,,𒌓𒄯,,,,
kaz₉?,,,,,,𒌓𒄯,,
ka×(ad.ku₃),,𒅚,,𒅚,,,,
ka×(gar.ša₃.a),,𒅦,,𒅦,,,,
ka×(giš.sar),,𒅩,,𒅩,,,,
ka×(me.du),,𒅵,,𒅵,,,,
ka×(me.gar.gar.ra),,𒅹,,𒅹,,,,
ka×(me.gi),,𒅶,,𒅶,,,,
ka×(me.te),,𒅷,,𒅷,,,,
ka×a,,𒅘,,𒅘,,,,
ka×ad,,𒅙,,𒅙,,,,
ka×aš₂,,𒅛,,𒅛,,,,
ka×bad,,𒅜,,𒅜,,,,
ka×balag,,𒅝,,𒅝,,,,
ka×bar,,𒅞,,𒅞,,,,
ka×bu,,𒓡,,𒓡,,,,
ka×erin₂,,𒅠,,𒅠,,,,
ka×eš₂,,𒅡,,𒅡,,,,
ka×ga,,𒅢,,𒅢,,,,
ka×ga.sag,,𒅢𒊕,,𒅢𒊕,,,,
ka×gal,,𒅣,,𒅣,,,,
ka×gan₂@t,,𒅤,,𒅤,,,,
ka×gan₂@t.ša,,𒅤𒊭,,𒅤𒊭,,,,
ka×gar,,𒅥,,𒅥,,,,
ka×gi,,𒅧,,𒅧,,,,
ka×gir₂,,𒅨,,𒅨,,,,
ka×giš%giš,,𒅪,,𒅪,,,,
ka×gu,,𒅫,,𒅫,,,,
ka×gur₇,,𒅬,,𒅬,,,,
ka×igi,,𒅭,,𒅭,,,,
ka×im,,𒅮,,𒅮,,,,
ka×ka,,𒓣,,𒓣,,,,
ka×kak,,𒅯,,𒅯,,,,
ka×kib,,𒅪,,𒅪,,,,
ka×kid,,𒅱,,𒅱,,,,
ka×ku,,𒅡,,𒅡,,,,
ka×li,,𒅲,,𒅲,,,,
ka×li.ka×li,,𒅲𒅲,,𒅲𒅲,,,,
ka×lu,,𒅳,,𒅳,,,,
ka×maš,,𒅞,,𒅞,,,,
ka×me,,𒅴,,𒅴,,,,
ka×mi,,𒅸,,𒅸,,,,
ka×ne,,𒅺,,𒅺,,,,
ka×nun,,𒅻,,𒅻,,,,
ka×pi,,𒅼,,𒅼,,,,
ka×ru,,𒅽,,𒅽,,,,
ka×sa,,𒅾,,𒅾,,,,
ka×sar,,𒅿,,𒅿,,,,
ka×sig,,𒆄,,𒆄,,,,
ka×suhur,,𒆅,,𒆅,,,,
ka×tar,,𒆆,,𒆆,,,,
ka×u,,𒆇,,𒆇,,,,
ka×ud,,𒆉,,𒆉,,,,
ka×ud.bar,,𒆉𒁇,,𒆉𒁇,,,,
ka×umum×pa,,𒆊,,𒆊,,,,
ka×ur,,𒓦,,𒓦,,,,
ka×ur₂,,𒅗  𒌫,,𒅗  𒌫,,,,
ka×uš,,𒆋,,𒆋,,,,
ka×u₂,,𒆈,,𒆈,,,,
ka×zi,,𒆌,,𒆌,,,,
ka×ša,,𒆀,,𒆀,,,,
ka×še,,𒆁,,𒆁,,,,
ka×še@f,,𒓤,,𒓤,,,,
ka×šid,,𒆂,,𒆂,,,,
ka×šu,,𒆃,,𒆃,,,,
kaŋeszkaraₓ,𒄑𒅗𒆓,𒄑𒅗𒆓,,,,,,
kaŋeškaraₓ,𒄑𒅗𒆓,,,𒄑𒅗𒆓,,𒄑𒅗𒆑。𒄑𒅗𒆒。𒄑𒅗𒆓,,
kaš,𒁉,,𒁉,𒁉,𒁉,𒁉,,
kaš-bir₈,𒁉𒀀𒋤,,,𒁉𒀀𒋤,,𒁉𒀀𒋤,,
kaš.a.sud,,,,,𒁉𒀀𒋤,,,
kaš.aš2.a.an,,,,,𒁉𒀾𒀀𒀭,,,
kaš.aš2.an,,,,,𒁉𒀾𒀭,,,
kaš.aš2.an.na,,,,,𒁉𒀾𒀭𒈾,,,
kaš.aš2.sud,,,,,𒁉𒀾𒋤,,,
kaš.u2.sa,,,,,𒁉𒌑𒊓,,,
kaš.u2.sa.ka.gag,,,,,𒁉𒌑𒊓𒅗𒆕,,,
kaš.uš.sa,,,,,𒁉𒍑𒊓,,,
kaš.ziz2.a.an,,,,,𒁉𒀾𒀀𒀭,,,
kaš.ziz2.an,,,,,𒁉𒀾𒀭,,,
kaš.ziz2.an.na,,,,,𒁉𒀾𒀭𒈾,,,
kaš.ziz2.sud,,,,,𒁉𒀾𒋤,,,
kaš2,,,𒆜,,𒆜,,,
kaš3,,,𒍒,,𒍒,,,
kaš4,,,𒁽,,𒁽,,,
kaš4.a,,,,,𒁽𒀀,,,
kaš4.kaš4,,,,,𒁽𒁽,,,
kaš5,,,,,𒁺,,,
kaš6,,,,,𒄤,,,
kašbir,𒁉𒀀𒋤,,,𒁉𒀀𒋤,𒁉𒀀𒋤,𒁉𒀀𒋤,,
kašbirₓ,𒀀𒋤,𒀀𒋤。𒁉𒀀𒋤,,𒁉𒀀𒋤,,𒀀𒋤。𒁉𒋤𒀀。𒁉𒌓𒋤,,
kašxgar,,,,,𒁋,,,
kašxsig7,,,,,𒁌,,,
kaššeba,𒈗,,,𒈗,𒈗,,,
kaššeba2,,,,,𒀩,,,
kaššeba?,,,,,,𒈗,,
kaššeba₂,𒀩,,,𒀩,,,,
kaššeba₂?,,,,,,𒀩,,
kaššeba₃,𒄡,,,𒄡,,,,
kaššeba₃?,,,,,,𒄡,,
kaššebi,𒈗,,,𒈗,𒈗,,,
kaššebi2,,,,,𒀩,,,
kaššebi?,,,,,,𒈗,,
kaššebi₂,𒀩,,,𒀩,,,,
kaššebi₂?,,,,,,𒀩,,
kaššebi₃,𒄡,,,𒄡,,,,
kaššebi₃?,,,,,,𒄡,,
kaš₂,𒆜,,,𒆜,,𒆜,,
kaš₃,𒍒,,,𒍒,,𒍒,,
kaš₄,𒁽,,,𒁽,,𒁽,,
kaš₄⁻,,𒁽,,𒁽,,𒁽,,
kaš₅,𒁺,,,𒁺,,𒁺,,
kaš₆,𒄤,,,𒄤,,𒄤,,
kaṣ,,𒆜,,𒆜,𒄤。𒆜,𒆜,,
kaṣ2,,,,,𒁉,,,
kaṣ3,,,,,𒄤,,,
kaṣ₂,𒁉,,,𒁉,,𒁉,,
kaṣ₃,𒄤,,,𒄤,,𒄤,,
kaṭ,,,,,𒃰,,,
kaṭ4,,,,,𒆒,,,
kaṭ5,,,,,𒆓,,,
ka₁₀,𒈜𒀀,,,𒈜𒀀,,𒈜𒀀,,
ka₁₁,𒋼𒀀,,,𒋼𒀀,,𒋼𒀀,,
ka₁₃,𒄰,,,𒄰,,𒄰,,
ka₁₄,𒍪,,,𒍪,,𒍪,,
ka₁₅,𒆕,,,𒆕,,𒆕,,
ka₂,𒆍,,,𒆍,,𒆍,,
ka₂%ka₂,,𒆎,,𒆎,,,,
ka₂.an,,𒆍𒀭,,𒆍𒀭,,,,
ka₂.an.ra,,𒆍𒀭𒊏,,𒆍𒀭𒊏,,,,
ka₂.gal,,𒆍𒃲,,𒆍𒃲,,,,
ka₃,𒂵,,,𒂵,,𒂵,,
ka₄,𒋡,,,𒋡,,𒋡,,
ka₅,𒈜,,,𒈜,,𒈜,,
ka₆,𒉾,,,𒉾,,𒉾,,
ka₇,𒁽,,,𒁽,,𒁽,,
ka₈,𒁉,,,𒁉,,,,
ka₈?,,,,,,𒁉,,
ka₉,𒋃,,,𒋃,,𒋃,,
kaₓ,𒅗,,,𒅗,,𒅿。𒆇,,
ke,𒆠,,𒆠,𒆠,𒆠,𒆠,,
ke2,𒄀,𒄀,,,𒄀,,,
ke3,𒀝,𒀝,𒀝,,𒀝,,,
ke4,𒆤,𒆤,𒆤,,𒆤,,,
ke5,𒁶,𒁶,,,,,,
ke6,,,,,𒁺,,,
kel,𒆸,,𒆸,𒆸,𒆸,𒆸,,
kel3,𒆸𒆸,𒆸𒆸,,,,,,
kele,𒆸,,,𒆸,𒆸,𒆸,,
kel₃,𒆸𒆸,,,𒆸𒆸,,𒆸𒆸,,
kem,𒁶,,,𒁶,𒁶,𒁶,,
ken,𒆥,,,𒆥,,𒆥,,
ken2,𒄯,𒄯,,,,,,
ken3,,,,,𒆳,,,
kenke,𒆥𒆥,,,𒆥𒆥,,𒆥𒆥,,
ken₂,𒄯,,,𒄯,,𒄯,,
kep,,,,,𒄒,,,
ker,𒄫,,𒄫,𒄫,𒄫,𒄫,,
ker6,,,,,𒀘,,,
ker7,,,,,𒉑,,,
kesz,𒆧,𒆧,,,,,,
kesz18,𒌔,𒌔,,,,,,
kesz2,𒆟,𒆟,𒆟,,,,,
kesz3,𒋙𒀭𒄲,𒋙𒀭𒄲,𒋙𒀭𒄲,,,,,
kesz3{ki},,,𒋙𒀭𒄲 𒆠,,,,,
kesz4,𒊔,𒊔,,,,,,
kesz7,𒁝,𒁝,,,,,,
kesz8,𒁞,𒁞,,,,,,
kesz9,𒁬,𒁬,,,,,,
keszda,𒆟,𒆟,,,,,,
kesze2,𒆟,𒆟,𒆟,,,,,
kesze4,𒊔,𒊔,,,,,,
keszi18,𒌔,𒌔,,,,,,
keszi2,𒆟,𒆟,,,,,,
keszi3,𒋙𒀭𒄲,𒋙𒀭𒄲,,,,,,
keszₓ,𒌑,𒌑,,,,,,
ket,𒆤,,,𒆤,𒆤,𒆤,,
keš,𒆧,,,𒆧,𒆧,𒆧,,
keš18,,,,,𒌔,,,
keš2,,,𒆟,,𒂡。𒆟,,,
keš3,,,𒋙𒀭𒄲,,𒋙𒀭𒄲。𒋙𒀭𒄲𒆠,,,
keš4,,,,,𒊔,,,
keš7,,,,,𒁝,,,
keš8,,,,,𒁞,,,
keš9,,,,,𒁬,,,
kešda,𒆟,,𒆟,𒆟,𒂡,𒆟,,
kešda;,,,𒆟,,,,,
keše,,𒆧,,𒆧,,𒆧,,
keše2,,,𒆟,,𒂡,,,
keše2],,,𒆟,,,,,
keše4,,,,,𒊔,,,
kešebₓ,,,,,,𒁾,,
keše₂,𒆟,,,𒆟,,𒆟,,
keše₄,𒊔,,,𒊔,,𒊔,,
keši18,,,,,𒌔,,,
keši3,,,,,𒋙𒀭𒄲。𒋙𒀭𒄲𒆠,,,
keši4,,,,,𒊔,,,
keši₁₈,𒌔,,,𒌔,,𒌔,,
keši₂,𒆟,,,𒆟,,𒆟,,
keši₃,𒋙𒀭𒄲,,,𒋙𒀭𒄲,,𒋙𒀭𒄲,,
keš₁₈,𒌔,,,𒌔,,𒌔,,
keš₂,𒆟,,𒆟,𒆟,,𒆟,,
keš₃,𒋙𒀭𒄲,,,𒋙𒀭𒄲,,𒋙𒀭。𒋙𒀭𒄭𒃰。𒋙𒀭𒄯。𒋙𒀭𒄲。𒋙𒄭𒀭。𒌋𒀭𒄲,,
keš₄,𒊔,,,𒊔,,𒊔,,
keš₇,𒁝,,,𒁝,,,,
keš₇?,,,,,,𒁝,,
keš₈,𒁞,,,𒁞,,𒁞,,
keš₉,𒁬,,,𒁬,,𒁬,,
kešₓ,𒌑,,,𒌑,,𒀭𒄲。𒌑,,
ke₂,𒄀,,,𒄀,,𒄀,,
ke₃,𒀝,,,𒀝,,𒀝,,
ke₄,𒆤,,𒆤,𒆤,,𒆤,,
ke₅,𒁶,,,𒁶,,𒁶,,
ki,𒆠,,𒆠,𒆠,𒆠,𒆠,,
ki+min,,,,,𒆠𒈫,,,
ki.a,,𒆠𒀀,,𒆠𒀀,𒆠𒀀,,,
ki.alad,,,,,𒆠𒆘,,,
ki.an.im,,𒆠𒀭𒅎,,𒆠𒀭𒅎,𒆠𒀭𒅎,,,
ki.an.ud,,𒆠𒀭𒌓,,𒆠𒀭𒌓,𒆠𒀭𒌓,,,
ki.an.šeš.ki,,𒆠𒀭𒋀𒆠,,𒆠𒀭𒋀𒆠,𒆠𒀭𒋀𒆠,,,
ki.aš.aš,,𒆠𒀸𒀸,,𒆠𒀸𒀸,𒆠𒀸𒀸,,,
ki.bad,,𒆠𒁁,,𒆠𒁁,,,,
ki.bi,,𒆠𒁉,,𒆠𒁉,,,,
ki.bi.gar,,𒆠𒁉𒃻,,𒆠𒁉𒃻,,,,
ki.bi.kak,,𒆠𒁉𒆕,,𒆠𒁉𒆕,,,,
ki.bi.ni,,𒆠𒁉𒉌,,𒆠𒁉𒉌,,,,
ki.bi.nig2,,,,,𒆠𒁉𒃻,,,
ki.dingiriškur,,,,,𒆠𒀭𒅎,,,
ki.dingirnanna,,,,,𒆠𒀭𒋀𒆠,,,
ki.dingirutu,,,,,𒆠𒀭𒌓,,,
ki.du.gag,,,,,𒆠𒁺𒆕,,,
ki.du.kak,,𒆠𒁺𒆕,,𒆠𒁺𒆕,,,,
ki.e.ne.di,,𒆠𒂊𒉈𒁲,,𒆠𒂊𒉈𒁲,𒆠𒂊𒉈𒁲,,,
ki.e.ne.di.an.muš3,,,,,𒆠𒂊𒉈𒁲𒀭𒈹,,,
ki.e.ne.di.an.muš₃,,𒆠𒂊𒉈𒁲𒀭𒈹,,𒆠𒂊𒉈𒁲𒀭𒈹,,,,
ki.e.ne.di.dingirinnin,,,,,𒆠𒂊𒉈𒁲𒀭𒈹,,,
ki.en.gag,,,,,𒆠𒂗𒆕,,,
ki.en.gi,,,,,𒆠𒂗𒄀,,,
ki.en.kak,,𒆠𒂗𒆕,,𒆠𒂗𒆕,,,,
ki.gag,,,,,𒆠𒆕,,,
ki.gal,,𒆠𒃲,,𒆠𒃲,𒆠𒃲,,,
ki.gišgal,,,,,𒆠𒍇,,,
ki.ib,,𒆠𒅁,,𒆠𒅁,𒆠𒅁,,,
ki.in.gi,,,,,𒆠𒅔𒄀,,,
ki.ka.lu₂,,𒆠𒅗𒇽,,𒆠𒅗𒇽,,,,
ki.ka.sal,,𒆠𒅗𒊩,,𒆠𒅗𒊩,,,,
ki.kak,,𒆠𒆕,,𒆠𒆕,,,,
ki.kal,,𒆠𒆗,,𒆠𒆗,𒆠𒄨,,,
ki.kal.bad,,𒆠𒆗𒁁,,𒆠𒆗𒁁,𒆠𒄨𒁁,,,
ki.kal.bad.idim,,𒆠𒆗𒁁𒅂,,𒆠𒆗𒁁𒅂,,,,
ki.kalxbad,,,,,𒆠𒆘,,,
ki.kal×bad,,𒆠𒆘,,𒆠𒆘,,,,
ki.ki,,𒆠𒆠,,𒆠𒆠,𒆠𒆠,,,
ki.ku.sag,,𒆠𒆪𒊕,,𒆠𒆪𒊕,,,,
ki.lagab,,,,,𒆠𒆸,,,
ki.lal,,𒆠𒇲,,𒆠𒇲,𒆠𒇲,,,
ki.lam,,𒆠𒇴,,𒆠𒇴,𒆠𒇴,,,
ki.lu.eš₂,,𒆠𒇻𒂠,,𒆠𒇻𒂠,,,,
ki.lugal,,𒆠𒈗,,𒆠𒈗,,,,
ki.min,,𒆠𒈫,,𒆠𒈫,,,,
ki.muš₃@g,,𒆠𒈽,,𒆠𒈽,,,,
ki.na.ab.tum,,𒆠𒈾𒀊𒌈,,𒆠𒈾𒀊𒌈,,,,
ki.ne,,𒆠𒉈,,𒆠𒉈,𒆠𒉈,,,
ki.ne.an.muš3,,,,,𒆠𒉈𒀭𒈹,,,
ki.ne.an.muš₃,,𒆠𒉈𒀭𒈹,,𒆠𒉈𒀭𒈹,,,,
ki.sag,,𒆠𒊕,,𒆠𒊕,𒆠𒊕,,,
ki.sag.du,,𒆠𒊕𒁺,,𒆠𒊕𒁺,𒆠𒊕𒁺,,,
ki.sag.munus,,,,,𒆠𒊕𒊩,,,
ki.sag.munus.ḫu,,,,,𒆠𒊕𒊩𒄷,,,
ki.sag.sal,,𒆠𒊕𒊩,,𒆠𒊕𒊩,,,,
ki.sag@n,,𒆠𒊔,,𒆠𒊔,,,,
ki.su.lu.eš₂.gar,,𒆠𒋢𒇻𒂠𒃻,,𒆠𒋢𒇻𒂠𒃻,,,,
ki.su.lu.eš₂.gar.ki,,𒆠𒋢𒇻𒂠𒃻𒆠,,𒆠𒋢𒇻𒂠𒃻𒆠,,,,
ki.su.lu.eš₂.gar.ra,,𒆠𒋢𒇻𒂠𒃻𒊏,,𒆠𒋢𒇻𒂠𒃻𒊏,,,,
ki.su.lu.gar,,𒆠𒋢𒇻𒃻,,𒆠𒋢𒇻𒃻,,,,
ki.su.lu.ki.gar,,𒆠𒋢𒇻𒆠𒃻,,𒆠𒋢𒇻𒆠𒃻,,,,
ki.su.lu.lagab×u.gar,,𒆠𒋢𒇻𒇥𒃻,,𒆠𒋢𒇻𒇥𒃻,,,,
ki.su.lu.še3.nig2,,,,,𒆠𒋢𒇻𒂠𒃻,,,
ki.su.lu.šu.gar,,𒆠𒋢𒇻𒋗𒃻,,𒆠𒋢𒇻𒋗𒃻,,,,
ki.su.za.lu.eš₂,,𒆠𒋢𒍝𒇻𒂠,,𒆠𒋢𒍝𒇻𒂠,,,,
ki.ud,,𒆠𒌓,,𒆠𒌓,𒆠𒌓,,,
ki.ud.a,,𒆠𒌓𒀀,,𒆠𒌓𒀀,,,,
ki.uru×min,,𒆠𒍇,,𒆠𒍇,,,,
ki.šeš.gag,,,,,𒆠𒋀𒆕,,,
ki.šeš.gag.a,,,,,𒆠𒋀𒆕𒀀,,,
ki.šeš.kak,,𒆠𒋀𒆕,,𒆠𒋀𒆕,,,,
ki2,𒄀,𒄀,𒄀,,𒄀,,,
ki3,𒀝,𒀝,,,𒀝,,,
ki4,𒆤,𒆤,,,𒆤,,,
ki5,𒁶,𒁶,,,𒁶,,,
ki6,𒍪,𒍪,,,𒍪,,,
ki7,𒆕,𒆕,,,𒆕,,,
ki8,𒄄,𒄄,,,𒄄,,,
ki9,𒆥,𒆥,,,,,,
ki],,,𒆠,,,,,
ki_,,,𒆠,,,,,
kib,𒄒,,𒄒,𒄒,𒄒,𒄒,,
kibaš,,,,,𒀵,,,
kibini,𒆠𒁉𒉌,,,𒆠𒁉𒉌,,𒆠𒁉𒉌,,
kibir,,,,,𒋙𒀾,,,
kibir2,𒋙𒀾,𒋙𒀾,,,𒋙𒀾,,,
kibir3,𒋙𒀭,𒋙𒀭,,,,,,
kibir₂,𒋙𒀾,,,𒋙𒀾,,𒋙𒀾,,
kibir₃,𒋙𒀭,,,𒋙𒀭,,𒋙𒀭,,
kibirₓ,,,,,,𒄑𒉽𒉽,,
kibsur,𒃻𒆸,,,𒃻𒆸,𒃻𒆸𒆸,𒃻𒆸,,
kibszur,𒃻𒆸,𒃻𒆸,,,,,,
kibšur,𒃻𒆸,,,𒃻𒆸,𒃻𒆸𒆸,𒃻𒆸,,
kib₃,,𒈪𒉭,,𒈪𒉭,,𒍼,,
kibₓ,,,,,,𒌈𒌍,,
kid,𒆤,,𒆤,𒆤,𒆤,𒆤,,
kid.balag,,𒆤𒁆,,𒆤𒁆,,,,
kid.mah,,𒆤𒈤,,𒆤𒈤,,,,
kid.šu₂.ma₂,,𒆤𒋙𒈣,,𒆤𒋙𒈣,,,,
kid10,𒁍,𒁍,,,𒁍,,,
kid2,𒋺,𒋺,𒋺,,𒋺,,,
kid2.kid2,,,,,𒋺𒋺,,,
kid2.suḫ3,,,,,𒋺𒄗,,,
kid3,𒀝,𒀝,𒀝,,𒀝,,,
kid4,𒋃,𒋃,,,𒋃,,,
kid5,𒆒,𒆒,,,𒆒,,,
kid6,𒆓,𒆓,,,𒆓,,,
kid7,𒅏,𒅏,𒅏,,𒅏。𒉎𒋺,,,
kid8,𒊩𒋺,𒊩𒋺,,,𒊩𒋺,,,
kid9,𒃰,𒃰,,,𒃰,,,
kide,𒁏,,,𒁏,,𒁏,,
kid₁₀,𒁍,,,𒁍,,𒁍,,
kid₂,𒋺,,,𒋺,,𒋺,,
kid₃,𒀝,,,𒀝,,𒀝,,
kid₄,𒋃,,,𒋃,,𒋃,,
kid₅,𒆒,,,𒆒,,𒆒,,
kid₆,𒆓,,,𒆓,,𒆓,,
kid₇,𒅏,,,𒅏,,𒅏,,
kid₈,𒊩𒋺,,,𒊩𒋺,,𒊩𒋺,,
kid₉,𒃰,,,𒃰,,𒃰,,
kidₓ,𒔋,,,𒔋,,None。𒋺𒅎,,
kidₓ?,,,,,,𒓼,,
kig2,𒆥,𒆥,𒆥,,𒆥,,,
kigalla,,,,,𒆠𒄨,,,
kig₂,𒆥,,,𒆥,,𒆥,,
kij2,,,𒆥,,,,,
kik,𒈪𒉭,,,𒈪𒉭,𒈪𒉭,𒍼,,
kikken,𒄯,,,𒄯,𒄯,𒄯,,
kikken2,𒄯𒄯,𒄯𒄯,𒄯𒄯,,𒄯𒄯,,,
kikken₂,𒄯𒄯,,,𒄯𒄯,,𒄯𒄯,,
kikkin,𒄯,,𒄯,𒄯,𒄯,𒄯,,
kikkin2,𒄯𒄯,𒄯𒄯,,,𒄯𒄯,,,
kikkin₂,𒄯𒄯,,,𒄯𒄯,,𒄯𒄯,,
kikla,𒆠𒆗,,,𒆠𒆗,𒆠𒄨,𒆠𒆗,,
kil,𒆸,,𒆸,𒆸,𒆸,𒆸,,
kil2,𒄃,𒄃,,,𒄃,,,
kil3,𒆸𒆸,𒆸𒆸,,,,,,
kil4,𒃰𒋺,𒃰𒋺,,,𒃰𒋺,,,
kilahha,𒆠𒌓𒀀,,,𒆠𒌓𒀀,,𒆠𒌓𒀀,,
kilaₓ,𒆸𒆸,,,𒆸𒆸,,𒆸𒆸,,
kili,𒆸,,,𒆸,𒆸,𒆸,,
kili3,𒆸𒆸,𒆸𒆸,,,,,,
kilib,𒆸,,,𒆸,𒆸,𒆸,,
kilib3,𒆸𒆸,𒆸𒆸,,,,,,
kilibu,𒌑,,,𒌑,𒌑,𒌑,,
kilib₃,𒆸𒆸,,,𒆸𒆸,,𒆸𒆸,,
kilim,𒉾,,𒉾,𒉾,,𒉾。󰂀,,
kilim2,𒄃,𒄃,,,𒄃,,,
kilim3,𒄀𒆕,𒄀𒆕,,,,,,
kilim₂,𒄃,,,𒄃,,𒄃,,
kilim₃,𒄀𒆕,,,𒄀𒆕,,𒄀𒆕,,
kilin,𒉾,,,𒉾,,𒉾,,
kilina,,,,,𒇌,,,
kili₃,𒆸𒆸,,,𒆸𒆸,,𒆸𒆸,,
kiluₓ,𒆸𒆸,,,𒆸𒆸,,𒆸𒆸,,
kil₂,𒄃,,,𒄃,,𒄃,,
kil₃,𒆸𒆸,,,𒆸𒆸,,𒆸𒆸,,
kil₄,𒃰𒋺,,,𒃰𒋺,,𒃰𒋺,,
kilₓ,𒄅,,,𒄅,,𒄅,,
kim,𒁶,,𒁶,𒁶,𒁶,𒁶,,
kim2,𒆒,𒆒,,,𒆒。𒆓,,,
kim3,𒁍,𒁍,𒁍,,𒁍,,,
kim4,𒁽,𒁽,,,𒁽,,,
kim5,𒁼,𒁼,,,𒁼,,,
kim6,𒁺,𒁺,,,𒁺,,,
kimin,𒆠𒈫,,𒆠𒈫,𒆠𒈫,𒆠𒈫,𒆠𒈫,,
kim₂,𒆒,,,𒆒,,𒆒,,
kim₃,𒁍,,,𒁍,,𒁍,,
kim₄,𒁽,,,𒁽,,𒁽,,
kim₅,𒁼,,,𒁼,,𒁼,,
kim₆,𒁺,,,𒁺,,𒁺,,
kimₓ,𒆥,,,𒆥,,None。𒆓。𒆛。𒆥。𒇵,,
kin,𒆥,,𒆥,𒆥,𒆥,𒆥,,
kin.kin,,𒆥𒆥,,𒆥𒆥,,,,
kin2,𒄯,𒄯,𒄯,,𒄯,,,
kin3,𒆳,𒆳,𒆳,,𒆳,,,
kin4,𒆸𒆸,𒆸𒆸,,,,,,
kin5,𒌺,𒌺,,,𒌺,,,
kin6,,,,,𒍏,,,
kin7,𒁺,𒁺,𒁺,,𒁺,,,
kin8,𒁶,𒁶,,,𒁶,,,
kinbur,𒆼,,,𒆼,𒆼,𒆼,,
kinda,𒃱,,𒃱,𒃱,𒃱,𒃱,,
kinda2,𒌵,𒌵,𒌵,,𒌵,,,
kindagal,𒃳,,𒃳,𒃳,𒃳,𒃳,,
kindagal2,𒃲𒌵,𒃲𒌵,,,𒃲𒌵,,,
kindagal₂,𒃲𒌵,,,𒃲𒌵,,𒃲𒌵,,
kindaŋal,𒃳,,,𒃳,,𒃳,,
kinda₂,𒌵,,,𒌵,,𒌵,,
kinga,𒆥,,,𒆥,𒆥,,,
kinga?,,,,,,𒆥,,
kingal,𒃲𒌺,,𒃲𒌺,𒃲𒌺,𒃲𒌺,𒃲𒌺,,
kingusila,𒑜,,𒑜,𒑜,𒑜,𒑜,,
kingusila2,𒐐,𒐐,,,𒐐,,,
kingusila₂,𒐐,,,𒐐,,𒐐,,
kingusili,𒑜,,,𒑜,𒑜,𒑜,,
kingusili2,𒐐,𒐐,,,𒐐,,,
kingusili₂,𒐐,,,𒐐,,𒐐,,
kingusilla,,,,,𒑜,,,
kingusilla2,,,,,𒐐,,,
kingusilli,,,,,𒑜,,,
kinkin,𒄯,,𒄯,𒄯,,𒄯,,
kinkin2,𒄯𒄯,𒄯𒄯,,,,,,
kinkin₂,𒄯𒄯,,,𒄯𒄯,,𒄯𒄯,,
kinme,,,,,𒁶,,,
kin₂,𒄯,,,𒄯,,𒄯,,
kin₃,𒆳,,,𒆳,,𒆳,,
kin₄,𒆸𒆸,,,𒆸𒆸,,𒆸𒆸,,
kin₅,𒌺,,,𒌺,,,,
kin₅?,,,,,,𒌺,,
kin₇,𒁺,,𒁺,𒁺,,𒁺,,
kin₈,𒁶,,,𒁶,,𒁶,,
kinₓ,𒊺𒆥,,,𒊺𒆥,,𒄴。𒊺𒆥,,
kip,𒄒,,𒄒,𒄒,𒄒,𒄒,,
kir,𒄫,,𒄫,𒄫,𒄫,𒄫,,
kir10,𒄊,𒄊,,,𒄊,,,
kir11,𒊩𒃢,𒊩𒃢,𒊩𒃢,,𒊩𒃢,,,
kir12,𒌋𒂙,𒌋𒂙,,,𒌋𒂘,,,
kir13,𒌋𒀜,𒌋𒀜,𒌋𒀜,,𒌋𒀜,,,
kir14,𒅯,𒅯,,,𒅯,,,
kir15,,,,,𒋃,,,
kir16,,,,,𒃼,,,
kir17,𒉐,𒉐,,,𒉐,,,
kir2,𒀚,𒀚,𒀚,,𒀚。𒉐,,,
kir3,𒆸,𒆸,,,𒆸,,,
kir4,𒅗,𒅗,𒅗,,𒅗,,,
kir5,𒅂,𒅂,,,𒁁,,,
kir6,𒀘,𒀘,𒀘,,𒀘,,,
kir7,𒉑,𒉑,𒉑,,𒉑,,,
kir8,𒋼𒀀,𒋼𒀀,,,𒊩𒃢。𒋼𒀀,,,
kir9,𒄩,𒄩,,,𒄩,,,
kirasz,𒀵,𒀵,,,,,,
kiraszi,𒍩𒀀𒀭,𒍩𒀀𒀭,,,,,,
kirasziₓ,𒍩𒀭𒈾,𒍩𒀭𒈾,,,,,,
kiraš,𒀵,,,𒀵,𒀵,𒀵,,
kiraši,𒍩𒀀𒀭,,,𒍩𒀀𒀭,𒀾𒀀𒀭,𒍩𒀀𒀭,,
kirašiₓ,𒍩𒀭𒈾,,,𒍩𒀭𒈾,,𒍩𒀭。𒍩𒀭𒈾,,
kirban,𒋃,,,𒋃,,𒋃,,
kirbanu,𒋄,,,𒋄,,,,
kirbanu?,,,,,,𒋄,,
kiri,𒄫,,,𒄫,𒄫,𒄫,,
kiri2,𒃸,𒃸,,,𒃸,,,
kiri3,𒅗,𒅗,𒅗,,𒅗,,,
kiri4,𒊯,𒊯,,,𒊯,,,
kiri5,𒄊,𒄊,,,𒄊,,,
kiri6,𒊬,𒊬,𒊬,,𒊬,,,
kiri6_,,,𒊬,,,,,
kiri7,𒆟,𒆟,,,𒂡,,,
kiri8,𒋃,𒋃,,,𒋃,,,
kiri9,𒀚,𒀚,,,𒉐,,,
kirid,𒆟,,𒆟,𒆟,𒂡,𒆟,,
kirim,𒁞,,,𒁞,𒁞,,,
kirim?,,,,,,𒁞,,
kiris,𒆟,,,𒆟,𒂡,𒆟,,
kirit,𒆟,,,𒆟,,𒆟,,
kiri₂,𒃸,,,𒃸,,𒃸,,
kiri₃,𒅗,,𒅗,𒅗,,𒅗,,
kiri₄,𒊯,,,𒊯,,𒊯,,
kiri₅,𒄊,,,𒄊,,,,
kiri₅?,,,,,,𒄊,,
kiri₆,𒊬,,𒊬,𒊬,,𒊬,,
kiri₇,𒆟,,,𒆟,,𒆟,,
kiri₈,𒋃,,,𒋃,,𒋃,,
kiri₉,𒀚,,,𒀚,,𒀚,,
kiriₓ,𒌋𒀜,,,𒌋𒀜,,𒅮。𒌋𒀜。𒍥。󰁤,,
kirruₓ,𒌋𒂙,,,𒌋𒂙,,𒌋𒂙,,
kir⁻,,𒄫,,𒄫,,𒄫,,
kir₁₀,𒄊,,,𒄊,,𒄊,,
kir₁₁,𒊩𒃢,,,𒊩𒃢,,𒊩𒃢,,
kir₁₂,𒌋𒂙,,,𒌋𒂙,,,,
kir₁₂?,,,,,,𒌋𒂙,,
kir₁₃,𒌋𒀜,,,𒌋𒀜,,𒌋𒀜,,
kir₁₄,𒅯,,,𒅯,,𒅯,,
kir₁₇,𒉐,,,𒉐,,𒉐,,
kir₂,𒀚,,,𒀚,,𒀚,,
kir₃,𒆸,,,𒆸,,𒆸,,
kir₄,𒅗,,,𒅗,,𒅗,,
kir₅,𒅂,,,𒅂,,𒅂,,
kir₆,𒀘,,,𒀘,,𒀘,,
kir₇,𒉑,,,𒉑,,𒉑,,
kir₈,𒋼𒀀,,,𒋼𒀀,,𒋼𒀀,,
kir₉,𒄩,,,𒄩,,𒄩,,
kirₓ,𒀛,,,𒀛,,𒀖𒊮。𒀛。𒊩𒇇,,
kis,𒆧,,𒆧,𒆧,𒆧,𒆧,,
"kis,",𒆧,𒆧,,,,,,
kis2,𒄑,𒄑,,,𒄑,,,
kisal,𒆦,,𒆦,𒆦,𒆦,𒆦,,
kisi,𒍒,,,𒍒,𒂁𒍒。𒍒,𒍒,,
kisig,𒂮,,,𒂮,𒂮,𒂮,,
kisig2,𒂫,𒂫,𒂫,,𒂫,,,
kisiga,𒂮,,,𒂮,𒂮,𒂮,,
kisig₂,𒂫,,,𒂫,,𒂫,,
kisim,𒁬,,𒁬,𒁬,𒁬,𒁬,,
kisim2,𒁪,𒁪,,,𒁪,,,
kisim3,𒁦,𒁦,𒁦,,𒁦,,,
kisim4,𒁞,𒁞,,,𒁞,,,
kisim5,𒆨,𒆨,𒆨,,𒆨,,,
kisim5&kisim5,,,𒆩,,,,,
kisim5/kisim5,,,,,𒆩,,,
kisim5overkisim5,,,,,𒆩,,,
kisim6,𒂵𒆸,𒂵𒆸,,,𒂵𒆸。𒆠𒆸,,,
kisim7,𒁜,𒁜,𒁜,,𒁛,,,
kisim₂,𒁪,,,𒁪,,𒁪,,
kisim₃,𒁦,,,𒁦,,𒁦,,
kisim₄,𒁞,,,𒁞,,𒁞,,
kisim₅,𒆨,,,𒆨,,𒆨,,
kisim₅&kisim₅,,𒆩,,𒆩,,,,
kisim₆,𒂵𒆸,,,𒂵𒆸,,𒂵𒆸,,
kisim₇,𒁜,,,𒁜,,𒁛,,
kisimₓ,𒁥,,,𒁥,,𒁥,,
kisiₓ,𒁞,,,𒁞,,𒁞,,
kislah,𒆠𒌓,,𒆠𒌓,𒆠𒌓,,𒆠𒌓,,
kislah2,𒆣,𒆣,𒆣,,,,,
kislah3,𒆠𒆗,𒆠𒆗,,,,,,
kislah₂,𒆣,,,𒆣,,𒆣,,
kislah₃,𒆠𒆗,,,𒆠𒆗,,𒆠𒆗,,
kislaḫ,,,𒆠𒌓,,𒆠𒌓,,,
kislaḫ2,,,,,𒆣,,,
kissa,𒆠𒋀𒆕,,𒆠𒋀𒆕,𒆠𒋀𒆕,𒆠𒋀𒆕,𒆠𒋀𒆕,,
kissa.a,,,,,𒆠𒋀𒆕𒀀,,,
kisz,𒆧,𒆧,𒆧,,,,,
kisz16,𒌑𒄉,𒌑𒄉,,,,,,
kisz2,𒆟,𒆟,,,,,,
kisz5,𒉾,𒉾,,,,,,
kisza,𒌑𒄉,𒌑𒄉,,,,,,
kisza2,𒄉,𒄉,,,,,,
kiszag,𒂮,𒂮,,,,,,
kiszeg,𒌑𒄉,𒌑𒄉,𒌑𒄉,,,,,
kiszeg2,𒄉,𒄉,,,,,,
kiszek,𒌑𒄉,𒌑𒄉,,,,,,
kiszer,𒄊𒁇,𒄊𒁇,,,,,,
kiszeₓ,𒆧,𒆧,,,,,,
kiszi,𒆧,𒆧,,,,,,
kiszi10,𒌋𒊊,𒌋𒊊,,,,,,
kiszi11,𒅃,𒅃,,,,,,
kiszi12,𒉣𒊺,𒉣𒊺,,,,,,
kiszi13,𒄴𒆜,𒄴𒆜,,,,,,
kiszi14,𒋙𒉀,𒋙𒉀,,,,,,
kiszi15,𒆜𒄴,𒆜𒄴,,,,,,
kiszi16,𒌑𒄉,𒌑𒄉,,,,,,
kiszi17,𒄉,𒄉,,,,,,
kiszi2,𒆟,𒆟,,,,,,
kiszi3,𒋙𒀭𒄲,𒋙𒀭𒄲,,,,,,
kiszi4,𒊔,𒊔,,,,,,
kiszi5,𒉾,𒉾,,,,,,
kiszi6,𒊾,𒊾,,,,,,
kiszi7,𒁝,𒁝,,,,,,
kiszi8,𒁞,𒁞,,,,,,
kiszi9,𒁬,𒁬,,,,,,
kiszib,𒈩,𒈩,𒈩,,,,,
kiszib2,𒉾,𒉾,,,,,,
kiszib3,𒁾,𒁾,𒁾,,,,,
kiszig,𒌑𒄉,𒌑𒄉,,,,,,
kiszig2,𒄉,𒄉,,,,,,
kiszik,𒌑𒄉,𒌑𒄉,,,,,,
kiszik2,𒄉,𒄉,,,,,,
kiszim5,𒆨,𒆨,,,,,,
kisziₓ,𒆠𒊔,𒆠𒊔,,,,,,
kiszli,𒊯,𒊯,,,,,,
kiszādu,𒄘,𒄘,,,,,,
kis₂,𒄑,,,𒄑,,𒄑,,
kit,𒆤,,𒆤,𒆤,𒆤,𒆤,,
"kit,",𒆤,𒆤,𒆤,,,,,
kit10,𒁍,𒁍,,,𒁍,,,
kit2,𒋺,𒋺,,,𒋺,,,
kit9,𒃰,𒃰,,,𒃰,,,
kiteₓ,,,,,,𒄇,,
kiti,,𒁍X𒌦,,𒁍X𒌦,,,,
kitim,𒄇,,𒄇,𒄇,𒄇,𒄇,,
kitiₓ,,,,,,𒁍X𒌦。𒄇,,
kit₁₀,𒁍,,,𒁍,,𒁍,,
kit₂,𒋺,,,𒋺,,𒋺,,
kit₉,𒃰,,,𒃰,,𒃰,,
kitₓ,,,,,,𒆕,,
kixbad,,,,,𒆡,,,
kixu,,,,,𒆢,,,
kixud,,,,,𒆣,,,
kizlah,𒆠𒌓,,,𒆠𒌓,,𒆠𒌓,,
ki×bad,,𒆡,,𒆡,,,,
ki×u,,𒆢,,𒆢,,,,
ki×ud,,𒆣,,𒆣,,,,
kiĝ2,,,𒆥,,,,,
kiŋ,𒈪𒉭,,,𒈪𒉭,,𒍼,,
kiŋ2,𒆥,𒆥,,,,,,
kiŋalₓ,,,,,,𒆠𒆗。𒆠𒌓,,
kiŋgal,,𒃲𒌺,,𒃲𒌺,,𒃲𒌺,,
kiŋ₂,𒆥,,,𒆥,,𒆥,,
kiŋₓ,,,,,,𒌺,,
kiš,𒆧,,𒆧,𒆧,𒆧,𒆧,,
kiš16,,,,,𒌑𒄉,,,
kiš17,,,,,𒄉,,,
kiš2,,,,,𒂡,,,
kiš3,,,,,𒋙𒀭𒄲𒆠,,,
kiš4,,,,,𒊔,,,
kiš8,,,,,𒁞,,,
kiš9,,,,,𒁬,,,
kiša,𒌑𒄉,,,𒌑𒄉,𒌑𒄉,𒌑𒄉,,
kiša2,,,,,𒄉,,,
kišag,𒂮,,,𒂮,𒂮,𒂮,,
kišaga,,,,,𒂮,,,
kiša₂,𒄉,,,𒄉,,𒄉,,
kiše,,𒆧,,𒆧,,𒆧,,
kišeb,,𒁾,,𒁾,𒈩,𒁾,,
kišeg,𒌑𒄉,,,𒌑𒄉,,𒌑𒄉,,
kišeg₂,𒄉,,,𒄉,,𒄉,,
kišek,𒌑𒄉,,,𒌑𒄉,,𒌑𒄉,,
kišer,𒄊𒁇,,,𒄊𒁇,𒄊𒁇,𒄊𒁇,,
kiše₄,,𒊔,,𒊔,,𒊔,,
kišeₓ,𒆧,𒆧,,,,,,
kiši,𒆧,,,𒆧,𒆧,𒆧,,
kiši10,,,,,𒌋𒄊。𒌋𒊊,,,
kiši11,,,,,𒅃,,,
kiši12,,,,,𒉣𒊺,,,
kiši13,,,,,𒄴𒆜。𒈯𒆜,,,
kiši14,,,,,𒋙𒉀,,,
kiši15,,,,,𒆜𒄴,,,
kiši16,,,,,𒌑𒄉,,,
kiši17,,,,,𒄉,,,
kiši3,,,,,𒋙𒀭𒄲。𒋙𒀭𒄲𒆠,,,
kiši4,,,𒊔,,𒊔,,,
kiši6,,,,,𒊾,,,
kiši7,,,𒁝,,𒁝,,,
kiši8,,,𒁞,,𒁞,,,
kiši9,,,𒁬,,𒁬,,,
kišib,𒈩,,𒈩,𒈩,𒈩,𒈩,,
kišib3,,,,,𒁾,,,
kišib₂,𒉾,,,𒉾,,𒉾,,
kišib₃,𒁾,,,𒁾,,𒁾,,
kišig,𒌑𒄉,,,𒌑𒄉,,𒌑𒄉,,
kišig₂,𒄉,,,𒄉,,𒄉,,
kišik,𒌑𒄉,,,𒌑𒄉,,𒌑𒄉,,
kišik₂,𒄉,,,𒄉,,𒄉,,
kišim₅,𒆨,,,𒆨,,𒆨,,
kiši₁₀,𒌋𒊊,,,𒌋𒊊,,𒌋𒊊,,
kiši₁₁,𒅃,,,𒅃,,𒅃,,
kiši₁₂,𒉣𒊺,,,𒉣𒊺,,𒉣𒊺,,
kiši₁₃,𒄴𒆜,,,𒄴𒆜,,𒄴𒆜,,
kiši₁₄,𒋙𒉀,,,𒋙𒉀,,𒋙𒉀,,
kiši₁₅,𒆜𒄴,,,𒆜𒄴,,𒆜𒄴,,
kiši₁₆,𒌑𒄉,,,𒌑𒄉,,𒌑𒄉,,
kiši₁₇,𒄉,,,𒄉,,𒄉,,
kiši₂,𒆟,,,𒆟,,𒆟,,
kiši₃,𒋙𒀭𒄲,,,𒋙𒀭𒄲,,𒋙𒀭𒄲,,
kiši₄,𒊔,,,𒊔,,𒊔,,
kiši₅,𒉾,,,𒉾,,𒉾,,
kiši₆,𒊾,,,𒊾,,𒊾,,
kiši₇,𒁝,,,𒁝,,𒁝,,
kiši₈,𒁞,,,𒁞,,𒁞,,
kiši₉,𒁬,,,𒁬,,𒁬,,
kišiₓ,𒆠𒊔,,,𒆠𒊔,,𒁖X。𒁖𒆨。𒆠𒊔,,
kišli,𒊯,,,𒊯,,𒊯,,
kišādu,𒄘,,,𒄘,,,,
kiš₁₆,𒌑𒄉,,,𒌑𒄉,,𒌑𒄉,,
kiš₂,𒆟,,,𒆟,,𒆟,,
kiš₅,𒉾,,,𒉾,,𒉾,,
kiṣ,𒆧,,,𒆧,𒆧,𒆧,,
kiṭ,𒆤,,,𒆤,𒆤,𒆤,,
ki₂,𒄀,,,𒄀,,𒄀,,
ki₃,𒀝,,,𒀝,,𒀝,,
ki₄,𒆤,,,𒆤,,𒆤,,
ki₅,𒁶,,,𒁶,,𒁶,,
ki₆,𒍪,,,𒍪,,𒍪,,
ki₇,𒆕,,,𒆕,,𒆕,,
ki₈,𒄄,,,𒄄,,𒄄,,
ki₉,𒆥,,,𒆥,,𒆥,,
kot,,,,,𒃰,,,
ku,𒆪,,𒆪,𒆪,𒆪,𒆪,,
ku&hi×aš₂.ku&hi×aš₂,,𒆫,,𒆫,,,,
ku(4),,,𒐉 𒐉,,,,,
ku.an,,𒆪𒀭,,𒆪𒀭,𒆪𒀭,,,
ku.bad,,,,,𒆪𒁁,,,
ku.bu.nun.tu.ku,,𒆪𒁍𒉣𒌅𒆪,,𒆪𒁍𒉣𒌅𒆪,,,,
ku.gar,,𒆪𒃻,,𒆪𒃻,,,,
ku.giš%giš,,𒆪𒄒,,𒆪𒄒,,,,
ku.idim,,𒆪𒅂,,𒆪𒅂,,,,
ku.ki.sag,,𒆪𒆠𒊕,,𒆪𒆠𒊕,,,,
ku.ku,,𒆪𒆪,,𒆪𒆪,𒆪𒆪,,,
ku.ku.ku,,𒆪𒆪𒆪,,𒆪𒆪𒆪,𒆪𒆪𒆪,,,
ku.nam.en,,,,,𒆪𒉆𒂗,,,
ku.nam.lugal,,,,,𒆪𒉆𒈗,,,
ku.nam.nin,,,,,𒆪𒉆𒊩𒌆,,,
ku.nig2,,,,,𒆪𒃻,,,
ku.nu,,𒆪𒉡,,𒆪𒉡,𒆪𒉡,,,
ku10,𒈪,𒈪,𒈪,,𒈪,,,
ku10-ku10,𒈪,𒈪,,,,,,
ku10.ku10,,,,,𒈪𒈪,,,
ku11,𒆠,𒆠,𒆠,,𒆠,,,
ku11.ku11,,,,,𒆠𒆠,,,
ku12,𒁖,𒁖,𒁖,,,,,
ku13,𒄣,𒄣,𒄣,,𒄣,,,
ku14,𒆲,𒆲,𒆲,,𒆲,,,
ku15,𒄞,𒄞,𒄞,,𒄞,,,
ku16,𒉈,𒉈,,,𒉈,,,
ku2,𒅥,𒅥,𒅥,,𒅥,,,
ku3,𒆬,𒆬,𒆬,,𒆬,,,
ku3-babbar,𒆬𒌓,𒆬𒌓,,,,,,
ku3-sig17,𒆬𒄀,𒆬𒄀,,,,,,
ku3.babbar,,,,,𒆬𒌓,,,
ku4,𒆭,𒆭,𒆭,,𒆮,,,
ku5,𒋻,𒋻,𒋻,,𒋻,,,
ku6,𒄩,𒄩,𒄩,,𒄩,,,
ku6_,,,𒄩,,,,,
ku7,𒆯,𒆯,𒆯,,𒆯,,,
ku7-ku7,𒆯𒆯,𒆯𒆯,,,,,,
ku7.ku7,,,,,𒆯𒆯,,,
ku7.ku7.ki,,,,,𒆯𒆯𒆠,,,
ku8,𒄖,𒄖,𒄖,,𒄖,,,
ku9,𒆰,𒆰,𒆰,,𒆰,,,
ku[g],,,𒆬,,,,,
ku[n?,,,𒆲,,,,,
kua,𒄩,,,𒄩,𒄩,𒄩,,
kua2,𒌔,𒌔,,,𒌔,,,
kuar,𒄩𒀀,,,𒄩𒀀,𒄩𒀀,𒄩𒀀,,
kuar2,𒀀𒄩,𒀀𒄩,,,𒀀𒄩,,,
kuara,𒄩𒀀,,,𒄩𒀀,𒄩𒀀,𒄩𒀀,,
kuara2,𒀀𒄩,𒀀𒄩,,,𒀀𒄩,,,
kuara₂,𒀀𒄩,,,𒀀𒄩,,𒀀𒄩,,
kuaraₓ,,,,,,𒄩𒀀𒌫,,
kuar₂,𒀀𒄩,,,𒀀𒄩,,𒀀𒄩,,
kua₂,𒌔,,,𒌔,,𒌔,,
kub,𒁺,,𒁺,𒁺,𒁺,𒁺,,
kub2,,,,,𒄽,,,
kub3,,,,,𒄸,,,
kub4,𒆤,𒆤,𒆤,,𒆤,,,
kubabbar,,,,,𒆬𒌓,,,
kub₄,𒆤,,,𒆤,,,,
kub₄?,,,,,,𒆤,,
kud,𒋻,,𒋻,𒋻,𒋻,𒋻,,
kud2,,,,,𒃰,,,
kud3,𒆪,𒆪,𒆪,,𒆪,,,
kud5,𒆯,𒆯,𒆯,,,,,
kud6,𒆑,𒆑,𒆑,,𒆑,,,
kudma,𒋻,,,𒋻,,𒋻,,
kud₃,𒆪,,,𒆪,,𒆪,,
kud₅,𒆯,,,𒆯,,𒆯,,
kud₆,𒆑,,,𒆑,,𒆑,,
kug,𒆬,,𒆬,𒆬,𒆬,𒆬,,
kug.an,,,,,𒆬𒀭,,,
kug.babbar,,,,,𒆬𒌓,,,
kug.gi,,,,,𒆬𒄀,,,
kugal,,,,,𒇻𒄾,,,
kugereₓ,,,,,,𒅬,,
kugre,𒅬,,,𒅬,,𒅬,,
kugu,𒄭,,,𒄭,𒄭。𒊹,𒄭,,
kugur,𒅬,,,𒅬,𒅬,𒅬,,
kuia,𒌔,,,𒌔,𒆵。𒌔,𒌔,,
kuia3,𒆵,𒆵,,,,,,
kuia₃,𒆵,,,𒆵,,𒆵,,
kuk,𒆬,,𒆬,𒆬,𒆬。𒈖,𒆬,,
kuk2,𒈖,𒈖,,,𒆬。𒈖,,,
kukki,,,,,𒆯𒆯𒆠,,,
kukku,𒆯𒆯,,,𒆯𒆯,𒆯𒆯,𒆯𒆯,,
kukku2,𒈪𒈪,𒈪𒈪,𒈪𒈪,,𒈪𒈪,,,
kukku3,𒆠𒆠,𒆠𒆠,,,,,,
kukku3utte,,,,,𒆠𒆠,,,
kukku4,𒆠𒈽,𒆠𒈽,,,,,,
kukku5,𒈪,𒈪,𒈪,,𒈪,,,
kukkuda,𒆯,,,𒆯,𒆯,𒆯,,
kukkuda2,𒅖,𒅖,,,𒅖,,,
kukkuda₂,𒅖,,,𒅖,,𒅖,,
kukkug2,𒈪𒈪,𒈪𒈪,,,,,,
kukkug₂,𒈪𒈪,,,𒈪𒈪,,𒈪𒈪,,
kukkusz,𒅖,𒅖,,,,,,
kukkusza,𒆯,𒆯,,,,,,
kukkuš,𒅖,,,𒅖,𒅖,𒅖,,
kukkuša,𒆯,,,𒆯,𒆯,𒆯,,
kukkuša2,,,,,𒅖,,,
kukkušda,,𒅖,,𒅖,,𒅖,,
kukku₂,𒈪𒈪,,,𒈪𒈪,,𒈪𒈪,,
kukku₃,𒆠𒆠,,,𒆠𒆠,,𒆠𒆠,,
kukku₄,𒆠𒈽,,,𒆠𒈽,,𒆠𒈽,,
kukku₅,𒈪,,,𒈪,,𒈪,,
kuksu,𒋻,,,𒋻,𒋻,𒋻,,
kuksu2,𒆕𒋻,𒆕𒋻,,,𒁕𒁕。𒆕𒋻,,,
kuksu₂,𒆕𒋻,,,𒆕𒋻,,𒆕𒋻,,
kuku5,𒈪,𒈪,,,,,,
kukuda2,𒅖,𒅖,,,𒅖,,,
kukuda₂,𒅖,,,𒅖,,𒅖,,
kukula,𒆯,,,𒆯,𒆯,𒆯,,
kukuša2,,,,,𒅖,,,
kuku₅,𒈪,,,𒈪,,𒈪,,
kukuₓ,𒈘,,,𒈘,,𒈘,,
kuk₂,𒈖,,,𒈖,,𒈖,,
kul,𒆰,,𒆰,𒆰,𒆰,𒆰,,
kul2,𒄢,𒄢,𒄢,,𒄢,,,
kul@g,,𒆱,,𒆱,,,,
kula,𒆰,,,𒆰,,𒆰,,
kulgunû,,,,,𒆱,,,
kulkul,𒅢𒊕,,,𒅢𒊕,,𒅢𒊕,,
kulla,𒋞,,,𒋞,𒋞,𒋞,,
kulluₓ,𒋞,,,𒋞,,𒋞,,
kulu,𒆰,,,𒆰,𒆰,𒆰,,
kul₂,𒄢,,,𒄢,,𒄢,,
kulₓ,𒄑𒆰,𒁄。𒄑𒆰,,𒁄,,𒁄。𒄑𒆰,,
kum,𒄣,,𒄣,𒄣,𒄣,𒄣,,
kum2,𒉈,𒉈,𒉈,,𒉈,,,
kum3,𒂬,𒂬,𒂬,,𒉽𒅊𒉣𒈨𒂬,,,
kum4,𒌓,𒌓,,,𒌓,,,
kum5,,,,,𒅖,,,
kumxše,,,,,𒄤,,,
kum₂,𒉈,,,𒉈,,𒉈,,
kum₃,𒂬,,,𒂬,,𒂬,,
kum₄,𒌓,,,𒌓,,𒌓,,
kumₓ,𒉺,,,𒉺,,𒄤。𒉣𒈨𒂡𒄣。𒉺,,
kumₓ?,,,,,,𒅊𒉽,,
kun,𒆲,,𒆲,𒆲,𒆲,𒆲,,
kun10,𒆥,𒆥,,,𒆥,,,
kun2,𒉺,𒉺,,,𒉺,,,
kun3,𒄣,𒄣,,,𒄣,,,
kun4,𒄿𒇻,𒄿𒇻,,,𒄿𒁳。𒄿𒇻,,,
kun5,𒌉𒂠,𒌉𒂠,,,𒌉𒂠,,,
kun7,,,,,𒉈,,,
kun8,𒈧,𒈧,,,𒈧,,,
kun9,𒉈,𒉈,,,𒉈,,,
kunga,𒋙𒀯,,𒋙𒀯,𒋙𒀯,𒉺。𒋙𒀯,𒋙𒀯,,
kunga2,𒋙𒀭,𒋙𒀭,𒋙𒀭,,𒁇𒀭。𒋙𒀯,,,
kunga3,𒁇𒀭,𒁇𒀭,,,𒀯,,,
kungal,𒇻𒄾,,,𒇻𒄾,𒇻𒄾,𒇻𒄾,,
kungalaₓ,,,,,,𒇻𒄾,,
kunga₂,𒋙𒀭,,,𒋙𒀭,,𒀯。𒁇𒀭。𒋙𒀭,,
kunga₃,𒁇𒀭,,,𒁇𒀭,,𒀯,,
kungaₓ,𒋙𒀯,,,𒋙𒀯,,𒁇𒀯。𒆠。𒋙𒀾,,
kungi,𒋙𒀯,,,𒋙𒀯,𒋙𒀯,𒋙𒀯,,
kungi2,𒋙𒀭,𒋙𒀭,,,𒁇𒀭,,,
kungi3,𒁇𒀭,𒁇𒀭,,,𒀯,,,
kungil,,,,,𒌓𒅗𒈦,,,
kungi₂,𒋙𒀭,,,𒋙𒀭,,𒀯。𒁇𒀭。𒋙𒀭,,
kungi₃,𒁇𒀭,,,𒁇𒀭,,𒀯,,
kunigara,𒀭𒁈,,,𒀭𒁈,𒀀𒇉𒀭𒁈。𒀭𒁈,𒀭𒁈,,
kunigara2,𒀭𒈲,𒀭𒈲,,,𒀀𒇉𒀭𒈲。𒀭𒈲,,,
kunigara3,𒀭𒌅,𒀭𒌅,,,𒀀𒇉𒀭𒌅。𒀭𒌅,,,
kunigara4,𒈸,𒈸,,,𒀀𒇉𒀭𒈶。𒀭𒈶,,,
kunigara5,𒀀𒈖,𒀀𒈖,,,𒀀𒈖,,,
kunigara₂,𒀭𒈲,,,𒀭𒈲,,𒀭𒈲,,
kunigara₃,𒀭𒌅,,,𒀭𒌅,,𒀭𒌅,,
kunigara₄,𒈸,,,𒈸,,𒈸,,
kunigara₅,𒀀𒈖,,,𒀀𒈖,,𒀀𒈖,,
kunin,𒇒,,,𒇒,𒇒,𒇒,,
kunin2,𒆹,𒆹,,,𒆹,,,
kunin3,𒇁,𒇁,𒇁,,𒇁,,,
kunin₂,𒆹,,,𒆹,,𒆹,,
kunin₃,𒇁,,,𒇁,,,,
kunin₃?,,,,,,𒇁,,
kuninₓ,𒇅,,,𒇅,,𒀀𒇒。𒇅,,
kunu,𒆲,,,𒆲,𒆲,𒆲,,
kunuₓ,,,,,,𒄯,,
kun₁₀,𒆥,,,𒆥,,,,
kun₁₀?,,,,,,𒆥,,
kun₂,𒉺,,,𒉺,,𒉺,,
kun₃,𒄣,,,𒄣,,𒄣,,
kun₄,𒄿𒇻,,,𒄿𒇻,,𒄿𒇻,,
kun₅,𒌉𒂠,,,𒌉𒂠,,𒌉𒂠,,
kun₈,𒈧,,,𒈧,,𒈧,,
kun₉,𒉈,,,𒉈,,𒉈,,
kunₓ,𒈝,,,𒈝,,,,
kunₓ?,,,,,,𒈝,,
kuoverḫar.kuoverḫar,,,,,𒆫,,,
kuoverḫixaš2.kuoverḫixaš2,,,,,𒆫,,,
kup,𒁺,,,𒁺,𒁺,𒁺,,
kup2,,,,,𒄽,,,
kup3,𒄸,𒄸,,,𒄸,,,
kup4,𒆤,𒆤,𒆤,,𒆤,,,
kup₃,𒄸,,,𒄸,,𒄸,,
kup₄,𒆤,,,𒆤,,,,
kup₄?,,,,,,𒆤,,
kur,𒆳,,𒆳,𒆳,𒆳,𒆳,,
kur.kurinversum,,,,,𒆴,,,
kur.muš₃@g.za.ki,,𒆳𒈽𒍝𒆠,,𒆳𒈽𒍝𒆠,,,,
kur.si.a.ga,,𒆳𒋛𒀀𒂵,,𒆳𒋛𒀀𒂵,,,,
kur.ti,,𒆳𒋾,,𒆳𒋾,𒆳𒋾,,,
kur.ti.ki,,,,,𒆳𒋾𒆠,,,
kur10,,,,,𒉺,,,
kur11,𒉩𒆠,𒉩𒆠,,,𒉣𒆠。𒉩𒆠,,,
kur12,𒍀,𒍀,𒍀,,𒍀,,,
kur14,𒂊𒌈,𒂊𒌈,,,,,,
kur15,𒂵,𒂵,,,𒂵,,,
kur2,𒉽,𒉽,𒉽,,𒉽,,,
kur2.ir.gidim2,,,,,𒍙,,,
kur3,𒄥,𒄥,𒄥,,𒄥,,,
kur4,𒆸,𒆸,𒆸,,𒆸,,,
kur5,𒋻,𒋻,𒋻,,𒋻,,,
kur6,𒉻,𒉻,𒉻,,𒉻,,,
kur7,𒅆𒂟,𒅆𒂟,,,,,,
kur8,𒅥,𒅥,,,𒅥,,,
kur9,𒆭,𒆭,𒆭,,𒋽,,,
kur@kur,,𒆴,,𒆴,,,,
kur_,,,𒆳,,,,,
kura,,,,,𒆳,,,
kurin,𒂁,,,𒂁,,𒂁,,
kurku,𒈨𒀭𒊺𒉀,,,𒈨𒀭𒊺𒉀,𒈨𒀭𒊺𒉀,𒈨𒀭𒊺𒉀,,
kurku2,𒅗𒀭𒉌𒋛,𒅗𒀭𒉌𒋛,,,𒅗𒀭𒉌𒋛,,,
kurku₂,𒅗𒀭𒉌𒋛,,,𒅗𒀭𒉌𒋛,,𒅗𒀭𒉌𒋛,,
kurkuₓ,,,,,,None。𒀭𒈨𒉀,,
kurnun,𒇳,,,𒇳,𒇳,,,
kurnun?,,,,,,𒇳,,
kuropposingkur,,,,,𒆴,,,
kurrunₓ,𒄧,,,𒄧,,𒄧,,
kuru,𒂊𒋤𒄽,,,𒂊𒋤𒄽,𒆳,𒂊𒋤𒄽,,
kuru11,𒉩𒆠,𒉩𒆠,,,𒉣𒆠。𒉩𒆠,,,
kuru13,𒄦,𒄦,𒄦,,𒄦,,,
kuru14,𒂊𒌈,𒂊𒌈,,,𒂊𒌈,,,
kuru16,,,,,𒂊𒋤,,,
kuru2,𒉽,𒉽,,,𒉽,,,
kuru4,𒆸,𒆸,,,𒆸,,,
kuru5,𒋻,𒋻,,,𒋻,,,
kuru7,𒅆𒂟,𒅆𒂟,,,,,,
kurud,𒉩𒆠,,,𒉩𒆠,𒉣𒆠。𒉩𒆠,𒉩𒆠,,
kuruda,𒉩𒆠,,,𒉩𒆠,𒉣𒆠。𒉩𒆠,𒉩𒆠,,
kurul14,𒂊𒌈,𒂊𒌈,,,,,,
kurul₁₄,𒂊𒌈,,,𒂊𒌈,,𒂊𒌈,,
kurulₓ,𒂊𒌈𒃡,,,𒂊𒌈𒃡,,𒂊𒌈𒃡,,
kurum10,𒂁,𒂁,,,𒂁,,,
kurum5,𒋻,𒋻,,,𒋻,,,
kurum6,𒉻,𒉻,𒉻,,𒉻,,,
kurum7,𒅆𒂟,𒅆𒂟,𒅆𒂟,,,,,
kurummaₓ,𒉻,,,𒉻,,𒉻,,
kurum₁₀,𒂁,,,𒂁,,𒂁,,
kurum₅,𒋻,,,𒋻,,𒋻,,
kurum₆,𒉻,,,𒉻,,𒉻,,
kurum₇,𒅆𒂟,,,𒅆𒂟,,𒅆𒂟,,
kurun,𒁉𒁷,,𒁉𒁷,𒁉𒁷,𒁉𒁷,𒁉𒁷,,
kurun2,𒁷,𒁷,,,𒁷,,,
kurun3,𒂁,𒂁,,,𒂁,,,
kurun4,,,,,𒃾,,,
kurun5,𒁉𒈪,𒁉𒈪,,,𒁉𒈪,,,
kurun6,𒄧,𒄧,,,𒄧,,,
kurun₂,𒁷,,,𒁷,,𒁷,,
kurun₃,𒂁,,,𒂁,,𒂁,,
kurun₅,𒁉𒈪,,,𒁉𒈪,,𒁉𒈪,,
kurun₆,𒄧,,,𒄧,,𒄧,,
kurunₓ,𒋲,,,𒋲,,None。𒁁𒅆𒁁。𒁷𒁉。𒁷𒆜。𒅃。𒅄。𒋲。𒋼,,
kurusz,𒆯,𒆯,,,,,,
kuruszda,𒆯,𒆯,,,,,,
kuruš,𒆯,,,𒆯,𒆯,𒆯,,
kurušda,𒆯,,𒆯,𒆯,𒆯,𒆯,,
kurušdaₓ,,,,,,None,,
kuruštumₓ,,,,,,𒆯,,
kuru₁₁,𒉩𒆠,,,𒉩𒆠,,𒉩𒆠,,
kuru₁₃,𒄦,,,𒄦,,𒄦,,
kuru₁₄,𒂊𒌈,,,𒂊𒌈,,𒂊𒌈,,
kuru₂,𒉽,,,𒉽,,𒉽,,
kuru₄,𒆸,,,𒆸,,𒆸,,
kuru₅,𒋻,,,𒋻,,𒋻,,
kuru₇,𒅆𒂟,,,𒅆𒂟,,𒅆𒂟,,
kuruₓ,,,,,,𒆳,,
kur₁₁,𒉩𒆠,,,𒉩𒆠,,𒉩𒆠,,
kur₁₂,𒍀,,,𒍀,,𒍀,,
kur₁₄,𒂊𒌈,,,𒂊𒌈,,𒂊𒌈,,
kur₁₅,𒂵,,,𒂵,,𒂵,,
kur₂,𒉽,,,𒉽,,𒉽,,
kur₃,𒄥,,,𒄥,,𒄥,,
kur₄,𒆸,,,𒆸,,𒆸,,
kur₅,𒋻,,,𒋻,,𒋻,,
kur₆,𒉻,,,𒉻,,𒉻,,
kur₇,𒅆𒂟,,,𒅆𒂟,,𒅆𒂟,,
kur₈,𒅥,,,𒅥,,,,
kur₈?,,,,,,𒅥,,
kur₉,𒆭,,𒆭,𒆭,,𒆭。𒆮,,
kurₓ,𒇸,,,𒇸,,𒁺。𒆁。𒆰。𒇸。𒌅,,
kus,𒋢,,,𒋢,𒋢,𒋢,,
"kus,2",𒈝,𒈝,,,,,,
kus2,𒈝,𒈝,,,𒈝,,,
kuski,,,,,𒆬𒄀,,,
kusun,𒈜,,,𒈜,,𒈜,,
kusuₓ,,,,,,𒆵,,
kusz,𒋢,𒋢,𒋢,,,,,
kusz10,𒉾,𒉾,,,,,,
kusz2,𒊨,𒊨,𒊨,,,,,
kusz3,𒌑,𒌑,𒌑,,,,,
kusz4,𒉺𒀭,𒉺𒀭,,,,,,
kusz5,𒌋𒊊,𒌋𒊊,,,,,,
kusz6,𒆯,𒆯,,,,,,
kusz7,𒅖,𒅖,𒅖,,,,,
kusz8,𒄾,𒄾,𒄾,,,,,
kusz9,𒆵,𒆵,,,,,,
kusza,𒆵,𒆵,,,,,,
kuszaₓ,𒌔,𒌔,,,,,,
kuszdim,𒄞,𒄞,,,,,,
kuszgim,𒄞,𒄞,,,,,,
kuszlug,𒆠𒉈,𒆠𒉈,,,,,,
kuszu,𒌋𒊊,𒌋𒊊,𒌋𒊊,,,,,
kuszu2,𒆵,𒆵,𒆵,,,,,
kuszu3,𒌔,𒌔,,,,,,
kuszu4,𒊨,𒊨,,,,,,
kuszum,𒁉𒈜,𒁉𒈜,,,,,,
kuszum2,𒈜,𒈜,,,,,,
kuszum3,𒄞,𒄞,,,,,,
kuszum4,𒌋𒊊,𒌋𒊊,,,,,,
kuszumₓ,𒌑,𒌑,,,,,,
kuszuₓ,𒊩𒆵,𒊩𒆵,,,,,,
kuszₓ,𒊩𒆵,𒊩𒆵,,,,,,
kus₂,𒈝,,,𒈝,,𒈝,,
kut,𒋻,,𒋻,𒋻,𒋻,𒋻,,
kut2,𒃰,𒃰,,,𒃰,,,
kutra,𒆠𒀭𒅎,,,𒆠𒀭𒅎,,𒆠𒀭𒅎,,
kutraₓ,𒀭𒅎,,,𒀭𒅎,,𒀭𒅎,,
kutu,𒋻,,,𒋻,𒋻,𒋻,,
kutu2,𒊏𒊏,𒊏𒊏,,,𒇽𒊏𒊏。𒊏𒊏,,,
kutu₂,𒊏𒊏,,,𒊏𒊏,,,,
kutu₂?,,,,,,𒊏𒊏,,
kut₂,𒃰,,,𒃰,,𒃰,,
kuwa2,𒌔,𒌔,,,,,,
kuwa₂,𒌔,,,𒌔,,𒌔,,
kuwaₓ,,,,,,𒆵,,
kuya2,𒌔,𒌔,,,,,,
kuya₂,𒌔,,,𒌔,,𒌔,,
kuyaₓ,𒊩𒆵,,,𒊩𒆵,,𒊩𒆵,,
kuz,𒋢,,,𒋢,𒋢,𒋢,,
kuz2,,,,,𒈝,,,
kuz3,𒆪,𒆪,,,𒆪,,,
kuzbi,𒌑,,,𒌑,𒌑,𒌑,,
kuzbu,𒌑,,,𒌑,𒌑,𒌑,,
kuzu,,,,,𒌋𒄊。𒌋𒊊,,,
kuzunₓ,,,,,,𒅖,,
kuz₃,𒆪,,,𒆪,,,,
kuz₃?,,,,,,𒆪,,
kuŋ,,𒆬,,𒆬,,,,
kuŋ4,𒄿𒇻,𒄿𒇻,,,,,,
kuŋ5,𒌉𒂠,𒌉𒂠,,,,,,
kuŋgala,,𒇻𒄾,,𒇻𒄾,,𒇻𒄾,,
kuŋ₂,,𒆲,,𒆲,,𒆲,,
kuŋ₄,𒄿𒇻,,,𒄿𒇻,,𒄿𒇻,,
kuŋ₅,𒌉𒂠,,,𒌉𒂠,,𒌉𒂠,,
kuŋₓ,𒈝,,,𒈝,,𒄿𒁳,,
kuŋₓ?,,,,,,𒈝,,
kuš,𒋢,,𒋢,𒋢,𒋢,𒋢,,
kuš2,,,𒊨,,𒊨,,,
kuš3,,,𒌑,,𒌑,,,
kuš4,,,,,𒉺𒀭,,,
kuš5,,,,,𒌋𒄊。𒌋𒊊,,,
kuš6,,,,,𒆯,,,
kuš7,,,𒅖,,𒅖,,,
kuš8,,,,,𒄾,,,
kuš9,,,,,𒆵,,,
kuša,𒆵,,,𒆵,,𒆵,,
kušaₓ,𒌔,,,𒌔,,𒉄𒁹。𒌔,,
kušdim,𒄞,,,𒄞,𒄞,𒄞,,
kušgim,𒄞,,,𒄞,𒄞,𒄞,,
kušlug,𒆠𒉈,,,𒆠𒉈,𒆠𒉈,𒆠𒉈,,
kušu,𒌋𒊊,,𒌋𒊊,𒌋𒊊,𒌋𒄊。𒌋𒊊,𒌋𒊊,,
kušu2,,,𒆵,,𒆵,,,
kušu3,,,,,𒌔,,,
kušu4,,,,,𒊨,,,
kušum,𒁉𒈜,,,𒁉𒈜,𒁉𒈜,𒁉𒈜,,
kušum2,,,,,𒈜,,,
kušum3,,,,,𒄞,,,
kušum4,,,,,𒌋𒄊。𒌋𒊊,,,
kušum₂,𒈜,,,𒈜,,𒈜,,
kušum₃,𒄞,,,𒄞,,𒄞,,
kušum₄,𒌋𒊊,,,𒌋𒊊,,𒌋𒊊,,
kušumₓ,𒌑,,,𒌑,,𒌑。𒍮,,
kušu₂,𒆵,,,𒆵,,𒆵,,
kušu₂.an.muš₃@g,,𒓧,,𒓧,,,,
kušu₃,𒌔,,,𒌔,,𒌔,,
kušu₄,𒊨,,,𒊨,,𒊨,,
kušuₓ,𒊩𒆵,,,𒊩𒆵,,𒊩𒆵。𒊩𒌋𒁹,,
kuš₁₀,𒉾,,,𒉾,,𒉾,,
kuš₂,𒊨,,,𒊨,,𒊨,,
kuš₂⁻,,,,,,𒊨,,
kuš₃,𒌑,,,𒌑,,𒌑,,
kuš₄,𒉺𒀭,,,𒉺𒀭,,𒉺𒀭,,
kuš₅,𒌋𒊊,,,𒌋𒊊,,𒌋𒊊,,
kuš₆,𒆯,,,𒆯,,𒆯,,
kuš₇,𒅖,,,𒅖,,𒅖,,
kuš₈,𒄾,,,𒄾,,𒄾,,
kuš₉,𒆵,,,𒆵,,𒆵,,
kušₓ,𒊩𒆵,,,𒊩𒆵,,𒊩𒆵,,
kuṣ2,,,,,𒈝,,,
kuṣ₂,𒈝,,,𒈝,,𒈝,,
kuṭ,,,,,𒋻,,,
kuṭ2,,,,,𒃰,,,
ku₁₀,𒈪,,,𒈪,,𒈪,,
ku₁₀-ku₁₀,𒈪,,,𒈪,,𒈪,,
ku₁₁,𒆠,,,𒆠,,𒆠,,
ku₁₂,𒁖,,,𒁖,,𒁖X,,
ku₁₃,𒄣,,,𒄣,,𒄣,,
ku₁₄,𒆲,,,𒆲,,𒆲,,
ku₁₅,𒄞,,,𒄞,,𒄞,,
ku₁₆,𒉈,,,𒉈,,𒉈,,
ku₂,𒅥,,,𒅥,,𒅥,,
ku₃,𒆬,,𒆬,𒆬,,𒆬,,
ku₃-babbar,𒆬𒌓,,,𒆬𒌓,,𒆬𒌓,,
ku₃-sig₁₇,𒆬𒄀,,,𒆬𒄀,,𒆬𒄀,,
ku₃.an,,𒆬𒀭,,𒆬𒀭,,,,
ku₃.gi,,𒆬𒄀,,𒆬𒄀,,,,
ku₃.ud,,𒆬𒌓,,𒆬𒌓,,,,
ku₄,𒆭,,,𒆭,,𒆭。𒆮,,
ku₄~a,,𒆮,,𒆮,,,,
ku₅,𒋻,,𒋻,𒋻,,𒋻,,
ku₆,𒄩,,,𒄩,,𒄩,,
ku₇,𒆯,,𒆯,𒆯,,𒆯,,
ku₇-ku₇,𒆯𒆯,,,𒆯𒆯,,𒆯𒆯,,
ku₇.ku₇,,𒆯𒆯,,𒆯𒆯,,,,
ku₈,𒄖,,,𒄖,,𒄖,,
ku₉,𒆰,,,𒆰,,𒆰,,
kuₓ,𒉐,,,𒉐,,𒁺。𒃻。𒄪。𒆸。𒇸。𒉐。𒌅,,
kwu089.gal,,𒃲,,𒃲,,,,
kwu318,,𒆶,,𒆶,𒆶,,,
kà,,,𒂵,,,,,
kàd,,,𒆑,,,,,
kàl,,,𒆕,,,,,
kàs,,,𒄤,,,,,
kàt,,,𒆑,,,,,
kàš,,,𒍒,,,,,
kàṣ,,,𒄤,,,,,
ká,,,𒆍,,,,,
káb,,,𒅘,,,,,
kád,,,𒆐,,,,,
kám,,,𒆚,,,,,
kán,,,𒃷,,,,,
kár,,,𒃸,,,,,
kát,,,𒆐,,,,,
kèš,,,𒋙𒀭𒄲,,,,,
kéš,,,𒆟,,,,,
kìd,,,𒀝,,,,,
kìlib,,,𒆸𒆸,,,,,
kìri,,,𒅗,,,,,
kìšib,,,𒁾,,,,,
kí,,,𒄀,,,,,
kíd,,,𒋺,,,,,
kín,,,𒄯,,,,,
kín!,,,𒄯,,,,,
kíĝ,,,𒆥,,,,,
kù,,,𒆬,,,,,
kùš,,,𒌑,,,,,
kú,,,𒅥,,,,,
kúm,,,𒉈,,,,,
kúnga,,,𒋙𒀭,,,,,
kúr,,,𒉽,,,,,
kúrun,,,𒁷,,,,,
kúš,,,𒊨,,,,,
kúšu,,,𒆵,,,,,
l[e?,,,𒇷,,,,,
l[i!],,,𒇷,,,,,
l[u,,,𒇻,,,,,
la,𒆷,,𒆷,𒆷,𒆷,𒆷,,
la le li lu,,,𒆷 𒇷 𒇷 𒇻,,,,,
la#,,,𒆷,,,,,
la'u,𒇳,𒇳,,,,,,
la'u3,𒇳𒉌,𒇳𒉌,,,,,,
la'u4,𒇳𒆕,𒇳𒆕,,,,,,
la'u5,𒇳𒀀,𒇳𒀀,,,,,,
la'u6,𒇲𒉌,𒇲𒉌,,,,,,
la'u7,𒇲𒆕,𒇲𒆕,,,,,,
la'u8,𒇳𒌋,𒇳𒌋,,,,,,
la10,𒋃,𒋃,,,𒋃,,,
la11,,,,,𒇴,,,
la12,𒇴,𒇴,,,𒇴,,,
la2,𒇲,𒇲,𒇲,,𒇲,,,
la2],,,𒇲,,,,,
la2_,,,𒇲,,,,,
la3,𒉡,𒉡,𒉡,,𒉡,,,
la4,𒁻,𒁻,,,𒁺𒁺。𒁻,,,
la5,𒇳,𒇳,,,,,,
la6,𒆗,𒆗,𒆗,,𒄨,,,
la6_,,,𒆗,,,,,
la7,𒌓,𒌓,,,𒌓,,,
la8,𒂔,𒂔,,,𒂔,,,
la[m,,,𒇴,,,,,
lab,𒆗,,𒆗,𒆗,𒄨,𒆗,,
lab2,𒈜,𒈜,,,𒈜,,,
laban,𒂯,,,𒂯,𒂯,𒂯,,
lab₂,𒈜,,,𒈜,,,,
lab₂?,,,,,,𒈜,,
labₓ,,,,,,𒇯,,
lad,𒆳,,,𒆳,𒆳,𒆳,,
lae,,,,,𒆷,,,
lag,𒋃,,𒋃,𒋃,𒋃,𒋃,,
lagab,𒆸,,𒆸,𒆸,𒆸,𒆸,,
lagab&lagab,,𒇔,,𒇔,,,,
lagab&zi,,𒆸𒍣,,𒆸𒍣,,,,
lagab&še,,𒆸𒊺,,𒆸𒊺,,,,
"lagab+lagab,",,,𒆸𒆸,,,,,
lagab.lagab,,𒆸𒆸,,𒆸𒆸,,,,
lagab.u.gag,,,,,𒆸𒌋𒆕,,,
lagab.u.kak,,𒆸𒌋𒆕,,𒆸𒌋𒆕,,,,
lagab.ḫu,,,,,𒆸𒄷,,,
lagab2,,,,,𒇥,,,
lagabsquared,,,,,𒇫,,,
lagabxa,,,,,𒆹,,,
lagabxa.da.ḫa,,,,,𒆺,,,
lagabxa.gar,,,,,𒆻,,,
lagabxa.lal,,,,,𒆼,,,
lagabxa.nig2,,,,,𒆻,,,
lagabxal,,,,,𒆽,,,
lagabxan,,,,,𒆾,,,
lagabxašzidatenû,,,,,𒆿,,,
lagabxaḫ,,,,,𒇊,,,
lagabxbad,,,,,𒇀,,,
lagabxbi,,,,,𒇁,,,
lagabxdar,,,,,𒇂,,,
lagabxen,,,,,𒇃,,,
lagabxeš,,,,,𒇧,,,
lagabxga,,,,,𒇄,,,
lagabxgar,,,,,𒇅,,,
lagabxge23,,,,,𒆿,,,
lagabxgu4,,,,,𒇆,,,
lagabxgu4overgu4,,,,,𒇇,,,
lagabxgud,,,,,𒇆,,,
lagabxigigunû,,,,,𒇋,,,
lagabxim,,,,,𒇌,,,
lagabxim.lu,,,,,𒇎,,,
lagabxim.ḫa,,,,,𒇍,,,
lagabxkar.su.na,,,,,𒇤,,,
lagabxki,,,,,𒇏,,,
lagabxkid2,,,,,𒇣,,,
lagabxkin,,,,,𒇐,,,
lagabxku3,,,,,𒇑,,,
lagabxkug,,,,,𒇑,,,
lagabxkul,,,,,𒇒,,,
lagabxkul.ḫi.a,,,,,𒇓,,,
lagabxlagab,,,,,𒇔,,,
lagabxliš,,,,,𒇕,,,
lagabxlu,,,,,𒇖,,,
lagabxlul,,,,,𒇗,,,
lagabxme,,,,,𒇘,,,
lagabxme.en,,,,,𒇙,,,
lagabxmuš,,,,,𒇚,,,
lagabxne,,,,,𒇛,,,
lagabxnig2,,,,,𒇅,,,
lagabxnumun,,,,,𒇒,,,
lagabxnumun.ḫi.a,,,,,𒇓,,,
lagabxsig7,,,,,𒇋,,,
lagabxsum,,,,,𒇡,,,
lagabxtag,,,,,𒇢,,,
lagabxte.a.su.na,,,,,𒇤,,,
lagabxu,,,𒇥,,𒇥,,,
lagabxu.a,,,,,𒇦,,,
lagabxu.u.u,,,,,𒇧,,,
lagabxu2.aš,,,,,𒇨,,,
lagabxud,,,,,𒇩,,,
lagabxuš,,,,,𒇪,,,
lagabxše.sum,,,,,𒇜,,,
lagabxšita.giš.erin2,,,,,𒇝,,,
lagabxšita.gištenû,,,,,𒇞,,,
lagabxšita2,,,,,𒇞,,,
lagabxšita2.erim,,,,,𒇝,,,
lagabxšu2,,,,,𒇟,,,
lagabxšu2.šu2,,,,,𒇠,,,
lagabxḫa,,,,,𒇈,,,
lagabxḫal,,,,,𒇉,,,
lagabxḫixnun,,,,,𒇊,,,
lagab×(a.da.ha),,𒆺,,𒆺,,,,
lagab×(a.gar),,𒆻,,𒆻,,,,
lagab×(a.lal),,𒆼,,𒆼,,,,
lagab×(gud&gud),,𒇇,,𒇇,,,,
lagab×(gud.gud).a,,𒇇𒀀,,𒇇𒀀,,,,
lagab×(im.ha),,𒇍,,𒇍,,,,
lagab×(im.im.šu₂lu),,𒇎,,𒇎,,,,
lagab×(kul.hi.a),,𒇓,,𒇓,,,,
lagab×(me.en),,𒇙,,𒇙,,,,
lagab×(te.a.su.na),,𒇤,,𒇤,,,,
lagab×(u.a),,𒇦,,𒇦,,,,
lagab×(u.u.u),,𒇧,,𒇧,,,,
lagab×(u.u.u).lagab×(u.u.u),,𒇧𒇧,,𒇧𒇧,,,,
lagab×(u₂.aš),,𒇨,,𒇨,,,,
lagab×(še.sum),,𒇜,,𒇜,,,,
lagab×(šita.giš.erin₂),,𒇝,,𒇝,,,,
lagab×(šita@t.giš),,𒇞,,𒇞,,,,
lagab×(šu₂.šu₂),,𒇠,,𒇠,,,,
lagab×a,,𒆹,,𒆹,,,,
lagab×a.lum,,𒆹𒈝,,𒆹𒈝,,,,
lagab×a.tar,,𒆹𒋻,,𒆹𒋻,,,,
lagab×al,,𒆽,,𒆽,,,,
lagab×an,,𒆾,,𒆾,,,,
lagab×aš@t,,𒇕,,𒇕,,,,
lagab×bad,,𒇀,,𒇀,,,,
lagab×bi,,𒇁,,𒇁,,,,
lagab×dar,,𒇂,,𒇂,,,,
lagab×en,,𒇃,,𒇃,,,,
lagab×ga,,𒇄,,𒇄,,,,
lagab×gar,,𒇅,,𒇅,,,,
lagab×gud,,𒇆,,𒇆,,,,
lagab×gud&gud,,𒇆𒁟,,𒇆𒁟,,,,
lagab×gud.lu.hi.a,,𒇆𒇻𒄭𒀀,,𒇆𒇻𒄭𒀀,,,,
lagab×gu₄&gu₄,,𒇇,,𒇇,,,,
lagab×ha,,𒇈,,𒇈,,,,
lagab×hal,,𒇉,,𒇉,,,,
lagab×hal.a,,𒇉𒀀,,𒇉𒀀,,,,
lagab×hi×nun,,𒇊,,𒇊,,,,
lagab×igi@g,,𒇋,,𒇋,,,,
lagab×im,,𒇌,,𒇌,,,,
lagab×ki,,𒇏,,𒇏,,,,
lagab×kin,,𒇐,,𒇐,,,,
lagab×kug,,𒇑,,𒇑,,,,
lagab×kul,,𒇒,,𒇒,,,,
lagab×ku₃,,𒇑,,𒇑,,,,
lagab×lagab,,𒇔,,𒇔,,,,
lagab×lu,,𒇖,,𒇖,,,,
lagab×lul,,𒇗,,𒇗,,,,
lagab×me,,𒇘,,𒇘,,,,
lagab×muš,,𒇚,,𒇚,,,,
lagab×ne,,𒇛,,𒇛,,,,
lagab×numun,,𒇒,,𒇒,,,,
lagab×sum,,𒇡,,𒇡,,,,
lagab×tag,,𒇢,,𒇢,,,,
lagab×tak₄,,𒇣,,𒇣,,,,
lagab×u,,𒇥,,𒇥,,,,
lagab×u&lagab×u,,𒇥𒇥,,𒇥𒇥,,,,
lagab×ud,,𒇩,,𒇩,,,,
lagab×uš,,𒇪,,𒇪,,,,
lagab×šu₂,,𒇟,,𒇟,,,,
lagabₓ,𒄞,,,𒄞,,𒄞,,
lagal,𒇬,,,𒇬,𒇬,𒇬,,
lagar,𒇬,,𒇬,𒇬,𒇬,𒇬,,
lagar2,𒊩𒈨,𒊩𒈨,,,𒊩𒈨,,,
lagar3,𒊩𒄸,𒊩𒄸,,,𒊩𒄸,,,
lagar@g,,𒇯,𒇯,𒇯,,,,
lagar@g&lagar@g.še,,𒇰,,𒇰,,,,
lagar@g.du,,𒇯𒁺,,𒇯𒁺,,,,
lagar@g.du@s,,𒇯𒁽,,𒇯𒁽,,,,
lagargunû,,,,,𒇯,,,
lagargunû/lagargunû.še,,,,,𒇰,,,
lagargunûoverlagargunû.še.sar,,,,,𒇰𒊬,,,
lagarxše.sum,,,,,𒇮,,,
lagarxšesug8,,,,,𒇭,,,
lagar×(še.sum),,𒇮,,𒇮,,,,
lagar×še,,𒇭,,𒇭,,,,
lagar₂,𒊩𒈨,,,𒊩𒈨,,𒊩𒈨,,
lagar₃,𒊩𒄸,,,𒊩𒄸,,𒊩𒄸,,
lagarₓ,𒊩,,,𒊩,,𒊩。𒊩𒄷𒁀。𒊩𒈨𒄸,,
lagas,𒉢𒁓𒆷,,𒉢𒁓𒆷,𒉢𒁓𒆷,𒋓𒁓𒆷,𒉢𒁓𒆷,,
lagasa,𒉢𒁓𒆷,,,𒉢𒁓𒆷,,𒉢𒁓𒆷,,
lagasz,𒉢𒁓𒆷,𒉢𒁓𒆷,𒉢𒁓𒆷,,,,,
lagasza,𒉢𒁓𒆷,𒉢𒁓𒆷,,,,,,
lagasz{ki},,,𒉢𒁓𒆷 𒆠,,,,,
lagaš,𒉢𒁓𒆷,,𒉢𒁓𒆷,𒉢𒁓𒆷,𒋓𒁓𒆷,𒉢𒁓𒆷,,
lagaš[,,,𒉢𒁓𒆷,,,,,
lagaša,𒉢𒁓𒆷,,,𒉢𒁓𒆷,𒋓𒁓𒆷,𒉢𒁓𒆷,,
lagašₓ,,𒉢𒁓,,𒉢𒁓,,𒁓𒉢。𒁓𒉢𒆷。𒁓𒉢𒆷𒄷。𒆷𒉢𒁓。𒉢𒁓。𒉢𒁓𒋢𒄷𒆷。𒉢𒆷𒄷,,
lah,𒌓,,𒌓,𒌓,,𒌓,,
lah2,𒂟,𒂟,𒂟,,,,,
lah3,𒈛,𒈛,𒈛,,,,,
lah4,𒁻,𒁻,𒁻,,,,,
lah5,𒁺𒁺,𒁺𒁺,𒁺𒁺,,,,,
lah6,𒁺,𒁺,,,,,,
lah7,𒁽𒁽,𒁽𒁽,,,,,,
laha3,𒈛,𒈛,,,,,,
laha4,𒁻,𒁻,,,,,,
laha5,𒁺𒁺,𒁺𒁺,,,,,,
lahar,𒇇,,𒇇,𒇇,,𒇇,,
lahar2,𒁱,𒁱,,,,,,
lahar₂,𒁱,,,𒁱,,𒁱,,
laharₓ,𒋠𒀸,,,𒋠𒀸,,𒋠𒀸,,
lahašₓ,,,,,,𒇱,,
laha₃,𒈛,,,𒈛,,,,
laha₃?,,,,,,𒈛,,
laha₄,𒁻,,,𒁻,,𒁻,,
laha₅,𒁺𒁺,,,𒁺𒁺,,𒁺𒁺,,
lahhuszu,𒋟,𒋟,,,,,,
lahhuszuₓ,𒋞𒋞𒋙,𒋞𒋞𒋙,,,,,,
lahhušu,𒋟,,,𒋟,,𒋟,,
lahhušuₓ,𒋞𒋞𒋙,,,𒋞𒋞𒋙,,𒋞𒋞𒋙,,
lahra,𒍩𒀀𒀭,,,𒍩𒀀𒀭,,,,
lahra?,,,,,,𒍩𒀀𒀭,,
lahraₓ,𒇇,,,𒇇,,𒇇,,
lahru,𒇇,,,𒇇,,𒇇,,
lahrum,𒇇,,,𒇇,,𒇇,,
lahrum2,𒁱,𒁱,,,,,,
lahrum₂,𒁱,,,𒁱,,𒁱,,
lahrumₓ,,,,,,𒋠,,
lahruₓ,𒋠𒀸,,,𒋠𒀸,,𒋠𒀸,,
lahszu,𒇱,𒇱,,,,,,
lahta6,𒁤,𒁤,,,,,,
lahtan,𒉴,,𒉴,𒉴,,𒉴,,
lahtan2,𒉶,𒉶,,,,,,
lahtan3,𒉹,𒉹,,,,,,
lahtan4,𒉵,𒉵,,,,,,
lahtan5,𒉰,𒉰,,,,,,
lahtan6,𒁤,𒁤,,,,,,
lahtan₂,𒉶,,,𒉶,,𒉶,,
lahtan₃,𒉹,,,𒉹,,𒉹,,
lahtan₄,𒉵,,,𒉵,,𒉵,,
lahtan₅,𒉰,,,𒉰,,𒉰,,
lahtan₆,𒁤,,,𒁤,,𒁤,,
lahtanₓ,,,,,,𒉭X,,
lahta₆,𒁤,,,𒁤,,𒁤,,
lahtaₓ,𒉴,,,𒉴,,𒉴,,
lahšu,𒇱,,,𒇱,,𒇱,,
lah₂,𒂟,,,𒂟,,𒎕,,
lah₃,𒈛,,,𒈛,,𒈛,,
lah₄,𒁻,,,𒁻,,𒁻,,
lah₅,𒁺𒁺,,,𒁺𒁺,,𒁺𒁺,,
lah₆,𒁺,,,𒁺,,𒁺,,
lah₇,𒁽𒁽,,,𒁽𒁽,,𒁽,,
lahₓ,𒁻𒁻,,,𒁻𒁻,,𒁺𒁺𒁺𒁺。𒁻𒁻。𒁽𒁽,,
lak,𒋃,,𒋃,𒋃,𒋃,𒋃,,
lak003,,𒓕,,𒓕,,,,
lak004,,𒅂,,𒅂,,,,
lak024,,𒉢,,𒉢,,,,
lak025,,𒓗,,𒓗,,,,
lak050,,𒓙,,𒓙,,,,
lak051,,𒓚,,𒓚,,,,
lak061,,𒁴,,𒁴,,,,
lak063,,𒈦𒄘𒃼,,𒈦𒄘𒃼,,,,
lak110,,𒔨,,𒔨,,,,
lak112,,𒔤,,𒔤,,,,
lak115,,𒔦,,𒔦,,,,
lak116,,𒔣,,𒔣,,,,
lak142,,𒓡,,𒓡,,,,
lak145,,𒒈,,𒒈,,,,
lak173,,𒆓,,𒆓,,,,
lak175,,𒊫,,𒊫,,,,
lak21,,𒓖,,𒓖,,,,
lak212,,𒀀𒌅𒉪𒇺,,𒀀𒌅𒉪𒇺,,,,
lak216,,𒔵,,𒔵,,,,
lak225,,𒓥,,𒓥,,,,
lak236,,𒈸,,𒈸,,,,
lak24,,𒉢,,𒉢,,,,
lak242,,𒈜,,𒈜,,,,
lak244,,𒈜,,𒈜,,,,
lak248,,𒀲,,𒀲,,,,
lak25,,𒓗,,𒓗,,,,
lak263,,𒊾,,𒊾,,,,
lak264,,𒁰,,𒁰,,,,
lak277,,𒓋,,𒓋,,,,
lak280,,𒂟,,𒂟,,,,
lak283,,𒍠,,𒍠,,,,
lak343,,𒓪,,𒓪,,,,
lak368,,𒄴𒈨,,𒄴𒈨,,,,
lak376,,𒅎,,𒅎,,,,
lak383,,𒓭,,𒓭,,,,
lak384,,𒔃,,𒔃,,,,
lak386,,𒀖𒊮,,𒀖𒊮,,,,
lak390,,𒓯,,𒓯,,,,
lak396,,𒔶,,𒔶,,,,
lak449,,𒓛,,𒓛,,,,
lak450,,𒔆,,𒔆,,,,
lak457,,𒁖,,𒁖,,,,
lak46,,𒃰,,𒃰,,,,
lak483,,𒔉,,𒔉,,,,
lak490,,𒔊,𒔊,𒔊,,,,
lak492,,𒔋,,𒔋,,,,
lak493,,,,,,,,
lak495,,𒓾,,𒓾,,,,
lak50,,𒓙,,𒓙,,,,
lak503,,𒋖,,𒋖,,,,
lak51,,𒓚,,𒓚,,,,
lak527,,𒂟,,𒂟,,,,
lak545,,𒄙,,𒄙,,,,
lak589.pad.a.si,,𒔏,,𒔏,,,,
lak589.si.a,,𒓏,,𒓏,,,,
lak590,,𒓍,,𒓍,,,,
lak594,,𒌹,,𒌹,,,,
lak617,,𒔂,,𒔂,,,,
lak617×aš,,𒔐,,𒔐,,,,
lak62,,𒃶,,𒃶,,,,
lak622,,𒔄,,𒔄,,,,
lak624,,𒔈,,𒔈,,,,
lak625,,𒔉,,𒔉,,,,
lak626,,𒔇,,𒔇,,,,
lak627,,𒔋,,𒔋,,,,
lak636,,𒔚,,𒔚,,,,
lak647,,𒌵,,𒌵,,,,
lak648,,𒓎,,𒓎,,,,
lak648×ni,,𒓔,,𒓔,,,,
lak648×uruda,,𒓗,,𒓗,,,,
lak745,,𒒅,,𒒅,,,,
lak746,,𒒆,,𒒆,,,,
lak771,,𒇥,,𒇥,,,,
lak777,,𒁭,,𒁭,,,,
lak798,,𒉌,,𒉌,,,,
lak809,,𒊹,,𒊹,,,,
lak852,,,,,𒑟,,,
lak?],,,𒋃,,,,,
laka,𒋃,,,𒋃,𒋃,𒋃,,
lak₅₂₇,,𒂟,,𒂟,,,,
lak₇₇₇,,𒁭,,𒁭,,,,
lal,𒇲,,𒇲,𒇲,𒇲,𒇲,,
lal&lal,,𒇲𒇲,,𒇲𒇲,,,,
lal'u,𒇳,𒇳,,,,,,
lal'u3,𒇳𒉌,𒇳𒉌,,,,,,
lal'u4,𒇳𒆕,𒇳𒆕,,,,,,
lal'u5,𒇳𒀀,𒇳𒀀,,,,,,
lal'u6,𒇲𒉌,𒇲𒉌,,,,,,
lal'u7,𒇲𒆕,𒇲𒆕,,,,,,
lal'u8,𒇳𒌋,𒇳𒌋,,,,,,
lal*,,,𒇲,,,,,
lal-lal,𒇳,,,𒇳,,𒇳,,
lal.a,,,,,𒇲𒀀,,,
lal.gag,,,,,𒇲𒆕,,,
lal.kak,,𒇲𒆕,,𒇲𒆕,,,,
lal.lagab,,𒇲𒆸,,𒇲𒆸,𒇲𒆸,,,
lal.ni,,𒇲𒉌,,𒇲𒉌,𒇲𒉌,,,
lal.sar,,𒇲𒊬,,𒇲𒊬,𒇲𒊬,,,
lal2,𒇳,𒇳,𒇳,,𒇳,,,
lal2.a,,,,,𒇳𒀀,,,
lal2.du,,,,,𒇳𒁺,,,
lal2.du.du,,,,,𒇳𒁺𒁺,,,
lal2.gag,,,,,𒇳𒆕,,,
lal2.gišgal,,,,,𒇳𒍇,,,
lal2.lagab,,,,,𒇳𒆸,,,
lal2.ni,,,,,𒇳𒉌,,,
lal2.sar,,,,,𒇳𒊬,,,
lal2.u,,,,,𒇳𒌋,,,
lal2.ḫal,,,,,𒇳𒄬,,,
lal3,𒋭,𒋭,𒋭,,,,,
lal4,,,,,𒇸,,,
lal5,𒋙𒌋𒌋𒌋,𒋙𒌋𒌋𒌋,,,𒋙𒌍,,,
lal6,𒋙𒉈,𒋙𒉈,,,𒋙𒉈,,,
lala2,𒆗,𒆗,,,𒄨,,,
lalah,𒁻,,,𒁻,,𒁻,,
lalah2,𒁺𒁺,𒁺𒁺,,,,,,
lalah₂,𒁺𒁺,,,𒁺𒁺,,𒁺𒁺,,
lalahₓ,𒁺𒁺𒁺𒁺,,,𒁺𒁺𒁺𒁺,,𒁺𒁺𒁺𒁺,,
lalaḫ,,,,,𒁻𒁻,,,
lalaḫ2,,,,,𒁺𒁺,,,
lala₂,𒆗,,,𒆗,,𒆗,,
lalla,𒇳,,,𒇳,,𒇳,,
lalla2,𒅆𒅆,𒅆𒅆,,,𒅆𒅆,,,
lallal,𒇳,,,𒇳,,𒇳,,
lalla₂,𒅆𒅆,,,𒅆𒅆,,𒅆𒅆,,
lalʾu,𒇳,,,𒇳,,𒇳,,
lalʾu₂,,,,,,𒇳𒀀,,
lalʾu₃,𒇳𒉌,,,𒇳𒉌,,𒇳𒉌,,
lalʾu₄,𒇳𒆕,,,𒇳𒆕,,𒇳𒆕,,
lalʾu₅,𒇳𒀀,,,𒇳𒀀,,𒇲𒀀,,
lalʾu₆,𒇲𒉌,,,𒇲𒉌,,𒇲𒉌,,
lalʾu₇,𒇲𒆕,,,𒇲𒆕,,𒇲𒆕,,
lalʾu₈,𒇳𒌋,,,𒇳𒌋,,𒇳𒌋,,
lal’u2,,,,,𒇳𒀀,,,
lal’u3,,,,,𒇳𒉌,,,
lal’u4,,,,,𒇳𒆕,,,
lal’u5,,,,,𒇲𒀀。𒇳𒌋,,,
lal’u6,,,,,𒇲𒉌,,,
lal’u7,,,,,𒇲𒆕,,,
lal₂,𒇳,,,𒇳,,𒇳,,
lal₂.a,,𒇳𒀀,,𒇳𒀀,,,,
lal₂.du,,𒇳𒁺,,𒇳𒁺,,,,
lal₂.du.du,,𒇳𒁺𒁺,,𒇳𒁺𒁺,,,,
lal₂.hal,,𒇳𒄬,,𒇳𒄬,,,,
lal₂.kak,,𒇳𒆕,,𒇳𒆕,,,,
lal₂.lagab,,𒇳𒆸,,𒇳𒆸,,,,
lal₂.ni,,𒇳𒉌,,𒇳𒉌,,,,
lal₂.sar,,𒇳𒊬,,𒇳𒊬,,,,
lal₂.tug₂,,𒇳𒌆,,𒇳𒌆,,,,
lal₂.u,,𒇳𒌋,,𒇳𒌋,,,,
lal₂.uru×min,,𒇳𒍇,,𒇳𒍇,,,,
lal₃,𒋭,,𒋭,𒋭,,𒋭,,
lal₅,𒋙𒌋𒌋𒌋,,,𒋙𒌋𒌋𒌋,,,,
lal₅?,,,,,,𒋙𒌍,,
lal₆,𒋙𒉈,,,𒋙𒉈,,,,
lal₆?,,,,,,𒋙𒉈,,
lam,𒇴,,𒇴,𒇴,𒇴,𒇴,,
lam.kur.ru,,,,,𒇴𒆳𒊒,,,
lam.sag,,𒇴𒊕,,𒇴𒊕,,,,
lam2,𒉈,𒉈,𒉈,,𒉈,,,
lam3,𒁮,𒁮,,,𒁮,,,
lam4,𒇹,𒇹,,,𒇹。𒐂,,,
lam5,𒅆,𒅆,,,𒅆,,,
lam6,,,,,𒉆,,,
lam7,𒇵,𒇵,𒇵,,𒇵,,,
lama,𒇴,,𒇴,𒇴,𒇴,𒇴,,
lama2,𒉈,𒉈,,,𒄨。𒉈,,,
lama3,𒆗,𒆗,,,𒄨,,,
lamahusz,𒍤𒆸,𒍤𒆸,,,,,,
lamahuszₓ,𒍤𒀀,𒍤𒀀,,,,,,
lamahuš,𒍤𒆸,,,𒍤𒆸,,𒍤𒆸,,
lamahušₓ,𒍤𒀀,,,𒍤𒀀,,𒀀𒍤。𒍤𒀀,,
lamar,𒆗,,,𒆗,𒄨,𒆗,,
lamassu,𒆗,,𒆗,𒆗,,𒆗,,
lamaḫuš,,,,,𒌆𒍤𒆸。𒍤𒆸,,,
lama₂,𒉈,,,𒉈,,𒉈,,
lama₃,𒆗,,,𒆗,,𒆗,,
lambi,𒊮𒊬,,,𒊮𒊬,𒊬,𒊮𒊬,,
lamga,𒉄,,,𒉄,𒉄,,,
lamga?,,,,,,𒉄,,
lamhu,𒆴,,,𒆴,,𒆴,,
lamma,𒆗,,𒆗,𒆗,𒄨,𒆗,,
lammar,𒆗,,,𒆗,𒄨,𒆗,,
lammaₓ,𒇴,,,𒇴,,𒇴,,
lammu,𒐼,,,𒐼,𒐼,𒐼,,
lammu2,𒇹,𒇹,,,𒇹。𒐂,,,
lammu4,,,,,𒇇,,,
lammu6,𒇉,𒇉,,,𒇉,,,
lammubi,,,,,𒄴,,,
lammu₂,𒇹,,,𒇹,,𒇹。𒐂,,
lammu₆,𒇉,,,𒇉,,,,
lammu₆?,,,,,,𒇉,,
lamxkur,,,,,𒇵,,,
lamxkur.ru,,,,,𒇵𒊒,,,
lam×(kur.ru),,𒇶,,𒇶,,,,
lam×kur,,𒇵,,𒇵,,,,
lamḫu,,,,,𒆴,,,
lam₂,𒉈,,,𒉈,,𒉈,,
lam₃,𒁮,,,𒁮,,𒁮,,
lam₄,𒇹,,,𒇹,,𒇹。𒐂,,
lam₅,𒅆,,,𒅆,,𒅆,,
lam₇,𒇵,,,𒇵,,,,
lam₇?,,,,,,𒇵,,
lamₓ,𒈝,,,𒈝,,𒄵。𒈝,,
lan,,,,,𒇸,,,
lap,𒆗,,𒆗,𒆗,𒄨,𒆗,,
laq,𒋃,,𒋃,𒋃,𒋃,𒋃,,
lar,𒉺,,𒉺,𒉺,𒉺,𒉺,,
larag,𒌓𒌓𒀝,,,𒌓𒌓𒀝,𒌓𒌓𒀝,𒌓𒌓𒀝,,
larag2,𒌓𒌓,𒌓𒌓,,,𒌓𒌓,,,
larag₂,𒌓𒌓,,,𒌓𒌓,,𒌓𒌓,,
larsa,𒌓𒀕,,,𒌓𒀕,𒌓𒀕,𒌓𒀕,,
larsa2,𒌓𒀊,𒌓𒀊,,,𒌓𒀊,,,
larsam,𒌓𒀕,,,𒌓𒀕,𒌓𒀕,𒌓𒀕,,
larsam2,𒌓𒀊,𒌓𒀊,,,𒌓𒀊,,,
larsam₂,𒌓𒀊,,,𒌓𒀊,,𒌓𒀊,,
larsa{ki},,,𒌓𒀕 𒆠,,,,,
larsa₂,𒌓𒀊,,,𒌓𒀊,,𒌓𒀊,,
lasimₓ,,,,,,𒁽𒆠,,
lat,𒆳,,𒆳,𒆳,𒆳,𒆳,,
"lat,",𒆳,𒆳,𒆳,,,,,
lata,𒆳,,,𒆳,𒆳,𒆳,,
laterga2xdimxkur,,,,,𒃅,,,
lazₓ,,,,,,𒆧,,
laʾu,𒇳,,,𒇳,,𒇳,,
laʾu₂,,𒇳𒀀,,𒇳𒀀,,𒇳𒀀,,
laʾu₃,𒇳𒉌,,,𒇳𒉌,,𒇳𒉌,,
laʾu₄,𒇳𒆕,,,𒇳𒆕,,𒇳𒆕,,
laʾu₅,𒇳𒀀,,,𒇳𒀀,,𒇲𒀀,,
laʾu₆,𒇲𒉌,,,𒇲𒉌,,𒇲𒉌,,
laʾu₇,𒇲𒆕,,,𒇲𒆕,,𒇲𒆕,,
laʾu₈,𒇳𒌋,,,𒇳𒌋,,𒇳𒌋,,
laʾuₓ,,,,,,𒇳X,,
laḫ,,,𒌓,,𒌓,,,
laḫ2,,,,,𒂟,,,
laḫ3,,,,,𒈛,,,
laḫ4,,,𒁻,,𒁻,,,
laḫ4.laḫ4,,,,,𒁻𒁻,,,
laḫ5,,,𒁺𒁺,,𒁺𒁺,,,
laḫ6,,,𒁺,,𒁺,,,
laḫ7,,,,,𒁽,,,
laḫa3,,,,,𒈛,,,
laḫar,,,,,𒇇,,,
laḫar2,,,,,𒁱,,,
laḫra,,,,,𒀾𒀀𒀭,,,
laḫru,,,,,𒇇,,,
laḫru2,,,,,𒁱,,,
laḫrum,,,,,𒇇,,,
laḫrum2,,,,,𒁱。𒋠,,,
laḫta,,,,,𒁤。𒉴,,,
laḫta2,,,,,𒉶,,,
laḫta3,,,,,𒉹,,,
laḫta4,,,,,𒉵,,,
laḫta5,,,,,𒉰,,,
laḫta6,,,,,𒁤,,,
laḫtan,,,𒉴,,𒉴,,,
laḫtan2,,,,,𒉶,,,
laḫtan3,,,,,𒉹,,,
laḫtan4,,,,,𒉵,,,
laḫtan5,,,,,𒉰,,,
laḫtan6,,,,,𒁤,,,
laḫšu,,,,,𒇱,,,
laḫḫušu,,,,,𒋟,,,
laṭ,𒆳,,,𒆳,𒆳,𒆳,,
la’u2,,,,,𒇳𒀀,,,
la’u3,,,,,𒇳𒉌,,,
la’u4,,,,,𒇳𒆕,,,
la’u5,,,,,𒇲𒀀。𒇳𒌋,,,
la’u6,,,,,𒇲𒉌,,,
la’u7,,,,,𒇲𒆕,,,
la₁₀,𒋃,,,𒋃,,𒋃,,
la₁₂,𒇴,,,𒇴,,𒇴,,
la₂,𒇲,,𒇲,𒇲,,𒇲,,
la₃,𒉡,,,𒉡,,𒉡,,
la₄,𒁻,,,𒁻,,,,
la₄?,,,,,,𒁻,,
la₅,𒇳,,,𒇳,,𒇳,,
la₆,𒆗,,,𒆗,,𒆗,,
la₇,𒌓,,,𒌓,,𒌓,,
la₈,𒂔,,,𒂔,,𒂔,,
le,𒇷,,𒇷,𒇷,𒇷,𒇷,,
le'um,𒁾,𒁾,,,,,,
le10,𒁕,𒁕,𒁕,,𒁕,,,
le2,𒉌,𒉌,𒉌,,𒉌,,,
le3,𒅆,𒅆,,,𒅆,,,
le4,𒀭,𒀭,,,𒀭,,,
le8,𒀖,𒀖,,,𒀖,,,
le9,𒉈,𒉈,,,𒉈,,,
leb,𒈜,,,𒈜,𒈜,𒈜,,
lel2,𒆤,𒆤,,,𒆤,,,
lel4,𒆦,𒆦,,,𒆦,,,
lelle,𒅆𒅆,,,𒅆𒅆,𒅆𒅆,𒅆𒅆,,
lelli,𒅆𒅆,,,𒅆𒅆,𒅆𒅆,𒅆𒅆,,
lel₂,𒆤,,,𒆤,,𒆤,,
lel₄,𒆦,,,𒆦,,,,
lel₄?,,,,,,𒆦,,
lem,𒅆,,𒅆,𒅆,𒅆,𒅆,,
lem4,𒉈,𒉈,𒉈,,𒉈,,,
lem₄,𒉈,,,𒉈,,𒉈,,
lemₓ,,,,,,𒇴,,
lep,𒈜,,,𒈜,,𒈜,,
lep2,,,,,𒄨,,,
leq,𒌨,,𒌨,𒌨,𒌨,𒌨,,
let,𒀖,,𒀖,𒀖,,𒀖,,
leʾum,𒁾,,,𒁾,,,,
le₁₀,𒁕,,,𒁕,,𒁕,,
le₂,𒉌,,,𒉌,,𒉌,,
le₃,𒅆,,,𒅆,,𒅆,,
le₄,𒀭,,,𒀭,,𒀭,,
le₈,𒀖,,,𒀖,,𒀖,,
le₉,𒉈,,,𒉈,,𒉈,,
li,𒇷,,𒇷,𒇷,𒇷,𒇷,,
li!,,,𒇷,,,,,
li10,𒁕,𒁕,,,,,,
li11,𒉣,𒉣,,,𒉣,,,
li12,𒇺,𒇺,,,𒇺,,,
li13,,,,,𒉋,,,
li2,𒉌,𒉌,𒉌,,𒉌,,,
li3,𒅆,𒅆,𒅆,,𒅆,,,
li4,,,,,𒀭,,,
li5,𒊭,𒊭,,,𒁹。𒊭,,,
li6,𒃶,𒃶,,,𒁹。𒃶,,,
li7,𒌨,𒌨,,,𒌨,,,
li8,𒀖,𒀖,,,𒀖,,,
li9,𒉈,𒉈,𒉈,,𒉈,,,
lib,𒈜,,𒈜,𒈜,𒈜,𒈜,,
lib2,𒆗,𒆗,𒆗,,𒄨,,,
lib3,𒊮,𒊮,𒊮,,𒊮,,,
lib4,𒅆,𒅆,𒅆,,𒅆,,,
lib5,𒊤,𒊤,,,𒊠。𒊤,,,
libi,𒈜,,,𒈜,𒈜,𒈜,,
libin,𒂱,,,𒂱,𒂱,𒂱,,
libir,𒅆𒂠,,𒅆𒂠,𒅆𒂠,𒅆𒂠,𒅆𒂠,,
libisz,𒀚,𒀚,𒀚,,,,,
libiszₓ,𒀛,𒀛,,,,,,
libit,𒁀,,,𒁀,𒁀。𒁀𒌑,𒁀,,
libiš,𒀚,,𒀚,𒀚,𒀚,𒀚,,
libišₓ,𒀛,,,𒀛,,𒀖𒊮。𒀛,,
libiₓ,,,,,,𒉌𒇻,,
lib₂,𒆗,,,𒆗,,𒆗,,
lib₃,𒊮,,,𒊮,,𒊮,,
lib₄,𒅆,,,𒅆,,𒅆,,
lib₅,𒊤,,,𒊤,,,,
lib₅?,,,,,,𒊤,,
libₓ,𒉌𒇻,,,𒉌𒇻,,𒈜𒀀。𒉌。𒉌𒇻。𒊯,,
lid,𒀖,,𒀖,𒀖,𒀖,𒀖,,
lid2,𒉌,𒉌,,,𒉌,,,
lidda,𒋖,,,𒋖,𒋖。𒋖𒄑,𒋖,,
lidda2,𒊮𒁹,𒊮𒁹,,,𒊮𒁹,,,
lidda₂,𒊮𒁹,,,𒊮𒁹,,𒊮𒁹,,
liddaₓ,𒂷𒄑,,,𒂷𒄑,,𒋖𒄑,,
lidim,𒀢,,𒀢,𒀢,𒀢,𒀢,,
lid₂,𒉌,,,𒉌,,𒉌,,
lidₓ,𒊮𒁹,,,𒊮𒁹,,𒊮𒁹,,
lig,𒌨,,,𒌨,𒌨,𒌨,,
lig2,,,,,𒋃,,,
ligidba,𒋆𒀭𒊩𒌆𒅁,,,𒋆𒀭𒊩𒌆𒅁,𒋆𒀭𒈦。𒋆𒀭𒊩𒌆𒅁,𒋆𒀭𒎏𒅁,,
ligidba2,𒋆𒀭𒈦,𒋆𒀭𒈦,,,𒋆𒀭𒈦,,,
ligidba₂,𒋆𒀭𒈦,,,𒋆𒀭𒈦,,𒋆𒀭𒈦,,
ligidbaₓ,𒀭𒊩𒌆𒅁,,,𒀭𒊩𒌆𒅁,,𒀭𒎏𒅁,,
ligim,𒅆𒌉𒌉,,,𒅆𒌉𒌉,𒅆𒌉𒌉,𒅆𒌉𒌉,,
ligima,𒅆𒌉𒌉,,𒅆𒌉𒌉,𒅆𒌉𒌉,,𒅆𒌉𒌉,,
ligimaₓ,,,,,,𒅆𒌉,,
ligin,𒅆𒌉𒌉,,,𒅆𒌉𒌉,,𒅆𒌉𒌉,,
ligiₓ,,,,,,𒉌𒇻,,
lih,𒌓,,𒌓,𒌓,,𒌓,,
lih2,𒂟,𒂟,𒂟,,,,,
lih3,𒈛,𒈛,𒈛,,,,,
lih4,𒇺,𒇺,,,,,,
lih₂,𒂟,,,𒂟,,𒎕,,
lih₃,𒈛,,,𒈛,,𒈛,,
lih₄,𒇺,,,𒇺,,,,
lih₄?,,,,,,𒇺,,
lik,𒌨,,𒌨,𒌨,𒌨,𒌨,,
lik2,𒋃,𒋃,,,𒋃,,,
liki,𒌨,,,𒌨,𒌨,𒌨,,
lik₂,𒋃,,,𒋃,,𒋃,,
likₓ,,,,,,𒈛,,
lil,𒇸,,𒇸,𒇸,𒇸,𒇸,,
lil2,𒆤,𒆤,𒆤,,𒆤,,,
lil2{ki},,,𒆤 𒆠,,,,,
lil3,𒋙𒌋𒌋𒌋,𒋙𒌋𒌋𒌋,,,𒋙𒌍,,,
lil5,𒋙𒉈,𒋙𒉈,𒋙𒉈,,𒋙𒉈,,,
lil6,𒄘,𒄘,,,𒄘,,,
lil7,𒁃,𒁃,,,,,,
lil8,𒈑,𒈑,,,𒈑,,,
lila2,𒆤,𒆤,,,,,,
lila₂,𒆤,,,𒆤,,𒆤,,
lilib,𒅆𒅆,,,𒅆𒅆,𒅆𒅆,𒅆𒅆,,
liliru,𒌩,,,𒌩,,𒌩,,
lilis,𒀗,,𒀗,𒀗,𒀗,𒀗,,
lilisₓ,,,,,,None。𒀙,,
liliz,𒀗,,𒀗,𒀗,𒀗,𒀗,,
lillan,𒈗,,,𒈗,𒈗,𒈗,,
lille,,,,,𒅆𒅆,,,
lilli,𒅆𒅆,,,𒅆𒅆,𒅆𒅆,𒅆𒅆,,
lillia,𒈗,,,𒈗,,𒈗,,
lillu,𒁃,,,𒁃,,𒁃,,
lil₂,𒆤,,𒆤,𒆤,,𒆤,,
lil₃,𒋙𒌋𒌋𒌋,,,𒋙𒌋𒌋𒌋,,𒋙𒌍,,
lil₅,𒋙𒉈,,,𒋙𒉈,,𒋙𒉈,,
lil₆,𒄘,,,𒄘,,𒄘,,
lil₇,𒁃,,,𒁃,,𒁃,,
lil₈,𒈑,,,𒈑,,𒈑,,
lilₓ,𒋘,,,𒋘,,𒆭。𒓪,,
lilₓ?,,,,,,𒋘,,
lim,𒅆,,𒅆,𒅆,𒅆,𒅆,,
lim2,𒇹,𒇹,𒇹,,𒇹。𒐂,,,
lim3,𒇴,𒇴,𒇴,,𒇴,,,
lim4,𒉈,𒉈,𒉈,,,,,
lima,𒅆,,,𒅆,,𒅆,,
limi,𒅆,,,𒅆,𒅆,𒅆,,
limmu,𒐼,,𒐼,𒐼,𒐏。𒐼,𒐼,,
limmu2,𒇹,𒇹,𒇹,,𒇹。𒐂,,,
limmu3,𒐏,𒐏,,,𒐏,,,
limmu4,𒐽,𒐽,𒐽,,𒐽,,,
limmu5,𒐉,𒐉,𒐉,,𒐉,,,
limmu6,,,,,𒑖,,,
limmu~a,,𒐾,,𒐾,,,,
limmu~b,,𒐿,,𒐿,,,,
limmu₂,𒇹,,,𒇹,,𒇹。𒐂,,
limmu₃,𒐏,,,𒐏,,𒐏,,
limmu₄,𒐽,,,𒐽,,𒀼𒀸。𒐽,,
limmu₅,𒐉,,,𒐉,,𒐉,,
limmuₓ,𒐿,𒐂。𒐿,,𒐂,,None。𒐂。𒐾。𒐿,,
limu,𒐼,,,𒐼,𒐼,𒐼,,
limu2,𒇹,𒇹,,,,,,
limu3,𒐏,𒐏,,,,,,
limu4,𒀼𒀸,𒀼𒀸,,,,,,
limu5,𒐉,𒐉,,,,,,
limu₂,𒇹,,,𒇹,,𒇹。𒐂,,
limu₃,𒐏,,,𒐏,,𒐏,,
limu₄,𒀼𒀸,,,𒀼𒀸,,𒀼𒀸,,
limu₅,𒐉,,,𒐉,,𒐉,,
lim₂,𒇹,,,𒇹,,𒇹。𒐂,,
lim₃,𒇴,,,𒇴,,𒇴,,
lim₄,𒉈,,,𒉈,,𒉈,,
limₓ,𒐉,,,𒐉,,None。𒁓。𒐉,,
lip,𒈜,,𒈜,𒈜,𒈜,𒈜,,
lip2,𒆗,𒆗,𒆗,,𒄨,,,
lip3,𒊮,𒊮,,,𒊮,,,
lipisz,𒀚,𒀚,𒀚,,,,,
lipiszₓ,𒀖𒊮,𒀖𒊮,,,,,,
lipiš,𒀚,,,𒀚,𒀚,𒀚,,
lipišₓ,𒀖𒊮,,,𒀖𒊮,,𒀖𒊮,,
lip₂,𒆗,,,𒆗,,𒆗,,
lip₃,𒊮,,,𒊮,,𒊮,,
liq,𒌨,,𒌨,𒌨,𒌨,𒌨,,
liq2,𒋃,𒋃,,,𒋃,,,
liq3,𒀀𒄷𒋛,𒀀𒄷𒋛,,,𒀀𒄷𒋛,,,
liq₂,𒋃,,,𒋃,,𒋃,,
liq₃,𒀀𒄷𒋛,,,𒀀𒄷𒋛,,𒀀𒄷𒋛,,
lir,,,,,𒉪,,,
liri,𒋗𒆗,,,𒋗𒆗,𒋗𒄨,𒋗𒆗,,
liri2,𒀸,𒀸,,,𒀸,,,
liri3,𒄒,𒄒,,,𒄒,,,
liri4,𒀉𒆗,𒀉𒆗,,,𒀉𒄨,,,
liri5,𒀉𒀸,𒀉𒀸,,,𒀉𒀸,,,
liri6,𒉫,𒉫,,,𒉫,,,
liri7,𒆙,𒆙,,,𒆙,,,
liri8,𒌩,𒌩,,,𒌩,,,
liri₂,𒀸,,,𒀸,,𒀸,,
liri₃,𒄒,,,𒄒,,𒄒,,
liri₄,𒀉𒆗,,,𒀉𒆗,,𒀉𒆗,,
liri₅,𒀉𒀸,,,𒀉𒀸,,𒀉𒀸,,
liri₆,𒉫,,,𒉫,,𒉫,,
liri₇,𒆙,,,𒆙,,𒆙,,
liri₈,𒌩,,,𒌩,,𒌩,,
liru,𒋗𒆗,,,𒋗𒆗,𒋗𒄨,𒋗𒆗,,
liru2,𒀸,𒀸,,,𒀸,,,
liru3,𒄒,𒄒,,,𒄒,,,
liru4,𒀉𒆗,𒀉𒆗,,,𒀉𒄨,,,
liru5,𒀉𒀸,𒀉𒀸,,,𒀉𒀸,,,
liru6,𒉫,𒉫,,,𒉫,,,
liru7,𒆙,𒆙,,,𒆙,,,
liru8,𒌩,𒌩,,,𒌩,,,
lirum,𒋗𒆗,,𒋗𒆗,𒋗𒆗,𒋗𒄨,𒋗𒆗,,
lirum2,𒀸,𒀸,,,𒀸,,,
lirum3,𒄒,𒄒,,,𒄒,,,
lirum4,𒀉𒆗,𒀉𒆗,,,𒀉𒄨,,,
lirum5,𒀉𒀸,𒀉𒀸,,,𒀉𒀸,,,
lirum6,𒉫,𒉫,,,𒉫,,,
lirum7,𒆙,𒆙,,,𒆙,,,
lirum8,𒌩,𒌩,,,𒌩,,,
lirum₂,𒀸,,,𒀸,,𒀸,,
lirum₃,𒄒,,,𒄒,,𒄒,,
lirum₄,𒀉𒆗,,,𒀉𒆗,,𒀉𒆗,,
lirum₅,𒀉𒀸,,,𒀉𒀸,,𒀉𒀸,,
lirum₆,𒉫,,,𒉫,,𒉫,,
lirum₇,𒆙,,,𒆙,,𒆙,,
lirum₈,𒌩,,,𒌩,,𒌩,,
lirumₓ,𒄒𒍝,,,𒄒𒍝,,𒃭。𒃹。𒄒𒍝,,
liru₂,𒀸,,,𒀸,,𒀸,,
liru₃,𒄒,,,𒄒,,𒄒,,
liru₄,𒀉𒆗,,,𒀉𒆗,,𒀉𒆗,,
liru₅,𒀉𒀸,,,𒀉𒀸,,𒀉𒀸,,
liru₆,𒉫,,,𒉫,,𒉫,,
liru₇,𒆙,,,𒆙,,𒆙,,
liru₈,𒌩,,,𒌩,,𒌩,,
lis,𒇺,,𒇺,𒇺,𒇺,𒇺,,
lisi,𒉈𒋜,,,𒉈𒋜,𒉈。𒉈𒋜,𒉈𒋜,,
lisin,𒉈𒋜,,𒉈𒋜,𒉈𒋜,𒉈𒋜,𒉈𒋜,,
lisz,𒇺,𒇺,𒇺,,,,,
lit,𒀖,,𒀖,𒀖,𒀖,𒀖,,
"lit,",𒀖,𒀖,𒀖,,,,,
"lit,2",𒂁,𒂁,,,,,,
"lit,i",𒀖,𒀖,,,,,,
liti,𒀖,,,𒀖,𒀖,𒀖,,
lium,𒄞𒀭𒈾,,,𒄞𒀭𒈾,,𒄞𒀭𒈾,,
liz,𒇺,,𒇺,𒇺,𒇺,𒇺,,
liš,𒇺,,𒇺,𒇺,𒇺,𒇺,,
lišanₓ,,,,,,𒅴,,
liḫ,,,,,𒌓,,,
liḫ2,,,,,𒂟,,,
liḫ3,,,,,𒈛,,,
liḫ4,,,,,𒇺,,,
liṭ,𒀖,,𒀖,𒀖,𒀖,𒀖,,
liṭ2,,,,,𒂁,,,
liṭi,𒀖,,,𒀖,𒀖,𒀖,,
liṭ₂,𒂁,,,𒂁,,𒂁,,
li₁₀,𒁕,,,𒁕,,𒁕,,
li₁₁,𒉣,,,𒉣,,𒉣,,
li₁₂,𒇺,,,𒇺,,𒇺,,
li₂,𒉌,,𒉌,𒉌,,𒉌,,
li₃,𒅆,,,𒅆,,𒅆,,
li₅,𒊭,,,𒊭,,𒊭,,
li₆,𒃶,,,𒃶,,𒃶,,
li₇,𒌨,,,𒌨,,𒌨,,
li₈,𒀖,,,𒀖,,𒀖,,
li₉,𒉈,,𒉈,𒉈,,𒉈,,
lu,𒇻,,𒇻,𒇻,𒇻,𒇻,,
lu&lu,,𒇻𒇻,,𒇻𒇻,,,,
lu.eš₂.gar.ki,,𒇻𒂠𒃻𒆠,,𒇻𒂠𒃻𒆠,,,,
lu.hul₂,,𒇻𒄾,,𒇻𒄾,,,,
lu.ki.gag,,,,,𒇻𒆠𒆕,,,
lu.ki.kak,,𒇻𒆠𒆕,,𒇻𒆠𒆕,,,,
lu.ḫul2,,,,,𒇻𒄾,,,
lu10,𒁖,𒁖,,,,,,
lu2,𒇽,𒇽,𒇽,,𒇽,,,
lu2#,,,𒇽,,,,,
lu2.bad,,,,,𒇽𒁁,,,
lu2.bi.lul,,,,,𒇽𒁉𒈜,,,
lu2.diš,,,,,𒇽𒁹,,,
lu2.en,,,,,𒇽𒂗,,,
lu2.gam,,,,,𒇽𒃵,,,
lu2.gan2,,,,,𒇽𒃷,,,
lu2.kam,,,,,𒇽𒄰,,,
lu2.kar2,,,,,𒇽𒃸,,,
lu2.ki,,,,,𒇽𒆠,,,
lu2.lagab,,,,,𒇽𒆸,,,
lu2.lagab.ḫu,,,,,𒇽𒆸𒄷,,,
lu2.lu2,,,,,𒇽𒇽,,,
lu2.lu2inversum,,,,,𒈓,,,
lu2.me.en,,,,,𒇽𒈨𒂗,,,
lu2.ne,,,,,𒇽𒉈,,,
lu2.ra.ra,,,,,𒇽𒊏𒊏,,,
lu2.tug2,,,,,𒇽𒌆,,,
lu2.uš,,,,,𒇽𒍑,,,
lu2.uš2,,,,,𒇽𒍗,,,
lu2.še,,,,,𒇽𒊺,,,
lu2.šu2,,,,,𒇽𒋙,,,
lu2_,,,𒇽,,,,,
lu2crossinglu2,,,,,𒈒,,,
lu2opposinglu2,,,,,𒈓,,,
lu2overlu2,,,,,𒇽𒇽,,,
lu2squared,,,,,𒈔,,,
lu2tenû,,,,,𒈑,,,
lu2xal,,,,,𒇾,,,
lu2xbad,,,,,𒇿,,,
lu2xeš2tenû,,,,,𒈁,,,
lu2xgan2tenû,,,,,𒈂,,,
lu2xim,,,,,𒈄,,,
lu2xkad2,,,,,𒈅,,,
lu2xkad3.aš,,,,,𒈇,,,
lu2xkad3?,,,,,𒈆,,,
lu2xkam,,,,,𒈃,,,
lu2xkar2,,,,,𒈂,,,
lu2xki,,,,,𒈈,,,
lu2xla.aš,,,,,𒈉,,,
lu2xlagab,,,,,𒈊,,,
lu2xme.en,,,,,𒈋,,,
lu2xne,,,,,𒈌,,,
lu2xnu,,,,,𒈍,,,
lu2xsi.aš,,,,,𒈎,,,
lu2xsik2.bu,,,,,𒈏,,,
lu2xtug2,,,,,𒈐,,,
lu2xše3,,,,,𒈀,,,
lu2xše3.lal,,,,,𒈀𒇲,,,
lu2xše3tenû,,,,,𒈁,,,
lu2xḫixbad,,,,,𒈃,,,
lu2šeššig,,,,,𒈕,,,
lu3,𒈖,𒈖,𒈖,,𒈖,,,
lu4,𒈝,𒈝,𒈝,,𒈝,,,
lu5,𒈜,𒈜,𒈜,,𒈜,,,
lu6,𒌨,𒌨,,,𒌨,,,
lu7,𒍇,𒍇,𒍇,,𒍇,,,
lu8,𒌷,𒌷,,,𒌷,,,
lu9,𒉺,𒉺,,,𒉺,,,
lub,𒈜,,𒈜,𒈜,𒈜,𒈜,,
lubduₓ,,,,,,𒅻,,
lubud,,,,,𒁶,,,
lubun,𒂲,,𒂲,𒂲,𒂲,𒂲,,
lubširₓ,,,,,,XX。𒇻𒇻𒂠𒂠。𒋓𒇻X𒇻𒋢,,
lubₓ,,,,,,None。𒇻。𒈝,,
lud,𒂁,,𒂁,𒂁,𒂁,𒂁,,
ludₓ,,,,,,𒄧,,
lug,𒇻,,𒇻,𒇻,𒇻,𒇻,,
lug2,𒉺,𒉺,,,𒉺,,,
luga,𒉺𒂷,,,𒉺𒂷,𒉺𒂷,𒉺𒂷,,
lugal,𒈗,,𒈗,𒈗,𒈗,𒈗,,
lugal#,,,𒈗,,,,,
lugal#?,,,𒈗,,,,,
lugal%lugal,,𒈙,,𒈙,,,,
lugal&lugal,,𒈘,𒈘,𒈘,,,,
lugal.gam,,𒈗𒃵,,𒈗𒃵,,,,
lugal.gan,,𒈗𒃶,,𒈗𒃶,𒈗𒃶,,,
lugal.hi×bad,,𒈗𒄰,,𒈗𒄰,,,,
lugal.kamv,,,,,𒈗𒆚,,,
lugal.lugalinversum,,,,,𒈙,,,
lugal@lugal,,𒈙,𒈙,𒈙,,,,
lugal@s,,𒈚,,𒈚,,,,
lugal_,,,𒈗,,,,,
lugala,𒈗,,,𒈗,𒈗,𒈗,,
lugalopposinglugal,,,,,𒈙,,,
lugaloverlugal,,,,,𒈘,,,
lugalšeššig,,,,,𒈚,,,
lugam,𒈕,,,𒈕,,𒇽𒃶,,
lugud,𒁁𒌓,,,𒁁𒌓,𒁁𒌓,𒁁𒌓,,
lugud2,𒆸,𒆸,𒆸,,𒆸,,,
lugud3,𒈟,𒈟,𒈟,,𒈟,,,
lugud4,𒇮,𒇮,,,𒇮,,,
lugud₂,𒆸,,,𒆸,,𒆸,,
lugud₃,𒈟,,,𒈟,,𒈟,,
lugud₄,𒇮,,,𒇮,,𒇮,,
lugudₓ,,,,,,None,,
luguruš,,,,,𒇽𒍑,,,
luguₓ,,,,,,𒄭,,
lug₂,𒉺,,,𒉺,,𒉺,,
lugₓ,𒈜,,,𒈜,,𒇴。𒈜,,
luh,𒈛,,𒈛,𒈛,,𒈛,,
luhmaₓ,,,,,,𒄑𒈪,,
luhsza,𒄴𒈨𒌋,𒄴𒈨𒌋,,,,,,
luhszaₓ,𒋨𒈨,𒋨𒈨,,,,,,
luhszu,𒄴𒈨𒌋,𒄴𒈨𒌋,,,,,,
luhu,𒈛,,,𒈛,,𒈛,,
luhum,𒈝𒈝,,,𒈝𒈝,,,,
luhum?,,,,,,𒈝𒈝,,
luhummu,𒄑𒈪,,,𒄑𒈪,,𒄑𒈪,,
luhumₓ,𒄑𒈪,,,𒄑𒈪,,,,
luhumₓ?,,,,,,𒄑𒈪,,
luhša,𒄴𒈨𒌋,,,𒄴𒈨𒌋,,𒇱,,
luhšaₓ,𒋨𒈨,,,𒋨𒈨,,𒋨𒈨,,
luhšu,𒄴𒈨𒌋,,,𒄴𒈨𒌋,,𒇱,,
luhₓ,𒌓,,,𒌓,,𒌓,,
lukur,𒊩𒈨,,𒊩𒈨,𒊩𒈨,𒊩𒈨,𒊩𒈨,,
lukurₓ,,,,,,𒋖𒄑𒈨,,
lukₓ,,,,,,𒈜,,
lul,𒈜,,𒈜,𒈜,𒈜,𒈜,,
lul.a,,𒈜𒀀,,𒈜𒀀,𒈜𒀀,,,
lul.balag,,𒈜𒁆,,𒈜𒁆,𒈜𒁆,,,
lul.dub2,,,,,𒈜𒂀,,,
lulim,𒄎,,𒄎,𒄎,𒄎,𒄎,,
lulima,𒄎,,,𒄎,𒄎,𒄎,,
lulu,𒈜,,,𒈜,𒈜,𒈜,,
lul{ku6},,,𒈜 𒄩,,,,,
lulₓ,,,,,,𒈜𒀀,,
lum,𒈝,,𒈝,𒈝,𒈝。𒋞,𒈝,,
lum%lum,,𒈞,,𒈞,,,,
lum&lum,,𒈞,𒈞,𒈞,,,,
lum&lum.du@s,,𒈞𒁽,,𒈞𒁽,,,,
lum&lum.gar&gar,,𒈟,,𒈟,,,,
lum&lum.šu₂,,𒈞𒋙,,𒈞𒋙,,,,
lum.lum,,𒈝𒈝,,𒈝𒈝,𒈝𒈝,,,
lum2,𒅆,𒅆,𒅆,,𒅆,,,
lum3,𒂁,𒂁,𒂁,,𒂁,,,
lum4,,,,,𒇴,,,
luma,𒈝,,,𒈝,,𒈝,,
lumašₓ,,,,,,𒊨,,
lumgi,𒋆,,,𒋆,𒋆。𒋋,𒋆,,
lumgi2,𒋇,𒋇,,,𒋇,,,
lumgi3,𒋋,𒋋,,,𒋋,,,
lumgi₂,𒋇,,,𒋇,,𒋇,,
lumgi₃,𒋋,,,𒋋,,𒋋,,
lumha,𒁆,,,𒁆,,𒁆,,
lumhaₓ,𒂕,,,𒂕,,𒂕,,
lumoverlum,,,,,𒈞,,,
lumoverlum.garovergar,,,,,𒈟,,,
lumoverlum.nig2overnig2,,,,,𒈟,,,
lumoverlum.šu2,,,,,𒈞𒋙,,,
lumoverlum.šu2.a,,,,,𒈞𒋙𒀀,,,
lumu,𒈝,,,𒈝,𒈝,𒈝,,
lumu3,𒂁,𒂁,,,𒂁,,,
lumu₃,𒂁,,,𒂁,,𒂁,,
lum×zu&zu,,𒈝𒍪𒍪,,𒈝𒍪𒍪,,,,
lumḫa,,,,,𒂀,,,
lumḫa2,,,,,𒂕,,,
lum₂,𒅆,,,𒅆,,𒅆,,
lum₃,𒂁,,,𒂁,,𒂁,,
lum₄,,,,,,𒇴,,
lumₓ,𒕇,,,𒕇,,𒂁𒂁。𒈱,,
lumₓ?,,,,,,𒕂,,
lun,𒉺,,,𒉺,𒉺,𒉺,,
lunga,𒋆,,𒋆,𒋆,𒋆。𒋇,𒋆,,
lunga2,𒋇,𒋇,,,𒋇,,,
lunga3,𒋋,𒋋,,,𒋋,,,
lunga₂,𒋇,,,𒋇,,𒋇,,
lunga₃,𒋋,,,𒋋,,𒋋,,
lungaₓ,𒁋,,,𒁋,,None。𒁉𒁯。𒁋。󰂑,,
lungi,,,,,𒋋,,,
lup,𒈜,,,𒈜,𒈜,𒈜,,
lurₓ,,,,,,𒉪,,
lut,𒂁,,𒂁,𒂁,𒂁,𒂁,,
"lut,",𒂁,𒂁,𒂁,,,,,
"lut,u",𒂁,𒂁,,,,,,
lutu,𒂁,,,𒂁,𒂁,𒂁,,
luxbad,,,,,𒇼,,,
lu×bad,,𒇼,,𒇼,,,,
luŋ2,𒉺,𒉺,,,,,,
luŋa,𒉺𒂷,,,𒉺𒂷,,𒉺𒂷,,
luŋa2,𒉺,𒉺,,,,,,
luŋa₂,𒉺,,,𒉺,,𒉺,,
luŋ₂,𒉺,,,𒉺,,𒉺,,
luḫ,,,𒈛,,𒈛,,,
luḫu,,,,,𒈛,,,
luḫum,,,,,𒈝𒈝,,,
luḫummu,,,,,𒄑𒈪,,,
luḫša,,,,,𒄴𒈨𒌋,,,
luḫšu,,,𒄴𒈨𒌋,,𒄴𒈨𒌋,,,
luṭ,𒂁,,𒂁,𒂁,𒂁,𒂁,,
luṭu,𒂁,,,𒂁,𒂁,𒂁,,
lu₁₀,𒁖,,,𒁖,,𒁖X,,
lu₂,𒇽,,𒇽,𒇽,,𒇽,,
lu₂%lu₂,,𒈒,,𒈒,,,,
lu₂&lu₂,,𒇽𒇽,,𒇽𒇽,,,,
lu₂.diš,,𒇽𒁹,,𒇽𒁹,,,,
lu₂.en,,𒇽𒂗,,𒇽𒂗,,,,
lu₂.ki,,𒇽𒇽𒇽𒇽,,𒇽𒇽𒇽𒇽,,,,
lu₂.lagab×u,,𒔞,,𒔞,,,,
lu₂.lu₂,,𒇽𒇽,,𒇽𒇽,,,,
lu₂.me.en,,𒇽𒈨𒂗,,𒇽𒈨𒂗,,,,
lu₂.su,,𒇻𒋢,,𒇻𒋢,,,,
lu₂.su.a,,𒇻𒋢𒀀,,𒇻𒋢𒀀,,,,
lu₂@g.uš₂,,𒍗,,𒍗,,,,
lu₂@lu₂,,𒈓,,𒈓,,,,
lu₂@s,,𒈕,,𒈕,,,,
lu₂@s.na,,𒈕𒈾,,𒈕𒈾,,,,
lu₂@t,,𒈑,,𒈑,,,,
lu₂~v,,,,,,,,
lu₂×(kad₃.aš),,𒈇,,𒈇,,,,
lu₂×(la.aš),,𒈉,,𒈉,,,,
lu₂×(me.en),,𒈋,,𒈋,,,,
lu₂×(si.aš),,𒈎,,𒈎,,,,
lu₂×(sik₂.bu),,𒈏,,𒈏,,,,
lu₂×al,,𒇾,,𒇾,,,,
lu₂×aš₂,,𒔟,,𒔟,,,,
lu₂×bad,,𒇿,,𒇿,,,,
lu₂×eš₂,,𒈁,,𒈁,,,,
lu₂×eš₂.lal,,𒈀𒇲,,𒈀𒇲,,,,
lu₂×eš₂@t,,𒈁,,𒈁,,,,
lu₂×gan₂@t,,𒈂,,𒈂,,,,
lu₂×hi×bad,,𒈃,,𒈃,,,,
lu₂×im,,𒈄,,𒈄,,,,
lu₂×kad₂,,𒈅,,𒈅,,,,
lu₂×kad₃,,𒈆,,𒈆,,,,
lu₂×ki,,𒈈,,𒈈,,,,
lu₂×lagab,,𒈊,,𒈊,,,,
lu₂×ne,,𒈌,,𒈌,,,,
lu₂×nu,,𒈍,,𒈍,,,,
lu₂×tug₂,,𒈐,,𒈐,,,,
lu₂×šu,,𒔢,,𒔢,,,,
lu₃,𒈖,,𒈖,𒈖,,𒈖,,
lu₃.pap.pap,,𒁈𒉽𒉽,,𒁈𒉽𒉽,,,,
lu₄,𒈝,,𒈝,𒈝,,𒈝,,
lu₅,𒈜,,,𒈜,,𒈜,,
lu₆,𒌨,,,𒌨,,𒌨,,
lu₇,𒍇,,,𒍇,,𒍇,,
lu₇⁻,,𒍇,,𒍇,,𒔍,,
lu₈,𒌷,,,𒌷,,𒌷,,
lu₉,𒉺,,,𒉺,,𒉺,,
luₓ,𒇲,,,𒇲,,𒇲。𒋣𒊬。𒒫,,
làḫ,,,𒈛,,,,,
lá,,,𒇲,,,,,
lál,,,𒇳,,,,,
lám,,,𒉈,,,,,
láḫtan,,,𒉶,,,,,
lé,,,𒉌,,,,,
lìb,,,𒊮,,,,,
lìb],,,𒊮,,,,,
lìl,,,𒋙𒌋𒌋𒌋,,,,,
lí,,,𒉌,,,,,
líb,,,𒆗,,,,,
líl,,,𒆤,,,,,
lím,,,𒇹,,,,,
límmu,,,𒇹,,,,,
líp,,,𒆗,,,,,
líḫ,,,𒂟,,,,,
lù,,,𒈖,,,,,
lùgud,,,𒈟,,,,,
lú,,,𒇽,,,,,
lāsimu,𒁽,,,𒁽,,,,
m,𒁹,,𒁹,𒁹,,𒁹,,
m[at,,,𒆳,,,,,
m[e,,,𒈨,,,,,
m[e]d,,,𒁁,,,,,
m[eš,,,𒈨𒌍,,,,,
m[eš],,,𒈨𒌍,,,,,
m[i]r,,,𒂇,,,,,
m]a,,,𒈠,,,,,
ma,𒈠,,𒈠,𒈠,𒈠,𒈠,,
ma me mi mu,,,𒈠 𒈨 𒈪 𒈬,,,,,
ma#,,,𒈠,,,,,
ma10,,,,,𒌋𒌋,,,
ma2,𒈣,𒈣,𒈣,,𒈣,,,
ma2.kaskal,,,,,𒍚,,,
ma2.kaskal.sig7andsimilar,,,,,𒋪,,,
ma2.mug,,,,,𒈣𒈮,,,
ma2.sig7andsimilar,,,,,𒈣𒅊,,,
ma3,𒂷,𒂷,𒂷,,𒂷,,,
ma4,𒊬,𒊬,,,𒊬,,,
ma5,𒅡,𒅡,𒅡,,𒅡,,,
ma6,𒈨,𒈨,,,𒈨,,,
ma7,𒈦,𒈦,,,𒈦,,,
ma8,𒅿,𒅿,,,𒅿,,,
ma9,𒉿,𒉿,,,𒉿,,,
ma@g,,𒈢,𒈢,𒈢,,,,
ma@g×tak₄,,𒈡,,𒈡,,,,
ma],,,𒈠,,,,,
ma]š,,,𒈦,,,,,
ma_,,,𒈠,,,,,
mabi,𒈹𒁲,,,𒈹𒁲,𒈻,𒈻,,
mabi2,𒈹𒁲,𒈹𒁲,𒀀𒈹𒁲,,𒀀𒈹𒁲。𒍝𒈹𒁲,,,
mabi3,𒈹𒁲,𒈹𒁲,,,𒍝𒈹𒁲,,,
mabi₂,𒈹𒁲,,,𒈹𒁲,,𒀀𒈹𒁲,,
mabi₃,𒈹𒁲,,,𒈹𒁲,,𒍝𒈹𒁲,,
mabiₓ,𒈹𒁲,,,𒈹𒁲,,𒀀𒈺𒁲。𒈹𒁲,,
mad,𒆳,,𒆳,𒆳,𒆳,𒆳,,
mada,𒊩𒍑𒁮,,,𒊩𒍑𒁮,,𒊩𒍑𒁮,,
madal,𒁍,,,𒁍,𒁍,𒁍,,
madaₓ,𒍑𒁮,,,𒍑𒁮,,𒍑𒁮,,
madla,𒁍,,,𒁍,𒁍,𒁍,,
madlu,𒁍,,,𒁍,𒁍,𒁍,,
madul,,𒁍,,𒁍,,𒁍,,
maganza,,,,,𒁗,,,
magar,𒁑,,,𒁑,𒁑,𒁑,,
magara,𒁑,,,𒁑,𒁑,𒁑,,
magunû,,,,,𒈢,,,
mah,𒈤,,𒈤,𒈤,,𒈤,,
mah2,𒀠,𒀠,,,,,,
mah3,𒌋𒅗,𒌋𒅗,,,,,,
mah@v,,𒈤,,𒈤,,𒈤,,
mah_,,,𒈤,,,,,
maha,𒈤,,,𒈤,,𒈤,,
maha2,𒀠,𒀠,,,,,,
mahar,,,,,,𒅆,,
mahar2,𒌋𒊬,𒌋𒊬,,,,,,
mahar₂,𒌋𒊬,,,𒌋𒊬,,,,
mahar₂?,,,,,,𒌋𒊬,,
maha₂,𒀠,,,𒀠,,𒀠,,
mahra,𒅆𒁺,,,𒅆𒁺,,𒅆𒁺,,
mahru,𒅆𒁺,,,𒅆𒁺,,,,
mah₂,𒀠,,,𒀠,,𒀠,,
mah₃,𒌋𒅗,,,𒌋𒅗,,𒌋𒅗,,
mahₓ,,,,,,None,,
mak0,𒆳,𒆳,,,,,,
makasz,𒁹,𒁹,,,,,,
makasz2,𒀸,𒀸,,,,,,
makaš,𒁹,,,𒁹,𒁹,𒁹,,
makaš2,,,,,𒀸,,,
makaš₂,𒀸,,,𒀸,,𒀸,,
makkasz,𒁹,𒁹,,,,,,
makkasz2,𒀸,𒀸,,,,,,
makkaš,𒁹,,,𒁹,𒁹,𒁹,,
makkaš2,,,,,𒀸,,,
makkaš₂,𒀸,,,𒀸,,𒀸,,
mak₀,𒆳,,,𒆳,,𒆳,,
mal,𒂷,,𒂷,𒂷,𒂷,𒂷,,
mal2,𒋛𒀀,𒋛𒀀,𒋛𒀀,,𒋛𒀀,,,
mal3,𒅅,𒅅,,,𒅅,,,
mal4,𒇺,𒇺,,,𒇺,,,
mal],,,𒂷,,,,,
mala,𒂷,,,𒂷,𒂷,𒂷,,
malakumₓ,,,,,,𒊨,,
malala,,,,,𒋤,,,
malba,𒆠𒇴,,,𒆠𒇴,𒆠𒇴,𒆠𒇴,,
malga,𒃌,,,𒃌,𒂏。𒃌,,,
malga?,,,,,,𒃌,,
malla,𒁍,,,𒁍,𒁍,𒁍,,
malug,𒂼𒈜,,,𒂼𒈜,,,,
malug?,,,,,,𒂼𒈜,,
mal₂,𒋛𒀀,,,𒋛𒀀,,𒋛𒀀,,
mal₃,𒅅,,,𒅅,,𒅅,,
mal₄,𒇺,,,𒇺,,,,
mal₄?,,,,,,𒇺,,
malₓ,𒉣𒇬,,,𒉣𒇬,,𒀮。𒉣𒇬,,
mam,𒌋𒌋,,𒌋𒌋,𒌋𒌋,𒌋𒌋,𒎙,,
mam2,𒊩,𒊩,,,𒊩,,,
mam3,𒊩𒈠,𒊩𒈠,,,𒊩𒈠,,,
mammi,𒈹𒁲,,,𒈹𒁲,𒈻,𒈻,,
mammi2,𒈹𒁲,𒈹𒁲,,,𒀀𒈹𒁲。𒍝𒈹𒁲,,,
mammi3,𒈹𒁲,𒈹𒁲,,,𒍝𒈹𒁲,,,
mammi₂,𒈹𒁲,,,𒈹𒁲,,𒀀𒈹𒁲,,
mammi₃,𒈹𒁲,,,𒈹𒁲,,𒍝𒈹𒁲,,
mammiₓ,𒈹𒁲,,,𒈹𒁲,,𒀀𒈺𒁲。𒈹𒁲,,
mam₂,𒊩,,,𒊩,,𒊩,,
mam₃,𒊩𒈠,,,𒊩𒈠,,𒊩𒈠,,
man,𒌋𒌋,,𒌋𒌋,𒌋𒌋,𒌋𒌋,𒎙,,
man.diš,,,,,𒌋𒌋𒁹,,,
man.ni,,,,,𒌋𒌋𒉌,,,
man2,𒊩,𒊩,,,𒊩,,,
man3,𒀸𒀸,𒀸𒀸,,,𒐀,,,
mana,𒌋𒌋,,,𒌋𒌋,𒌋𒌋,𒎙,,
mangaga,𒅾,,,𒅾,𒅾,,,
mangaga?,,,,,,𒅾,,
mangara,𒁑,,,𒁑,,𒁑,,
manu,,,,,𒉽𒉽,,,
man₂,𒊩,,,𒊩,,𒊩,,
man₃,𒀸𒀸,,,𒀸𒀸,,𒀸𒀸,,
manₓ,,,,,,𒋰,,
mar,𒈥,,𒈥,𒈥,𒈥,𒈥,,
mar.tu,,𒈥𒌅,,𒈥𒌅,,,,
mar2,𒀫,𒀫,,,𒀫,,,
mar3,𒃻,𒃻,,,𒃻,,,
mar4,,,,,𒋞,,,
mar5,,,,,𒌉,,,
mar6,𒄯,𒄯,,,𒄯,,,
mar:apin,,,𒈥 𒀳,,,,,
mara,𒈥,,,𒈥,𒈥,𒈥,,
mara2,𒀫,𒀫,,,𒀫,,,
mara3,,,,,𒃻,,,
mara5,,,,,𒌉,,,
marad,𒀫,,,𒀫,𒀫,𒀫,,
marad2,𒀫𒁕,𒀫𒁕,,,𒀫𒁕,,,
marad₂,𒀫𒁕,,,𒀫𒁕,,𒀫𒁕,,
mara₂,𒀫,,,𒀫,,𒀫,,
marduk,𒀫𒌓,,𒀫𒌓,𒀫𒌓,𒀫𒌓,𒀫𒌓,,
martu,𒌅,,,𒌅,,𒌅,,
martum,𒌅,,,𒌅,,𒌅,,
maru,𒌉,,,𒌉,𒌉,𒋽。𒌉,,
maru5,,,,,𒌉,,,
marun,,,,,𒇇,,,
maru⁻,,𒋽,,𒋽,,󰂂,,
mar₂,𒀫,,,𒀫,,𒀫,,
mar₃,𒃻,,,𒃻,,𒃻,,
mar₅,,,,,,𒌉,,
mar₆,𒄯,,,𒄯,,𒄯,,
mas,𒈦,,𒈦,𒈦,𒈦,𒈦,,
"mas,",𒈦,𒈦,𒈦,,,,,
massa,𒁜,,,𒁜,𒁥,𒁜,,
massa2,𒁗,𒁗,,,𒁗,,,
massa₂,𒁗,,,𒁗,,𒁗,,
masz,𒈦,𒈦,𒈦,,,,,
masz2,𒈧,𒈧,𒈧,,,,,
masz3,𒈦𒉺,𒈦𒉺,,,,,,
masz4,𒉺,𒉺,,,,,,
masz_,,,𒈦,,,,,
masza,𒈦,𒈦,,,,,,
maszaku,𒈧,𒈧,,,,,,
maszammi,𒌑,𒌑,,,,,,
maszda,𒈦𒆕,𒈦𒆕,𒈦𒆕,,,,,
maszda2,𒈦𒂗𒆕,𒈦𒂗𒆕,,,,,,
maszda3,𒈦𒆕𒂗,𒈦𒆕𒂗,,,,,,
maszda4,𒂗𒈦𒆕,𒂗𒈦𒆕,,,,,,
maszgi,𒌐,𒌐,,,,,,
maszkim,𒉺𒁽,𒉺𒁽,𒉺𒁽,,,,,
maszkim2,𒉺𒁼,𒉺𒁼,𒉺𒁼,,,,,
maszkim3,𒉺𒁺,𒉺𒁺,,,,,,
maszmin,𒈦𒌋𒌋,𒈦𒌋𒌋,,,,,,
maszszam,𒌑,𒌑,,,,,,
mat,𒆳,,𒆳,𒆳,𒆳,𒆳,,
mat szammi,𒌑,𒌑,,,,,,
mat šammi,𒌑,,,𒌑,,,,
"mat,",𒆳,𒆳,,,,,,
mat2,𒁁,𒁁,,,𒁁,,,
mat3,𒄷𒄭,𒄷𒄭,,,𒄷𒄭,,,
matšammi,,,,,,𒌑,,
matšammuₓ,,,,,,𒌑,,
mat₂,𒁁,,,𒁁,,𒁁,,
mat₃,𒄷𒄭,,,𒄷𒄭,,𒄷𒄭,,
maxtak4,,,,,𒈡,,,
maz0,𒈧,𒈧,,,,,,
maz2,𒈧,𒈧,,,,,,
maz₀,𒈧,,,𒈧,,,,
maz₂,𒈧,,,𒈧,,𒈧,,
maś,𒈦,,,𒈦,,,,
maš,𒈦,,𒈦,𒈦,𒈦,𒈦,,
maš.en.gag,,,,,𒈦𒂗𒆕,,,
maš.en.kak,,𒈦𒂗𒆕,,𒈦𒂗𒆕,,,,
maš.gag,,,,,𒈦𒆕,,,
maš.gag.en,,,,,𒈦𒆕𒂗,,,
maš.gu2.gar3,,,,,𒈦𒄘𒃼,,,
maš.gu₂.gar₃,,𒈦𒄘𒃼,,𒈦𒄘𒃼,,,,
maš.kak,,𒈦𒆕,,𒈦𒆕,,,,
maš.kak.en,,𒈦𒆕𒂗,,𒈦𒆕𒂗,,,,
maš.man,,,,,𒈦𒌋𒌋,,,
maš.min,,𒈦𒈫,,𒈦𒈫,,,,
maš.pa,,𒈦𒉺,,𒈦𒉺,𒈦𒉺,,,
maš.u,,𒈦𒌋,,𒈦𒌋,𒈦𒌋,,,
maš.u.u,,𒈦𒌋𒌋,,𒈦𒌋𒌋,,,,
maš.u.u.u,,𒈦𒌋𒌋𒌋,,𒈦𒌋𒌋𒌋,,,,
maš.x,,𒈦,,𒈦,,,,
maš2,,,𒈧,,𒈧,,,
maš3,,,,,𒈦𒉺,,,
maš4,,,,,𒉺,,,
maša,𒈦,,,𒈦,,𒈦,,
mašaku,𒈧,,,𒈧,,𒈧,,
mašammi,𒌑,,,𒌑,,𒌑,,
mašda,𒈦𒆕,,,𒈦𒆕,𒈦𒆕,𒈦𒆕,,
mašda2,,,,,𒈦𒂗𒆕,,,
mašda3,,,,,𒈦𒆕𒂗,,,
mašda4,,,,,𒂗𒈦𒆕,,,
mašda₂,𒈦𒂗𒆕,,,𒈦𒂗𒆕,,𒈦𒂗𒆕,,
mašda₃,𒈦𒆕𒂗,,,𒈦𒆕𒂗,,𒈦𒆕𒂗,,
mašda₄,𒂗𒈦𒆕,,,𒂗𒈦𒆕,,𒂗𒈦𒆕,,
mašdaₓ,,,,,,𒁰。𒊾,,
mašgagen,,𒈦𒂗𒆕,,𒈦𒂗𒆕,,𒈦𒂗𒆕,,
mašgi,𒌐,,𒌐,𒌐,𒌐,,,
mašgi;,,,𒌐,,,,,
mašgi?,,,,,,𒌐,,
mašgurₓ,,𒒌,,𒒌,,None,,
maškim,𒉺𒁽,,𒉺𒁽,𒉺𒁽,𒑐𒁽,𒉺𒁽,,
maškim2,,,𒉺𒁼,,𒑐𒁼,,,
maškim3,,,,,𒑐𒁺,,,
maškim₂,𒉺𒁼,,,𒉺𒁼,,𒉺𒁼,,
maškim₃,𒉺𒁺,,,𒉺𒁺,,𒉺𒁺,,
maškimₓ,,,,,,𒁽。𒁽𒉺。𒆜𒉺𒁺,,
maškum,,,,,,𒋢,,
mašmin,𒈦𒌋𒌋,,,𒈦𒌋𒌋,,𒈦𒈫。𒈦𒎙,,
maštabaₓ,,,,,,𒀀𒁉,,
maššam,𒌑,,,𒌑,,𒌑,,
maš₂,𒈧,,,𒈧,,𒈧,,
maš₃,𒈦𒉺,,,𒈦𒉺,,𒈦𒉺,,
maš₄,𒉺,,,𒉺,,𒉺,,
maḫ,,,𒈤,,𒈤,,,
maḫ2,,,,,𒀠。𒅆,,,
maḫ3,,,,,𒌋𒅗,,,
maḫa,,,,,𒈤,,,
maḫar2,,,,,𒌋𒊬,,,
maḫ₂,,,𒀠,,,,,
maṣ,𒈦,,,𒈦,𒈦,𒈦,,
maṭ,𒆳,,𒆳,𒆳,𒆳,𒆳,,
ma’,,,,,𒈣,,,
ma₁₀,,𒌋𒌋,,𒌋𒌋,,𒎙,,
ma₂,𒈣,,𒈣,𒈣,,𒈣,,
ma₂.igi@g,,𒈣𒅊,,𒈣𒅊,,,,
ma₂.kak,,𒈣𒆕,,𒈣𒆕,,,,
ma₂.mug,,𒈣𒈮,,𒈣𒈮,,,,
ma₃,𒂷,,,𒂷,,𒂷,,
ma₄,𒊬,,,𒊬,,𒊬,,
ma₅,𒅡,,,𒅡,,𒅡,,
ma₆,𒈨,,,𒈨,,𒈨,,
ma₇,𒈦,,,𒈦,,𒈦,,
ma₈,𒅿,,,𒅿,,𒅿,,
ma₉,𒉿,,,𒉿,,𒉿,,
maₓ,𒂼,,,𒂼,,𒂍。𒂼。𒋛,,
ma⸣,,,𒈠,,,,,
me,𒈨,,𒈨,𒈨,𒈨,𒈨,,
me#,,,𒈨,,,,,
me+eš,,,,,𒈨𒌍,,,
me.an.še.naga,,𒈨𒀭𒊺𒉀,,𒈨𒀭𒊺𒉀,𒈨𒀭𒊺𒉀,,,
me.en,,,,,𒈨𒂗,,,
me.eš,,,,,𒈨𒌍,,,
me.li.e.a,,,,,𒈨𒇷𒂊𒀀,,,
me.nun.tag,,𒈨𒉣𒋳,,𒈨𒉣𒋳,,,,
me.u.u.u,,𒈨𒌍,,𒈨𒌍,,,,
me10,𒉎,𒉎,,,𒅎,,,
me11,𒀞,𒀞,,,𒀟,,,
me12,𒉈,𒉈,,,,,,
me2,𒈪,𒈪,𒈪,,𒈪,,,
me3,𒀞,𒀞,𒀞,,𒀞。𒅠,,,
me4,𒁁,𒁁,𒁁,,𒁁,,,
me5,𒀀,𒀀,,,𒀀,,,
me6,𒀞,𒀞,𒀞,,𒀝,,,
me7,𒃙,𒃙,𒃙,,𒃙,,,
me8,𒉿,𒉿,,,𒉿,,,
me9,𒇞,𒇞,,,𒇞,,,
me],,,𒈨,,,,,
me_,,,𒈨,,,,,
mebulug,𒍏,,,𒍏,𒁾。𒍏,𒍏,,
mebulug2,𒁒,𒁒,,,𒁒,,,
mebulug3,𒁾,𒁾,,,,,,
mebulug₂,𒁒,,,𒁒,,𒁒,,
mebulug₃,𒁾,,,𒁾,,𒁾,,
mebulugₓ,,,,,,𒁑,,
med,𒁁,,𒁁,𒁁,,𒁁,,
medda,𒆪𒀭,,,𒆪𒀭,𒆪𒀭,𒆪𒀭,,
medda2,𒆪𒅂,𒆪𒅂,,,𒆪𒁁,,,
medda₂,𒆪𒅂,,,𒆪𒅂,,𒆪𒅂,,
meddu,𒆪𒀭,,,𒆪𒀭,𒄑𒆪𒀭。𒆪𒀭,𒆪𒀭,,
meddu2,𒆪𒅂,𒆪𒅂,,,𒄑𒆪𒁁。𒆪𒁁,,,
meddu₂,𒆪𒅂,,,𒆪𒅂,,𒆪𒅂,,
medu,𒅵,,,𒅵,,𒅵,,
megida,𒋰𒋾,,𒋰𒋾,𒋰𒋾,𒋰𒀭𒌋。𒋰𒋾,𒋰𒋾,,
megida(lak20)zabar,,,𒓪,,,,,
megida2,𒋰𒆲,𒋰𒆲,,,𒋰𒆲,,,
megida₂,𒋰𒆲,,,𒋰𒆲,,𒋰𒆲,,
megidaₓ,𒊩𒋰𒆲,,,𒊩𒋰𒆲,,𒀸𒆲。𒆲。󰂆,,
megidaₓ?,,,,,,𒊩𒋰𒆲,,
megidda,𒋰𒋾,,𒋰𒋾,𒋰𒋾,𒋰𒀭𒌋。𒋰𒋾,𒋰𒋾,,
megidda2,𒋰𒆲,𒋰𒆲,,,𒋰𒆲,,,
megidda₂,𒋰𒆲,,,𒋰𒆲,,𒋰𒆲,,
meh,𒈤,,,𒈤,,𒈤,,
mehida,𒈬,,,𒈬,,𒈬,,
mehidi,𒈬,,,𒈬,,𒈬,,
mehidu,𒈬,,,𒈬,,𒈬,,
mel,𒅖,,𒅖,𒅖,𒅖。𒆠𒉈,𒅖,,
mel2,𒅲,𒅲,,,,,,
mel3,𒆠𒉈,𒆠𒉈,,,𒆠𒉈,,,
mele2,𒅲,𒅲,,,𒅲,,,
mele₂,𒅲,,,𒅲,,𒅲,,
meleₓ,𒆈,,,𒆈,,𒅦。𒆈,,
meli,𒆠𒉈,,,𒆠𒉈,,𒆠𒉈,,
meli2,𒅲,𒅲,𒅲,,𒅲,,,
meli₂,𒅲,,,𒅲,,𒅲,,
meliₓ,𒆈,,,𒆈,,𒅦。𒆈,,
mel₂,𒅲,,,𒅲,,𒅲,,
mel₃,𒆠𒉈,,,𒆠𒉈,,𒆠𒉈,,
mem,𒊩,,,𒊩,,𒊩,,
men,𒃞,,𒃞,𒃞,𒃞,𒃞,,
men2,𒈨,𒈨,,,𒈨,,,
men3,𒁺,𒁺,,,𒁺,,,
men4,𒇙,𒇙,𒇙,,𒇙,,,
men5,𒌋𒌋,𒌋𒌋,,,𒌋𒌋,,,
menari,𒃻,,,𒃻,𒃻,𒃻,,
menaₓ,𒃞,,,𒃞,,𒃞,,
menbulug,𒍏,,,𒍏,𒁾。𒍏,𒍏,,
menbulug2,𒁒,𒁒,,,𒁒,,,
menbulug3,𒁾,𒁾,,,,,,
menbulug₂,𒁒,,,𒁒,,𒁒,,
menbulug₃,𒁾,,,𒁾,,𒁾,,
men₂,𒈨,,,𒈨,,𒈨,,
men₃,𒁺,,,𒁺,,𒁺,,
men₄,𒇙,,,𒇙,,𒇙,,
men₅,𒌋𒌋,,,𒌋𒌋,,𒎙,,
menₓ,𒈫,,,𒈫,,None。𒃉。𒃙。𒈫,,
mer,𒂇,,𒂇,𒂇,𒂆,𒂇,,
mer2,𒅎,𒅎,,,𒅎,,,
mer3,𒄈,𒄈,,,𒄈,,,
mer4,𒋃,𒋃,,,𒋃,,,
mere,𒂇,,,𒂇,𒂆,𒂇,,
mereₓ,,,,,,𒂛,,
meri3,𒄈,𒄈,,,𒄈,,,
merimer,𒂛,,,𒂛,𒂛,𒂛,,
merimer2,𒂝,𒂝,,,𒂝,,,
merimer3,𒅐,𒅐,,,𒅐,,,
merimer4,𒅒,𒅒,,,𒅒,,,
merimer5,𒆫,𒆫,,,,,,
merimeri,𒂛,,,𒂛,𒂛,𒂛,,
merimeri2,𒂝,𒂝,,,𒂝,,,
merimeri3,𒅐,𒅐,,,𒅐,,,
merimeri4,𒅒,𒅒,,,𒅒,,,
merimeri5,𒆫,𒆫,,,,,,
merimeri₂,𒂝,,,𒂝,,𒂝,,
merimeri₃,𒅐,,,𒅐,,𒅐,,
merimeri₄,𒅒,,,𒅒,,𒅒,,
merimeri₅,𒆫,,,𒆫,,𒆫,,
merimer₂,𒂝,,,𒂝,,𒂝,,
merimer₃,𒅐,,,𒅐,,𒅐,,
merimer₄,𒅒,,,𒅒,,𒅒,,
merimer₅,𒆫,,,𒆫,,𒆫,,
meri₃,𒄈,,,𒄈,,𒄈,,
mermer,𒂛,,,𒂛,𒂛,𒂛,,
mermer2,𒂝,𒂝,,,𒂝,,,
mermer3,𒅐,𒅐,,,𒅐,,,
mermer4,𒅒,𒅒,,,𒅒,,,
mermer5,𒆫,𒆫,,,,,,
mermeri,𒂛,,,𒂛,𒂛,𒂛,,
mermeri2,𒂝,𒂝,,,𒂝,,,
mermeri3,𒅐,𒅐,,,𒅐,,,
mermeri4,𒅒,𒅒,,,𒅒,,,
mermeri5,𒆫,𒆫,,,,,,
mermeri₂,𒂝,,,𒂝,,𒂝,,
mermeri₃,𒅐,,,𒅐,,𒅐,,
mermeri₄,𒅒,,,𒅒,,𒅒,,
mermeri₅,𒆫,,,𒆫,,𒆫,,
mermer₂,𒂝,,,𒂝,,𒂝,,
mermer₃,𒅐,,,𒅐,,𒅐,,
mermer₄,𒅒,,,𒅒,,𒅒,,
mermer₅,𒆫,,,𒆫,,𒆫,,
mer₂,𒅎,,,𒅎,,,,
mer₂?,,,,,,𒅎,,
mer₃,𒄈,,,𒄈,,𒄈,,
mer₄,𒋃,,,𒋃,,𒋃,,
merₓ,𒄊,,,𒄊,,𒄊,,
mes,𒈩,,𒈩,𒈩,𒈩,𒈩,,
"mes,",𒈩,𒈩,𒈩,,,,,
mes.ru,,𒈩𒊒,,𒈩𒊒,𒈩𒊒,,,
mes2,𒁾,𒁾,,,𒁾,,,
mes3,𒈨𒌍,𒈨𒌍,,,𒈨𒌍,,,
mes:keš₂,,,𒈩 𒆟,,,,,
mesa,𒈩,,,𒈩,𒈩,,,
mesa?,,,,,,𒈩,,
mesi,𒈩,,,𒈩,,𒈩,,
mesz,𒈨𒌍,𒈨𒌍,𒈨𒌍,,,,,
mesz2,𒈨,𒈨,,,,,,
mesz3,𒈩,𒈩,𒈩,,,,,
mesz_,,,𒈨𒌍,,,,,
mesza,𒅵,𒅵,,,,,,
mesztunuₓ,𒉿,𒉿,,,,,,
meszₓ,𒍑,𒍑,,,,,,
mes₂,𒁾,,,𒁾,,,,
mes₂?,,,,,,𒁾,,
mes₃,𒈨𒌍,,,𒈨𒌍,,𒎌,,
met,𒁁,,,𒁁,𒁁,𒁁,,
"met,",𒁁,𒁁,,,,,,
"met,a",𒆪𒀭,𒆪𒀭,,,,,,
"met,a2",𒆪𒅂,𒆪𒅂,,,,,,
"met,u",𒆪𒀭,𒆪𒀭,,,,,,
"met,u2",𒆪𒅂,𒆪𒅂,,,,,,
met2,,,,,𒂍,,,
mete,𒋼𒈨,,,𒋼𒈨,𒋼𒈨,𒋼𒈨,,
metta,,,,,𒆪𒀭,,,
metta2,,,,,𒆪𒁁,,,
mettu,,,,,𒆪𒀭,,,
mettu2,,,,,𒆪𒁁,,,
metuₓ,,,,,,𒆪𒀭𒊏,,
mez,𒈩,,𒈩,𒈩,𒈩,𒈩,,
meze,𒀙,,𒀙,𒀙,𒀙,𒀙,,
meze2,,,,,𒈬𒁍,,,
mezeg,𒋄,,,𒋄,𒋄,𒋄,,
mezej,,,𒋄,,,,,
mezem,𒋄,,,𒋄,𒋄,𒋄,,
mezer,,,,,𒈬𒁍,,,
mezeŋ,𒋄,,,𒋄,,𒋄,,
mezeₓ,,,,,,𒀘。𒊕。𒋄,,
meš,𒈨𒌍,,𒈨𒌍,𒈨𒌍,𒈨𒌍,𒎌,,
meš2,,,𒈨,,𒈨,,,
meš3,,,𒈩,,𒈩,,,
meša,𒅵,,,𒅵,,𒅵,,
mešezanₓ,,,,,,𒋥,,
meštunuₓ,𒉿,,,𒉿,,𒉿,,
meš₂,𒈨,,,𒈨,,𒈨,,
meš₃,𒈩,,,𒈩,,𒈩,,
mešₓ,𒍑,,,𒍑,,𒍑。𒎙,,
meḫ,,,,,𒈤,,,
meḫida,,,,,𒈬,,,
meḫidi,,,,,𒈬,,,
meḫidu,,,,,𒈬,,,
meṣ,𒈩,,,𒈩,𒈩,𒈩,,
meṭ,𒁁,,,𒁁,𒁁,𒁁,,
meṭa,𒆪𒀭,,,𒆪𒀭,,𒆪𒀭,,
meṭa₂,𒆪𒅂,,,𒆪𒅂,,𒆪𒅂,,
meṭu,𒆪𒀭,,,𒆪𒀭,,𒆪𒀭,,
meṭu₂,𒆪𒅂,,,𒆪𒅂,,𒆪𒅂,,
me₁₀,𒉎,,,𒉎,,,,
me₁₀?,,,,,,𒉎,,
me₁₁,𒀞,,,𒀞,,𒀟,,
me₁₂,𒉈,,,𒉈,,𒉈,,
me₂,𒈪,,,𒈪,,𒈪,,
me₃,𒀞,,𒀞,𒀞,,𒀞。𒓽,,
me₄,𒁁,,,𒁁,,𒁁,,
me₅,𒀀,,,𒀀,,𒀀,,
me₆,𒀞,,,𒀞,,𒀝,,
me₇,𒃙,,,𒃙,,𒃙,,
me₈,𒉿,,,𒉿,,𒉿,,
me₉,𒇞,,,𒇞,,𒇞,,
meₓ,𒍛,,,𒍛,,None。𒅗。𒅠。𒇝。𒊩。𒋖。𒍛。󰁳,,
mi,𒈪,,𒈪,𒈪,𒈪,𒈪,,
mi.mi,,𒈪𒈪,,𒈪𒈪,𒈪𒈪,,,
mi.na.ab.u.gud,,𒈪𒈾𒀊𒌋𒄞,,𒈪𒈾𒀊𒌋𒄞,,,,
mi.nunuz,,,,,𒈪𒉭,,,
mi2,𒊩,𒊩,𒊩,,𒊩,,,
mi3,𒈨,𒈨,𒈨,,𒈨,,,
mi4,𒃞,𒃞,𒃞,,𒃞,,,
mi5,𒉿,𒉿,𒉿,,𒉿,,,
mibulug,,,,,𒁾。𒍏,,,
mibulug2,,,,,𒁒,,,
mid,𒅂,,𒅂,𒅂,𒁁,𒅂,,
mid2,,,,,𒂍,,,
midda,𒆪𒀭,,,𒆪𒀭,𒄑𒆪𒀭。𒆪𒀭,𒆪𒀭,,
midda2,𒆪𒅂,𒆪𒅂,,,𒆪𒁁,,,
midda₂,𒆪𒅂,,,𒆪𒅂,,𒆪𒅂,,
middu,𒆪𒀭,,,𒆪𒀭,𒄑𒆪𒀭。𒆪𒀭,𒆪𒀭,,
middu2,𒆪𒅂,𒆪𒅂,,,𒆪𒁁,,,
middu₂,𒆪𒅂,,,𒆪𒅂,,𒆪𒅂,,
midra,𒉺,,,𒉺,𒉺,𒉺,,
migir,𒂇,,,𒂇,𒂆,𒂇,,
migir2,𒂈,𒂈,,,𒂈,,,
migir₂,𒂈,,,𒂈,,𒂈,,
mih,𒈤,,,𒈤,,𒈤,,
mil,𒅖,,𒅖,𒅖,𒅖,𒅖,,
mili,𒅖,,,𒅖,𒅖,𒅖,,
mili2,𒅲,𒅲,,,𒅲,,,
milibₓ,,,,,,𒅗。𒅽,,
mili₂,𒅲,,,𒅲,,𒅲,,
milla,𒅖,,,𒅖,𒅖。𒍥𒅖𒌓,𒅖,,
mim,𒊩,,𒊩,𒊩,𒊩,𒊩,,
mim+ma,,,𒊩 𒈠,,,,,
mim-ma,𒊩𒈠,,,𒊩𒈠,,𒊩𒈠,,
mim2,𒈹,𒈹,,,𒈹,,,
mim3,𒌋𒌋,𒌋𒌋,,,𒌋𒌋,,,
mim4,𒊩𒈠,𒊩𒈠,,,𒊩𒈠,,,
mim₂,𒈹,,,𒈹,,,,
mim₂?,,,,,,𒈹,,
mim₃,𒌋𒌋,,,𒌋𒌋,,𒎙,,
mim₄,𒊩𒈠,,,𒊩𒈠,,𒊩𒈠,,
min,𒈫,,𒈫,𒈫,𒈫,𒈫,,
min#,,,𒈫,,,,,
min.u.u.u,,,,,𒈫𒌍,,,
min2,𒊩,𒊩,,,𒊩,,,
min3,𒌋𒌋,𒌋𒌋,𒌋𒌋,,𒌋𒌋,,,
min4,𒊩𒌆,𒊩𒌆,,,𒊩𒈠。𒊩𒌆,,,
min5,𒀸𒀸,𒀸𒀸,,,𒐀,,,
min6,𒋰,𒋰,,,,,,
min7,𒃞,𒃞,,,𒃞,,,
min_,,,𒈫,,,,,
mina,𒈫,,,𒈫,𒈫,𒈫,,
mina3,𒌋𒌋,𒌋𒌋,,,𒌋𒌋,,,
mina₃,𒌋𒌋,,,𒌋𒌋,,𒎙,,
minbulug,𒍏,,,𒍏,𒁾。𒍏,𒍏,,
minbulug2,𒁒,𒁒,,,𒁒,,,
minbulug₂,𒁒,,,𒁒,,𒁒,,
minbulugₓ,𒁑𒉄,,,𒁑𒉄,,𒁅。𒁑𒉄,,
minudugabaₓ,,,,,,𒔫,,
min₂,𒊩,,,𒊩,,𒊩,,
min₃,𒌋𒌋,,,𒌋𒌋,,𒎙,,
min₄,𒊩𒌆,,,𒊩𒌆,,𒎏,,
min₅,𒀸𒀸,,,𒀸𒀸,,𒀸𒀸,,
min₆,𒋰,,𒋰,𒋰,,𒋰,,
min₇,𒃞,,,𒃞,,𒃞,,
min₈,,,,,,󰂃,,
mir,𒂇,,𒂇,𒂇,𒂆,𒂇,,
mir.uš,,,,,𒂆𒍑,,,
mir2,𒅎,𒅎,,,𒅎,,,
mir5,𒂨,𒂨,,,𒂧,,,
miri,𒂇,,𒂇,𒂇,𒂆,𒂇,,
miriₓ,𒄊,,,𒄊,,𒄈。𒄊,,
miršeššig,,,,,𒂈,,,
mir₂,𒅎,𒅎,,,,,,
mir₂?,,,,,,𒅎,,
mir₅,𒂨,,,𒂨,,𒂨,,
mirₓ,𒊩𒃢,,,𒊩𒃢,,𒆗。𒊩𒃢,,
mis,𒈩,,𒈩,𒈩,𒈩,𒈩,,
"mis,",𒈩,𒈩,,,,,,
misal,,𒄑𒌆𒉿𒉢𒋡,,𒄑𒌆𒉿𒉢𒋡,𒄐,𒄑𒌆𒉿𒎓𒋡,,
misz,𒈩,𒈩,,,,,,
misz2,𒈨𒌍,𒈨𒌍,,,,,,
misz3,𒄑,𒄑,,,,,,
miszhasz,𒄑𒋻,𒄑𒋻,,,,,,
miszsun,𒄑𒁁,𒄑𒁁,,,,,,
misztunuₓ,𒉿,𒉿,,,,,,
miszₓ,𒍑,𒍑,,,,,,
mit,𒁁,,𒁁,𒁁,𒁁,𒁁,,
"mit,",𒁁,𒁁,𒁁,,,,,
"mit,a",𒆪𒀭,𒆪𒀭,,,,,,
"mit,a2",𒆪𒅂,𒆪𒅂,,,,,,
"mit,t,u",𒆪𒀭,𒆪𒀭,,,,,,
"mit,u",𒆪𒀭,𒆪𒀭,,,,,,
"mit,u2",𒆪𒅂,𒆪𒅂,,,,,,
miti,𒁁,,,𒁁,,𒁁,,
mitta,𒆪𒀭,,,𒆪𒀭,𒆪𒀭,𒆪𒀭,,
mitta2,𒆪𒅂,𒆪𒅂,,,𒆪𒁁,,,
mitta₂,𒆪𒅂,,,𒆪𒅂,,𒆪𒅂,,
mittu,𒆪𒀭,,,𒆪𒀭,𒆪𒀭,𒆪𒀭,,
mittu2,𒆪𒅂,𒆪𒅂,,,𒆪𒁁,,,
mittu₂,𒆪𒅂,,,𒆪𒅂,,𒆪𒅂,,
mitu,𒁁,,,𒁁,,𒁁,,
mitum,𒆪𒀭,,𒆪𒀭,𒆪𒀭,𒆪𒀭,𒆪𒀭,,
mitum2,𒆪𒅂,𒆪𒅂,𒆪𒅂,,𒆪𒁁,,,
mitum₂,𒆪𒅂,,,𒆪𒅂,,𒆪𒅂,,
mitₓ,,,,,,𒆪𒀭,,
mizal,𒄐,,,𒄐,,𒄐,,
mizeg,𒋄,,,𒋄,,𒋄,,
mizem,𒋄,,,𒋄,,𒋄,,
miš,𒈩,,𒈩,𒈩,𒈨𒌍。𒈩,𒈩,,
miš2,,,𒈨𒌍,,𒈨𒌍,,,
miš3,,,𒄑,,𒄑,,,
mišhaš,𒄑𒋻,,,𒄑𒋻,,𒄑𒋻,,
mišsun,𒄑𒁁,,,𒄑𒁁,,𒄑𒁁,,
mištunuₓ,𒉿,,,𒉿,,𒉿,,
miš₂,𒈨𒌍,,,𒈨𒌍,,𒎌,,
miš₃,𒄑,,,𒄑,,𒄑,,
mišₓ,𒍑,,,𒍑,,𒍑,,
miḫ,,,,,𒈤,,,
miṣ,𒈩,,,𒈩,𒈩,𒈩,,
miṭ,𒁁,,𒁁,𒁁,𒁁,𒁁,,
miṭa,𒆪𒀭,,,𒆪𒀭,,𒆪𒀭,,
miṭa₂,𒆪𒅂,,,𒆪𒅂,,𒆪𒅂,,
miṭu,𒆪𒀭,,,𒆪𒀭,,𒆪𒀭,,
miṭu₂,𒆪𒅂,,,𒆪𒅂,,𒆪𒅂,,
miṭṭu,𒆪𒀭,,,𒆪𒀭,,,,
mi₂,𒊩,,,𒊩,,𒊩,,
mi₃,𒈨,,,𒈨,,𒈨,,
mi₄,𒃞,,,𒃞,,𒃞,,
mi₅,𒉿,,,𒉿,,𒉿,,
miₓ,𒁺,,,𒁺,,𒁺,,
mu,𒈬,,𒈬,𒈬,𒈬,𒈬,,
mu#,,,𒈬,,,,,
mu&mu,,𒈭,𒈭,𒈭,,,,
mu.bu,,𒈬𒁍,,𒈬𒁍,𒈬𒁍,,,
mu.me.u.u.u,,𒈬𒈨𒌋𒌋𒌋,,𒈬𒈨𒌋𒌋𒌋,,,,
mu.meš,,,,,𒈬𒈨𒌍,,,
mu.uš.tug2.pi,,,,,𒈬𒍑𒌆𒉿,,,
mu.uš.tug₂.pi,,𒈬𒍑𒌆𒉿,,𒈬𒍑𒌆𒉿,,,,
mu10,𒊩,𒊩,,,𒊩,,,
mu11,𒅿,𒅿,𒅿,,𒄘。𒅿,,,
mu12,𒄷𒄭,𒄷𒄭,,,𒄷𒄭,,,
mu13,𒅲,𒅲,,,𒆀,,,
mu14,𒀀,𒀀,,,𒀀,,,
mu2,𒊬,𒊬,𒊬,,𒊬,,,
mu3,𒅡,𒅡,𒅡,,𒅡,,,
mu4,𒌆,𒌆,𒌆,,𒌆,,,
mu5,𒉌,𒉌,𒉌,,𒉌,,,
mu6,𒉺,𒉺,,,𒉺,,,
mu7,𒅲,𒅲,𒅲,,𒅲,,,
mu8,𒃻,𒃻,,,𒃻,,,
mu9,𒄑,𒄑,,,𒄑,,,
mu]r,,,𒄯,,,,,
mu_,,,𒈬,,,,,
mua,𒉺,,,𒉺,𒉺,𒉺,,
muati,𒉺,,𒉺,𒉺,𒉺,𒉺,,
muatiₓ,,,,,,𒉺𒇇,,
muatu,𒉺,,,𒉺,𒉺,𒉺,,
mud,𒄷𒄭,,𒄷𒄭,𒄷𒄭,𒄷𒄭,𒄷𒄭,,
mud.na2,,,,,𒄷𒄭𒈿,,,
mud2,𒁁,𒁁,𒁁,,𒁁,,,
mud3,𒉯,𒉯,𒉯,,𒉸,,,
mud3.u,,,,,𒉹,,,
mud4,𒆸𒌋𒆕,𒆸𒌋𒆕,,,𒆸𒌋𒆕,,,
mud5,𒋆,𒋆,,,𒋆,,,
mud6,𒊬,𒊬,,,𒊬,,,
mud7,𒍤𒆸,𒍤𒆸,,,𒍤𒆸,,,
mud8,𒉳,𒉳,,,𒉳,,,
mudgi,𒁁𒈪,,,𒁁𒈪,,𒁁𒈪,,
mudla,𒁍,,,𒁍,𒁍,𒁍,,
mudlu,𒁍,,,𒁍,𒁍。𒄑𒁍,𒁍,,
mudnaₓ,𒊩𒍑𒁮,,,𒊩𒍑𒁮,,𒊩𒍑𒁮,,
mudra,,,,,𒈬𒁍。𒉺,,,
mudra3,𒁍,𒁍,,,𒁍,,,
mudra5,𒋠𒁍,𒋠𒁍,,,𒋠𒁍,,,
mudra6,𒈬𒁍,𒈬𒁍,,,𒈬𒁍,,,
mudra₃,𒁍,,,𒁍,,𒁍,,
mudra₅,𒋠𒁍,,,𒋠𒁍,,𒋠𒁍,,
mudra₆,𒈬𒁍,,,𒈬𒁍,,𒈬𒁍,,
mudraₓ,𒋝𒈬𒁍,,,𒋝𒈬𒁍,,𒋝𒈬𒁍,,
mudru,𒉺,,,𒉺,𒉺,𒉺,,
mudru2,𒂗𒆪𒀀,𒂗𒆪𒀀,,,𒂗𒌆𒀀,,,
mudru3,𒁍,𒁍,,,𒁍。𒌆𒁍,,,
mudru4,𒋠𒀸,𒋠𒀸,,,𒁱。𒋠𒀸,,,
mudru5,𒋠𒁍,𒋠𒁍,,,𒋠𒁍,,,
mudru6,𒈬𒁍,𒈬𒁍,,,𒈬𒁍,,,
mudrum3,,,,,𒁍,,,
mudrum4,𒋠𒀸,𒋠𒀸,,,𒋠𒀸,,,
mudrum₄,𒋠𒀸,,,𒋠𒀸,,𒋠𒀸,,
mudru₂,𒂗𒆪𒀀,,,𒂗𒆪𒀀,,𒂗𒆪𒀀,,
mudru₃,𒁍,,,𒁍,,𒁍,,
mudru₄,𒋠𒀸,,,𒋠𒀸,,𒁱。𒋠𒀸,,
mudru₅,𒋠𒁍,,,𒋠𒁍,,𒋠𒁍,,
mudru₆,𒈬𒁍,,,𒈬𒁍,,𒈬𒁍,,
mudul,𒁍,,,𒁍,𒁍。𒄑𒁍,𒁍,,
mud₂,𒁁,,,𒁁,,𒁁,,
mud₃,𒉯,,,𒉯,,𒉯,,
mud₄,𒆸𒌋𒆕,,,𒆸𒌋𒆕,,𒆸𒌋𒆕,,
mud₅,𒋆,,,𒋆,,𒋆,,
mud₆,𒊬,,,𒊬,,𒊬,,
mud₇,𒍤𒆸,,,𒍤𒆸,,𒍤𒆸,,
mud₈,𒉳,,,𒉳,,𒉳,,
mudₓ,𒍤𒀀,,,𒍤𒀀,,𒀀𒍤。𒄝。𒉭X。𒉴。𒍤𒀀,,
mug,𒈮,,𒈮,𒈮,𒈮,𒈮,,
mug2,𒊩,𒊩,,,𒊩𒆷,,,
mug3,,,,,𒈯,,,
mug@g,,𒈯,𒈯,𒈯,,,,
muga,𒈮,,,𒈮,,𒈮,,
muggunû,,,,,𒈯,,,
muguₓ,𒈮,,,𒈮,,𒈮,,
mug₂,𒊩,,,𒊩,,𒊩,,
muh,𒌋𒅗,,𒌋𒅗,𒌋𒅗,,𒌋𒅗,,
muh2,𒊚,𒊚,𒊚,,,,,
muh3,𒊣,𒊣,,,,,,
muh4,𒊨,𒊨,,,,,,
muhaldim,𒈬,,𒈬,𒈬,,𒈬,,
muhaldima,𒈬,,,𒈬,,𒈬,,
muhhu,𒊨,,,𒊨,,,,
muhhumₓ,,,,,,𒊕。𒊚,,
muh₂,𒊚,,,𒊚,,𒊚,,
muh₃,𒊣,,,𒊣,,𒊣,,
muh₄,𒊨,,,𒊨,,𒊨,,
muhₓ,,,,,,𒀀𒊕。𒌋𒊕,,
muia,,,,,𒉺,,,
muk,𒈮,,,𒈮,𒈮,𒈮,,
muk0,𒊩,𒊩,,,,,,
muk3,𒊩,𒊩,,,𒈯,,,
muk₀,𒊩,,,𒊩,,,,
muk₃,𒊩,,,𒊩,,𒊩,,
mul,𒀯,,𒀯,𒀯,𒀯,𒀯,,
mul2,𒋼,𒋼,𒋼,,𒋼,,,
mul3,𒄮,𒄮,,,𒄮,,,
mul4,𒌌,𒌌,,,𒌌,,,
mul5,,,,,𒃷,,,
mulla,𒁍,,,𒁍,𒁍,𒁍,,
mullaₓ,,𒋼𒇲,,𒋼𒇲,,𒋼𒇲,,
mullil,,,,,,𒐐,,
mullu,𒁍,,,𒁍,,𒁍,,
mulu,𒀯,,,𒀯,𒀯,𒀯,,
mulu4,𒃷𒁍,𒃷𒁍,,,𒃷,,,
mulu4-bu,𒃷𒁍,𒃷𒁍,,,,,,
mulugₓ,𒋆,,,𒋆,,𒋆,,
mulu₄,𒃷𒁍,,,𒃷𒁍,,𒃷。𒃷𒁍,,
mulu₄-bu,𒃷𒁍,,,𒃷𒁍,,𒃷𒁍,,
mulxab₂ 𒀯𒀖,,mulab₂ 𒀯𒀖,,mulab₂ 𒀯𒀖,,,,
mul₂,𒋼,,,𒋼,,𒋼,,
mul₃,𒄮,,,𒄮,,𒄮,,
mul₄,𒌌,,,𒌌,,𒌌,,
mulₓ,,,,,,𒀖。𒀭。𒀭𒀭。𒀮。𒂷,,
mum,𒌤,,,𒌤,𒌣,𒌤,,
mummun,𒅲𒅲,,,𒅲𒅲,,𒅲𒅲,,
mumun,𒅲𒅲,,,𒅲𒅲,,𒅲𒅲,,
mumunₓ,𒅲,,,𒅲,,𒅲,,
mun,𒁵,,𒁵,𒁵,𒁵,𒁵。󰁵,,
mun2,𒌤,𒌤,,,𒌣,,,
mun3,𒁴,𒁴,,,,,,
mun4,𒋀,𒋀,,,𒋀,,,
mun5,𒌋𒁵,𒌋𒁵,,,𒌋𒁵,,,
mun6,𒌋𒁴,𒌋𒁴,,,𒌋𒁴,,,
mun;,,,𒁵,,,,,
munsub,𒈰,,𒈰,𒈰,𒈰,𒈰,,
munsub2,𒋠𒇴𒋦,𒋠𒇴𒋦,,,𒋁𒋦,,,
munsub3,𒄛,𒄛,,,,,,
munsub4,𒄝,𒄝,,,,,,
munsub;,,,𒈰,,,,,
munsub₂,𒋠𒇴𒋦,,,𒋠𒇴𒋦,,𒋠𒇴𒋦,,
munsub₃,𒄛,,,𒄛,,𒄛,,
munsub₄,𒄝,,,𒄝,,𒄝,,
munsubₓ,𒋠𒋦,,,𒋠𒋦,,𒆅。𒉺。𒉺𒄝。𒉺𒈰。𒋠𒋦,,
munszub,𒈰,𒈰,,,,,,
munszub2,𒋠𒇴𒋦,𒋠𒇴𒋦,,,,,,
munu,𒁵,,,𒁵,𒁵,𒁵,,
munu2,𒆠𒉈,𒆠𒉈,,,𒆠𒉈,,,
munu3,𒃅,𒃅,𒃅,,𒃅,,,
munu4,𒉽𒉽,𒉽𒉽,,,𒉽𒉽。𒉽𒊺𒉽,,,
munu5,𒉽𒊺𒉽,𒉽𒊺𒉽,,,𒉽𒊺𒉽,,,
munu6,𒊺𒁑,𒊺𒁑,𒊺𒁑,,𒉽𒉽,,,
munus,𒊩,,𒊩,𒊩,𒊩,𒊩,,
munus+ma,,,𒊩 𒈠。𒊩𒈠,,,,,
munus.al,,,,,𒊩𒀠,,,
munus.anše,,,,,𒊩𒀲,,,
munus.egi,,,,,𒊩𒂠,,,
munus.en.anše,,,,,𒊩𒂗𒀲,,,
munus.kid2,,,,,𒊩𒋺,,,
munus.kur,,,,,𒊩𒆳,,,
munus.la,,,,,𒊩𒆷,,,
munus.lagar,,,,,𒊩𒇬,,,
munus.mae5,,,,,𒊩𒈠,,,
munus.me,,,,,𒊩𒈨,,,
munus.sig2,,,,,𒊩𒋠,,,
munus.sila4,,,,,𒊩𒃢,,,
munus.tuk,,,,,𒊩𒌇,,,
munus.ud.edin,,,,,𒊩𒌓𒂔,,,
munus.ur,,,,,𒊩𒌨,,,
munus.uš,,,,,𒊩𒍑,,,
munus.uš.dam,,,,,𒊩𒍑𒁮,,,
munus.uš.di,,,,,𒊩𒍑𒁲,,,
munus.uš.di.ḫu,,,,,𒊩𒍑𒁲,,,
munus.uš.sa,,,,,𒊩𒍑𒊓,,,
munus.uš.ša,,,,,𒊩𒍑𒊭,,,
munus.še3,,,,,𒊩𒂠,,,
munus.ḫub2,,,,,𒊩𒄸,,,
munus_,,,𒊩,,,,,
munussa,𒊩𒍑𒁲,,𒊩𒍑𒁲,𒊩𒍑𒁲,,𒊩𒍑𒁲,,
munuz,𒊩,,,𒊩,𒊩,𒊩,,
munu₂,𒆠𒉈,,,𒆠𒉈,,𒆠𒉈,,
munu₃,𒃅,,,𒃅,,𒃅,,
munu₄,𒉽𒉽,,𒉽𒉽,𒉽𒉽,,𒉽𒉽,,
munu₅,𒉽𒊺𒉽,,,𒉽𒊺𒉽,,𒉽𒊺𒉽,,
munu₆,𒊺𒁑,,,𒊺𒁑,,𒊺𒁑,,
munuₓ,𒊺𒉽𒉽,,,𒊺𒉽𒉽,,𒀖𒆪。𒉽X。𒊺𒁴。𒊺𒉽𒉽,,
munzer,𒆠𒀭𒋀𒆠,,𒆠𒀭𒋀𒆠,𒆠𒀭𒋀𒆠,𒆠𒀭𒋀𒆠,𒆠𒀭𒋀𒆠,,
munzerₓ,𒋝𒈬𒁍,,,𒋝𒈬𒁍,,𒀖𒀭𒋀𒆠。𒄑𒋀𒆠。𒈬𒁍。𒋀𒆠𒁵。𒋝𒈬𒁍,,
munzur,𒆠𒀭𒋀𒆠,,𒆠𒀭𒋀𒆠,𒆠𒀭𒋀𒆠,𒆠𒀭𒋀𒆠,𒆠𒀭𒋀𒆠,,
munšub,𒈰,,𒈰,𒈰,𒈰,𒈰,,
munšub2,,,,,𒋁𒋦,,,
munšub₂,𒋠𒇴𒋦,,,𒋠𒇴𒋦,,𒋠𒇴𒋦,,
mun₂,𒌤,,,𒌤,,𒌤,,
mun₃,𒁴,,,𒁴,,𒁴,,
mun₄,𒋀,,,𒋀,,𒋀,,
mun₅,𒌋𒁵,,,𒌋𒁵,,𒌋𒁵,,
mun₆,𒌋𒁴,,,𒌋𒁴,,𒌋𒁴,,
munₓ,𒅲,,,𒅲,,𒀯。𒅗𒄭𒂵。𒅲。𒉽𒉽,,
muovermu,,,,,𒈭,,,
muparra,,,,,𒌆𒋠𒋤,,,
muparru,,,,,𒌆𒋠𒋤,,,
muq,𒈮,,𒈮,𒈮,𒈮,𒈮,,
muq3,,,,,𒈯,,,
mur,𒄯,,𒄯,𒄯,𒄯,𒄯,,
mur10,𒌆,𒌆,𒌆,,𒌆,,,
mur2,𒉠,𒉠,,,𒌘,,,
mur3,𒅎,𒅎,,,𒅎,,,
mur6,𒆠𒂗𒆕,𒆠𒂗𒆕,,,𒆠𒂗𒆕,,,
mur7,𒈱,𒈱,𒈱,,𒋞,,,
mur8,𒈱,𒈱,,,𒈱,,,
muraₓ,,,,,,𒈥,,
murga,𒅺,,,𒅺,,𒅺,,
murgiszur,𒂢,𒂢,,,,,,
murgišur,𒂢,,,𒂢,𒂢,𒂢,,
murgišur₂?,,,,,,None,,
murgišurₓ,,,,,,𒂴,,
murgu,𒋞,,𒋞,𒋞,𒋞,𒈱,,
murgu2,𒈱,𒈱,𒈱,,𒅺。𒈱,,,
murgu3,𒅺,𒅺,,,𒅺,,,
murgu₂,𒈱,,,𒈱,,𒈱,,
murgu₃,𒅺,,,𒅺,,𒅺,,
muri,𒉠,,,𒉠,𒌘,𒌘,,
murim,𒅎,𒅎,,,𒅎,𒅎,,
muru,𒄯,,𒄯,𒄯,𒄯,𒄯,,
muru11,𒉞,𒉞,,,𒉞,,,
muru12,𒆤,𒆤,,,𒆤,,,
muru13,𒌙,𒌙,,,𒌙,,,
muru2,𒉠,𒉠,𒉠,,𒌘,,,
muru3,𒅎,𒅎,,,𒅎,,,
muru4,𒌲,𒌲,,,𒌲,,,
muru5,𒊩𒌓𒂔,𒊩𒌓𒂔,,,𒊩𒌓𒂔,,,
muru6,𒆠𒂗𒆕,𒆠𒂗𒆕,,,𒆠𒂗𒆕,,,
muru8,,,,,𒌋𒌋,,,
muru9,𒅎𒂂,𒅎𒂂,𒅎𒂂,,𒅎𒂂,,,
murub,𒊩,,,𒊩,𒊩𒆷,𒊩,,
murub2,𒊩𒇬,𒊩𒇬,𒊩𒇬,,𒊩𒇬,,,
murub3,𒂗𒈨𒇬,𒂗𒈨𒇬,,,𒂗𒈨𒇬,,,
murub4,𒉠,𒉠,𒉠,,𒌘,,,
murub5,𒊩𒍑𒁮,𒊩𒍑𒁮,,,,,,
murub6,𒌙,𒌙,,,,,,
murub₂,𒊩𒇬,,,𒊩𒇬,,𒊩𒇬,,
murub₃,𒂗𒈨𒇬,,,𒂗𒈨𒇬,,𒂗𒈨𒇬,,
murub₄,𒉠,,𒉠,𒉠,,𒌘,,
murub₅,𒊩𒍑𒁮,𒊩𒌓𒂔。𒊩𒍑𒁮,,𒊩𒌓𒂔,,𒊩𒌓𒂔,,
murub₆,𒌙,,,𒌙,,,,
murubₓ,𒌘,,,𒌘,,𒊩𒀴𒁮。𒊩𒆸,,
murum,𒄯,,,𒄯,𒄯。𒉞,𒄯,,
murum11,𒉞,𒉞,,,𒉞,,,
murum4,𒌲,𒌲,,,𒌲,,,
murum5,𒊩𒌓𒂔,𒊩𒌓𒂔,,,𒊩𒌓𒂔,,,
murum6,𒆠𒂗𒆕,𒆠𒂗𒆕,,,𒆠𒂗𒆕,,,
murum₁₁,𒉞,,,𒉞,,𒉞,,
murum₄,𒌲,,,𒌲,,𒌲,,
murum₅,𒊩𒌓𒂔,,,𒊩𒌓𒂔,,𒊩𒌓𒂔,,
murum₆,𒆠𒂗𒆕,,,𒆠𒂗𒆕,,𒆠𒂗𒆕,,
murumₓ,𒌉𒊩𒌉𒌉,,,𒌉𒊩𒌉𒌉,,𒊩𒊩𒁮。𒌉𒊩𒌉𒌉。𒌱。𒎂,,
muruszₓ,𒄨,𒄨,,,,,,
murušₓ,𒄨,,,𒄨,,𒄨,,
muru₁₁,𒉞,,,𒉞,,𒉞,,
muru₁₂,𒆤,,,𒆤,,𒆤,,
muru₁₃,𒌙,,,𒌙,,,,
muru₂,𒉠,,,𒉠,,𒌘,,
muru₃,𒅎,,,𒅎,,𒅎,,
muru₄,𒌲,,,𒌲,,𒌲,,
muru₅,𒊩𒌓𒂔,,,𒊩𒌓𒂔,,𒊩𒌓𒂔,,
muru₆,𒆠𒂗𒆕,,,𒆠𒂗𒆕,,𒆠𒂗𒆕,,
muru₉,𒅎𒂂,,𒅎𒂂,𒅎𒂂,,𒅎𒂂,,
muruₓ,𒌘,,,𒌘,,𒂂。𒄀𒆤𒈤。𒆤𒈤。𒆤𒋙𒈣,,
mur₁₀,𒌆,,,𒌆,,𒌆,,
mur₁₁,,,,,,None,,
mur₂,𒉠,,,𒉠,,𒌘,,
mur₃,𒅎,,,𒅎,,𒅎,,
mur₆,𒆠𒂗𒆕,,,𒆠𒂗𒆕,,𒆠𒂗𒆕,,
mur₇,𒈱,,,𒈱,,𒈱,,
mur₈,𒈱,,,𒈱,,𒈱,,
murₓ,𒌙,,,𒌙,,𒆑,,
mus,𒈲,,𒈲,𒈲,𒈲,𒈲,,
mus8,,,,,𒄷,,,
mussa,𒊩𒍑𒁲,,,𒊩𒍑𒁲,𒊩𒍑𒁲。𒊩𒍑𒊓。𒊩𒍑𒊭,𒊩𒍑𒁲,,
mussa/munussa,,,𒊩𒍑𒁲 𒊩𒍑𒁲,,,,,
mussa/nij2,,,𒊩𒍑𒁲 𒃻,,,,,
mussaₓ,,,,,,𒊩𒍑,,
musub,𒈰,,,𒈰,𒈰,𒈰,,
musub2,𒋠𒇴𒋦,𒋠𒇴𒋦,,,𒋁𒋦,,,
musub3,𒄛,𒄛,,,,,,
musub4,𒄝,𒄝,,,,,,
musub₂,𒋠𒇴𒋦,,,𒋠𒇴𒋦,,𒋠𒇴𒋦,,
musub₃,𒄛,,,𒄛,,𒄛,,
musub₄,𒄝,,,𒄝,,𒄝,,
musubₓ,,𒉺𒄝,,𒉺𒄝,,𒉺𒄛,,
musug2,𒌑𒅗,𒌑𒅗,,,𒌑𒅗,,,
musug4,𒌑𒆳𒉌𒌇𒆠,𒌑𒆳𒉌𒌇𒆠,,,,,,
musug5,𒆈,𒆈,,,,,,
musug₂,𒌑𒅗,,,𒌑𒅗,,𒌑𒅗,,
musug₄,𒌑𒆳𒉌𒌇𒆠,,,𒌑𒆳𒉌𒌇𒆠,,𒌑𒆳𒉌𒌇𒆠,,
musug₅,𒆈,,,𒆈,,𒆈,,
musur,𒆠𒀭𒋀𒆠,,,𒆠𒀭𒋀𒆠,𒆠𒀭𒋀𒆠,𒆠𒀭𒋀𒆠,,
musz,𒈲,𒈲,𒈲,,,,,
musz2,𒈽,𒈽,𒈽,,,,,
musz3,𒈹,𒈹,𒈹,,,,,
musz4,𒄮,𒄮,,,,,,
musz5,𒋀,𒋀,𒋀,,,,,
musz6,𒁑,𒁑,,,,,,
musz7,𒌋𒁯,𒌋𒁯,,,,,,
musz8,𒄷,𒄷,,,,,,
musz9,𒈪,𒈪,,,,,,
muszda,𒁶,𒁶,,,,,,
muszdam,𒁶,𒁶,,,,,,
muszdama,𒁶,𒁶,,,,,,
muszdama2,𒈸,𒈸,,,,,,
muszen,𒄷,𒄷,𒄷,,,,,
muszena,𒄷,𒄷,,,,,,
muszi,𒈪,𒈪,,,,,,
muszku,𒈹,𒈹,,,,,,
muszkuₓ,𒈸,𒈸,,,,,,
muszszagana,𒇚,𒇚,,,,,,
muszszagana2,𒇞,𒇞,,,,,,
musztaptin,𒁃,𒁃,,,,,,
musztu,𒉿,𒉿,𒉿,,,,,
musztu2,𒈬𒍑𒌆𒉿,𒈬𒍑𒌆𒉿,,,,,,
musztug,𒉿,𒉿,,,,,,
musztug2,𒈬𒍑𒌆𒉿,𒈬𒍑𒌆𒉿,,,,,,
muszu,𒈪,𒈪,,,,,,
muszₓ,𒈸,𒈸,,,,,,
mut,𒄷𒄭,,𒄷𒄭,𒄷𒄭,𒄷𒄭,𒄷𒄭,,
"mut,",𒄷𒄭,𒄷𒄭,𒄷𒄭,,,,,
"mut,uₓ",𒄷𒄭,𒄷𒄭,,,,,,
mut2,𒁁,𒁁,,,𒁁,,,
muthum,𒌑𒄑𒊬,,,𒌑𒄑𒊬,,𒌑𒄑𒊬,,
mut₂,𒁁,,,𒁁,,𒁁,,
muwa,𒉺,,,𒉺,,𒉺,,
muwati,𒉺,,,𒉺,,𒉺,,
muya,𒉺,,,𒉺,,𒉺,,
muyati,𒉺,,,𒉺,,𒉺,,
muz,𒈲,,,𒈲,,𒈲,,
muzer,𒋠𒇴𒋦,,,𒋠𒇴𒋦,𒋁𒋦,,,
muzer?,,,,,,𒋠𒇴𒋦,,
muzir,𒋠𒇴𒋦,,,𒋠𒇴𒋦,𒋁𒋦,,,
muzir?,,,,,,𒋠𒇴𒋦,,
muzug,𒌑𒊕,,,𒌑𒊕,,𒌑𒊕,,
muzug2,𒌑𒅗,𒌑𒅗,𒌑𒅗,,𒌑𒅗,,,
muzug4,𒌑𒆳𒉌𒌇𒆠,𒌑𒆳𒉌𒌇𒆠,,,𒌑𒆳𒉌𒌇𒆠,,,
muzug5,,,,,𒆈,,,
muzug₂,𒌑𒅗,,,𒌑𒅗,,𒌑𒅗,,
muzug₄,𒌑𒆳𒉌𒌇𒆠,,,𒌑𒆳𒉌𒌇𒆠,,𒌑𒆳𒉌𒌇𒆠,,
muzug₆,,𒌑𒅲,,𒌑𒅲,,𒌑𒅲,,
muš,𒈲,,𒈲,𒈲,𒈲,𒈲,,
muš%muš,,𒈸,𒈸,𒈸,,,,
muš%muš.a.na,,𒈸𒀀𒈾,,𒈸𒀀𒈾,,,,
muš&hi&muš,,𒈲𒄭𒈲,,𒈲𒄭𒈲,,,,
muš&kak&muš,,𒈲𒆕𒈲,,𒈲𒆕𒈲,,,,
muš&muš,,𒈶,𒈶,𒈶,,,,
muš&muš.a.na,,𒈶𒀀𒈾,,𒈶𒀀𒈾,,,,
muš&muš;,,,𒈶,,,,,
muš&muš×,,𒈶,,𒈶,,,,
muš&muš×(a.na),,𒈷,,𒈷,,,,
muš&muš×kak,,𒔡,,𒔡,,,,
muš.ša,,𒈲𒊭,,𒈲𒊭,,,,
muš2,,,𒈽,,𒈽,,,
muš2.bu,,,,,𒈽𒁍,,,
muš3,,,𒈹,,𒈹,,,
muš3.ab,,,,,𒈹𒀊,,,
muš3.bu,,,,,𒈹𒁍,,,
muš3.di,,,,,𒈹𒁲,,,
muš3.eren,,,,,𒈹𒂞,,,
muš3.lal3,,,,,𒈹𒋭,,,
muš3.unug,,,,,𒈹𒀕,,,
muš3.za,,,,,𒈹𒍝,,,
muš3.za.unug,,,,,𒈹𒍝𒀕,,,
muš3.šeš2,,,,,𒈹𒋁,,,
muš3gunû,,,,,𒈽,,,
muš3xa,,,,,𒈺,,,
muš3xa.di,,,,,𒈻,,,
muš3xdi,,,,,𒈼,,,
muš4,,,,,𒄮,,,
muš5,,,,,𒋀,,,
muš6,,,,,𒁑,,,
muš7,,,,,𒁹,,,
muš8,,,,,𒄷,,,
muš9,,,,,𒈪,,,
mušcrossingmuš,,,,,𒈸,,,
mušda,𒁶,,,𒁶,𒁶,𒁶,,
mušdam,𒁶,,,𒁶,𒁶,𒁶,,
mušdama,𒁶,,,𒁶,𒁶,𒁶,,
mušdama2,,,,,𒈶。𒈸,,,
mušdama₂,𒈸,,,𒈸,,𒈸,,
mušdamma,,,,,𒁶,,,
mušen,𒄷,,𒄷,𒄷,𒄷,𒄷,,
mušena,𒄷,,,𒄷,,𒄷,,
mušeŋₓ,,,,,,𒄷,,
muši,𒈪,,,𒈪,𒈪,𒈪,,
mušku,𒈹,,,𒈹,𒈹,𒈹,,
muškuₓ,𒈸,,,𒈸,,𒈸,,
mušnaₓ,,,,,,𒉢,,
mušovermuš,,,,,𒈶,,,
mušovermušxa.na,,,,,𒈷,,,
muštabtin,,,,,"𒄑𒁃,𒄑𒂁𒋡𒁓",,,
muštaptin,𒁃,,,𒁃,,𒁃,,
muštu,𒉿,,,𒉿,𒉿,𒉿,,
muštu2,,,,,𒈬𒍑𒌆𒉿,,,
muštug,𒉿,,𒉿,𒉿,𒉿,𒉿,,
muštug2,,,,,𒈬𒍑𒌆𒉿,,,
muštug₂,𒈬𒍑𒌆𒉿,,,𒈬𒍑𒌆𒉿,,𒈬𒍑𒌆𒉿,,
muštugₓ,,,,,,𒄑𒌆𒉿,,
muštu₂,𒈬𒍑𒌆𒉿,,,𒈬𒍑𒌆𒉿,,𒈬𒍑𒌆𒉿,,
muštuₓ,,,,,,𒄑𒌆𒉿,,
mušu,𒈪,,,𒈪,,𒈪,,
mušxa,,,,,𒈳,,,
mušxkur,,,,,𒈴,,,
mušxza,,,,,𒈵,,,
muš×a,,𒈳,,𒈳,,,,
muš×kur,,𒈴,,𒈴,,,,
muš×za,,𒈵,,𒈵,,,,
mušša,,,,,𒊩𒍑𒊭,,,
muššagana,𒇚,,𒇚,𒇚,𒇚,𒇚,,
muššagana2,,,𒇞,,𒇞,,,
muššagana₂,𒇞,,,𒇞,,,,
muššagana₂?,,,,,,𒇞,,
muš₂,𒈽,,,𒈽,,𒈽,,
muš₃,𒈹,,𒈹,𒈹,,𒈹,,
muš₃&muš₃,,𒈹,,𒈹,,,,
muš₃.ab,,𒈹𒀊,,𒈹𒀊,,,,
muš₃.ab@g,,𒈹𒀕,,𒈹𒀕,,,,
muš₃.ab@g.za,,𒈹𒀕𒍝,,𒈹𒀕𒍝,,,,
muš₃.bu,,𒈹𒁍,,𒈹𒁍,,,,
muš₃.di,,𒈹𒁲,,𒈹𒁲,,,,
muš₃.eren,,𒈹𒂞,,𒈹𒂞,,,,
muš₃.za,,𒈹𒍝,,𒈹𒍝,,,,
muš₃.za.ab@g,,𒈹𒍝𒀕,,𒈹𒍝𒀕,,,,
muš₃:ezen,,,𒈹 𒂡,,,,,
muš₃:me,,,𒈹 𒈨,,,,,
muš₃@g,,𒈽,,𒈽,,,,
muš₃@g.bu,,𒈽𒁍,,𒈽𒁍,,,,
muš₃@g.sik₂.lam,,𒈽𒋠𒇴,,𒈽𒋠𒇴,,,,
muš₃×(a.di),,𒈻,,𒈻,,,,
muš₃×a,,𒈺,,𒈺,,,,
muš₃×di,,𒈼,,𒈼,,,,
muš₄,𒄮,,,𒄮,,𒄮,,
muš₅,𒋀,,,𒋀,,𒋀,,
muš₆,𒁑,,,𒁑,,,,
muš₆?,,,,,,𒁑,,
muš₇,𒌋𒁯,,,𒌋𒁯,,𒁹,,
muš₈,𒄷,,,𒄷,,𒄷,,
muš₉,𒈪,,,𒈪,,𒈪,,
mušₓ,𒈸,,,𒈸,,𒈶。𒈸。𒌆。𒌋𒁯,,
muḫ,,,𒌋𒅗,,𒌋𒅗,,,
muḫ2,,,,,𒊚,,,
muḫ4,,,,,𒊨,,,
muḫaldim,,,,,𒈬,,,
muṣ,,𒈲,,𒈲,,𒈲,,
muṭ,𒄷𒄭,,,𒄷𒄭,𒄷𒄭,𒄷𒄭,,
muṭuₓ,𒄷𒄭,,,𒄷𒄭,,,,
muṭuₓ?,,,,,,𒄷𒄭,,
mu₁₀,𒊩,,,𒊩,,𒊩,,
mu₁₁,𒅿,,,𒅿,,𒅿,,
mu₁₂,𒄷𒄭,,,𒄷𒄭,,𒄷𒄭,,
mu₁₃,𒅲,,,𒅲,,𒆀,,
mu₁₄,𒀀,,,𒀀,,𒀀,,
mu₂,𒊬,,,𒊬,,𒊬,,
mu₃,𒅡,,,𒅡,,𒅡,,
mu₄,𒌆,,,𒌆,,𒌆,,
mu₅,𒉌,,,𒉌,,𒉌,,
mu₆,𒉺,,,𒉺,,𒉺,,
mu₇,𒅲,,,𒅲,,𒅲,,
mu₈,𒃻,,,𒃻,,𒃻,,
mu₉,𒄑,,,𒄑,,𒄑,,
muₓ,𒅤,,,𒅤,,𒄭。𒅤,,
má,,,𒈣,,,,,
máš,,,𒈧,,,,,
mè,,,𒀞,,,,,
mé,,,𒈪,,,,,
mégidda,,,𒋰𒆲,,,,,
ménbulug,,,𒁒,,,,,
méš,,,𒈨,,,,,
mì,,,𒈨,,,,,
mìm,,,𒌋𒌋,,,,,
mìn,,,𒌋𒌋,,,,,
mí,,,𒊩,,,,,
mín,,,𒊩,,,,,
míš,,,𒈨𒌍,,,,,
mù,,,𒅡,,,,,
mùd,,,𒉯,,,,,
mùš,,,𒈹,,,,,
mú,,,𒊬,,,,,
múnsub,,,𒋠𒇴𒋦,,,,,
múnšub,,,𒋠𒇴𒋦,,,,,
múru,,,𒉠,,,,,
múš,,,𒈽,,,,,
"mās,it",𒌓,𒌓,,,,,,
māṣit,𒌓,,,𒌓,,,,
mītu,,,,,𒁁,,,
mūšu,,,,,𒈪,,,
n,X,X,,,,None,,
n/3(diš),,,,,,None,,
n01,,𒊹,,𒊹,,,,
n[a?,,,𒈾,,,,,
n[i,,,𒉌,,,,,
n]a!?,,,𒈾,,,,,
n]u,,,𒉡,,,,,
na,𒈾,,𒈾,𒈾,𒈾,𒈾,,
na en ni un,,,𒈾 𒂗 𒉌 𒌦,,,,,
na!,,,𒈾,,,,,
na.ru,,𒈾𒊒,,𒈾𒊒,,,,
na/jesz,,,𒈾 𒄑,,,,,
na2,𒈿,𒈿,𒈿,,𒈿,,,
na3,𒀝,𒀝,𒀝,,𒀝,,,
na4,𒉌𒌓,𒉌𒌓,𒉌𒌓,,𒉌𒌓,,,
na4.en,,,,,𒉌𒌓𒂗,,,
na4.ki,,,,,𒉌𒌓𒆠,,,
na4.lal.sig7,,,,,𒉌𒌓𒇲𒅊,,,
na5,𒊭,𒊭,,,𒊭,,,
na6,𒇽,𒇽,,,𒇽,,,
na7,𒉆,𒉆,,,𒉆,,,
na8,𒅘,𒅘,𒅘,,𒅘,,,
na[p,,,𒀮,,,,,
na],,,𒈾,,,,,
na_,,,𒈾,,,,,
nab,𒀮,,𒀮,𒀮,𒀮,𒀮,,
nab2,,,,,𒀯。𒆳,,,
nab3,𒀭𒀭,𒀭𒀭,𒀭𒀭,,𒀭𒀭。𒀮,,,
nab4,𒅊,𒅊,,,𒅊,,,
nab₃,𒀭𒀭,,,𒀭𒀭,,𒀭𒀭,,
nab₄,𒅊,,,𒅊,,𒅊,,
nad,𒆳,,,𒆳,𒆳,𒆳,,
nad2,,,,,𒄿,,,
nad3,𒈿,𒈿,,,𒈿,,,
nad₃,𒈿,,,𒈿,,𒈿,,
nag,𒅘,,𒅘,𒅘,𒅘,𒅘,,
nag2,,,,,𒉀,,,
nag4,𒄣,𒄣,,,,,,
naga,𒉀,,𒉀,𒉀,𒉀,𒉀,,
naga.nagainversum,,,,,𒉃,,,
naga2,𒅘,𒅘,,,𒄤。𒅘,,,
naga3,𒄤,𒄤,,,𒄤,,,
naga4,𒄣,𒄣,,,𒄣,,,
naga@180,,𒉁,𒉁,𒉁,,,,
naga@naga,,𒉃,𒉃,𒉃,,,,
nagada,𒉺𒁖,,,𒉺𒁖,𒑐𒁣,𒉺𒁣,,
nagadₓ,𒀖𒆪,,,𒀖𒆪,,𒀖𒆪,,
nagainversum,,,,,𒉁,,,
nagal,𒇬,,,𒇬,𒇬,𒇬,,
nagal/lagal,,,𒇬 𒇬,,,,,
nagaopposingnaga,,,,,𒉃,,,
nagar,𒉄,,𒉄,𒉄,𒉄,𒉄,,
nagar.ad4,,,,,𒉄𒍞,,,
nagar.bu,,𒉄𒁍,,𒉄𒁍,𒉄𒁍,,,
nagar.za@t,,𒉄𒍞,,𒉄𒍞,,,,
nagar3,𒈜,𒈜,,,,,,
nagara,𒉄,,,𒉄,𒉄,𒉄,,
nagargalₓ,𒃲𒉄,,,𒃲𒉄,,𒃲𒉄,,
nagar₃,𒈜,,,𒈜,,𒈜,,
nagarₓ,𒁑,,,𒁑,,𒁑,,
nagaxšutenû,,,,,𒉂,,,
naga×šu@t,,𒉂,,𒉂,,,,
naga₂,𒅘,,,𒅘,,𒅘,,
naga₃,𒄤,,,𒄤,,𒄤,,
naga₄,𒄣,,,𒄣,,𒄣,,
nagbu,𒅂,,,𒅂,,𒅂,,
nagbumₓ,,,,,,𒅂,,
nagga,𒀭𒈾,,𒀭𒈾,𒀭𒈾,𒀭𒈾,𒀭𒈾,,
nagiri,𒅚,,,𒅚,,𒅚,,
nag₃,,𒄤,,𒄤,,𒄤,,
nag₄,𒄣,,,𒄣,,𒄣,,
nagₓ,𒌸,,,𒌸,,𒅗。𒌸,,
nah,𒈛,,,𒈛,,𒈛,,
nah2,𒂠,𒂠,,,,,,
nah₂,𒂠,,,𒂠,,𒂠,,
naj,,,𒅘,,,,,
nak,𒅘,,𒅘,𒅘,𒅘,𒅘,,
nak2,𒉀,𒉀,𒉀,,𒉀,,,
nak3,,,,,𒊩𒌨,,,
nak₂,𒉀,,,𒉀,,𒉀,,
nam,𒉆,,𒉆,𒉆,𒉆,𒉆,,
nam#?,,,𒉆,,,,,
nam-ri,𒈹𒍝,,,𒈹𒍝,,𒈹𒍝,,
nam.en,,𒉆𒂗,,𒉆𒂗,𒉆𒂗,,,
nam.erim,,,,,𒉆𒂟,,,
nam.lugal,,𒉆𒈗,,𒉆𒈗,𒉆𒈗,,,
nam.nin,,,,,𒉆𒊩𒌆,,,
nam.sal.tug2,,,,,𒉆𒊩𒌆,,,
nam.sal.tug₂,,𒉆𒊩𒌆,,𒉆𒊩𒌆,,,,
nam.su,,𒉆𒋢,,𒉆𒋢,𒉆𒋢,,,
nam2,𒉇,𒉇,𒉇,,𒉇。𒌆,,,
nam3,𒉏,𒉏,,,𒉏,,,
nam4,𒅊,𒅊,,,𒅊。𒉏,,,
nam@n,,𒉅,,𒉅,,,,
nama,𒉀,,,𒉀,,𒉀,,
namduₓ,,,,,,𒅻,,
namešda,,𒢤,,𒢤,,,,
namma,𒇉,,𒇉,𒇉,𒇉,𒇉,,
nammaₓ,𒆹,,,𒆹,,𒆹,,
nammu,𒇉,,𒇉,𒇉,𒇉,𒇉,,
nammuₓ,𒆹,,,𒆹,,𒆹,,
namnutillu,,,,,𒉅,,,
namri,𒌑𒆳𒍝𒈽𒆠,,,𒌑𒆳𒍝𒈽𒆠,𒌑𒆳𒍝𒈽𒆠,𒌑𒆳𒍝𒈽𒆠,,
namru,𒌑𒆳𒍝𒈽𒆠,,,𒌑𒆳𒍝𒈽𒆠,,,,
namruₓ,,,,,,𒌑𒍝𒈹,,
namszesze,𒌅,𒌅,,,,,,
namšeše,𒌅,,,𒌅,,𒌅,,
nam₂,𒉇,,𒉇,𒉇,,𒉇,,
nam₃,𒉏,,,𒉏,,𒉏,,
nam₄,𒅊,,,𒅊,,𒅊,,
namₓ,𒅘,,,𒅘,,𒀭𒀭。𒅘,,
nan,,𒋀,,𒋀,𒄿。𒋀,𒋀,,
nan2,𒋀𒆠,𒋀𒆠,𒋀𒆠,,𒌶𒆠,,,
nan2nat2,,,,,𒄿,,,
nan3,𒌍,𒌍,,,𒌍,,,
nanam,𒊲,,,𒊲,𒊲,𒊲,,
nanam2,𒊰,𒊰,,,𒊰,,,
nanam₂,𒊰,,,𒊰,,𒊰,,
nanga,𒇳𒆸,,,𒇳𒆸,𒇳𒆸,𒇳𒆸,,
nanga2,𒇲𒆸,𒇲𒆸,,,𒇲𒆸,,,
nanga3,𒇳𒊬,𒇳𒊬,,,𒇳𒊬,,,
nanga4,𒇲𒊬,𒇲𒊬,,,𒇲𒊬,,,
nanga5,𒀭𒈾,𒀭𒈾,,,𒀭𒈾,,,
nanga6,𒉀,𒉀,,,𒉀,,,
nangar,,,,,𒉄,,,
nanga₂,𒇲𒆸,,,𒇲𒆸,,𒇲𒆸,,
nanga₃,𒇳𒊬,,,𒇳𒊬,,𒇳𒊬,,
nanga₄,𒇲𒊬,,,𒇲𒊬,,𒇲𒊬,,
nanga₅,𒀭𒈾,,,𒀭𒈾,,,,
nanga₅?,,,,,,𒀭𒈾,,
nanga₆,𒉀,,,𒉀,,𒉀,,
nangaₓ,,,,,,𒇳𒁺,,
nanibgal,𒀭𒉀,,,𒀭𒉀,𒀭𒉀,𒀭𒉀,,
nanibgal2,𒀭𒊺𒉀,𒀭𒊺𒉀,,,𒀭𒊺𒉀,,,
nanibgal₂,𒀭𒊺𒉀,,,𒀭𒊺𒉀,,𒀭𒊺𒉀,,
nanibgalₓ,,,,,,𒀭𒊺𒉀𒃲。𒉀,,
nanna,𒋀𒆠,,𒋀𒆠,𒋀𒆠,𒌶𒆠,𒋀𒆠,,
nanna2,𒀭𒋀𒆠,𒀭𒋀𒆠,𒀭𒋀𒆠,,𒀭𒋀𒆠,,,
nanna4,,,,,𒌶𒆠,,,
nannar,,,,,𒌶𒆠,,,
nanna₂,𒀭𒋀𒆠,,,𒀭𒋀𒆠,,𒀭𒋀𒆠,,
nannaₓ,,,,,,𒋀𒈾,,
nansze,𒀏,𒀏,𒀏,,,,,
nanše,𒀏,,𒀏,𒀏,𒀏,𒀏,,
nan₂,𒋀𒆠,,,𒋀𒆠,,𒋀𒆠,,
nan₃,𒌍,,,𒌍,,𒌍,,
nap,𒀮,,𒀮,𒀮,𒀮,𒀮,,
nap2,𒀯,𒀯,,,𒀯,,,
nap3,,,,,𒀯,,,
nappilu,𒉩,,,𒉩,,,,
nap₂,𒀯,,,𒀯,,𒀯,,
naq,𒅘,,𒅘,𒅘,𒅘,𒅘,,
nar,𒈜,,𒈜,𒈜,𒈜,𒈜,,
nar3,𒉪,𒉪,,,𒉪,,,
nara,,,,,,𒈜,,
naraₓ,𒉪,,,𒉪,,𒉪,,
nari,𒈜,,,𒈜,𒈜,𒈜,,
nar₃,𒉪,,,𒉪,,𒉪,,
narₓ,,,,,,𒀀𒇉。󰁶。󰁷,,
nasz,𒌋𒌋,𒌋𒌋,,,,,,
naszsze,𒀏,𒀏,𒀏,,,,,
nat,𒆳,,𒆳,𒆳,𒆳,𒆳,,
nat2,𒄿,𒄿,,,,,,
nata,𒆳,,,𒆳,𒆳,𒆳,,
nat₂,𒄿,,,𒄿,,𒄿,,
nazi,𒀏,,,𒀏,𒀏,𒀏,,
naĝ,,,𒅘,,,,,
naĝa,,,𒉀,,,,,
naŋ,𒅘,,,𒅘,,𒅘,,
naŋa,𒉀,,,𒉀,,𒉀。𒊺𒉀,,
naŋa3,𒄤,𒄤,,,,,,
naŋa4,𒄣,𒄣,,,,,,
naŋar,,𒉄,,𒉄,,𒉄,,
naŋa₃,𒄤,,,𒄤,,𒄤,,
naŋa₄,𒄣,,,𒄣,,𒄣,,
naŋaₓ,,,,,,𒅘,,
naŋ₃,,𒄤,,𒄤,,𒄤,,
naŋ₄,,𒄣,,𒄣,,𒄣,,
naš,𒌋𒌋,,,𒌋𒌋,𒌋𒌋,𒈦。𒎙,,
našše,𒀏,,,𒀏,𒀏,𒀏,,
naḫ,,,,,𒈛,,,
naḫ2,,,,,𒂠,,,
naṭ,,,,,𒆳,,,
naṭ2,,,,,𒄿,,,
na₂,𒈿,,𒈿,𒈿,,𒈿,,
na₂.x,,𒈿,,𒈿,,,,
na₃,𒀝,,,𒀝,,𒀝,,
na₄,𒉌𒌓,,𒉌𒌓,𒉌𒌓,,𒎎,,
na₅,𒊭,,,𒊭,,𒊭,,
na₆,𒇽,,,𒇽,,𒇽,,
na₇,𒉆,,,𒉆,,𒉆,,
na₈,𒅘,,,𒅘,,𒅘,,
naₓ,𒌓𒉌,,,𒌓𒉌,,𒀭。𒁺。𒄷𒈿。𒌓𒉌,,
ne,𒉈,,𒉈,𒉈,𒉈,𒉈,,
ne-ru,𒉈𒊒,,,𒉈𒊒,,𒉈𒊒,,
ne.dir,,,,,𒉈𒋛𒀀,,,
ne.gi,,𒉈𒄀,,𒉈𒄀,𒉈𒄀,,,
ne.ru,,𒉈𒊒,,𒉈𒊒,𒉈𒊒,,,
ne.si.a,,𒉈𒋛𒀀,,𒉈𒋛𒀀,,,,
ne.si@g,,𒉈𒋜,,𒉈𒋜,,,,
ne.su4,,,,,𒉈𒋜,,,
ne2,𒉌,𒉌,𒉌,,𒉌,,,
ne3,𒊊,𒊊,𒊊,,𒄊。𒊊,,,
ne4,𒋙𒉈,𒋙𒉈,,,𒋙𒉈,,,
ne5,𒆠𒉈,𒆠𒉈,,,𒆠𒉈,,,
ne6,𒈾,𒈾,,,𒈾,,,
ne7,𒈿,𒈿,,,𒈿,,,
ne8,𒉋,𒉋,,,𒉋,,,
ne@s,,𒉋,,𒉋,,,,
ned,𒍑,,𒍑,𒍑,,𒍑,,
neda,𒉿,,,𒉿,𒉿,𒉿,,
nehandiₓ,𒅪,,,𒅪,,𒅪,,
nek2,,,,,𒃻,,,
nem,𒉏,,𒉏,𒉏,𒉏,𒉏,,
nem2,,,,,𒊩𒌆,,,
nemur,𒆠𒉈,,,𒆠𒉈,𒆠𒉈,𒆠𒉈,,
nemur₂,,𒊊𒌉,,𒊊𒌉,,𒊊𒌉,,
nemurₓ,𒊊𒌉,𒊊。𒊊𒌉,,𒊊,,𒊊,,
nen,𒊩𒌆,,𒊩𒌆,𒊩𒌆,𒊩𒈠。𒊩𒌆,𒎏,,
nen9,𒊩𒆪,𒊩𒆪,,,𒊩𒆪。𒊩𒈠,,,
nenerₓ,𒉪,,,𒉪,,𒉪,,
nenim,𒊲,,,𒊲,𒊲,𒊲,,
nenin,𒆳𒋛𒀀𒂵,,,𒆳𒋛𒀀𒂵,,𒆳𒋛𒀀𒂵,,
nenkum,𒊩𒌆𒉽𒅊𒉣𒈨𒂬,,,𒊩𒌆𒉽𒅊𒉣𒈨𒂬,𒊩𒌆𒉽𒅊𒉣𒈨𒂬,𒎏𒉽𒅊𒉣𒈨𒂬,,
nenkumₓ,,,,,,𒎏𒉽𒂊𒅊𒉣𒈨𒂬,,
nenna,𒇧𒇧,,,𒇧𒇧,𒇧𒇧,𒇧𒇧,,
nenna2,𒇧,𒇧,,,𒇧,,,
nenna₂,𒇧,,,𒇧,,𒇧,,
nenni,𒇧𒇧,,𒇧𒇧,𒇧𒇧,𒇧𒇧,𒇧𒇧,,
nenni2,𒇧,𒇧,,,𒇧,,,
nenni5,𒌃,𒌃,,,𒌃,,,
nenni₂,𒇧,,,𒇧,,𒇧,,
nenni₅,𒌃,,,𒌃,,𒌃,,
nen₉,𒊩𒆪,,,𒊩𒆪,,𒎐,,
neq2,𒃻,𒃻,,,,,,
neq₂,𒃻,,,𒃻,,𒃻,,
ner,𒉪,,𒉪,𒉪,𒉪,𒉪,,
nerah,𒈲,,,𒈲,,𒈲,,
nergal,𒊊𒀕𒃲,,,𒊊𒀕𒃲,𒄊𒀕𒃲。𒊊𒀕𒃲,𒊊𒀕𒃲,,
nergalₓ,𒌋𒄥,,,𒌋𒄥,,𒆧𒀕。𒊊𒀍。𒌋𒄥,,
nerigal,𒊊𒀕𒃲,,,𒊊𒀕𒃲,𒄊𒀕𒃲。𒊊𒀕𒃲,𒊊𒀕𒃲,,
nes,𒌋𒌋,,𒌋𒌋,𒌋𒌋,𒌋𒌋,𒎙,,
nes2,,,,,𒄑,,,
nesag,𒉠,,,𒉠,𒌘,𒉠,,
nesag2,𒋃,𒋃,,,𒉠。𒋃,,,
nesag3,𒌙,𒌙,,,𒌙,,,
nesag₂,𒋃,,,𒋃,,𒋃,,
nesag₃,𒌙,,,𒌙,,,,
nesaŋ,𒉠,,,𒉠,,𒉠,,
nesaŋ2,𒋃,𒋃,,,,,,
nesaŋ₂,𒋃,,,𒋃,,𒋃,,
nesaŋₓ,𒌘,,,𒌘,,,,
nesz,𒌋𒌋,𒌋𒌋,𒌋𒌋,,,,,
nesz2,𒄑,𒄑,,,,,,
nesza,𒌨𒈤,𒌨𒈤,𒌨𒈤,,,,,
net,𒍑,,,𒍑,,𒍑,,
"net,",𒍑,𒍑,,,,,,
nexa,,,,,𒉉,,,
nexpab,,,,,𒉋,,,
nexud,,,,,𒉊,,,
ne×a,,𒉉,,𒉉,,,,
ne×ud,,𒉊,,𒉊,,,,
neš,𒌋𒌋,,,𒌋𒌋,𒌋𒌋,𒎙,,
neš2,,,,,𒄑,,,
neša,𒌨𒈤,,,𒌨𒈤,𒌨𒈤,𒌨𒈤,,
nešeššig,,,,,𒉋,,,
neš₂,𒄑,,,𒄑,,𒄑,,
neṭ,𒍑,,,𒍑,𒍑,𒍑,,
ne₂,𒉌,,𒉌,𒉌,,𒉌,,
ne₃,𒊊,,,𒊊,,𒊊,,
ne₄,𒋙𒉈,,,𒋙𒉈,,𒋙𒉈,,
ne₅,𒆠𒉈,,,𒆠𒉈,,𒆠𒉈,,
ne₆,𒈾,,,𒈾,,𒈾,,
ne₇,𒈿,,,𒈿,,𒈿,,
ne₈,𒉋,,,𒉋,,𒉋,,
ni,𒉌,,𒉌,𒉌,𒉌,𒉌,,
ni#,,,𒉌,,,,,
ni+giš,,,,,,,,
ni-ir,𒈿.X,𒈿。𒈿.X,,𒈿,,𒈿X,,
ni.giš,,𒉌𒄑,,𒉌𒄑,,,,
ni.lu,,𒉌𒇻,,𒉌𒇻,,,,
ni.ni,,𒉌𒉌,,𒉌𒉌,,,,
ni.tuk,,𒉌𒌇,,𒉌𒌇,𒉌𒌇,,,
ni.ud,,𒉌𒌓,,𒉌𒌓,𒉌𒌓,,,
ni.ud.en,,𒉌𒌓𒂗,,𒉌𒌓𒂗,𒉌𒌓𒂗,,,
ni.ud.ki,,𒉌𒌓𒆠,,𒉌𒌓𒆠,𒉌𒌓𒆠,,,
ni.ud.lal.sig7,,,,,𒉌𒌓𒇲𒅊,,,
ni10,𒆸,𒆸,𒆸,,𒆸,,,
ni11,𒌚𒆤,𒌚𒆤,,,,,,
ni2,𒉎,𒉎,𒉎,,𒅎。𒉎,,,
ni3,𒃻,𒃻,𒃻,,𒃻,,,
ni4,𒊩𒌆,𒊩𒌆,𒊩𒌆,,𒊩𒈠。𒊩𒌆,,,
ni5,𒉈,𒉈,,,𒉈,,,
ni6,𒆸𒆸,𒆸𒆸,,,𒉏,,,
ni7,𒉏,𒉏,,,𒉏,,,
ni8,𒇷,𒇷,,,𒇷,,,
ni9,𒌋𒌓𒆤,𒌋𒌓𒆤,𒌋𒌓𒆤,,𒌋𒌓𒆤,,,
ni?,,,𒉌,,,,,
ni],,,𒉌,,,,,
nib,𒊋,,𒊋,𒊋,𒊊𒄨。𒊋,𒊋,,
nib2,,,,,𒀮。𒊋,,,
nibri,𒂗𒆤,,,𒂗𒆤,𒂗𒆤,𒂗𒆤,,
nibru,𒂗𒆤,,𒂗𒆤,𒂗𒆤,𒂗𒆤,𒂗𒆤,,
nibru!,,,𒂗𒆤,,,,,
nibru{ki},,,𒂗𒆤 𒆠,,,,,
nibru{ki}_,,,𒂗𒆤 𒆠,,,,,
nid,𒍑,,𒍑,𒍑,𒍑,𒍑,,
nida,𒄘𒉭,,𒄘𒉭,𒄘𒉭,𒉭,𒄘𒉭,,
nida2,𒉒,𒉒,,,,,,
nidaba,𒊺𒉀,,𒊺𒉀,𒊺𒉀,𒊺𒉀,𒊺𒉀,,
nidaba2,𒉀,𒉀,,,𒉀,,,
nidaba₂,𒉀,,,𒉀,,𒉀,,
nidalam,𒊩𒍑𒁮,,,𒊩𒍑𒁮,𒊩𒍑𒁮,𒊩𒍑𒁮,,
nidalam2,𒍑𒁮,𒍑𒁮,,,𒍑𒁮,,,
nidalam3,,,,,𒍑𒊩𒁮,,,
nidalam3c,𒍑𒊩𒁮,𒍑𒊩𒁮,,,,,,
nidalam4,𒊩𒍑,𒊩𒍑,,,𒊩𒍑,,,
nidalam₂,𒍑𒁮,,,𒍑𒁮,,𒍑𒁮,,
nidalam₃,,,,,,𒍑𒊩𒁮,,
nidalam₃c,𒍑𒊩𒁮,,,𒍑𒊩𒁮,,,,
nidalam₄,𒊩𒍑,,,𒊩𒍑,,𒊩𒍑,,
nida₂,𒉒,,,𒉒,,𒉒,,
nidba,𒉻𒀭𒈹,,𒉻𒀭𒈹,𒉻𒀭𒈹,𒉻𒀭𒈹,𒉻𒀭𒈹,,
nidba2,𒉻𒈹,𒉻𒈹,,,𒉻𒈹,,,
nidba₂,𒉻𒈹,,,𒉻𒈹,,𒉻𒈹,,
nidbaₓ,,,,,,𒃰𒉻𒈹,,
nidlam,𒊩𒍑𒁮,,,𒊩𒍑𒁮,𒊩𒍑𒁮,𒊩𒍑𒁮,,
nidlam2,𒍑𒁮,𒍑𒁮,,,𒍑𒁮,,,
nidlam3,𒍑𒊩𒁮,𒍑𒊩𒁮,,,𒍑𒊩𒁮,,,
nidlam4,𒊩𒍑,𒊩𒍑,,,𒊩𒍑,,,
nidlam₂,𒍑𒁮,,,𒍑𒁮,,𒍑𒁮,,
nidlam₃,𒍑𒊩𒁮,,,𒍑𒊩𒁮,,𒍑𒊩𒁮,,
nidlam₄,𒊩𒍑,,,𒊩𒍑,,𒊩𒍑,,
niesz,𒑗,𒑗,,,,,,
nieš,𒑗,,,𒑗,𒑗,,,
nig,𒊩𒌨,,𒊩𒌨,𒊩𒌨,𒊩𒌨,𒊩𒌨,,
nig2,𒃻,𒃻,𒃻,,𒃻,,,
nig2.gug2,,,,,𒃻𒈖,,,
nig2.ib,,,,,𒀶,,,
nig2.kingusila.sila3,,,,,𒃻𒑜𒋡,,,
nig2.nigin,,,,,𒃻𒆸𒆸,,,
nig2.pa,,,,,𒃻𒉺,,,
nig2.peš4,,,,,𒃻𒊯,,,
nig2.sag.il2.ezen.munus,,,,,𒃻𒊕𒅍𒂡𒊩,,,
nig2.sag.il2.ezen.uš,,,,,𒃻𒊕𒅍𒂡𒍑,,,
nig2.ša3,,,,,𒃻𒊮,,,
nig2.ša3.a,,,,,𒃻𒊮𒀀,,,
nig2.šanabi.sila3,,,,,𒃻𒑛𒋡,,,
nig2.šid,,,,,𒃻𒋃,,,
nig2.šu.dugud,,,,,𒃻𒋗𒂂,,,
nig2.šušana.sila3,,,,,𒃻𒑚𒋡,,,
nig2gunû,,,,,𒁓,,,
nig3,,,,,,,,
nig6,𒌋𒌓𒆤,𒌋𒌓𒆤,,,𒌋𒌓𒆤,,,
niga,𒊺,,𒊺,𒊺,𒊺,𒊺,,
niga2,,,,,𒇽𒊺,,,
nigan,𒊺,,,𒊺,,𒊺,,
nigar,𒌋𒌓𒆤,,𒌋𒌓𒆤,𒌋𒌓𒆤,,𒌋𒌓𒆤,,
niggi,𒀭𒈾,,,𒀭𒈾,𒀭𒈾,𒀭𒈾,,
niggin,𒀭𒈾,,,𒀭𒈾,,𒀭𒈾,,
nigginaku,𒆸𒆸,,,𒆸𒆸,,𒆸𒆸,,
niggiₓ,𒆸𒆸,,,𒆸𒆸,,𒆸𒆸,,
nigi,𒆸𒆸,,,𒆸𒆸,,𒆸𒆸,,
nigi2,𒆸,𒆸,,,𒆸,,,
nigi3,𒉭𒁶,𒉭𒁶,,,,,,
nigi7,,,,,𒉭𒁶。𒉭𒈠,,,
nigida,𒁹,,,𒁹,𒁹,𒁹,,
nigidaesz,𒑗,𒑗,,,,,,
nigidaeš,𒑗,,𒑗,𒑗,𒑗,𒑗,,
nigidalimmu,𒐉,,𒐉,𒐉,𒐉,𒐉,,
nigidamin,,𒑖,𒑖,𒑖,𒑖,𒑖,,
nigidamin.pap,,,,,𒑖𒉽,,,
nigidamin3,𒑖,𒑖,,,,,,
nigidamin₃,𒑖,,,𒑖,,,,
nigin,𒆸𒆸,,𒆸𒆸,𒆸𒆸,𒇔,𒆸𒆸,,
nigin10,𒌚𒆤,𒌚𒆤,,,𒌗𒆤,,,
nigin11,𒇪,𒇪,,,𒇪,,,
nigin2,𒆸,𒆸,𒆸,,𒆸,,,
nigin3,𒌋𒌓𒆤,𒌋𒌓𒆤,𒌋𒌓𒆤,,𒌋𒌓𒆤,,,
nigin4,𒌋𒌓,𒌋𒌓,𒌋𒌓,,𒌋𒌓,,,
nigin5,𒇳𒆸,𒇳𒆸,,,𒇳𒆸,,,
nigin6,𒀏,𒀏,𒀏,,𒀒,,,
nigin7,𒇲𒆸,𒇲𒆸,,,𒇲𒆸,,,
nigin8,𒇳𒊬,𒇳𒊬,,,𒇳𒊬,,,
nigin9,𒇲𒊬,𒇲𒊬,,,𒇲𒊬,,,
nigin₁₀,𒌚𒆤,,,𒌚𒆤,,𒌚𒆤,,
nigin₁₁,𒇪,,,𒇪,,𒇪,,
nigin₂,𒆸,,,𒆸,,𒆸,,
nigin₃,𒌋𒌓𒆤,,,𒌋𒌓𒆤,,𒌋𒌓𒆤,,
nigin₄,𒌋𒌓,,,𒌋𒌓,,𒌋𒌓,,
nigin₅,𒇳𒆸,,,𒇳𒆸,,𒇳𒆸,,
nigin₆,𒀏,,,𒀏,,𒀏,,
nigin₇,𒇲𒆸,,,𒇲𒆸,,𒇲𒆸,,
nigin₈,𒇳𒊬,,,𒇳𒊬,,𒇳𒊬,,
nigin₉,𒇲𒊬,,,𒇲𒊬,,𒇲𒊬,,
niginₓ,𒌓𒆤,,,𒌓𒆤,,𒇔。𒇳𒀾。𒌋𒆤。𒌓𒆤,,
niginₓ?,,,,,,𒀒,,
nigir,𒂇,,𒂇,𒂇,𒂆,𒂇,,
nigir2,𒂈,𒂈,𒂈,,𒂈,,,
nigir3,𒂛,𒂛,,,𒂛,,,
nigirsiₓ,,,,,,𒊩𒍑,,
nigir₂,𒂈,,,𒂈,,𒂈,,
nigir₃,𒂛,,,𒂛,,𒂛,,
nigi₂,𒆸,,,𒆸,,𒆸,,
nigi₃,𒉭𒁶,,,𒉭𒁶,,𒉭𒁶,,
nigiₓ,𒃻,,,𒃻,,𒃻,,
nigru,𒅚,,𒅚,𒅚,𒅚,𒅚,,
nigu,𒊺,,𒊺,𒊺,𒊺,𒊺,,
nig₂,𒃻,,𒃻,𒃻,,𒃻,,
nig₆,𒌋𒌓𒆤,,,𒌋𒌓𒆤,,𒌋𒌓𒆤,,
nigₓ,𒌨,,,𒌨,,𒊩𒆏。𒊺。𒌨,,
nij2,,,𒃻,,,,,
nijin,,,𒆸𒆸,,,,,
nijin2,,,𒆸,,,,,
nijir,,,𒂇,,,,,
nik,𒊩𒌨,,𒊩𒌨,𒊩𒌨,𒊩𒌨,𒊩𒌨,,
nik2,𒃻,𒃻,,,𒃻,,,
nik3,,,,,,,,
nik5,𒅘,𒅘,,,𒅘,,,
nika,𒉾,,,𒉾,,𒉾,,
nik₂,𒃻,,,𒃻,,𒃻,,
nik₅,𒅘,,,𒅘,,𒅘,,
nilimmu,𒐉,,,𒐉,𒐉,,,
nim,𒉏,,𒉏,𒉏,𒉏,𒉏,,
nim2,𒊩𒌆,𒊩𒌆,𒊩𒌆,,𒊩𒈠。𒊩𒌆,,,
nim3,𒌋𒌓,𒌋𒌓,𒌋𒌓,,𒌋𒌓,,,
nim4,𒈝,𒈝,𒈝,,𒈝,,,
nim5,𒃻,𒃻,𒃻,,𒃻,,,
nima,𒉏,,,𒉏,𒉏,𒉏,,
nimandu,,,,,𒇌,,,
nimar,,𒌋𒌓𒆤,,𒌋𒌓𒆤,,𒌋𒌓𒆤,,
nimbar,𒊷,,,𒊷,,𒊷,,
nimem3,𒇲𒆸,𒇲𒆸,,,,,,
nimem₃,𒇲𒆸,,,𒇲𒆸,,𒇲𒆸,,
nimen,𒇳𒆸,,,𒇳𒆸,𒇳𒆸,𒇳𒆸,,
nimen2,𒆸,𒆸,,,𒆸,,,
nimen3,,,,,𒇲𒆸,,,
nimen4,𒇳𒊬,𒇳𒊬,,,𒇳𒊬,,,
nimen5,𒇲𒊬,𒇲𒊬,,,𒇲𒊬,,,
nimen₂,𒆸,,,𒆸,,𒆸,,
nimen₄,𒇳𒊬,,,𒇳𒊬,,𒇳𒊬,,
nimen₅,𒇲𒊬,,,𒇲𒊬,,𒇲𒊬,,
nimenₓ,𒇪,,,𒇪,,𒆸𒆸。𒇪,,
nimgigre,𒅐,,,𒅐,,𒅐,,
nimgigri,𒂛,,,𒂛,𒂛,,,
nimgigri2,𒂛𒅐,𒂛𒅐,,,𒂛𒅐,,,
nimgigri?,,,,,,𒂛,,
nimgigri₂,𒂛𒅐,,,𒂛𒅐,,𒂛𒅐,,
nimgin10,,,,,𒌗𒆤,,,
nimgin11,,,,,𒇪,,,
nimgin2,,,,,𒆸,,,
nimgin3,𒌋𒌓𒆤,𒌋𒌓𒆤,,,𒌋𒌓𒆤,,,
nimgin4,,,,,𒌋𒌓,,,
nimgin5,,,,,𒇳𒆸,,,
nimgin6,,,,,𒀒,,,
nimgin7,,,,,𒇲𒆸,,,
nimgin8,,,,,𒇳𒊬,,,
nimgin9,,,,,𒇲𒊬,,,
nimgin₃,𒌋𒌓𒆤,,,𒌋𒌓𒆤,,,,
nimgin₃?,,,,,,𒌋𒌓𒆤,,
nimgir,𒂇,,𒂇,𒂇,𒂆,𒂇,,
nimgir2,𒂈,𒂈,,,𒂈,,,
nimgirgireₓ,,,,,,𒅐,,
nimgirgirri,𒂛,,,𒂛,𒂛,𒂛,,
nimgirgirri2,𒂛𒅐,𒂛𒅐,,,𒂛𒅐,,,
nimgirgirri₂,𒂛𒅐,,,𒂛𒅐,,𒂛𒅐,,
nimgir₂,𒂈,,,𒂈,,𒂈,,
nimin,𒐏,,𒐏,𒐏,𒐏,𒐏,,
nimin2,,,,,𒀒,,,
nimin3,𒑖,𒑖,,,𒑖,,,
nimina,𒐏,,,𒐏,,𒐏,,
nimin₃,𒑖,,,𒑖,,𒑖,,
niminₓ,𒉄,,,𒉄,,𒐸,,
niminₓ?,,,,,,𒉄,,
nimirₓ,𒂇,,,𒂇,,𒂇,,
nimur,𒆠𒉈,,,𒆠𒉈,𒆠𒉈,𒆠𒉈,,
nimurₓ,𒊊𒌉,,,𒊊𒌉,,𒊊𒌉,,
nimxkar2,,,,,𒉐,,,
nimxnig2.kar2,,,,,𒉑,,,
nim×(gar.gan₂@t),,𒉑,,𒉑,,,,
nim×gan₂@t,,𒉐,,𒉐,,,,
nimŋirŋirri₂,,𒂛𒅐,,𒂛𒅐,,𒂛𒅐,,
nim₂,𒊩𒌆,,,𒊩𒌆,,𒎏,,
nim₃,𒌋𒌓,,,𒌋𒌓,,,,
nim₃?,,,,,,𒌋𒌓,,
nim₄,𒈝,,,𒈝,,,,
nim₄?,,,,,,𒈝,,
nim₅,𒃻,,,𒃻,,𒃻,,
nin,𒊩𒌆,,𒊩𒌆,𒊩𒌆,𒊩𒌆,𒎏,,
nin.pab.sig7.nun.me.ubara,,,,,𒊩𒌆𒉽𒅊𒉣𒈨𒂬,,,
nin10,𒊩𒋠,𒊩𒋠,,,𒊩𒋠,,,
nin2,𒈹,𒈹,,,𒈹,,,
nin3,𒆸𒆸,𒆸𒆸,,,,,,
nin4,𒆸,𒆸,,,𒆸,,,
nin5,𒐏,𒐏,,,𒐏,,,
nin6,𒃻,𒃻,,,𒃻,,,
nin7,𒇧𒇧,𒇧𒇧,,,𒇧𒇧,,,
nin9,𒊩𒆪,𒊩𒆪,𒊩𒆪,,𒊩𒆪,,,
nina,𒀏,,𒀏,𒀏,𒀏,𒀏,,
nina2,𒁱,𒁱,,,𒁱,,,
nina3,𒊩𒌆,𒊩𒌆,,,𒊩𒈠。𒊩𒌆,,,
nina4,𒐏,𒐏,,,,,,
ninagal,𒌤,,,𒌤,𒌣,𒌤,,
nina₂,𒁱,,,𒁱,,𒁱,,
nina₃,𒊩𒌆,,,𒊩𒌆,,𒎏,,
nina₄,𒐏,,,𒐏,,𒐏,,
ninda,𒃻,,𒃻,𒃻,𒃻,𒃻,,
ninda.1/3.sila3,,,,,𒃻𒑚𒋡,,,
ninda.2/3.sila3,,,,,𒃻𒑛𒋡,,,
ninda.5/6.sila3,,,,,𒃻𒑜𒋡,,,
ninda.kingusila.sila3,,,,,𒃻𒑜𒋡,,,
ninda.šanabi.sila3,,,,,𒃻𒑛𒋡,,,
ninda.šušana.sila3,,,,,𒃻𒑚𒋡,,,
ninda2,𒉒,𒉒,𒉒,,𒉒,,,
ninda2xan,,,,,𒉓,,,
ninda2xaš,,,,,𒉔,,,
ninda2xaš.aš,,,,,𒉕,,,
ninda2xeš,,,,,𒍨,,,
ninda2xgu4,,,,,𒉖,,,
ninda2xme.kar2,,,,,𒉗,,,
ninda2xne,,,,,𒉘,,,
ninda2xnun,,,,,𒉙,,,
ninda2xu2.aš,,,,,𒉞,,,
ninda2xuš,,,,,𒉟,,,
ninda2xše,,,,,𒉚,,,
ninda2xše.a,,,,,𒉚𒀀,,,
ninda2xše.a.an,,,,,𒉚𒀀𒀭,,,
ninda2xše.aš,,,,,𒉜,,,
ninda2xše.aš.aš,,,,,𒉝,,,
ninda3,𒇌,𒇌,,,𒇌,,,
ninda4,𒇅,𒇅,,,𒇅,,,
nindaba,𒉻𒀭𒈹,,,𒉻𒀭𒈹,,𒉻𒀭𒈹,,
nindabaₓ,𒉻𒈹,,,𒉻𒈹,,𒉻𒀭𒈽。𒉻𒈹,,
nindamekar,𒉗,,,𒉗,,𒉗,,
nindan,𒃻,,𒃻,𒃻,,𒃻,,
nindanaₓ,,𒃻,,𒃻,,𒃻,,
nindar,𒋛𒀀,,,𒋛𒀀,𒋛𒀀,𒋛𒀀,,
ninda₂,𒉒,,,𒉒,,𒉒,,
ninda₂.aš,,𒔰,,𒔰,,,,
ninda₂×(aš.aš),,𒉕,,𒉕,,,,
ninda₂×(me.gan₂@t),,𒉗,,𒉗,,,,
ninda₂×(u₂.aš),,𒉞,,𒉞,,,,
ninda₂×(še.a).an,,𒉛,,𒉛,,,,
ninda₂×(še.an),,𒉚𒀭,,𒉚𒀭,,,,
ninda₂×(še.aš),,𒉜,,𒉜,,,,
ninda₂×(še.aš.aš),,𒉝,,𒉝,,,,
ninda₂×an,,𒉓,,𒉓,,,,
ninda₂×aš,,𒉔,,𒉔,,,,
ninda₂×bal,,𒔦,,𒔦,,,,
ninda₂×dub,,𒔧,,𒔧,,,,
ninda₂×gud,,𒉖,,𒉖,,,,
ninda₂×maš,,𒔬,,𒔬,,,,
ninda₂×ne,,𒉘,,𒉘,,,,
ninda₂×numun,,𒉙,,𒉙,,,,
ninda₂×nun,,𒉙,,𒉙,,,,
ninda₂×u,,𒉒  𒌋,,𒉒  𒌋,,,,
ninda₂×uš,,𒉟,,𒉟,,,,
ninda₂×u₂,,𒉒  𒌑,,𒉒  𒌑,,,,
ninda₂×še,,𒉚,,𒉚,,,,
ninda₂×še.a,,𒉚𒀀,,𒉚𒀀,,,,
ninda₂×še.a.an,,𒉚𒀀𒀭,,𒉚𒀀𒀭,,,,
ninda₂×šid,,𒔮,,𒔮,,,,
ninda₃,𒇌,,,𒇌,,𒇌,,
ninda₄,𒇅,,,𒇅,,,,
ninda₄?,,,,,,𒇅,,
nindaₓ,,𒉙,,𒉙,,None。𒁺。𒉚。𒍑,,
nindu,𒇅,,𒇅,𒇅,,𒇅,,
nindu2,𒇌,𒇌,,,𒇌,,,
nindubₓ,,,,,,𒋛𒀀,,
nindu₂,𒇌,,,𒇌,,𒇌,,
ningi,𒋆,,,𒋆,𒋆。𒋋,𒋆,,
ningi2,𒋇,𒋇,,,𒋇,,,
ningi3,𒋋,𒋋,,,𒋋,,,
ningidar,,,,,𒃻𒉺,,,
ningin,,,,,𒌋𒌓𒆤,,,
ningin10,,,,,𒌗𒆤,,,
ningin11,,,,,𒇪,,,
ningin2,,,,,𒆸。𒌋𒌓,,,
ningin3,𒌋𒌓𒆤,𒌋𒌓𒆤,,,𒌋𒌓𒆤。𒌋𒌗,,,
ningin4,𒌋𒌓,𒌋𒌓,,,𒌋𒌓,,,
ningin5,,,,,𒇳𒆸,,,
ningin6,,,,,𒀒,,,
ningin7,,,,,𒇲𒆸,,,
ningin8,,,,,𒇳𒊬,,,
ningin9,,,,,𒇲𒊬,,,
ningin₃,𒌋𒌓𒆤,,,𒌋𒌓𒆤,,𒌋𒌓𒆤,,
ningin₄,𒌋𒌓,,,𒌋𒌓,,𒌋𒌓,,
ningi₂,𒋇,,,𒋇,,𒋇,,
ningi₃,𒋋,,,𒋋,,𒋋,,
ningiₓ,,𒁋,,𒁋,,𒁋,,
nini,𒆸𒆸,,,𒆸𒆸,,𒆸𒆸,,
nini2,,,,,𒍝𒂅,,,
nini3,,,,,𒍝𒉏,,,
nini4,,,,,𒍝𒋢,,,
nini5,,,,,𒍝𒅁,,,
ninim,𒊲,,,𒊲,𒊲,𒊲,,
ninindu,𒇅,,𒇅,𒇅,,𒇅,,
ninindu2,𒇌,𒇌,,,𒇌,,,
ninindu₂,𒇌,,,𒇌,,𒇌,,
ninir,𒉪,,,𒉪,,𒉪,,
ninkum,𒊩𒌆𒉽𒅊𒉣𒈨𒂬,,,𒊩𒌆𒉽𒅊𒉣𒈨𒂬,𒊩𒌆𒉽𒅊𒉣𒈨𒂬,𒎏𒉽𒅊𒉣𒈨𒂬,,
ninkumₓ,,,,,,𒎏𒉽𒂊𒅊𒉣𒈨𒂬,,
ninmusz,𒇣,𒇣,,,,,,
ninmuš,𒇣,,,𒇣,𒇣,𒇣,,
ninna,𒇧𒇧,,,𒇧𒇧,𒇧𒇧,𒇧𒇧,,
ninna2,𒇧,𒇧,,,𒇧,,,
ninna2{muszen},,,𒇧 𒄷,,,,,
ninna₂,𒇧,,,𒇧,,𒇧,,
ninnaₓ,𒁱,,,𒁱,,𒁱,,
ninni2,𒆸𒆸,𒆸𒆸,𒆸𒆸,,,,,
ninni3,𒃻,𒃻,,,𒃻,,,
ninni4,𒇧,𒇧,,,𒇧,,,
ninni5,𒌃,𒌃,𒌃,,𒌃,,,
ninni5.nigin,,,,,𒌃𒆸𒆸,,,
ninni6,𒈹,𒈹,,,𒈹,,,
ninni7,𒉻𒀭𒈹,𒉻𒀭𒈹,𒉻𒀭𒈹,,𒉻𒀭𒈹,,,
ninni8,𒌁,𒌁,,,𒌁,,,
ninnim4,𒇧,𒇧,,,𒇧,,,
ninnim7,𒉻𒀭𒈹,𒉻𒀭𒈹,,,𒉻𒀭𒈹,,,
ninnim₄,𒇧,,,𒇧,,𒇧,,
ninnim₇,𒉻𒀭𒈹,,,𒉻𒀭𒈹,,𒉻𒀭𒈹,,
ninnimₓ,𒉻𒈹,,,𒉻𒈹,,𒉻𒈹,,
ninni₂,𒆸𒆸,,,𒆸𒆸,,𒆸𒆸,,
ninni₃,𒃻,,,𒃻,,𒃻,,
ninni₄,𒇧,,,𒇧,,𒇧,,
ninni₅,𒌃,,𒌃,𒌃,,𒌃,,
ninni₆,𒈹,,,𒈹,,,,
ninni₆?,,,,,,𒈹,,
ninni₇,𒉻𒀭𒈹,,,𒉻𒀭𒈹,,𒉻𒀭𒈹,,
ninni₈,𒌁,,,𒌁,,𒌁,,
ninniₓ,𒐐,,,𒐐,,𒉻𒈹。𒌃。𒌃𒌑。𒌑X。𒌑𒌃。𒐐,,
ninnu,𒐐,,𒐐,𒐐,𒐐,𒐐,,
ninnu2,𒇧𒇧,𒇧𒇧,,,𒇧𒇧,,,
ninnu4,,,,,𒇧,,,
ninnu₂,𒇧𒇧,,,𒇧𒇧,,𒇧𒇧,,
ninnuₓ,𒇧,,,𒇧,,𒇧。𒐹,,
ninta,𒍑,,𒍑,𒍑,𒍑,𒍑,,
nintah,𒍑,,,𒍑,,𒍑,,
nintah2,𒀴,𒀴,,,,,,
nintah3,𒊩𒍑,𒊩𒍑,,,,,,
nintahu,𒍑,,,𒍑,,𒍑,,
nintah₂,𒀴,,,𒀴,,𒀴,,
nintah₃,𒊩𒍑,,,𒊩𒍑,,𒊩𒍑,,
nintaḫ,,,,,𒍑,,,
nintaḫ2,,,,,𒀴,,,
nintaḫ3,,,,,𒊩𒍑,,,
ninta₂,,𒀴,,𒀴,,𒀴,,
nintaₓ,𒀴,𒀴,,,,,,
ninua,,,,,𒀏,,,
ninuₓ,𒐐,,,𒐐,,𒐐,,
ninšatumₓ,,,,,,𒉺𒌆,,
nin₁₀,𒊩𒋠,,,𒊩𒋠,,𒊩𒋠,,
nin₂,𒈹,,,𒈹,,𒈹,,
nin₃,𒆸𒆸,,,𒆸𒆸,,𒆸𒆸,,
nin₄,𒆸,,,𒆸,,𒆸,,
nin₅,𒐏,,,𒐏,,𒐏,,
nin₆,𒃻,,,𒃻,,𒃻,,
nin₇,𒇧𒇧,,,𒇧𒇧,,𒇧𒇧,,
nin₉,𒊩𒆪,,,𒊩𒆪,,𒎐,,
ninₓ,𒊩𒂠,,,𒊩𒂠,,𒉺𒋼。𒊩𒂠,,
nip2,,,,,𒀮,,,
niq,𒊩𒌨,,𒊩𒌨,𒊩𒌨,𒊩𒌨,𒊩𒌨,,
niq2,𒃻,𒃻,𒃻,,𒃻,,,
niq3,,,,,,,,
niqiₓ,𒃻,,,𒃻,,𒃻,,
niq₂,𒃻,,,𒃻,,𒃻,,
nir,𒉪,,𒉪,𒉪,𒉪,𒉪,,
nir2,𒍝𒂆,𒍝𒂆,,,𒍝𒂅,,,
nir3,𒍝𒉏,𒍝𒉏,𒍝𒉏,,𒍝𒉏,,,
nir4,𒍝𒋢,𒍝𒋢,,,𒍝𒋢,,,
nir5,𒍝𒅁,𒍝𒅁,,,𒍝𒅁,,,
nir6,𒆗,𒆗,,,𒄨,,,
nir7,𒍝𒂇,𒍝𒂇,,,𒍝𒂆,,,
nira,𒉪,,,𒉪,𒉪,𒉪,,
nira2,𒍝𒆳,𒍝𒆳,,,,,,
nira3,𒍝𒉏,𒍝𒉏,,,𒍝𒉏,,,
nirah,𒈲,,,𒈲,,𒈲,,
nirahₓ,,,,,,𒀭𒄞。𒈲,,
niraḫ,,,,,𒈲,,,
nira₂,𒍝𒆳,,,𒍝𒆳,,𒍝𒆳,,
nira₃,𒍝𒉏,,,𒍝𒉏,,𒍝𒉏,,
nir₂,𒍝𒂆,,,𒍝𒂆,,𒍝𒂆,,
nir₃,𒍝𒉏,,,𒍝𒉏,,𒍝𒉏,,
nir₄,𒍝𒋢,,,𒍝𒋢,,𒍝𒋢,,
nir₅,𒍝𒅁,,,𒍝𒅁,,𒍝𒅁,,
nir₆,𒆗,,,𒆗,,𒆗,,
nir₇,𒍝𒂇,,,𒍝𒂇,,𒍝𒂇,,
nirₓ,𒂇𒍝,,,𒂇𒍝,,None。𒂇𒍝。𒃲。𒈣O,,
nis,𒌋𒌋,,,𒌋𒌋,𒌋𒌋,𒎙,,
nis2,𒄑,𒄑,,,𒄑,,,
nisaba,𒊺𒉀,,𒊺𒉀,𒊺𒉀,𒊺𒉀,𒊺𒉀,,
nisaba2,𒉀,𒉀,,,𒉀,,,
nisaba₂,𒉀,,,𒉀,,𒉀,,
nisag,𒉠,,𒉠,𒉠,𒌘,𒉠,,
nisag2,𒋃,𒋃,,,𒉠。𒋃,,,
nisag3,𒌙,𒌙,,,𒌙,,,
nisaga,𒉭𒆨,,,𒉭𒆨,,𒉭𒆨,,
nisagga,𒉭𒀖,,,𒉭𒀖,𒉭𒀖。𒉭𒆨,𒓱,,
nisag₂,𒋃,,,𒋃,,𒋃,,
nisag₃,𒌙,,,𒌙,,,,
nisaj,,,𒉠,,,,,
nisaŋ,𒉠,,,𒉠,,𒉠,,
nisaŋ2,𒋃,𒋃,,,,,,
nisaŋ₂,𒋃,,,𒋃,,𒋃,,
nisaŋₓ,𒌘,,,𒌘,,,,
nisaₓ,𒊬,,,𒊬,,,,
nisaₓ?,,,,,,𒊬,,
nisi,𒊬,,𒊬,𒊬,𒊬,𒊬,,
nisig,𒊬,,𒊬,𒊬,𒊬,𒊬,,
nisikiₓ,𒄑𒃻𒌢,,,𒄑𒃻𒌢,,𒃻𒃰𒋺𒌫。𒄑𒃻𒌢,,
nisku,𒊊,,,𒊊,,𒊊,,
niskum,𒊊,,,𒊊,,𒊊,,
nissa,𒊬,,,𒊬,𒊬,𒊬,,
nisz,𒌋𒌋,𒌋𒌋,𒌋𒌋,,,,,
nisz2,𒄑,𒄑,𒄑,,,,,
nisza,𒊬,𒊬,,,,,,
nis₂,𒄑,,,𒄑,,𒄑,,
nit,𒍑,,𒍑,𒍑,𒍑,𒍑,,
"nit,",𒍑,𒍑,𒍑,,,,,
nit2,,,,,𒀴,,,
nita,𒍑,,𒍑,𒍑,𒍑,𒍑,,
nita2,𒀴,𒀴,𒀴,,𒀴,,,
nita2_,,,𒀴,,,,,
nita3,𒊩𒍑,𒊩𒍑,,,𒃻。𒊩𒍑,,,
nita4,𒃻,𒃻,,,𒃻,,,
nitadam,𒊩𒍑𒁮,,𒊩𒍑𒁮,𒊩𒍑𒁮,,𒊩𒍑𒁮,,
nitadam2,𒍑𒁮,𒍑𒁮,,,,,,
nitadam4,𒊩𒍑,𒊩𒍑,,,,,,
nitadam₂,𒍑𒁮,,,𒍑𒁮,,𒍑𒁮,,
nitadam₄,𒊩𒍑,,,𒊩𒍑,,𒊩𒍑,,
nitadamₓ,𒊩𒀴𒁮,,,𒊩𒀴𒁮,,𒁮𒍑。𒊩𒀴𒁮,,
nitah,𒍑,,𒍑,𒍑,,𒍑,,
nitah2,𒀴,𒀴,,,,,,
nitah3,𒊩𒍑,𒊩𒍑,,,,,,
nitahu,𒍑,,,𒍑,,𒍑,,
nitah₂,𒀴,,,𒀴,,𒀴,,
nitah₃,𒊩𒍑,,,𒊩𒍑,,𒊩𒍑,,
nitalam,𒊩𒍑𒁮,,𒊩𒍑𒁮,𒊩𒍑𒁮,𒊩𒍑𒁮,𒊩𒍑𒁮,,
nitalam2,𒍑𒁮,𒍑𒁮,,,𒍑𒁮,,,
nitalam3,𒍑𒊩𒁮,𒍑𒊩𒁮,,,𒍑𒊩𒁮,,,
nitalam4,𒊩𒍑,𒊩𒍑,,,𒊩𒍑,,,
nitalam₂,𒍑𒁮,,,𒍑𒁮,,𒍑𒁮,,
nitalam₃,𒍑𒊩𒁮,,,𒍑𒊩𒁮,,𒍑𒊩𒁮,,
nitalam₄,𒊩𒍑,,,𒊩𒍑,,𒊩𒍑,,
nitaḫ,,,,,𒍑,,,
nitaḫ2,,,,,𒀴。𒇽𒊺,,,
nitaḫ3,,,,,𒊩𒍑,,,
nitaḫu,,,,,𒍑,,,
nita₂,𒀴,,,𒀴,,𒀴,,
nita₃,𒊩𒍑,,,𒊩𒍑,,𒊩𒍑,,
nita₄,𒃻,,,𒃻,,𒃻,,
nitaₓ,𒍑𒆪,,,𒍑𒆪,,𒀵。𒍑𒆪,,
nitlam,𒊩𒍑𒁮,,,𒊩𒍑𒁮,𒊩𒍑𒁮,𒊩𒍑𒁮,,
nitlam2,𒍑𒁮,𒍑𒁮,,,𒊩𒍑。𒍑𒁮,,,
nitlam3,𒍑𒊩𒁮,𒍑𒊩𒁮,,,𒍑𒊩𒁮,,,
nitlam4,𒊩𒍑,𒊩𒍑,,,𒊩𒍑,,,
nitlam₂,𒍑𒁮,,,𒍑𒁮,,𒍑𒁮,,
nitlam₃,𒍑𒊩𒁮,,,𒍑𒊩𒁮,,𒍑𒊩𒁮,,
nitlam₄,𒊩𒍑,,,𒊩𒍑,,𒊩𒍑,,
nittaₓ,𒍑,,,𒍑,,𒍑,,
nixe,,,,,𒉍,,,
niz,𒌋𒌋,,,𒌋𒌋,,𒎙,,
niĝ2,,,𒃻,,,,,
niĝin,,,𒆸𒆸,,,,,
niĝin2,,,𒆸,,,,,
niĝin6,,,𒀏,,,,,
niĝin₆,,,𒀏,,,,,
niĝ₂,,,𒃻,,,,,
niŋ,𒊩𒌨,,,𒊩𒌨,,𒊩𒌨,,
niŋ2,𒃻,𒃻,,,,,,
niŋ6,𒌋𒌓𒆤,𒌋𒌓𒆤,,,,,,
niŋar,𒌋𒌓𒆤,,,𒌋𒌓𒆤,,𒌋𒌓𒆤,,
niŋarₓ,,,,,,𒌋𒌓,,
niŋbunaₓ,,,,,,𒂦,,
niŋbunₓ,,,,,,𒂦,,
niŋdaba,,𒉻𒀭𒈹,,𒉻𒀭𒈹,,𒉻𒀭𒈹,,
niŋdaba₂,,𒉻𒈹,,𒉻𒈹,,𒉻𒈹,,
niŋdanaₓ,,𒃻,,𒃻,,𒃻,,
niŋdanₓ,,𒃻,,𒃻,,𒃻,,
niŋemₓ,,,,,,𒀏,,
niŋen,,𒆸𒆸,,𒆸𒆸,,𒆸𒆸,,
niŋen₂,,𒆸,,𒆸,,𒆸,,
niŋen₅,,𒇳𒆸,,𒇳𒆸,,𒇳𒆸,,
niŋen₆,,𒀏,,𒀏,,𒀏,,
niŋenₓ,,,,,,𒀭𒀏,,
niŋi2,𒆸,𒆸,,,,,,
niŋimₓ,,,,,,𒇪,,
niŋin,𒆸𒆸,,,𒆸𒆸,,𒆸𒆸,,
niŋin11,𒇪,𒇪,,,,,,
niŋin2,𒆸,𒆸,,,,,,
niŋin3,𒌋𒌓𒆤,𒌋𒌓𒆤,,,,,,
niŋin5,𒇳𒆸,𒇳𒆸,,,,,,
niŋin6,𒀏,𒀏,,,,,,
niŋin8,𒇳𒊬,𒇳𒊬,,,,,,
niŋin9,𒇲𒊬,𒇲𒊬,,,,,,
niŋin₁₁,𒇪,,,𒇪,,𒇪,,
niŋin₂,𒆸,,,𒆸,,𒆸,,
niŋin₃,𒌋𒌓𒆤,,,𒌋𒌓𒆤,,𒌋𒌓𒆤,,
niŋin₄,,𒌋𒌓,,𒌋𒌓,,𒌋𒌓,,
niŋin₅,𒇳𒆸,,,𒇳𒆸,,𒇳𒆸,,
niŋin₆,𒀏,,,𒀏,,𒀏,,
niŋin₈,𒇳𒊬,,,𒇳𒊬,,𒇳𒊬,,
niŋin₉,𒇲𒊬,,,𒇲𒊬,,𒇲𒊬,,
niŋinₓ,𒁑,,,𒁑,,𒁑。𒂐。𒅆𒉄。𒇳𒀾,,
niŋir,𒂇,,,𒂇,,𒂇,,
niŋir2,𒂈,𒂈,,,,,,
niŋirgalₓ,𒃲𒂇,,,𒃲𒂇,,𒃲𒂇,,
niŋirsiₓ,,,,,,𒊩𒍑,,
niŋir₂,𒂈,,,𒂈,,𒂈,,
niŋi₂,𒆸,,,𒆸,,𒆸,,
niŋ₂,𒃻,,,𒃻,,𒃻,,
niŋ₆,𒌋𒌓𒆤,,,𒌋𒌓𒆤,,𒌋𒌓𒆤,,
niš,𒌋𒌋,,𒌋𒌋,𒌋𒌋,𒌋𒌋,𒎙,,
niš2,,,𒄑,,𒄑,,,
niša,𒊬,,,𒊬,,𒊬,,
nišakin,,,,,𒀉𒇲𒂟,,,
niš₂,𒄑,,,𒄑,,𒄑,,
nišₓ,,,,,,𒐵,,
niṭ,𒍑,,,𒍑,𒍑,𒍑,,
ni₁₀,𒆸,,,𒆸,,𒆸,,
ni₁₁,𒌚𒆤,,,𒌚𒆤,,𒌚𒆤,,
ni₂,𒉎,,𒉎,𒉎,,𒉎,,
ni₃,𒃻,,,𒃻,,𒃻,,
ni₄,𒊩𒌆,,,𒊩𒌆,,,,
ni₄?,,,,,,𒎏,,
ni₅,𒉈,,,𒉈,,𒉈,,
ni₆,𒆸𒆸,,,𒆸𒆸,,𒆸𒆸,,
ni₇,𒉏,,,𒉏,,𒉏,,
ni₈,𒇷,,,𒇷,,𒇷,,
ni₉,𒌋𒌓𒆤,,,𒌋𒌓𒆤,,𒌋𒌓𒆤,,
no.544,,,,,𒁖,,,
nu,𒉡,,𒉡,𒉡,𒉡,𒉡,,
nu isz,,,𒉡 𒅖,,,,,
nu#,,,𒉡,,,,,
nu10,𒆪,𒆪,,,𒆪,,,
nu11,𒉢,𒉢,𒉢,,𒉢。𒋓,,,
nu12,𒇻,𒇻,,,𒁳。𒇻,,,
nu13,𒄴,𒄴,,,𒄴,,,
nu2,𒈿,𒈿,𒈿,,𒈿,,,
nu3,𒉏,𒉏,,,𒉏,,,
nu4,𒈝,𒈝,,,𒈝,,,
nu5,𒆰,𒆰,,,𒆰,,,
nu6,𒉣,𒉣,,,𒉣,,,
nu7,𒀕,𒀕,,,,,,
nu8,𒈾,𒈾,,,𒈾,,,
nu9,𒇷,𒇷,,,𒇷,,,
nubₓ,,,,,,𒀮,,
nud,𒈿,,𒈿,𒈿,𒈿,𒈿,,
nug,𒋐,,,𒋐,𒋐,𒋐,,
nug2,𒋊,𒋊,𒋊,,𒋊,,,
nug4,,,,,𒋈,,,
nug₂,𒋊,,,𒋊,,𒋊,,
nugₓ,𒋆,,,𒋆,,𒋆。𒋈,,
nujun,,,𒆰,,,,,
num,𒉏,,𒉏,𒉏,𒉏,𒉏,,
num2,𒈝,𒈝,𒈝,,𒈝,,,
numdu,𒅻,,,𒅻,𒅻,𒅻,,
numdum,𒅻,,𒅻,𒅻,𒅻,𒅻,,
numdun,𒅻,,,𒅻,𒅻,𒅻,,
numgiszur,𒂢,𒂢,,,,,,
numgišur,𒂢,,,𒂢,,𒂢,,
numma,𒋕,,,𒋕,,𒋕,,
nummaₓ,,,,,,𒂷𒉢,,
numu,𒆰,,,𒆰,𒆰,𒆰,,
numun,𒆰,,𒆰,𒆰,𒆰,𒆰,,
numun2,𒍤𒆸,𒍤𒆸,,,𒍤𒆸,,,
numun3,𒄴,𒄴,,,𒄴,,,
numun@d,𒆰,,,𒆰,,𒆰,,
numungunû,,,,,𒆱,,,
numun₂,𒍤𒆸,,,𒍤𒆸,,𒍤𒆸,,
numun₃,𒄴,,,𒄴,,𒄴,,
numunₓ,𒍤𒀀,,,𒍤𒀀,,𒀀𒍤。𒍤𒀀。𒍤𒂠𒊺,,
num₂,𒈝,,,𒈝,,𒈝,,
numₓ,𒉢,,,𒉢,,𒉢。𒉣,,
nun,𒉣,,𒉣,𒉣,𒉣,𒉣,,
nun%nun,,𒉫,𒉫,𒉫,,,,
nun%nun.lagar&lagar,,𒉬,,𒉬,,,,
nun&nun,,𒉪,𒉪,𒉪,,,,
nun&nun&še,,𒉣𒉣𒊺,,𒉣𒉣𒊺,,,,
nun.ki,,𒉣𒆠,,𒉣𒆠,𒉣𒆠,,,
nun.lagar,,𒉣𒇬,,𒉣𒇬,𒉣𒇬,,,
nun.lagar&nun.lagar,,𒉬,,𒉬,,,,
nun.lagarxbar,,,,,𒉥,,,
nun.lagarxgar,,,,,𒉤,,,
nun.lagarxmaš,,,,,𒉥,,,
nun.lagarxmunus,,,,,𒉦,,,
nun.lagarxsal,,,,,𒉦,,,
nun.lagarxsalovernun.lagarxsal,,,,,𒉧,,,
nun.lagarxuš,,,,,𒉨,,,
nun.lagar×gar,,𒉤,,𒉤,,,,
nun.lagar×maš,,𒉥,,𒉥,,,,
nun.lagar×sal,,𒉦,,𒉦,,,,
nun.lagar×sal&nun.lagar×sal,,𒉧,,𒉧,,,,
nun.lagar×uš,,𒉨,,𒉨,,,,
nun.me,,𒉣𒈨,,𒉣𒈨,𒉣𒈨,,,
nun.me.du,,𒉣𒈨𒁺,,𒉣𒈨𒁺,𒉣𒈨𒁺,,,
nun.me.ka×gan₂@t,,𒉣𒈨𒅤,,𒉣𒈨𒅤,,,,
nun.me.ka×me,,𒉣𒈨𒅴,,𒉣𒈨𒅴,,,,
nun.me.pu3,,,,,𒉣𒈨𒅤,,,
nun.me.tag,,𒉣𒈨𒋳,,𒉣𒈨𒋳,𒉣𒈨𒋳,,,
nun.še,,𒉣𒊺,,𒉣𒊺,𒉣𒊺,,,
nun.še.lal,,𒉣𒊺𒇲,,𒉣𒊺𒇲,,,,
nun.ḫa,,,,,𒉣𒄩,,,
nun2,𒀀𒄩𒋻𒁺,𒀀𒄩𒋻𒁺,,,𒀀𒄩𒋻𒁺,,,
nun3,𒁍,𒁍,,,𒁍,,,
nun:en,,,𒉣 𒂗,,,,,
nun@t,,𒉩,𒉩,𒉩,,,,
nun@t.ki,,𒉩𒆠,,𒉩𒆠,,,,
nun@t.še,,𒉩𒊺,,𒉩𒊺,,,,
nuna,𒉣,,𒉣,𒉣,𒉣,𒉣,,
nuncrossingnun,,,,,𒉫,,,
nuncrossingnun.lagaroverlagar,,,,,𒉬,,,
nundu,𒅻,,,𒅻,𒅻,𒅻,,
nundum,𒅻,,𒅻,𒅻,𒅻,𒅻,,
nundumₓ,,,,,,None。𒅗。𒅗𒉡。𒉡𒊕,,
nundun,𒅻,,𒅻,𒅻,𒅻,𒅻,,
nungi,𒋆,,,𒋆,𒋆。𒋋,𒋆,,
nungi2,𒋇,𒋇,,,𒋇,,,
nungi3,𒋋,𒋋,,,𒋋,,,
nungi₂,𒋇,,,𒋇,,𒋇,,
nungi₃,𒋋,,,𒋋,,𒋋,,
nunmeli,𒁇𒄷𒆕,,,𒁇𒄷𒆕,𒁇𒄷𒆕,𒁇𒄷𒆕,,
nunovernun,,,,,𒉪,,,
nunpe,𒉩𒆠,,,𒉩𒆠,𒉩,𒉩𒆠,,
nunpeₓ,𒉩𒆠,,,𒉩𒆠,,𒉣𒆠,,
nuntenû,,,,,𒉩,,,
nuntenû.ki,,,,,𒉩𒆠,,,
nunu,𒉭,,,𒉭,𒉭,𒉭,,
nunun,𒉣,,,𒉣,,𒉣,,
nunurra,𒁃,,,𒁃,,𒁃,,
nunurru,𒁃,,,𒁃,,𒁃,,
nunus,𒉭,,𒉭,𒉭,𒉭,𒉭,,
nunusₓ,𒊩,,,𒊩,,𒊩,,
nunuz,𒉭,,𒉭,𒉭,𒉭,𒉭,,
nunuz!(te)zabar,,,𒋼,,,,,
nunuz.ab2,,,,,𒉭𒀖,,,
nunuz.ab2xdug,,,,,𒉰,,,
nunuz.ab2xgu4,,,,,𒉱,,,
nunuz.ab2xgud,,,,,𒉱,,,
nunuz.ab2xigigunû,,,,,𒉲,,,
nunuz.ab2xkad3,,,,,𒉳,,,
nunuz.ab2xsig7,,,,,𒉲,,,
nunuz.ab2xu2,,,,,𒉷,,,
nunuz.ab₂,,𒉭𒀖,,𒉭𒀖,,,,
nunuz.ab₂×ašgab,,𒉮,,𒉮,,,,
nunuz.ab₂×bi,,𒉯,,𒉯,,,,
nunuz.ab₂×dug,,𒉰,,𒉰,,,,
nunuz.ab₂×gud,,𒉱,,𒉱,,,,
nunuz.ab₂×igi@g,,𒉲,,𒉲,,,,
nunuz.ab₂×kad₃,,𒉳,,𒉳,,,,
nunuz.ab₂×la,,𒉴,,𒉴,,,,
nunuz.ab₂×ne,,𒉵,,𒉵,,,,
nunuz.ab₂×sila₃,,𒉶,,𒉶,,,,
nunuz.ab₂×u₂,,𒉷,,𒉷,,,,
nunuz.ab₂×x,,𒉭,,𒉭,,,,
nunuz.dim₂,,𒉭𒁶,,𒉭𒁶,,,,
nunuz.gim,,,,,𒉭𒁶,,,
nunuz.kisim5,,,,,𒉭𒆨,,,
nunuz.kisim5xašgab,,,,,𒉮,,,
nunuz.kisim5xbi,,,,,𒉸,,,
nunuz.kisim5xbi.u,,,,,𒉹,,,
nunuz.kisim5xdug,,,,,𒉰,,,
nunuz.kisim5xgu4,,,,,𒉱,,,
nunuz.kisim5xgud,,,,,𒉱,,,
nunuz.kisim5xigigunû,,,,,𒉲,,,
nunuz.kisim5xkad3,,,,,𒉳,,,
nunuz.kisim5xla,,,,,𒉴,,,
nunuz.kisim5xsig7,,,,,𒉲,,,
nunuz.kisim5xsila3,,,,,𒉶,,,
nunuz.kisim₅,,𒉭𒆨,,𒉭𒆨,,,,
nunuz.kisim₅×bi,,𒉸,,𒉸,,,,
nunuz.kisim₅×bi.u,,𒉹,,𒉹,,,,
nunuz.ma,,,,,𒉭𒈠,,,
nunuzab2xne,,,,,𒉵,,,
nunuzkisim5xne,,,,,𒉵,,,
nunuzzi,𒂗𒉭𒍣𒀭𒌓,,,𒂗𒉭𒍣𒀭𒌓,𒂗𒉭𒍣𒀭𒌓,𒂗𒉭𒍣𒀭𒌓,,
nunuzziₓ,𒂗𒉭𒍣𒀭𒌓,,,𒂗𒉭𒍣𒀭𒌓,,𒂗𒉡𒉭𒍣𒀭𒌓,,
nunuzₓ,,,,,,𒊩,,
nun₂,𒀀𒄩𒋻𒁺,,,𒀀𒄩𒋻𒁺,,𒀀𒄩𒋻𒁺,,
nun₃,𒁍,,,𒁍,,𒁍,,
nunₓ,𒉈,,,𒉈,,𒉈。𒎏,,
nur,𒉪,,,𒉪,𒉪,𒉪,,
nura,𒂟,,,𒂟,𒂟,𒂟,,
nuri,𒂟,,,𒂟,𒂟,𒂟,,
nurra,𒈗,,,𒈗,𒈗,,,
nurra?,,,,,,𒈗,,
nuru,𒂟,,,𒂟,𒂟,𒂟,,
nurₓ,𒉢,,,𒉢,,𒉢,,
nus,𒉭,,,𒉭,𒉭,𒉭,,
nuska,𒉺𒌆,,𒉺𒌆,𒉺𒌆,𒉺𒌆,𒉺𒌆,,
nuska2,𒉺𒇻,𒉺𒇻,,,𒉺𒇻,,,
nuska₂,𒉺𒇻,,,𒉺𒇻,,𒉺𒇻,,
nusku,𒉺𒌆,,𒉺𒌆,𒉺𒌆,𒉺𒌆,𒉺𒌆,,
nusku2,𒉺𒇻,𒉺𒇻,,,𒉺𒇻,,,
nusku₂,𒉺𒇻,,,𒉺𒇻,,𒉺𒇻,,
nussu,𒇧,,,𒇧,𒇧,𒇧,,
nuszka,𒉺𒌆,𒉺𒌆,𒉺𒌆,,,,,
nuszka2,𒉺𒇻,𒉺𒇻,,,,,,
nuszku2,𒉺𒇻,𒉺𒇻,,,,,,
nuz,𒉭,,,𒉭,𒉭,𒉭,,
nuzzi,𒂗𒉭𒍣𒀭𒌓,,,𒂗𒉭𒍣𒀭𒌓,,𒂗𒉭𒍣𒀭𒌓,,
nuŋa,𒄣,,,𒄣,,𒄣,,
nuŋun,𒆰,,,𒆰,,𒆰,,
nuŋₓ,𒉣,,,𒉣,,𒉣,,
nuška,𒉺𒌆,,,𒉺𒌆,𒉺𒌆,𒉺𒌆,,
nuška2,,,,,𒉺𒇻,,,
nuška₂,𒉺𒇻,,,𒉺𒇻,,𒉺𒇻,,
nušku,,,,,𒉺𒌆,,,
nušku2,,,,,𒉺𒇻,,,
nušku₂,𒉺𒇻,,,𒉺𒇻,,𒉺𒇻,,
nu₁₀,𒆪,,,𒆪,,𒆪,,
nu₁₁,𒉢,,,𒉢,,𒉢,,
nu₁₁&nu₁₁.bur&bur,,𒋕,,𒋕,,,,
nu₁₁.bur,,𒉢𒁓,,𒉢𒁓,,,,
nu₁₁.bur.la,,𒉢𒁓𒆷,,𒉢𒁓𒆷,,,,
nu₁₁.giš,,𒉢𒄑,,𒉢𒄑,,,,
nu₁₁.ir,,𒉢𒅕,,𒉢𒅕,,,,
nu₁₁@90,,𒎓,,𒎓,,,,
nu₁₂,𒇻,,,𒇻,,𒁳。𒇻,,
nu₁₃,𒄴,,,𒄴,,𒄴,,
nu₂,𒈿,,,𒈿,,𒈿,,
nu₃,𒉏,,,𒉏,,𒉏,,
nu₄,𒈝,,,𒈝,,𒈝,,
nu₅,𒆰,,,𒆰,,𒆰,,
nu₆,𒉣,,,𒉣,,𒉣,,
nu₇,𒀕,,,𒀕,,𒀕,,
nu₈,𒈾,,,𒈾,,𒈾,,
nu₉,𒇷,,,𒇷,,,,
nu₉?,,,,,,𒇷,,
nuₓ,𒋖,,,𒋖,,𒀔。𒄷𒈿。𒋖,,
ná,,,𒈿,,,,,
nám,,,𒉇,,,,,
né,,,𒉌,,,,,
nì,,,𒃻,,,,,
nìgin,,,𒌋𒌓𒆤,,,,,
ní,,,𒉎,,,,,
nídaba,,,𒉀,,,,,
níg,,,𒃻,,,,,
nígin,,,𒆸,,,,,
ník,,,𒃻,,,,,
nínda,,,𒉒,,,,,
níq,,,𒃻,,,,,
níta,,,𒀴,,,,,
níĝ,,,𒃻,,,,,
níĝin,,,𒆸,,,,,
nú,,,𒈿,,,,,
núm,,,𒈝,,,,,
númun,,,𒍤𒆸,,,,,
nūn,,,,,𒄩,,,
nūnu,,,,,𒄩,,,
nūr-ili,𒍂,,,𒍂,,,,
nūra,,,,,𒂟,,,
nūri,,,,,𒂟,,,
nūru,,,,,𒂟,,,
o,,,,,,,,
oo,,,,,,,,
pa,𒉺,,𒉺,𒉺,𒉺,𒉺,,
pa pe ip up,,,𒉺 𒉿 𒅁 𒌒,,,,,
pa pe pi pu,,,𒉺 𒉿 𒉿 𒁍,,,,,
pa.al,,𒉺𒀠,,𒉺𒀠,𒑐𒀠,,,
pa.amaš,,,,,𒉺𒁦,,,
pa.an,,𒉺𒀭,,𒉺𒀭,𒉺𒀭,,,
pa.dag.kisim5xgag,,,,,𒑐𒁣,,,
pa.dag.kisim5xgu4,,,,,𒑐𒁟,,,
pa.dag.kisim₅×gud,,𒉺𒁖,,𒉺𒁖,,,,
pa.dag.kisim₅×kak,,𒉺𒁖,,𒉺𒁖,,,,
pa.du,,𒉺𒁺,,𒉺𒁺,𒑐𒁺,,,
pa.du@g,,𒉺𒁼,,𒉺𒁼,,,,
pa.du@s,,𒉺𒁽,,𒉺𒁽,,,,
pa.dun₃,,𒉺𒂅,,𒉺𒂅,,,,
pa.e₂,,𒉺𒂍,,𒉺𒂍,,,,
pa.ga2,,,,,𒉺𒂷,,,
pa.gag,,,,,𒑐𒆕,,,
pa.gan,,𒉺𒃶,,𒉺𒃶,𒉺𒃶,,,
pa.ga₂,,𒉺𒂷,,𒉺𒂷,,,,
pa.gi,,𒉺𒄀,,𒉺𒄀,,,,
pa.gin2,,,,,𒑐𒂅,,,
pa.gisal.pad,,𒉺𒄐𒉻,,𒉺𒄐𒉻,,,,
pa.gisal.si.a,,𒉺𒄐𒋛𒀀,,𒉺𒄐𒋛𒀀,,,,
pa.gisal.si.a.pad,,𒉺𒄐𒋛𒀀𒉻,,𒉺𒄐𒋛𒀀𒉻,,,,
pa.gišgal,,,,,𒑐𒍇,,,
pa.gu₂@g,,𒉺𒄝,,𒉺𒄝,,,,
pa.gu₂×nun,,𒉺𒄛,,𒉺𒄛,,,,
pa.hub₂,,𒉺𒄸,,𒉺𒄸,,,,
pa.hub₂.du,,𒉺𒄸𒁺,,𒉺𒄸𒁺,,,,
pa.ib,,𒉺𒅁,,𒉺𒅁,𒉺𒅁,,,
pa.kak,,𒉺𒆕,,𒉺𒆕,,,,
pa.kaš4,,,,,𒑐𒁽,,,
pa.lu,,𒉺𒇻,,𒉺𒇻,𒉺𒇻,,,
pa.lugal,,𒉺𒈗,,𒉺𒈗,𒉺𒈗,,,
pa.me.u.u.u,,𒉺𒈨𒌋𒌋𒌋,,𒉺𒈨𒌋𒌋𒌋,,,,
pa.meš,,,,,𒉺𒈨𒌍,,,
pa.nun.lagar,,𒉺𒉣𒇬,,𒉺𒉣𒇬,,,,
pa.su,,𒉺𒋢,,𒉺𒋢,𒉺𒋢,,,
pa.sud.el,,𒉺𒋤𒂖,,𒉺𒋤𒂖,,,,
pa.suḫuš,,,,,𒑐𒁼,,,
pa.te,,𒉺𒋼,,𒉺𒋼,𒑐𒋼,,,
pa.te.si,,𒉺𒋼𒋛,,𒉺𒋼𒋛,𒑐𒋼𒋛,,,
pa.te.si.gar,,𒉺𒋼𒋛𒃻,,𒉺𒋼𒋛𒃻,,,,
pa.tug2,,,,,𒉺𒌆,,,
pa.tug₂,,𒉺𒌆,,𒉺𒌆,,,,
pa.tuk.du,,𒉺𒌇𒁺,,𒉺𒌇𒁺,,,,
pa.uru×min,,𒉺𒍇,,𒉺𒍇,,,,
pa.utul5,,,,,𒑐𒁟,,,
pa.uzu,,𒉺𒍜,,𒉺𒍜,𒉺𒍜,,,
pa.uzu.lal,,,,,𒉺𒍜𒇲,,,
pa.ša₆,,𒉺𒊷,,𒉺𒊷,,,,
pa.še,,𒉺𒊺,,𒉺𒊺,𒑐𒊺,,,
pa.ḫi.bad,,,,,𒑐𒄭𒁁,,,
pa.ḫub2,,,,,𒑐𒄸,,,
pa.ḫub2.du,,,,,𒑐𒄸𒁺,,,
pa10,𒅆,𒅆,𒅆,,𒅆,,,
pa11,,,,,𒃶,,,
pa12,𒉿,𒉿,,,𒉿,,,
pa2,𒁀,𒁀,𒁀,,𒁀。𒁀𒌑,,,
pa2{ki},,,𒁀 𒆠,,,,,
pa3,𒅆𒊒,𒅆𒊒,𒅆𒊒,,𒅆𒊒,,,
pa4,𒉽,𒉽,𒉽,,𒉽,,,
pa5,𒉽𒂊,𒉽𒂊,𒉽𒂊,,𒉽𒂊,,,
pa6,𒉽𒅖,𒉽𒅖,𒉽𒅖,,𒉽𒅖,,,
pa7,𒄷,𒄷,𒄷,,𒄷,,,
pa8,𒋃,𒋃,𒋃,,𒋃,,,
pa9,𒊷,𒊷,𒊷,,𒊷,,,
pa:dim,,,𒉺 𒁴,,,,,
pa:uruda,,,𒉺 𒍏,,,,,
pa]l,,,𒁄,,,,,
pab,𒉽,,𒉽,𒉽,𒉽,𒉽,,
pab.e,,,,,𒉽𒂊,,,
pab.iš,,,,,𒉽𒅖,,,
pab.na2,,,,,𒆛,,,
pab.sig7,,,,,𒉽𒅊,,,
pab.sig7.nun.me,,,,,𒉽𒅊𒉣𒈨,,,
pab.sig7.nun.me.ubara,,,,,𒉽𒅊𒉣𒈨𒂬,,,
pab.še.pap,,,,,𒉽𒊺𒉽,,,
pab.ḫal,,,,,𒉽𒄬,,,
pabadₓ,,,,,,𒅆𒅆,,
pad,𒉻,,𒉻,𒉻,𒉻,𒉻,,
pad.an.muš3,,,,,𒉻𒀭𒈹,,,
pad.an.muš₂,,𒉻𒀭𒈽,,𒉻𒀭𒈽,,,,
pad.an.muš₃,,𒉻𒀭𒈹,,𒉻𒀭𒈹,,,,
pad.dingir+innin,,,,,𒉻𒀭𒈹,,,
pad.dingirinnin,,,,,𒉻𒀭𒈹,,,
pad.dug.giš.si,,𒉻𒂁𒄑𒋛,,𒉻𒂁𒄑𒋛,,,,
pad.muš3,,,,,𒉻𒈹,,,
pad.muš₃,,𒉻𒈹,,𒉻𒈹,,,,
pad2,𒁁,𒁁,,,𒁁,,,
pad3,𒅆𒊒,𒅆𒊒,𒅆𒊒,,𒅆𒊒,,,
pad4,𒅆,𒅆,,,𒅆,,,
pad5,𒉽𒂊,𒉽𒂊,,,𒉽𒂊,,,
pad6,𒉽𒅖,𒉽𒅖,,,𒉽𒅖,,,
pada,𒉻,,𒉻,𒉻,𒉻,𒉻,,
pad₂,𒁁,,,𒁁,,𒁁,,
pad₃,𒅆𒊒,,,𒅆𒊒,,𒅆𒊒,,
pad₄,𒅆,,,𒅆,,𒅆,,
pad₅,𒉽𒂊,,,𒉽𒂊,,𒉽𒂊,,
pad₆,𒉽𒅖,,,𒉽𒅖,,𒉽𒅖,,
pag,𒄷,,𒄷,𒄷,𒄷,𒄷,,
pagra3,𒈔,𒈔,,,𒈔,,,
pagra₃,𒈔,,,𒈔,,𒈔,,
pagraₓ,𒈓,,,𒈓,,𒈓,,
pah,𒈜,,𒈜,𒈜,,𒈜,,
pah3,𒄷,𒄷,,,,,,
pah₃,𒄷,,,𒄷,,𒄷,,
pak,𒄷,,𒄷,𒄷,𒄷,𒄷,,
pal,𒁄,,𒁄,𒁄,𒁄,𒁄,,
pala,𒉆𒈗,,𒉆𒈗,𒉆𒈗,𒆪𒉆𒈗。𒉆𒈗,𒉆𒈗,,
pala2,𒉆𒂗,𒉆𒂗,𒉆𒂗,,𒆪𒉆𒂗。𒉆𒂗,,,
pala3,𒉆𒊩𒌆,𒉆𒊩𒌆,𒉆𒊩𒌆,,𒆪𒉆𒊩𒌆。𒉆𒊩𒌆,,,
pala4,𒁄,𒁄,,,𒁄,,,
pala₂,𒉆𒂗,,,𒉆𒂗,,𒉆𒂗,,
pala₃,𒉆𒊩𒌆,,,𒉆𒊩𒌆,,𒉆𒎏,,
pala₄,𒁄,,,𒁄,,𒁄,,
palaₓ,,,,,,𒉆𒂗𒈾,,
palil,𒅆𒁺,,,𒅆𒁺,𒅆𒁺,𒅆𒁺,,
palil2,𒅆𒂠𒁺𒂟,𒅆𒂠𒁺𒂟,,,𒅆𒂠𒁺,,,
palil₂,𒅆𒂠𒁺𒂟,,,𒅆𒂠𒁺𒂟,,𒅆𒂠𒁺𒂟,,
pallil,,,,,𒅆𒂠𒁺,,,
pallilₓ,𒅆𒂠𒁺𒂟,,,𒅆𒂠𒁺𒂟,,𒅆𒂠𒁺𒂟,,
pan,𒉼,,𒉼,𒉼,𒉼,𒉼,,
pan2,𒈜,𒈜,,,𒈜,,,
pan3,𒅆,𒅆,,,𒅆,,,
pana,𒉼,,𒉼,𒉼,𒉼,𒉼,,
panaₓ,𒌁,,,𒌁,,𒌁,,
pansur,,𒍎,,𒍎,,𒍎,,
panszur,𒍎,𒍎,,,,,,
panu,𒍝𒈽𒀕,,,𒍝𒈽𒀕,,,,
panuₓ,,,,,,𒍝𒈽𒀕,,
panšur,𒍎,,,𒍎,,𒍎,,
pan₂,𒈜,,,𒈜,,,,
pan₂?,,,,,,𒈜,,
pan₃,𒅆,,,𒅆,,𒅆,,
pap,𒉽,,𒉽,𒉽,𒉽,𒉽,,
pap&pap,,𒉽𒉽,,𒉽𒉽,,,,
pap-ugur2,𒉽𒅊,𒉽𒅊,,,,,,
pap-ugur₂,𒉽𒅊,,,𒉽𒅊,,𒉽𒅊,,
pap.e,,𒉽𒂊,,𒉽𒂊,,,,
pap.hal,,𒉽𒄬,,𒉽𒄬,,,,
pap.igi@g,,𒉽𒅊,,𒉽𒅊,,,,
pap.igi@g.nun.me,,𒉽𒅊𒉣𒈨,,𒉽𒅊𒉣𒈨,,,,
pap.iš,,𒉽𒅖,,𒉽𒅖,,,,
pap.na₂,,𒉽𒈿,,𒉽𒈿,,,,
pap.pap,,𒉽𒉽,,𒉽𒉽,,,,
pap.pap&pap.pap,,𒉽𒉽𒉽𒉽,,𒉽𒉽𒉽𒉽,,,,
pap.pap.4×idim,,𒉽𒉽,,𒉽𒉽,,,,
pap.pap×še,,𒉽,,𒉽,,,,
pap.še.pap,,𒉽𒊺𒉽,,𒉽𒊺𒉽,,,,
papa2,𒆍,𒆍,,,𒆍,,,
papa3,,,,,𒆍,,,
papadₓ,,,,,,𒅆𒅆,,
papa₂,𒆍,,,𒆍,,𒆍,,
papnun,𒇳,,,𒇳,𒇳,𒇳,,
paq,𒄷,,𒄷,𒄷,𒄷,𒄷,,
par,𒌓,,𒌓,𒌓,𒌓,𒌓,,
par2,𒁇,𒁇,𒁇,,𒁇,,,
par3,𒁖,𒁖,𒁖,,𒁖,,,
par4,𒉌𒄑,𒆦。𒉌𒄑,𒉌𒄑,𒆦,𒆦,,,
par5,𒂟,𒂟,𒂟,,𒂟,,,
par6,𒁈,𒁈,,,𒁈,,,
par7,,,,,𒉌𒂟,,,
para,𒌓,,,𒌓,𒁇。𒌓,𒌓,,
para10,𒁈,𒁈,𒁈,,𒁈。𒁖。𒇸,,,
para10=bara2,,,,,𒁖,,,
para11,,,,,𒌓,,,
para2,𒁇,𒁇,,,𒁇。𒁈,,,
para3,𒁖,𒁖,,,𒁖,,,
para4,𒉌𒄑,𒉌𒄑,,,𒆦,,,
para5,𒇃,𒇃,,,𒇃,,,
para6,𒇙,𒇙,,,𒇙,,,
para7,𒇋,𒇋,,,𒇋,,,
para8,𒇣,𒇣,,,𒇣,,,
para9,𒇗,𒇗,,,𒇗,,,
parag,𒁈,,,𒁈,𒁈,𒁈,,
para₁₀,𒁈,,,𒁈,,𒁈,,
para₂,𒁇,,,𒁇,,𒁇,,
para₃,𒁖,,,𒁖,,,,
para₃?,,,,,,𒁖,,
para₄,𒉌𒄑,,,𒉌𒄑,,𒉌𒄑,,
para₅,𒇃,,,𒇃,,𒇃,,
para₆,𒇙,,,𒇙,,𒇙,,
para₇,𒇋,,,𒇋,,𒇋,,
para₈,𒇣,,,𒇣,,𒇣,,
para₉,𒇗,,,𒇗,,𒇗,,
parim,𒉺𒁽,𒁽。𒉺𒁽,,𒁽,𒑐𒁽,𒁽,,
parimₓ,,𒉺𒁽,,𒉺𒁽,,𒉺𒁽,,
parsa,𒆳𒋾,,,𒆳𒋾,𒆳𒋾,𒆳𒋾,,
par₂,𒁇,,,𒁇,,𒁇,,
par₃,𒁖,,,𒁖,,𒁖,,
par₄,𒉌𒄑,,𒉌𒄑,𒉌𒄑,,𒆦。𒉌𒄑,,
par₅,𒂟,,,𒂟,,𒎕,,
par₆,𒁈,,,𒁈,,,,
par₆?,,,,,,𒁈,,
par₇,,𒉌𒌓,,𒉌𒌓,,𒍴,,
parₓ,,,,,,𒁓。𒉅,,
pat,𒉻,,𒉻,𒉻,𒉻,𒉻,,
"pat,",𒉻,𒉻,𒉻,,,,,
"pat,2",𒁁,𒁁,,,,,,
pat2,𒁁,𒁁,𒁁,,𒁁,,,
pata,𒉻,,,𒉻,𒉻,𒉻,,
patru,𒄈,,,𒄈,𒄈,𒄈,,
pat₂,𒁁,,,𒁁,,𒁁,,
paunun,,,,,𒑖𒉽,,,
paš,,,,,𒄫,,,
paḫ,,,,,𒈜,,,
paḫ2,,,,,𒋳,,,
paḫ3,,,,,𒄷,,,
paṭ,𒉻,,𒉻,𒉻,𒉻,𒉻,,
paṭ2,,,,,𒁁,,,
paṭ₂,𒁁,,,𒁁,,𒁁,,
paṭₓ,,,,,,𒅆,,
pa₁₀,𒅆,,,𒅆,,𒅆,,
pa₁₂,𒉿,,,𒉿,,𒉿,,
pa₂,𒁀,,,𒁀,,𒁀,,
pa₃,𒅆𒊒,,,𒅆𒊒,,𒅆𒊒,,
pa₄,𒉽,,,𒉽,,𒉽,,
pa₅,𒉽𒂊,,,𒉽𒂊,,𒉽𒂊,,
pa₆,𒉽𒅖,,,𒉽𒅖,,𒉽𒅖,,
pa₇,𒄷,,,𒄷,,,,
pa₇?,,,,,,𒄷,,
pa₈,𒋃,,,𒋃,,𒋃,,
pa₉,𒊷,,,𒊷,,𒊷,,
paₓ,𒉻,,,𒉻,,𒁁。𒁣。𒂊。𒂊𒉽𒉽。𒂋。𒅂。𒅆𒉺。𒉻,,
pe,𒉿,,𒉿,𒉿,𒉿,𒉿,,
pe2,𒁉,𒁉,𒁉,,𒁉,,,
pe3,𒁁,𒁁,,,𒁁,,,
pe4,𒅗,𒅗,,,𒅗,,,
pe5,𒉈,𒉈,,,𒉈,,,
pel,𒉈,,,𒉈,𒉈,𒉈,,
pel2,𒉋,𒉋,,,𒉋,,,
pel5,𒉭,𒉭,,,𒉭,,,
pel₂,𒉋,,,𒉋,,𒉋,,
pel₅,𒉭,,,𒉭,,𒉭,,
per,𒌓,,𒌓,𒌓,𒌓,𒌓,,
per/pir,,,𒌓 𒌓,,,,,
per2,𒂟,𒂟,𒂟,,𒂟,,,
per3,,,,,𒄵,,,
per₂,𒂟,,,𒂟,,𒎕,,
pes,𒄫,,,𒄫,,𒄫,,
pesz,𒄫,𒄫,𒄫,,,,,
pesz10,𒆠𒀀,𒆠𒀀,𒆠𒀀,,,,,
pesz11,𒄩,𒄩,,,,,,
pesz12,𒌓,𒌓,,,,,,
pesz13,𒊴,𒊴,,,,,,
pesz14,𒋗𒆒,𒋗𒆒,,,,,,
pesz2,𒉾,𒉾,𒉾,,,,,
pesz3,𒈠,𒈠,𒈠,,,,,
pesz4,𒊯,𒊯,,,,,,
pesz5,𒆒,𒆒,,,,,,
pesz6,𒆓,𒆓,,,,,,
pesz7,𒌉,𒌉,,,,,,
pesz8,𒋗𒃶,𒋗𒃶,,,,,,
pesz9,𒌓𒀀,𒌓𒀀,,,,,,
peszsze,𒈠,𒈠,,,,,,
peszₓ,𒊮,𒊮,,,,,,
pet,𒂍,,,𒂍,𒂍,𒂍,,
pet2,𒁁,𒁁,,,𒁁,,,
pet₂,𒁁,,,𒁁,,𒁁,,
peš,𒄫,,𒄫,𒄫,𒄫,𒄫,,
peš10,,,𒆠𒀀,,𒆠𒀀,,,
peš11,,,,,𒄩,,,
peš12,,,,,𒌓,,,
peš13,,,,,𒊴,,,
peš2,,,𒉾,,,,,
peš3,,,,,𒈠,,,
peš4,,,𒊯,,𒊯,,,
peš5,,,,,𒆒,,,
peš6,,,,,𒆓,,,
peš7,,,,,𒌉,,,
peš8,,,,,𒋗𒃶,,,
peš9,,,,,𒌓𒀀,,,
peš;,,,𒄫,,,,,
pešpešₓ,,,,,,𒌓𒁺,,
pešše,𒈠,,,𒈠,𒈠,𒈠,,
peš⁻,,𒄫,,𒄫,,𒄫,,
peš₁₀,𒆠𒀀,,,𒆠𒀀,,𒆠𒀀,,
peš₁₁,𒄩,,,𒄩,,𒄩,,
peš₁₂,𒌓,,,𒌓,,𒌓,,
peš₁₃,𒊴,,,𒊴,,𒊮𒌉。𒊴,,
peš₁₄,𒋗𒆒,,,𒋗𒆒,,𒋗𒆒,,
peš₂,𒉾,,𒉾,𒉾,,𒉾,,
peš₃,𒈠,,,𒈠,,𒈠,,
peš₄,𒊯,,,𒊯,,𒊯,,
peš₅,𒆒,,,𒆒,,𒆒,,
peš₆,𒆓,,,𒆓,,𒆓,,
peš₇,𒌉,,𒌉,𒌉,,𒌉,,
peš₈,𒋗𒃶,,,𒋗𒃶,,,,
peš₈?,,,,,,𒋗𒃶,,
peš₉,𒌓𒀀,,,𒌓𒀀,,,,
pešₓ,𒊮,,,𒊮,,None。𒂵𒆑。𒊮,,
pe₂,𒁉,,,𒁉,,𒁉,,
pe₃,𒁁,,,𒁁,,𒁁,,
pe₄,𒅗,,,𒅗,,,,
pe₄?,,,,,,𒅗,,
pe₅,𒉈,,,𒉈,,𒉈,,
pi,𒉿,,𒉿,𒉿,𒉿,𒉿,,
pi%pi,,𒊉,,𒊉,,,,
pi.giš.tug₂,,𒉿𒄑𒌆,,𒉿𒄑𒌆,,,,
pi10,,,,,𒌅,,,
pi11,,,,,𒂍,,,
pi2,𒁉,𒁉,𒁉,,𒁉,,,
pi3,𒁁,𒁁,𒁁,,𒁁,,,
pi4,𒅗,𒅗,𒅗,,𒅗,,,
pi5,𒉈,𒉈,𒉈,,𒉈,,,
pi6,,,,,𒁇。𒉋,,,
pi7,𒂺,𒂺,,,𒂺,,,
pi8,𒁍,𒁍,,,𒁍,,,
picrossingpi,,,,,𒊉,,,
pid,𒂍,,𒂍,𒂍,𒂍,𒂍,,
pid2,𒁁,𒁁,,,𒁁,,,
pid₂,𒁁,,,𒁁,,𒁁,,
pig,,,,,𒋝,,,
pih,𒈜,,,𒈜,,,,
pih?,,,,,,𒈜,,
pihu,,,,,,𒁉𒌑𒊓𒅗𒆕,,
pihu2,𒉯,𒉯,,,,,,
pihu3,𒅗𒆕,𒅗𒆕,,,,,,
pihu4,𒁉𒌑𒊓,𒁉𒌑𒊓,,,,,,
pihu5,𒍑𒊓,𒍑𒊓,,,,,,
pihu6,𒉲,𒉲,,,,,,
pihu₂,𒉯,,,𒉯,,𒉯,,
pihu₃,𒅗𒆕,,,𒅗𒆕,,𒅗𒆕,,
pihu₄,𒁉𒌑𒊓,,,𒁉𒌑𒊓,,𒁉𒌑𒊓,,
pihu₅,𒍑𒊓,,,𒍑𒊓,,𒁉𒍑𒊓。𒍑𒊓,,
pihu₆,𒉲,,,𒉲,,𒉲,,
pihuₓ,𒌑𒊓𒅗𒆕,,,𒌑𒊓𒅗𒆕,,𒌑𒊓。𒌑𒊓𒅗𒆕,,
pik,𒋝,,𒋝,𒋝,𒋝,𒋝,,
pil,𒉈,,𒉈,𒉈,𒉈,𒉈,,
pil2,𒉋,𒉋,𒉋,,𒉋,,,
pil3,𒄑𒉋,𒄑𒉋,,,𒄑𒉋,,,
pil4,𒄑𒉈,𒄑𒉈,,,𒄑𒉈,,,
pil5,,,,,𒉋,,,
pil6,𒉢,𒉢,,,𒋓,,,
pil7,𒊊,𒊊,,,𒄊。𒊊,,,
pil₂,𒉋,,,𒉋,,𒉋,,
pil₃,𒄑𒉋,,,𒄑𒉋,,𒄑𒉋,,
pil₄,𒄑𒉈,,,𒄑𒉈,,𒄑𒉈,,
pil₆,𒉢,,,𒉢,,,,
pil₆?,,,,,,𒉢,,
pil₇,𒊊,,,𒊊,,𒊊,,
pin,𒀳,,𒀳,𒀳,𒀳,𒀳,,
piq,𒋝,,,𒋝,𒋝,𒋝,,
pir,𒌓,,𒌓,𒌓,𒌓,𒌓,,
pir2,𒂟,𒂟,𒂟,,𒂟,,,
pir3,𒄵,𒄵,,,𒄵,,,
pir6,𒉆,𒉆,,,𒉆,,,
pirig,𒊊,,𒊊,𒊊,𒄊。𒊊,𒊊,,
pirig.ab@g.gal,,𒊊𒀕𒃲,,𒊊𒀕𒃲,,,,
pirig.eri11.gal,,,,,𒊊𒀕𒃲,,,
pirig.kal,,,,,𒊊𒄨,,,
pirig.pirig,,𒊊𒊊,,𒊊𒊊,𒊊𒊊,,,
pirig.tur,,𒊊𒌉,,𒊊𒌉,,,,
pirig2,𒌓,𒌓,,,𒌓,,,
pirig3,𒊌,𒊌,𒊌,,𒊌,,,
pirig4,,,,,𒇸,,,
pirig@pirig,,𒊎,,𒊎,,,,
piriga,𒊊,,,𒊊,,𒊊,,
pirigxkal,,,,,𒊋,,,
pirigxud,,,,,𒊌,,,
pirigxza,,,,,𒊍,,,
pirig×kal,,𒊋,,𒊋,,,,
pirig×ud,,𒊌,,𒊌,,,,
pirig×za,,𒊍,,𒊍,,,,
pirig₂,𒌓,,,𒌓,,𒌓,,
pirig₃,𒊌,,,𒊌,,𒊌,,
pirij,,,𒊊,,,,,
pirij+,,,𒊊,,,,,
piriĝ,,,𒊊,,,,,
piriĝ₃,,,𒊌,,,,,
piriŋ,𒊊,,,𒊊,,𒊊,,
piriŋ2,𒌓,𒌓,,,,,,
piriŋ3,𒊌,𒊌,,,,,,
piriŋa,𒊊,,,𒊊,,𒊊,,
piriŋ⁺,,𒊊,,𒊊,,𒊌,,
piriŋ₂,𒌓,,,𒌓,,𒌓,,
piriŋ₃,𒊌,,,𒊌,,𒊌,,
piru,𒂺,,,𒂺,𒂺,,,
piru?,,,,,,𒂺,,
pir₂,𒂟,,,𒂟,,𒎕,,
pir₃,𒄵,,,𒄵,,𒄵,,
pir₆,𒉆,,,𒉆,,𒉆,,
pis,𒄫,,,𒄫,𒄫,𒄫,,
pisag,𒂷,,,𒂷,𒂷,𒂷,,
pisag2,𒋃,𒋃,,,𒋃,,,
pisag3,𒋄,𒋄,,,𒋄,,,
pisag₂,𒋃,,,𒋃,,𒋃,,
pisag₃,𒋄,,,𒋄,,𒋄,,
pisagₓ,𒃎,,,𒃎,,𒃍。𒃎,,
pisaj2,,,𒋃,,,,,
pisan,𒂷,,𒂷,𒂷,𒂷,𒂷,,
pisan2,𒋃,𒋃,,,𒋃,,,
pisan3,𒋄,𒋄,𒋄,,𒋄,,,
pisan₂,𒋃,,,𒋃,,𒋃,,
pisan₃,𒋄,,,𒋄,,𒋄,,
pisanₓ,𒃎,,,𒃎,,𒃍。𒃎,,
pisaŋ,𒂷,,,𒂷,,𒂷,,
pisaŋ2,𒋃,𒋃,,,,,,
pisaŋ3,𒋄,𒋄,,,,,,
pisaŋ₂,𒋃,,,𒋃,,𒋃,,
pisaŋ₃,𒋄,,,𒋄,,𒋄,,
pisaŋₓ,,,,,,𒈩,,
pisz,𒄫,𒄫,𒄫,,,,,
pisz10,𒆠𒀀,𒆠𒀀,,,,,,
pisz2,𒉾,𒉾,,,,,,
pisz4,𒊯,𒊯,,,,,,
pisz5,𒆒,𒆒,,,,,,
pisz6,𒆓,𒆓,,,,,,
pisza,𒄫,𒄫,,,,,,
pit,𒂍,,𒂍,𒂍,𒂍,𒂍,,
"pit,",𒂍,𒂍,,,,,,
pit2,𒁁,𒁁,𒁁1,,𒁁,,,
pitru,𒃮,,,𒃮,𒂃。𒃮,𒃮,,
pit₂,𒁁,,,𒁁,,𒁁,,
pixa,,,,,𒊀,,,
pixab,,,,,𒊁,,,
pixbi,,,,,𒊂,,,
pixbu,,,,,𒊃,,,
pixe,,,,,𒊄,,,
pixi,,,,,𒊅,,,
pixib,,,,,𒊆,,,
pixu,,,,,𒊇,,,
pixu2,,,,,𒊈,,,
pi×a,,𒊀,,𒊀,,,,
pi×e,,𒊄,,𒊄,,,,
pi×i,,𒊅,,𒊅,,,,
pi×u,,𒊇,,𒊇,,,,
pi×u₂,,𒊈,,𒊈,,,,
piš,𒄫,,𒄫,𒄫,𒄫,𒄫,,
piš10,,,,,𒆠𒀀。𒋃,,,
piš4,,,,,𒊯,,,
piš5,,,,,𒆒,,,
piš6,,,,,𒆓,,,
piš;,,,𒄫,,,,,
piša,𒄫,,,𒄫,𒄫,𒄫,,
piš₁₀,𒆠𒀀,,,𒆠𒀀,,𒆠𒀀,,
piš₂,𒉾,,,𒉾,,𒉾,,
piš₄,𒊯,,,𒊯,,𒊯,,
piš₅,𒆒,,,𒆒,,𒆒,,
piš₆,𒆓,,,𒆓,,𒆓,,
pišₓ,,,,,,None。𒅘𒀀,,
piḫ,,,,,𒈜,,,
piḫu,,,,,𒁉𒌑𒊓𒅗𒆕,,,
piḫu2,,,,,𒂁𒉸。𒉸,,,
piḫu3,,,,,𒂁𒅗𒆕。𒅗𒆕,,,
piḫu4,,,,,𒁉𒌑𒊓。𒃾,,,
piḫu5,,,,,𒁉𒍑𒊓,,,
piḫu6,,,,,𒉲,,,
piṭ,𒂍,,,𒂍,𒂍,𒂍,,
piṭₓ,,,,,,𒁁,,
pi₂,𒁉,,,𒁉,,𒁉,,
pi₃,𒁁,,,𒁁,,𒁁,,
pi₄,𒅗,,,𒅗,,𒅗,,
pi₅,𒉈,,,𒉈,,𒉈,,
pi₇,𒂺,,,𒂺,,,,
pi₇?,,,,,,𒂺,,
pi₈,𒁍,,,𒁍,,𒁍,,
pu,𒁍,,𒁍,𒁍,𒁍,𒁍,,
pu-udu,𒅳,,,𒅳,,𒅳,,
pu11,𒌑,𒌑,,,𒌑,,,
pu2,𒇥,𒇥,𒇥,,𒇥,,,
pu3,𒅤,𒅤,𒅤,,𒅤,,,
pu3.zur8,,,,,𒅤𒊭,,,
pu4,,,,,𒅤,,,
pu5,𒅗,𒅗,,,,,,
pu6,𒇀,𒇀,,,𒇀,,,
pu8,,,,,𒌑,,,
pud,,,,,𒍠,,,
pug,,,,,𒈮,,,
puginₓ,𒆹,,,𒆹,,𒆹,,
puglu,𒊮𒄀,,,𒊮𒄀,,𒊮𒄀,,
pugluₓ,𒊮𒄀,,,𒊮𒄀,,𒄀𒊮𒄀,,
puh,𒈜,,,𒈜,,𒈜,,
puhrum,𒄒,,,𒄒,,,,
puk,𒈮,,,𒈮,𒈮,𒈮,,
pul,𒇧,,𒇧,𒇧,𒇧,𒇧,,
pul2,𒁔,𒁔,,,𒁔,,,
pul3,𒁄,𒁄,,,𒁄,,,
pul₂,𒁔,,,𒁔,,𒁔,,
pul₃,𒁄,,,𒁄,,𒁄,,
pum,𒅤,,𒅤,𒅤,𒅤。𒆃,𒅤,,
pumₓ,,,,,,𒁆,,
puq2,𒄷,𒄷,,,𒄷,,,
puq₂,𒄷,,,𒄷,,𒄷,,
pur,𒁓,,𒁓,𒁓,𒁓,𒁓,,
pur13,𒉽𒉽,𒉽𒉽,,,𒉽𒉽,,,
pur2,,,,,𒂟,,,
puru,𒁓,,,𒁓,𒁓,𒁓,,
pur₁₃,𒉽𒉽,,,𒉽𒉽,,𒉽𒉽,,
pus,𒄫,,,𒄫,𒄫,,,
pus?,,,,,,𒄫,,
pusz2,𒉽𒄬,𒉽𒄬,𒉽𒄬,,,,,
pusz3,𒄫,𒄫,,,,,,
pusz4,𒂆,𒂆,,,,,,
puta,𒍠,,,𒍠,𒍠,𒍠,,
pute,𒍠,,,𒍠,𒍠,𒍠,,
puti,𒍠,,,𒍠,𒍠,𒍠,,
putu,𒍠,,,𒍠,𒍠,𒍠,,
puzru,𒅤𒊭,,,𒅤𒊭,,,,
puzur,𒌋,,,𒌋,𒌋,𒌋,,
puzur2,𒌋𒌋,𒌋𒌋,,,𒌋𒌋,,,
puzur3,𒌋𒍠,𒌋𒍠,,,𒌋𒍠,,,
puzur4,𒅤𒊭,𒅤𒊭,𒅤𒊭,,𒅤𒊭。𒆃𒊭,,,
puzur5,𒅤,𒅤,𒅤,,𒅤,,,
puzur₂,𒌋𒌋,,,𒌋𒌋,,𒎙,,
puzur₃,𒌋𒍠,,,𒌋𒍠,,𒌋𒍠,,
puzur₄,𒅤𒊭,,,𒅤𒊭,,𒅤𒊭,,
puzur₅,𒅤,,,𒅤,,𒅤,,
puš,,,,,𒆜,,,
puš2,,,,,𒉽𒄬,,,
puš3,,,,,𒄫,,,
puš4,,,,,𒂅,,,
puš₂,𒉽𒄬,,,𒉽𒄬,,𒉽𒄬,,
puš₃,𒄫,,,𒄫,,𒄫,,
puš₄,𒂆,,,𒂆,,𒂆,,
puḫ,,,,,𒈜,,,
puḫrum,,,,,𒄒,,,
pu₁₁,𒌑,,,𒌑,,𒌑,,
pu₂,𒇥,,𒇥,𒇥,,𒇥,,
pu₃,𒅤,,,𒅤,,𒅤,,
pu₅,𒅗,,,𒅗,,𒅗,,
pu₆,𒇀,,,𒇀,,𒇀,,
puₓ,,,,,,𒌉,,
pà,,,𒅆𒊒,,,,,
pàd,,,𒅆𒊒,,,,,
pàla,,,𒉆𒊩𒌆,,,,,
pàr,,,𒁖,,,,,
pá,,,𒁀,,,,,
pád,,,𒁁,,,,,
pár,,,𒁇,,,,,
pát,,,𒁁,,,,,
pèš,,,𒈠,,,,,
pé,,,𒁉,,,,,
péš,,,𒉾,,,,,
pí,,,𒁉,,,,,
píl,,,𒉋,,,,,
pír,,,𒂟,,,,,
pù,,,𒅤,,,,,
pú,,,𒇥,,,,,
púš,,,𒉽𒄬,,,,,
pūta,,,,,𒍠,,,
pūte,,,,,𒍠,,,
pūti,,,,,𒍠,,,
pūtu,,,,,𒍠,,,
p₁,,𒑰,,𒑰,,𒑰,,
p₂,,𒑱,,𒑱,,𒑱,,
p₃,,𒑲,,𒑲,,𒑲,,
p₄,,𒑳,,𒑳,,𒑳,,
p₅,,,,,,𒑴,,
q[u]p,,,𒁺,,,,,
q[é,,,𒆠,,,,,
q]iš,,,𒆧,,,,,
qa,𒋡,,𒋡,𒋡,𒋡,𒋡,,
qa qe qi qu,,,𒋡 𒆥 𒆥 𒄣,,,,,
qa2,𒂵,𒂵,𒂵,,𒂵,,,
qa3,𒅗,𒅗,𒅗,,𒅗,,,
qa4,𒋗𒈫,𒋗𒈫,,,𒋗𒈫,,,
qa5,,,,,𒂷,,,
qa6,𒆕,𒆕,,,𒆕,,,
qab,𒃮,,𒃮,𒃮,𒃮,𒃮,,
qab2,𒆏,𒆏,𒆏,,𒆏,,,
qab3,𒁕,𒁕,𒁕,,𒁕,,,
qablu,𒍛,,,𒍛,,,,
qab₂,𒆏,,,𒆏,,𒆏,,
qab₃,𒁕,,,𒁕,,𒁕,,
qad,𒋗,,𒋗,𒋗,𒋗,𒋗,,
qad2,𒋗𒈫,𒋗𒈫,𒋗𒈫,,𒋗𒈫,,,
qad3,𒃰,𒃰,,,𒃰,,,
qad4,,,,,𒈨,,,
qad6,𒆐,𒆐,,,𒆐,,,
qadma,𒄞,,,𒄞,,𒄞,,
qadmaₓ,𒋻,,,𒋻,,𒋻,,
qadmu,𒋻,,,𒋻,𒋻,𒋻,,
qad₂,𒋗𒈫,,,𒋗𒈫,,𒋗𒈫,,
qad₃,𒃰,,,𒃰,,𒃰,,
qad₆,𒆐,,,𒆐,,,,
qad₆?,,,,,,𒆐,,
qal,𒃲,,𒃲,𒃲,𒃲,𒃲,,
qal2,,,,,𒇽,,,
qal3,𒍇,𒍇,,,𒍇,,,
qal4,𒆗,𒆗,,,𒄨,,,
qal₃,𒍇,,,𒍇,,𒍇,,
qal₄,𒆗,,,𒆗,,𒆗,,
qam,𒃵,,𒃵,𒃵,,𒃵,,
qam2,𒄰,𒄰,,,𒄰,,,
qam3,,,,,,,,
qamaₓ,,,,,,𒆚,,
qam₂,𒄰,,,𒄰,,𒄰,,
qamₓ,,,,,,𒆛,,
qan,𒃶,,𒃶,𒃶,𒃶,𒃶,,
qan2,𒄀,𒄀,,,𒄀,,,
qan₂,𒄀,,,𒄀,,𒄀,,
qap,𒃮,,𒃮,𒃮,𒃮,𒃮,,
qap2,𒆏,𒆏,,,𒆏,,,
qaptu,𒂂,,,𒂂,𒂂,𒂂,,
qap₂,𒆏,,,𒆏,,𒆏,,
qaq,𒆕,,𒆕,𒆕,𒆕,𒆕,,
qaqqaru,𒆠,,,𒆠,,,,
qar,𒃼,,𒃼,𒃼,𒃼,𒃼,,
qar2,𒋼𒀀,𒋼𒀀,,,𒋼𒀀,,,
qar3,𒃻,𒃻,,,𒃻,,,
qar4,,,,,𒂶,,,
qar5,,,,,𒄫,,,
qara3,𒃻,𒃻,,,𒃻,,,
qara4,,,,,𒂶,,,
qara₃,𒃻,,,𒃻,,,,
qara₃?,,,,,,𒃻,,
qar₂,𒋼𒀀,,,𒋼𒀀,,𒋼𒀀,,
qar₃,𒃻,,,𒃻,,,,
qar₃?,,,,,,𒃻,,
qat,𒋗,,𒋗,𒋗,𒋗,𒋗,,
"qat,3",𒃰,𒃰,,,,,,
qat2,𒋗𒈫,𒋗𒈫,𒋗𒈫,,𒋗𒈫,,,
qat3,𒃰,𒃰,𒃰,,𒃰,,,
qat4,,,,,𒈨,,,
qat5,𒆒,𒆒,,,𒆒,,,
qat6,𒆐,𒆐,𒆐,,𒆐,,,
qat7,𒆑,𒆑,,,𒆑,,,
qat8,𒆓,𒆓,,,𒆓,,,
qata,𒋗,,,𒋗,𒋗,𒋗,,
qati,𒋗𒈫𒈨𒌋𒌋𒌋,,,𒋗𒈫𒈨𒌋𒌋𒌋,𒋗𒈫𒈨𒌍,𒋗𒈫𒎌,,
qat₂,𒋗𒈫,,,𒋗𒈫,,𒋗𒈫,,
qat₃,𒃰,,,𒃰,,𒃰,,
qat₅,𒆒,,,𒆒,,𒆒,,
qat₆,𒆐,,,𒆐,,,,
qat₆?,,,,,,𒆐,,
qat₇,𒆑,,,𒆑,,,,
qat₇?,,,,,,𒆑,,
qat₈,𒆓,,,𒆓,,𒆓,,
qaṭ₃,𒃰,,,𒃰,,𒃰,,
qa₂,𒂵,,,𒂵,,𒂵,,
qa₃,𒅗,,,𒅗,,𒅗,,
qa₄,𒋗𒈫,,,𒋗𒈫,,𒋗𒈫,,
qa₆,𒆕,,,𒆕,,𒆕,,
qe,𒆥,,𒆥,𒆥,𒆥,𒆥,,
qe2,𒆠,𒆠,𒆠,,𒆠,,,
qe3,𒄀,𒄀,,,𒄀,,,
qe4,𒄄,𒄄,,,𒄄,,,
qeb,𒄒,,,𒄒,𒄒,𒄒,,
qel,𒆸,,,𒆸,𒆸,𒆸,,
qep,𒄒,,,𒄒,,𒄒,,
qer,𒄫,,𒄫,𒄫,𒄫,𒄫,,
qer10,,,,,𒄩,,,
qer3,𒆸,𒆸,,,𒆸,,,
qer5,𒃼,𒃼,,,𒃼,,,
qer₃,𒆸,,,𒆸,,𒆸,,
qer₅,𒃼,,,𒃼,,𒃼,,
qerₓ,,,,,,𒄊,,
qet,,,,,𒆤,𒆤,,
qe₂,𒆠,,,𒆠,,𒆠,,
qe₃,𒄀,,,𒄀,,𒄀,,
qe₄,𒄄,,,𒄄,,𒄄,,
qi,𒆥,,𒆥,𒆥,𒆥,𒆥,,
qi2,𒆠,𒆠,𒆠,,𒆠,,,
qi3,𒄀,𒄀,𒄀,,𒄀,,,
qi4,𒄄,𒄄,,,𒄄,,,
qi5,𒆤,𒆤,,,𒆤,,,
qi6,𒆕,𒆕,,,𒆕,,,
qib,𒄒,,,𒄒,𒄒,𒄒,,
qid,𒆤,,𒆤,𒆤,𒆤,𒆤,,
qid2,𒁍,𒁍,,,𒁍,,,
qid3,,,,,𒁁,,,
qid4,𒃰,𒃰,,,𒃰,,,
qid₂,𒁍,,,𒁍,,𒁍,,
qid₄,𒃰,,,𒃰,,,,
qid₄?,,,,,,𒃰,,
qil,𒆸,,𒆸,𒆸,𒆸,𒆸,,
qil2,𒄃,𒄃,,,𒄃,,,
qili2,𒄃,𒄃,,,𒄃,,,
qili₂,𒄃,,,𒄃,,,,
qili₂?,,,,,,𒄃,,
qil₂,𒄃,,,𒄃,,𒄃,,
qim,𒁶,,𒁶,𒁶,𒁶,𒁶,,
qimku,𒑜,,,𒑜,,𒑜,,
qin,𒆥,,𒆥,𒆥,𒆥,𒆥,,
qin3,,,,,𒆳,,,
qinₓ,,,,,,𒄯,,
qip,𒄒,,𒄒,𒄒,𒄒,𒄒,,
qiq,𒈪𒉭,,,𒈪𒉭,𒈪𒉭,𒍼,,
qir,𒄫,,𒄫,𒄫,𒄫,𒄫,,
qir10,,,,,𒄩,,,
qir2,,,,,𒉐,,,
qir3,𒆸,𒆸,,,𒆸。𒌋𒀜,,,
qir6,𒀘,𒀘,,,𒀘,,,
qir7,𒄊,𒄊,,,𒄊,,,
qir8,,,,,𒄌,,,
qir9,,,,,𒋃,,,
qiri,𒄫,,,𒄫,𒄫,𒄫,,
qir₃,𒆸,,,𒆸,,𒆸,,
qir₆,𒀘,,,𒀘,,𒀘,,
qir₇,𒄊,,,𒄊,,𒄊,,
qirₓ,𒅗,,,𒅗,,𒅗,,
qis,𒆧,,𒆧,𒆧,𒆧,𒆧,,
qisz,𒆧,𒆧,𒆧,,,,,
qiszat,𒌁,𒌁,,,,,,
qiszatₓ,𒄔,𒄔,,,,,,
qit,𒆤,,𒆤,𒆤,𒆤,𒆤,,
qit2,𒁍,𒁍,,,𒁍,,,
qit3,𒁁,𒁁,,,𒁁,,,
qit₂,𒁍,,,𒁍,,𒁍,,
qit₃,𒁁,,,𒁁,,𒁁,,
qiš,𒆧,,𒆧,𒆧,𒆧,𒆧,,
qišat,𒌁,,,𒌁,,𒌁,,
qišatₓ,𒄔,,,𒄔,,𒄔,,
qiṭ,,,,,𒆤,,,
qi₂,𒆠,,,𒆠,,𒆠,,
qi₃,𒄀,,,𒄀,,𒄀,,
qi₄,𒄄,,,𒄄,,𒄄,,
qi₅,𒆤,,,𒆤,,𒆤,,
qi₆,𒆕,,,𒆕,,𒆕,,
qu,𒄣,,𒄣,𒄣,𒄣,𒄣,,
qu2,𒆪,𒆪,𒆪,,𒆪,,,
qu3,𒄖,𒄖,𒄖,,𒄖,,,
qu5,𒆬,𒆬,,,𒆬,,,
qu6,𒄘,𒄘,,,𒄘,,,
qu7,,,,,𒄞,,,
qub,𒁺,,,𒁺,𒁺,𒁺,,
qub2,,,,,𒄽,,,
qub3,,,,,𒄸,,,
qud,𒋻,,𒋻,𒋻,𒋻,𒋻,,
qudma,𒋻,,,𒋻,,𒋻,,
qudmaₓ,𒄞,,,𒄞,,𒄞,,
qudmu,𒋻,,,𒋻,𒋻,𒋻,,
qul,𒆰,,𒆰,𒆰,𒆰,𒆰,,
qul2,𒄢,𒄢,𒄢,,𒄢,,,
qul₂,𒄢,,,𒄢,,𒄢,,
qum,𒄣,,𒄣,𒄣,𒄣,𒄣,,
qum2,𒉈,𒉈,,,𒉈,,,
qum3,𒈝,𒈝,𒈝,,𒈝,,,
qum₂,𒉈,,,𒉈,,𒉈,,
qum₃,𒈝,,,𒈝,,𒈝,,
qumₓ,𒋻,,,𒋻,,𒋻,,
qun,𒆲,,𒆲,𒆲,𒆲,𒆲,,
qup,𒁺,,𒁺,𒁺,𒁺,𒁺,,
qup2,𒄽,𒄽,,,𒄽,,,
qup3,,,,,𒄸,,,
qup₂,𒄽,,,𒄽,,,,
qup₂?,,,,,,𒄽,,
qur,𒄥,,𒄥,𒄥,𒄥,𒄥,,
qur2,𒆳,𒆳,,,𒆳,,,
qur3,𒃵,𒃵,,,,,,
qur4,𒉽,𒉽,,,𒉽,,,
qur8,𒋽,𒋽,,,,,,
qur9,𒆸,𒆸,,,,,,
quru,𒄥,,,𒄥,,𒄥,,
qur₂,𒆳,,,𒆳,,𒆳,,
qur₃,𒃵,,,𒃵,,,,
qur₃?,,,,,,𒃵,,
qur₄,𒉽,,,𒉽,,𒉽,,
qur₈,𒋽,,,𒋽,,𒋽,,
qur₉,𒆸,,,𒆸,,𒆸,,
qurₓ,𒋽,,,𒋽,,,,
qut,𒋻,,𒋻,𒋻,𒋻,𒋻,,
qutra,𒆠𒀭𒅎,,,𒆠𒀭𒅎,,𒆠𒀭𒅎,,
qutraₓ,𒀭𒅎,,,𒀭𒅎,,𒀭𒅎,,
qutu,𒋻,,,𒋻,𒋻,𒋻,,
qu₂,𒆪,,𒆪,𒆪,,𒆪,,
qu₃,𒄖,,,𒄖,,𒄖,,
qu₅,𒆬,,,𒆬,,𒆬,,
qu₆,𒄘,,,𒄘,,𒄘,,
qá,,,𒂵,,,,,
qè,,,𒄀,,,,,
qé,,,𒆠,,,,,
qé!(di),,,𒁲,,,,,
qé(di),,,𒁲,,,,,
qì,,,𒄀,,,,,
qí,,,𒆠,,,,,
qú,,,𒆪,,,,,
qû,𒋡,,,𒋡,,,,
r[a,,,𒊏,,,,,
r[a]m!?,,,𒉘,,,,,
r[aš,,,𒆜,,,,,
ra,𒊏,,𒊏,𒊏,𒊏,𒊏,,
ra re ir ru,,,𒊏 𒊑 𒅕 𒊒,,,,,
ra#,,,𒊏,,,,,
ra.ra,,𒊏𒊏,,𒊏𒊏,𒊏𒊏,,,
ra2,𒁺,𒁺,𒁺,,𒁺,,,
ra2_,,,𒁺,,,,,
ra3,𒌓,𒌓,𒌓,,𒌓,,,
ra4,𒋥,𒋥,𒋥,,𒋥,,,
ra5,𒁍,𒁍,𒁍,,𒁍,,,
ra6,𒀝,𒀝,,,𒀝,,,
ra],,,𒊏,,,,,
rab,𒊐,,𒊐,𒊐,𒊐,𒊐,,
rab.gal,,𒊐𒃲,,𒊐𒃲,𒊐𒃲,,,
rab.gam,,,,,𒊐𒃵,,,
rab.gan,,𒊐𒃶,,𒊐𒃶,𒊐𒃶,,,
rab.hi×bad,,𒊐𒄰,,𒊐𒄰,,,,
rab.kamv,,,,,𒊐𒆚,,,
rab.mah,,𒊐𒈤,,𒊐𒈤,,,,
rab.tur.tur,,𒊐𒌉𒌉,,𒊐𒌉𒌉,,,,
rab2,𒃲,𒃲,,,𒃲,,,
rab3,𒈗,𒈗,,,𒈗,,,
rab4,𒆗,𒆗,,,𒄨,,,
raba,𒊐,,,𒊐,𒊐,𒊐,,
rabita,𒂔,,,𒂔,𒂔,𒂔,,
rab₂,𒃲,,,𒃲,,𒃲,,
rab₃,𒈗,,,𒈗,,𒈗,,
rab₄,𒆗,,,𒆗,,,,
rab₄?,,,,,,𒆗,,
rabₓ,𒉣,,,𒉣,,𒉣,,
rad,𒋥,,𒋥,𒋥,𒋥,𒋥,,
rad2,𒅐,𒅐,,,𒅐,,,
rad₂,𒅐,,,𒅐,,𒅐,,
rag,𒊩,,𒊩,𒊩,𒊩,𒊩,,
ragab3,𒆏𒍑,𒆏𒍑,,,,,,
ragab₃,𒆏𒍑,,,𒆏𒍑,,𒆏𒍑,,
ragabₓ,𒁕𒍑,,,𒁕𒍑,,𒁕𒍑,,
rah,𒈛,,𒈛,𒈛,,𒈛,,
rah2,𒊏,𒊏,𒊏,,,,,
rah₂,𒊏,,,𒊏,,𒊏,,
rahₓ,𒁽𒁽,,,𒁽𒁽,,𒁺𒁺。𒁺𒁺𒁺𒁺。𒁻𒁻。𒁽𒁽,,
rak,𒊩,,𒊩,𒊩,𒊩,𒊩,,
rak0,𒊩𒁇,𒊩𒁇,,,,,,
rak₀,𒊩𒁇,,,𒊩𒁇,,𒊩𒁇,,
ram,𒉘,,𒉘,𒉘,𒉘,𒉘,,
ram0,𒂖,𒂖,,,,,,
ram2,𒀸,𒀸,,,𒀸,,,
ram3,,,,,𒈥,,,
ram;,,,𒉘,,,,,
rama,𒉘,,,𒉘,𒉘,𒉘,,
raman,𒆳,,,𒆳,𒆳,𒆳,,
ramanu,𒆳,,,𒆳,𒆳,𒆳,,
rammanu,𒆳,,,𒆳,,𒆳,,
ram₀,𒂖,,,𒂖,,𒂖,,
ram₂,𒀸,,,𒀸,,𒀸,,
ramₓ,,,,,,𒆳,,
rap,𒊐,,𒊐,𒊐,𒊐,𒊐,,
rap2,𒃲,𒃲,,,𒃲,,,
rapiku,𒁩,,,𒁩,,𒁩,,
rapikum,,,,,,𒁩,,
rapil,,,,,𒁩,,,
rapiqu,𒁩,,,𒁩,𒁩,𒁩,,
rapiqu2,𒅂,𒅂,,,𒁁,,,
rapiqu₂,𒅂,,,𒅂,,𒅂,,
rap₂,𒃲,,,𒃲,,,,
raq,𒊩,,𒊩,𒊩,𒊩,𒊩,,
raqₓ,,,,,,𒍮,,
ras,𒆜,,𒆜,𒆜,𒆜,𒆜,,
rasz,𒆜,𒆜,𒆜,,,,,
rasz2,𒌇,𒌇,,,,,,
raszu,𒆳,𒆳,,,,,,
rat,𒋥,,𒋥,𒋥,𒋥,𒋥,,
"rat,",𒋥,𒋥,,,,,,
rat2,,,,,𒊩,,,
rata,𒋥,,,𒋥,𒋥,𒋥,,
razu,𒆳,,,𒆳,𒆳,𒆳,,
ra{ki},,,𒊏 𒆠,,,,,
raš,𒆜,,𒆜,𒆜,𒆜,𒆜,,
raš2,,,𒌇,,𒌇,,,
rašu,𒆳,,,𒆳,𒆳,𒆳,,
raš₂,𒌇,,,𒌇,,𒌇,,
rašₓ,,,,,,𒄒,,
raḫ,,,,,𒈛,,,
raḫ2,,,,,𒊏,,,
raṭ,𒋥,,,𒋥,𒋥,𒋥,,
ra₂,𒁺,,,𒁺,,𒁺,,
ra₃,𒌓,,,𒌓,,𒌓,,
ra₄,𒋥,,,𒋥,,𒋥,,
ra₅,𒁍,,,𒁍,,,,
ra₅?,,,,,,𒁍,,
ra₆,𒀝,,,𒀝,,𒀝,,
raₓ,𒌌,,,𒌌,,𒁽。𒉘。𒌌,,
raₓ?,,,,,,𒅆,,
re,𒊑,,𒊑,𒊑,𒊑,𒊑,,
re'e,𒉺𒇻,𒉺𒇻,,,,,,
re'i,𒉺𒇻,𒉺𒇻,,,,,,
re'u,𒉺𒇻,𒉺𒇻,,,,,,
re12,𒆕,𒆕,,,𒆕,,,
re2,𒌷,𒌷,𒌷,,𒌷,,,
re3,𒆸,𒆸,,,𒆸,,,
re6,𒁺,𒁺,𒁺,,𒁺,,,
re7,𒁻,𒁻,𒁻,,𒁻,,,
re7#,,,𒁻,,,,,
re8,𒈸,𒈸,,,,,,
re],,,𒊑,,,,,
re]b,,,𒆗,,,,,
reb,𒆗,,𒆗,𒆗,𒄨,𒆗,,
rec144,,𒆭,,𒆭,,,,
rec147,,𒌅,,𒌅,,,,
red,𒈩,,𒈩,𒈩,𒈩,𒈩,,
reg,𒋆,,,𒋆,,𒋆,,
rek,𒋆,,,𒋆,,𒋆,,
rem,𒆸,,𒆸,𒆸,𒆸,𒆸,,
rem2,𒀖,𒀖,,,𒀖,,,
reme,𒆸,,𒆸,𒆸,𒆸,𒆸,,
reme2,𒀖,𒀖,𒀖,,𒀖,,,
reme₂,𒀖,,,𒀖,,𒀖,,
rem₂,𒀖,,,𒀖,,𒀖,,
rep,𒆗,,,𒆗,,𒆗,,
req,𒋆,,,𒋆,𒋆,𒋆,,
res,𒊕,,,𒊕,𒊕,𒊕,,
resz,𒊕,𒊕,𒊕,,,,,
ret,𒈩,,𒈩,𒈩,,𒈩,,
reš,𒊕,,𒊕,𒊕,𒊕,𒊕,,
reʾe,𒉺𒇻,,,𒉺𒇻,,𒉺𒇻,,
reʾi,𒉺𒇻,,,𒉺𒇻,,𒉺𒇻,,
reʾu,𒉺𒇻,,,𒉺𒇻,,,,
re’e,,,,,𒉺𒇻,,,
re’i,,,,,𒉺𒇻,,,
re₁₂,𒆕,,,𒆕,,,,
re₁₂?,,,,,,𒆕,,
re₂,𒌷,,,𒌷,,𒌷,,
re₃,𒆸,,,𒆸,,𒆸,,
re₆,𒁺,,,𒁺,,𒁺,,
re₇,𒁻,,,𒁻,,𒁻,,
re₈,𒈸,,,𒈸,,𒈸,,
reₓ,𒁽𒁽,,,𒁽𒁽,,𒁺𒁺𒁺𒁺。𒁻𒁻。𒁽𒁽。𒄷,,
ri,𒊑,,𒊑,𒊑,𒊑,𒊑,,
ri(ḫu),,,𒄷,,,,,
ri(ḫu)uruda,,,𒄷,,,,,
ri...,𒌈,,,𒌈,,,,
ri10,𒂔,𒂔,,,𒂔,,,
ri11,,,,,𒄯,,,
ri12,𒆕,𒆕,,,𒄣。𒆕,,,
ri2,𒌷,𒌷,𒌷,,𒌷,,,
ri3,𒆸,𒆸,𒆸,,𒆸,,,
ri4,𒍮,𒍮,,,𒍮,,,
ri5,𒉪,𒉪,,,𒉪,,,
ri6,𒁺,𒁺,,,𒁺,,,
ri7,𒁻,𒁻,,,,,,
ri8,𒈸,𒈸,𒈸,,𒈶。𒈸,,,
ri9,𒈕,𒈕,,,𒈕,,,
ri>,,,𒊑,,,,,
ri],,,𒊑,,,,,
rib,𒆗,,𒆗,𒆗,𒄨,𒆗,,
ribₓ,𒂔,,,𒂔,,𒂔,,
rid,𒈩,,𒈩,𒈩,𒈩,𒈩,,
rig,𒋆,,𒋆,𒋆,𒋆,𒋆,,
rig10,𒉺𒁖,𒉺𒁖,,,𒑐𒁣,,,
rig11,𒈩𒊒,𒈩𒊒,,,𒈩𒊒,,,
rig12,𒁺𒄸,𒁺𒄸,,,,,,
rig13,,,,,𒈲,,,
rig2,𒍮,𒍮,,,𒍮,,,
rig3,𒂷𒄑,𒂷𒄑,,,𒋖𒄑,,,
rig4,,,,,𒊿,,,
rig5,𒊑,𒊑,,,𒊑,,,
rig6,,,,,𒃴。𒊪,,,
rig7,𒉺𒄸𒁺,𒉺𒄸𒁺,𒉺𒄸𒁺,,𒑐𒄸𒁺,,,
rig8,𒉺𒄸,𒉺𒄸,,,𒑐𒄸,,,
rig9,𒄸𒁺,𒄸𒁺,,,𒄸𒁺,,,
rige12,𒁺𒄸,𒁺𒄸,,,,,,
rige₁₂,𒁺𒄸,,,𒁺𒄸,,𒁺𒄸,,
rig₁₀,𒉺𒁖,,,𒉺𒁖,,𒉺𒁣,,
rig₁₁,𒈩𒊒,,,𒈩𒊒,,𒈩𒊒,,
rig₁₂,𒁺𒄸,,,𒁺𒄸,,𒁺𒄸,,
rig₂,𒍮,,,𒍮,,𒍮,,
rig₃,𒂷𒄑,,,𒂷𒄑,,𒊩𒄑。𒋖𒄑,,
rig₅,𒊑,,,𒊑,,𒊑,,
rig₇,𒉺𒄸𒁺,,,𒉺𒄸𒁺,,𒉺𒄸𒁺,,
rig₈,𒉺𒄸,,,𒉺𒄸,,𒉺𒄸,,
rig₉,𒄸𒁺,,,𒄸𒁺,,𒄸𒁺,,
rigₓ,𒋃𒊒,,,𒋃𒊒,,𒉺𒁽𒄸。𒉺𒊩𒄸𒁺。𒉺𒌇𒁺。𒊩𒄸。𒊩𒌇𒁺。𒋃𒊒。𒍮𒋛,,
rih,𒈛,,,𒈛,,𒈛,,
rik,𒋆,,𒋆,𒋆,𒋆,𒋆,,
rik13,,,,,𒈲,,,
rik2,𒍮,𒍮,𒍮,,𒍮,,,
rik4,𒊿,𒊿,,,𒊿,,,
rik₂,𒍮,,,𒍮,,𒍮,,
rik₄,𒊿,,,𒊿,,𒊿,,
rim,𒆸,,𒆸,𒆸,𒆸,𒆸,,
rim2,𒀖,𒀖,𒀖,,𒀖,,,
rim3,𒉈𒊒,𒉈𒊒,𒉈𒊒,,𒉈𒊒,,,
rim4,𒁽,𒁽,𒁽,,𒁽,,,
rim5,𒀸,𒀸,,,𒀸,,,
rimi,,,,,𒆸,,,
rimi2,,,,,𒀖,,,
rimu2,𒀖,𒀖,,,,,,
rimu₂,𒀖,,,𒀖,,𒀖,,
rim₂,𒀖,,,𒀖,,𒀖,,
rim₃,𒉈𒊒,,,𒉈𒊒,,𒉈𒊒,,
rim₄,𒁽,,,𒁽,,𒁽,,
rim₅,𒀸,,,𒀸,,𒀸,,
rimₓ,𒍮,,,𒍮,,𒊒𒉈。𒋞。𒍮,,
rin,𒆸,,𒆸,𒆸,𒆸,𒆸,,
rin2,𒂟,𒂟,𒂟,,𒂟,,,
rin3,𒆸𒆸,𒆸𒆸,,,,,,
rin4,𒈸,𒈸,,,𒈶。𒈸,,,
rin5,𒈕,𒈕,𒈕,,𒈕,,,
rin6,𒆜,𒆜,,,𒆜,,,
rina2,𒂟,𒂟,,,𒂟,,,
rina₂,𒂟,,,𒂟,,𒂟,,
rin₂,𒂟,,,𒂟,,𒂟,,
rin₃,𒆸𒆸,,,𒆸𒆸,,𒆸𒆸,,
rin₄,𒈸,,,𒈸,,𒈸,,
rin₅,𒈕,,𒈕,𒈕,,𒈕,,
rin₆,𒆜,,,𒆜,,𒆜,,
rinₓ,,,,,,𒈕𒃵,,
rip,𒆗,,,𒆗,𒄨,𒆗,,
riq,𒋆,,𒋆,𒋆,𒋆,𒋆,,
riq2,𒍮,𒍮,,,𒍮,,,
riq4,,,,,𒊿,,,
riq₂,𒍮,,,𒍮,,𒍮,,
ririg,𒉺𒁖,,,𒉺𒁖,,𒉺𒁣,,
ris,𒊕,,𒊕,𒊕,𒊕,𒊕,,
risz,𒊕,𒊕,𒊕,,,,,
rit,𒈩,,𒈩,𒈩,𒈩,𒈩,,
"rit,",𒈩,𒈩,𒈩,,,,,
rit2,𒋥,𒋥,𒋥,,𒋥,,,
rit₂,𒋥,,,𒋥,,𒋥,,
rixₓ?,,,,,,𒌈,,
riŋ2,𒍮,𒍮,,,,,,
riŋ₂,𒍮,,,𒍮,,,,
riŋ₂?,,,,,,𒍮,,
riš,𒊕,,𒊕,𒊕,𒊕,𒊕,,
riḫ,,,𒈛,,𒈛,,,
riḫamun2,,,,,𒂛,,,
riḫamun3,,,,,𒂛𒅐,,,
riḫamun4,,,,,𒀱,,,
riṭ,𒈩,,,𒈩,𒈩,𒈩,,
ri₁₀,𒂔,,,𒂔,,,,
ri₁₀?,,,,,,𒂔,,
ri₁₂,𒆕,,,𒆕,,,,
ri₁₂?,,,,,,𒆕,,
ri₂,𒌷,,,𒌷,,𒌷,,
ri₃,𒆸,,,𒆸,,𒆸,,
ri₄,𒍮,,,𒍮,,𒍮,,
ri₅,𒉪,,,𒉪,,𒉪,,
ri₆,𒁺,,,𒁺,,𒁺,,
ri₇,𒁻,,,𒁻,,𒁻,,
ri₈,𒈸,,,𒈸,,𒈸,,
ri₉,𒈕,,,𒈕,,𒈕,,
riₓ,,,,,,𒁍𒁍。𒉈𒊒。𒍇,,
ru,𒊒,,𒊒,𒊒,𒊒,𒊒,,
ru#,,,𒊒,,,,,
ru.ne,,𒊒𒉈,,𒊒𒉈,,,,
ru10,𒋽,𒋽,𒋽,,𒋽,,,
ru11,𒌾,𒌾,𒌾,,𒌾,,,
ru12,𒂗,𒂗,𒂗,,𒂗,,,
ru13,𒂙,𒂙,,,𒂘。𒂙,,,
ru14,𒌸,𒌸,𒌸,,,,,
ru2,𒆕,𒆕,𒆕,,𒆕,,,
ru3,𒀸,𒀸,𒀸,,𒀸,,,
ru4,𒍍,𒍍,,,𒍍,,,
ru5,𒌌,𒌌,,,𒌌,,,
ru6,𒂔,𒂔,𒂔,,𒂔,,,
ru7,𒌨,𒌨,,,𒌨,,,
ru8,𒋭,𒋭,,,,,,
ru9,𒌷,𒌷,𒌷,,𒌷,,,
rub,𒆗,,,𒆗,𒄨,𒆗,,
rud,𒋥,,,𒋥,𒋥,𒋥,,
rug,𒊿,,,𒊿,𒊿,𒊿,,
rug2,𒉆𒋢,𒉆𒋢,,,𒉆𒋢,,,
rug₂,𒉆𒋢,,,𒉆𒋢,,𒉆𒋢,,
ruh,𒈛,,,𒈛,,𒈛,,
ruh2,𒇽,𒇽,,,,,,
ruh₂,𒇽,,,𒇽,,𒇽,,
ruk,𒊿,,𒊿,𒊿,𒊿,𒊿,,
rum,𒀸,,𒀸,𒀸,𒀸,𒀸,,
rum2,𒉈𒊒,𒉈𒊒,,,𒉈𒊒,,,
rum3,𒉏,𒉏,,,𒉏,,,
rum₂,𒉈𒊒,,,𒉈𒊒,,𒉈𒊒,,
rum₃,𒉏,,,𒉏,,,,
rum₃?,,,,,,𒉏,,
rumₓ,,,,,,𒅆,,
ruq,𒊿,,,𒊿,𒊿,𒊿,,
ruqu,𒊿,,,𒊿,𒊿,𒊿,,
rusz,𒄭𒄊,𒄭𒄊,,,,,,
ruszban,𒄞,𒄞,,,,,,
ruszpan,𒄞,𒄞,,,,,,
"rut,",𒋥,𒋥,,,,,,
ruš,𒄭𒄊,,,𒄭𒄊,𒄭𒄊,,,
ruš?,,,,,,𒍽,,
rušban,𒄞,,,𒄞,𒄞,𒄞,,
rušpan,𒄞,,,𒄞,𒄞,𒄞,,
ruḫ,,,,,𒈛,,,
ruṭ,𒋥,,,𒋥,𒋥,𒋥,,
ru₁₀,𒋽,,,𒋽,,𒋽,,
ru₁₁,𒌾,,,𒌾,,𒌾,,
ru₁₂,𒂗,,𒂗,𒂗,,𒂗,,
ru₁₃,𒂙,,,𒂙,,𒂙,,
ru₁₄,𒌸,,,𒌸,,𒌸,,
ru₂,𒆕,,,𒆕,,𒆕,,
ru₃,𒀸,,,𒀸,,𒀸,,
ru₄,𒍍,,,𒍍,,𒍍,,
ru₅,𒌌,,,𒌌,,𒌌,,
ru₆,𒂔,,,𒂔,,𒂔,,
ru₇,𒌨,,,𒌨,,𒌨,,
ru₈,𒋭,,,𒋭,,𒋭,,
ru₉,𒌷,,,𒌷,,𒌷,,
ruₓ,,,,,,𒋼。𒌅,,
ràb,,,𒈗,,,,,
rá,,,𒁺,,,,,
rì,,,𒆸,,,,,
rí,,,𒌷,,,,,
ríg,,,𒍮,,,,,
rín,,,𒂟,,,,,
rú,,,𒆕,,,,,
"rābis,u",𒌜,𒌜,,,,,,
rābiṣu,𒌜,,,𒌜,,,,
rēszu,𒊕,𒊕,,,,,,
rēšu,𒊕,,,𒊕,,,,
"s,a",𒍝,𒍝,𒍝,,,,,
"s,a3",𒀭,𒀭,,,,,,
"s,ab",𒂟,𒂟,𒂟,,,,,
"s,ah",𒉈,𒉈,,,,,,
"s,ah2",𒆤,𒆤,,,,,,
"s,ak",𒍠,𒍠,,,,,,
"s,al",𒉌,𒉌,𒉌,,,,,
"s,almu",𒊨,𒊨,,,,,,
"s,ap",𒂟,𒂟,𒂟,,,,,
"s,apa",𒂟,𒂟,,,,,,
"s,ar",𒇡,𒇡,𒇡,,,,,
"s,ar2",𒀫,𒀫,,,,,,
"s,ara",𒇡,𒇡,,,,,,
"s,e",𒍢,𒍢,𒍢,,,,,
"s,e2",𒍣,𒍣,𒍣,,,,,
"s,eh",𒋚,𒋚,,,,,,
"s,eh2",𒉈,𒉈,,,,,,
"s,ep",𒍦,𒍦,,,,,,
"s,er",𒈲,𒈲,𒈲,,,,,
"s,i",𒍢,𒍢,𒍢,,,,,
"s,i2",𒍣,𒍣,𒍣,,,,,
"s,i3",𒋛,𒋛,𒋛,,,,,
"s,i9",𒂠,𒂠,,,,,,
"s,ib",𒍦,𒍦,,,,,,
"s,ib2",𒍨,𒍨,,,,,,
"s,ibi",𒍦,𒍦,,,,,,
"s,il",𒉣,𒉣,𒉣,,,,,
"s,il2",𒈪,𒈪,,,,,,
"s,il3",𒀭𒊨,𒀭𒊨,,,,,,
"s,il4",𒄑𒈪,𒄑𒈪,,,,,,
"s,illu",𒀭𒊨,𒀭𒊨,,,,,,
"s,im",𒍮,𒍮,,,,,,
"s,in",𒌍,𒌍,,,,,,
"s,ip",𒍦,𒍦,,,,,,
"s,ir",𒈲,𒈲,𒈲,,,,,
"s,is,",𒁁,𒁁,,,,,,
"s,u",𒍮,𒍮,𒍮,,,,,
"s,u2",𒍪,𒍪,𒍪,,,,,
"s,um",𒍮,𒍮,,,,,,
"s,ur",𒀫,𒀫,𒀫,,,,,
"s,ur2",𒈲,𒈲,𒈲,,,,,
"s,urs,ub",𒂁,𒂁,,,,,,
"s,urs,ub2",𒆗,𒆗,,,,,,
"s,uru",𒀫,𒀫,,,,,,
"s,ābu",𒂟,𒂟,,,,,,
"s,ītu",𒌓,𒌓,,,,,,
sa,𒊓,,𒊓,𒊓,𒊓,𒊓,,
sa se si su,,,𒊓 𒋛 𒋛 𒋢,,,,,
sa.hi×še.kak,,𒊓𒄵𒆕,,𒊓𒄵𒆕,,,,
sa.ni,,,,,𒊓𒉌,,,
sa10,𒉚,𒉚,𒉚,,,,,
sa11,𒋜,𒋜,𒋜,,𒋜,,,
sa12,𒊕,𒊕,,,𒊕,,,
sa13,𒅆𒂟,𒅆𒂟,,,𒅆𒂟,,,
sa14,𒆗,𒆗,,,𒄨,,,
sa15,𒃻,𒃻,,,𒃻。𒌓,,,
sa16,𒌓,𒌓,,,𒃻。𒌓,,,
sa17,𒋙𒉀,𒋙𒉀,,,𒅾。𒋙𒉀,,,
sa18,𒁉,𒁉,,,𒁉,,,
sa19,𒊮,𒊮,,,𒊮,,,
sa2,𒁲,𒁲,𒁲,,𒁲,,,
sa20,𒊭,𒊭,,,𒊭,,,
sa21,𒊾,𒊾,,,𒊾,,,
sa2_,,,𒁲,,,,,
sa3,𒍝,𒍝,𒍝,,𒍝,,,
sa4,𒄷𒈿,𒄷𒈿,𒄷𒈿,,𒄷𒄭𒈿。𒄷𒈿,,,
sa5,𒋛𒀀,𒋛𒀀,𒋛𒀀,,𒋛𒀀,,,
sa6,𒊷,𒊷,𒊷,,𒊷,,,
sa6.tur,,,,,𒊷𒌉,,,
sa7,𒅊,𒅊,,,𒅊,,,
sa7-alan,𒅊𒀩,𒅊𒀩,,,,,,
sa8,𒀭,𒀭,,,𒀭,,,
sa9,𒈦,𒈦,𒈦,,𒈦,,,
sa@v,,𒊓,,𒊓,,𒊓,,
sa],,,𒊓,,,,,
sab,𒉺𒅁,,𒉺𒅁,𒉺𒅁,𒉺𒅁,𒉺𒅁,,
saba,,𒉺𒅁,,𒉺𒅁,,𒉺𒅁,,
sabad,𒃪,,𒃪,𒃪,𒃪,𒃪,,
sabad2,𒂿,𒂿,𒂿,,𒂿,,,
sabad3,𒃖,𒃖,𒃖,,𒃖,,,
sabad₂,𒂿,,,𒂿,,𒂿,,
sabad₃,𒃖,,,𒃖,,𒃖,,
sabar,𒊾𒁇,,,𒊾𒁇,𒊾𒁇,𒊾𒁇,,
sabar2,𒊾,𒊾,,,,,,
sabar₂,𒊾,,,𒊾,,𒊾,,
sabu,𒋛𒀀𒁔,,,𒋛𒀀𒁔,𒋛𒀀𒁔,𒋛𒀀𒁔,,
sad,𒆳,,,𒆳,𒆳,𒆳,,
sad2,𒃪,𒃪,,,𒃪,,,
sad3,𒂿,𒂿,,,𒂿,,,
sad4,𒃖,𒃖,,,𒃖,,,
sadu,𒁲𒁲,,,𒁲𒁲,,𒁲𒁲,,
sad₂,𒃪,,,𒃪,,𒃪,,
sad₃,𒂿,,,𒂿,,𒂿,,
sad₄,𒃖,,,𒃖,,𒃖,,
sadₓ,𒂓,,,𒂓,,𒂓,,
sag,𒊕,,𒊕,𒊕,𒊕,𒊕,,
sag#,,,𒊕,,,,,
sag&sag,,𒊧,𒊧,𒊧,,,,
sag.an,,𒊕𒀭,,𒊕𒀭,𒊕𒀭,,,
sag.dun₃,,𒊕𒂅,,𒊕𒂅,,,,
sag.ezen,,𒊕𒂡,,𒊕𒂡,𒊕𒂡,,,
sag.munus,,,,,𒊕𒊩,,,
sag.pa.lagab,,𒊕𒉺𒆸,,𒊕𒉺𒆸,𒊕𒉺𒆸,,,
sag.sal,,𒊕𒊩,,𒊕𒊩,,,,
sag.sar,,,,,𒊕𒊬,,,
sag10,𒅆𒂟,𒅆𒂟,𒅆𒂟,,𒅆𒂟,,,
sag11,𒆥,𒆥,𒆥,,𒆥,,,
sag12,𒅊,𒅊,𒅊,,,,,
sag13,𒊺,𒊺,,,,,,
sag2,𒉺𒃶,𒉺𒃶,𒉺𒃶,,𒉺𒃶,,,
sag3,𒉺,𒉺,𒉺,,𒉺,,,
sag3#?,,,𒉺,,,,,
sag4,𒈗,𒈗,𒈗,,𒈗,,,
sag5,𒋃,𒋃,𒉠。𒋃,,𒉠。𒋃,,,
sag6,,,,,𒍠,,,
sag7,𒃶,𒃶,𒃶,,𒃶,,,
sag8,𒆗,𒆗,𒆗,,𒄨,,,
sag9,𒊷,𒊷,𒊷,,𒊷,,,
sag@g,,𒊨,𒊨,𒊨,,,,
sag@n,,𒊔,,𒊔,,,,
sag@n@g,,𒔱,,𒔱,,,,
sag_,,,𒊕,,,,,
saga,𒊕,,𒊕,𒊕,𒊕,,,
saga11,𒆥,𒆥,𒆥,,,,,
saga11/siga18,,,𒆥 𒆥,,,,,
saga11/tu9,,,𒆥 𒌆,,,,,
saga_,,,𒊕,,,,,
saga₁₀,,𒅆𒂟,,𒅆𒂟,,𒅆𒂟,,
saga₁₁,𒆥,,,𒆥,,𒆥,,
saga₇,,𒃶,,𒃶,,𒃶,,
sagaₓ,𒊺𒆥𒆥,,,𒊺𒆥𒆥,,𒆗。𒊺𒆥。𒊺𒆥𒆥。𒊺𒊺𒆥,,
sagbar,𒄯,,,𒄯,,𒄯,,
sagdu,𒊗,,,𒊗,𒊗。𒊣,𒊗,,
sagdudu,𒇞,,,𒇞,𒇞,𒇞,,
sagduduₓ,𒇞,,,𒇞,,𒇝,,
sagdul,𒌋𒊕,,,𒌋𒊕,𒌋𒊕,𒌋𒊕,,
sagga,𒋃,,,𒋃,𒋃,𒋃,,
sagga2,𒊫,𒊫,,,𒅍𒈣𒂀,,,
sagga3,𒊫,𒊫,,,𒅍𒈣𒅊,,,
sagga4,𒊫,𒊫,,,𒅍𒂀,,,
sagga5,𒊫,𒊫,,,𒂵𒈣𒆜𒅊,,,
sagga6,𒊫,𒊫,,,𒂵𒈣𒅊,,,
sagga7,,,,,𒂵𒂀,,,
saggar,𒊕,,,𒊕,𒊕,𒊕,,
saggar2,𒄯,𒄯,,,𒄯,,,
saggar₂,𒄯,,,𒄯,,𒄯,,
sagga₂,𒊫,,,𒊫,,𒅍𒈣𒂀,,
sagga₃,𒊫,,,𒊫,,𒅍𒈣𒅊,,
sagga₄,𒊫,,,𒊫,,𒅍𒂀,,
sagga₅,𒊫,,,𒊫,,𒂵𒍚𒅊,,
sagga₆,𒊫,,,𒊫,,𒂵𒈣𒅊,,
saggunû,,,,,𒊨,,,
sagi,𒋡𒋗𒃮,,,𒋡𒋗𒃮,𒋡𒋗𒂃,𒋗𒋡𒃮。𒋡𒋗𒃮,,
sagiaₓ,,,,,,𒋡𒋗𒃮。𒋡𒋗𒃮𒀀,,
sagil,,,,,𒋗𒁹,,,
sagiₓ,𒋗,,,𒋗,,𒋗。𒋡𒃮,,
sagkurini,𒂀,,,𒂀,,,,
sagkurini?,,,,,,𒂀,,
sagkurun,𒁸,,,𒁸,𒁷𒆜𒅊,𒁸,,
sagman,𒈦𒌋𒌋,,,𒈦𒌋𒌋,𒈦𒌋𒌋,𒈦𒎙,,
sagmasz,𒁁𒆜,𒁁𒆜,,,,,,
sagmaš,𒁁𒆜,,,𒁁𒆜,𒁁𒆜,𒁁𒆜,,
sagmin,𒈦𒌋𒌋,,,𒈦𒌋𒌋,𒈦𒌋𒌋,𒈦𒈫。𒈦𒎙,,
sagminx,,,,,𒊧,,,
sagminₓ,𒊧,,,𒊧,,𒊧,,
sagmunzer,𒋠𒈬𒁍,,,𒋠𒈬𒁍,𒋠𒈬𒁍,𒋠𒈬𒁍,,
sagmunzir,𒋠𒈬𒁍,,,𒋠𒈬𒁍,𒋠𒈬𒁍,𒋠𒈬𒁍,,
sagnutillu,,,,,𒊔,,,
sagoversag,,,,,𒊧,,,
sagszu,𒌋𒊕,𒌋𒊕,,,,,,
sagtag,𒀸,,,𒀸,𒀸,𒀸,,
sagtag2,,,,,,,,
sagtag3,𒀹,𒀹,,,𒀹,,,
sagtag4,,,,,𒁹,,,
sagtag₃,𒀹,,,𒀹,,𒀹,,
sagtak,𒀸,,,𒀸,𒀸,𒀸,,
sagtak2,,,,,,,,
sagtak3,𒀹,𒀹,,,𒀹,,,
sagtak4,,,,,𒁹,,,
sagtak₃,𒀹,,,𒀹,,𒀹,,
sagtuszₓ,𒌋𒊕,𒌋𒊕,,,,,,
sagtušₓ,𒌋𒊕,,,𒌋𒊕,,𒌋𒊕,,
sagu,,,,,𒌋𒅗,,,
sagus,𒌓𒁺,,,𒌓𒁺,𒌓𒁺,𒌓𒁺,,
sagusz,𒌓𒁺,𒌓𒁺,,,,,,
saguš,𒌓𒁺,,,𒌓𒁺,𒌓𒁺,𒌓𒁺,,
sagxa,,,,,𒊖,,,
sagxdu,,,,,𒊗,,,
sagxdub,,,,,𒊘,,,
sagxgag,,,,,𒊚,,,
sagxkur,,,,,𒊛,,,
sagxlum,,,,,𒊜,,,
sagxmi,,,,,𒊝,,,
sagxmunus,,,,,𒊟,,,
sagxnun,,,,,𒊞,,,
sagxtab,,,,,𒊡,,,
sagxu2,,,,,𒊢,,,
sagxub,,,,,𒊣,,,
sagxum,,,,,𒊤,,,
sagxur,,,,,𒊥,,,
sagxuš,,,,,𒊦,,,
sagxšid,,,,,𒊠,,,
sagxḫa,,,,,𒊙,,,
sag×a,,𒊖,,𒊖,,,,
sag×du,,𒊗,,𒊗,,,,
sag×dub,,𒊘,,𒊘,,,,
sag×ha,,𒊙,,𒊙,,,,
sag×kak,,𒊚,,𒊚,,,,
sag×kak.gaba,,𒊚𒃮,,𒊚𒃮,,,,
sag×kur,,𒊛,,𒊛,,,,
sag×lum,,𒊜,,𒊜,,,,
sag×mi,,𒊝,,𒊝,,,,
sag×nun,,𒊞,,𒊞,,,,
sag×sal,,𒊟,,𒊟,,,,
sag×tab,,𒊡,,𒊡,,,,
sag×tak₄,,𒔳,,𒔳,,,,
sag×ub,,𒊣,,𒊣,,,,
sag×um,,𒊤,,𒊤,,,,
sag×ur,,𒊥,,𒊥,,,,
sag×uš,,𒊦,,𒊦,,,,
sag×u₂,,𒊢,,𒊢,,,,
sag×šid,,𒊠,,𒊠,,,,
sagšu,𒌋𒊕,,𒌋𒊕,𒌋𒊕,𒌋𒊕,𒌋𒊕,,
sag₁₀,𒅆𒂟,,,𒅆𒂟,,𒅆𒂟,,
sag₁₁,𒆥,,,𒆥,,𒆥,,
sag₁₂,𒅊,,,𒅊,,𒅊,,
sag₁₃,𒊺,,,𒊺,,𒊺,,
sag₂,𒉺𒃶,,,𒉺𒃶,,𒉺𒃶,,
sag₃,𒉺,,,𒉺,,𒉺,,
sag₄,𒈗,,,𒈗,,𒈗,,
sag₅,𒋃,,,𒋃,,𒋃,,
sag₆,,,,,,𒉠,,
sag₇,𒃶,,,𒃶,,𒃶,,
sag₈,𒆗,,,𒆗,,𒆗,,
sag₉,𒊷,,,𒊷,,𒊷,,
sagₓ,𒌙,,,𒌙,,𒀭。𒆬𒀭。𒌋𒂵。𒌋𒊭。𒓮,,
sah,𒆤,,𒆤,𒆤,,𒆤,,
sah2,𒋚,𒋚,,,,,,
sah3,𒂄,𒂄,,,,,,
sah4,𒄗,𒄗,𒄗,,,,,
sah6,𒄩𒀀,𒄩𒀀,𒄩𒀀,,,,,
sah7,𒀄,𒀄,𒀄,,,,,
saha,,𒋚,,𒋚,,𒋚,,
saha6,𒄩𒀀,𒄩𒀀,,,,,,
saha7,𒀄,𒀄,,,,,,
sahab,𒋗𒁹,,,𒋗𒁹,,𒋗𒁹,,
sahab2,𒋗𒁲𒌋𒌋𒌋,𒋗𒁲𒌋𒌋𒌋,,,,,,
sahab₂,𒋗𒁲𒌋𒌋𒌋,,,𒋗𒁲𒌋𒌋𒌋,,𒋗𒁲𒌍,,
sahabₓ,𒋗𒋛𒁲,,,𒋗𒋛𒁲,,𒋗𒋛𒁲,,
sahan,𒈲,,,𒈲,,,,
sahan?,,,,,,𒈲,,
sahar,𒅖,,𒅖,𒅖,,𒅖,,
sahar2,𒊬,𒊬,,,,,,
sahardub,𒅖,,,𒅖,,𒅖,,
sahar₂,𒊬,,,𒊬,,𒊬,,
saha₆,𒄩𒀀,,,𒄩𒀀,,𒄩𒀀,,
saha₇,𒀄,,,𒀄,,𒀄,,
sah₂,𒋚,,,𒋚,,,,
sah₂?,,,,,,𒋚,,
sah₃,𒂄,,,𒂄,,,,
sah₃?,,,,,,𒂄,,
sah₄,𒄗,,,𒄗,,𒄗,,
sah₆,𒄩𒀀,,,𒄩𒀀,,𒄩𒀀,,
sah₇,𒀄,,,𒀄,,𒀄,,
sahₓ,𒆪,,,𒆪,,𒀀𒄩。𒀀𒄩𒀀。𒆪,,
saj,,,𒊕,,,,,
saj4,,,𒈗,,,,,
saj5,,,𒉠,,,,,
sajja,,,𒋃,,,,,
sak,𒊕,,𒊕,𒊕,𒊕,𒊕,,
sak3,𒉺,𒉺,,,𒉺,,,
sak6,𒍠,𒍠,,,𒍠,,,
saka,𒆥,,,𒆥,,𒆥,,
sakar,𒊬,,𒊬,𒊬,𒊬。𒊬𒊕,𒊬,,
sakar2,,,,,𒊕𒊬,,,
sakarₓ,𒉢,,,𒉢,,𒉢,,
sakkan,𒄊,,,𒄊,𒄊,𒄊,,
sakkan2,𒄊𒃢𒀀𒀭,𒄊𒃢𒀀𒀭,,,,,,
sakkan₂,𒄊𒃢𒀀𒀭,,,𒄊𒃢𒀀𒀭,,𒄊𒃢𒀀𒀭,,
sak₃,𒉺,,,𒉺,,𒉺,,
sak₆,𒍠,,,𒍠,,𒍠,,
sal,𒊩,,𒊩,𒊩,𒊩,𒊩,,
sal+lagabetc.,,,,,𒊪,,,
sal.al,,𒊩𒀠,,𒊩𒀠,,,,
sal.anše,,𒊩𒀲,,𒊩𒀲,,,,
sal.arad.dam,,𒊩𒀴𒁮,,𒊩𒀴𒁮,,,,
sal.aš2.gar3,,,,,𒊩𒀾𒃼,,,
sal.aš₂.gar₃,,𒊩𒀾𒃼,,𒊩𒀾𒃼,,,,
sal.bar,,𒊩𒁇,,𒊩𒁇,,,,
sal.en,,𒊩𒂗,,𒊩𒂗,,,,
sal.eš₂,,𒊩𒂠,,𒊩𒂠,,,,
sal.ga₂×pa,,𒊩𒃢,,𒊩𒃢,,,,
sal.hub₂,,𒊩𒄸,,𒊩𒄸,,,,
sal.ku,,𒊩𒆪,,𒊩𒆪,,,,
sal.kur,,𒊩𒆳,,𒊩𒆳,,,,
sal.kušu₂,,𒊩𒆵,,𒊩𒆵,,,,
sal.la,,𒊩𒆷,,𒊩𒆷,,,,
sal.lagab,,𒊩𒆸,,𒊩𒆸,,,,
sal.lagabxaš2,,,,,𒊪,,,
sal.lagar,,𒊩𒇬,,𒊩𒇬,,,,
sal.ma,,𒊩𒈠,,𒊩𒈠,,,,
sal.me,,𒊩𒈨,,𒊩𒈨,,,,
sal.sik₂,,𒊩𒋠,,𒊩𒋠,,,,
sal.tab.kun,,𒊩𒋰𒆲,,𒊩𒋰𒆲,,,,
sal.tak₄,,𒊩𒋺,,𒊩𒋺,,,,
sal.tug₂,,𒊩𒌆,,𒊩𒌆,,,,
sal.tug₂.pap.igi@g.nun.me.ezen×kaskal,,𒊩𒌆𒉽𒅊𒉣𒈨𒂬,,𒊩𒌆𒉽𒅊𒉣𒈨𒂬,,,,
sal.tuk,,𒊩𒌇,,𒊩𒌇,,,,
sal.ud,,𒊩𒌓,,𒊩𒌓,,,,
sal.ud.edin,,𒊩𒌓𒂔,,𒊩𒌓𒂔,,,,
sal.ur,,𒊩𒌨,,𒊩𒌨,,,,
sal.uš,,𒊩𒍑,,𒊩𒍑,,,,
sal.uš.dam,,𒊩𒍑𒁮,,𒊩𒍑𒁮,,,,
sal.uš.di,,𒊩𒍑𒁲,,𒊩𒍑𒁲,,,,
sal2,𒁲,𒁲,,,𒁲,,,
sal3,𒉌,𒉌,,,𒉌,,,
sal4,𒋡,𒋡,,,𒋡,,,
sala,𒊩,,,𒊩,𒊩,𒊩,,
sala4,𒋡,𒋡,,,,,,
salagud,𒁲,,,𒁲,,𒁲,,
salah,𒌓,,,𒌓,,𒌓,,
salamₓ,𒅊𒀩,,,𒅊𒀩,,𒅊𒀩,,
sala₄,𒋡,,,𒋡,,𒋡,,
salgud,𒁲,,,𒁲,,𒁲,,
salim,𒁲,,,𒁲,,𒁲,,
salubug2,𒁹,𒁹,,,,,,
salubug₂,𒁹,,,𒁹,,𒁹,,
salugub,𒀸,,,𒀸,𒀸,𒀸,,
salugub2,𒁹,𒁹,,,𒁹,,,
salugub₂,𒁹,,,𒁹,,𒁹,,
sal₂,𒁲,,,𒁲,,𒁲,,
sal₃,𒉌,,,𒉌,,𒉌,,
sal₄,𒋡,,,𒋡,,𒋡,,
salₓ,,,,,,𒃢,,
sam,𒌑,,𒌑,𒌑,𒌑,𒌑,,
sam2,𒉚,𒉚,𒉚,,,,,
samag,𒌝,,𒌝,𒌝,𒁾。𒅊,𒁾,,
samag2,𒌠,𒌠,𒌠,,𒁾,,,
samag3,𒌡,𒌡,,,𒋃。𒌡,,,
samag333,,,,,𒍐,,,
samag4,𒌡𒆸,𒌡𒆸,,,,,,
samag5,𒌞,𒌞,,,𒅊,,,
samag6,𒅊,𒅊,,,𒅊,,,
samag₂,𒌠,,,𒌠,,𒌠,,
samag₃,𒌡,,,𒌡,,𒌡,,
samag₄,𒌡𒆸,,,𒌡𒆸,,𒌡𒆸,,
samag₅,𒌞,,,𒌞,,𒌞,,
samag₆,𒅊,,,𒅊,,𒅊,,
samagₓ,𒍐𒌋,,,𒍐𒌋,,None。𒌝。𒌝𒆸。𒍐。𒍐𒆸。𒍐𒌋,,
saman,𒂠𒋤𒉣𒂠𒌅,,𒂠𒋤𒉣𒂠𒌅,𒂠𒋤𒉣𒂠𒌅,𒂠𒋤𒉣𒂠𒌅,𒂠𒋤𒉣𒂠𒌅,,
saman2,𒂠𒋤𒉣𒂠𒌅,𒂠𒋤𒉣𒂠𒌅,,,𒂠𒁍𒉣𒂠𒌅,,,
saman3,𒂠𒋤𒉣𒂠𒌅,𒂠𒋤𒉣𒂠𒌅,,,𒊺𒂠𒉣𒁍,,,
saman4,𒌋𒃶,𒌋𒃶,𒌋𒃶,,𒌋𒃶,,,
saman5,𒉮,𒉮,,,𒉮,,,
samannu,𒅖𒍏,,,𒅖𒍏,,𒅖𒍏,,
samanur,𒅖𒍏,,,𒅖𒍏,𒅖𒍏,𒅖𒍏,,
samanurₓ,𒂠𒋤𒉣𒂠𒌅,,,𒂠𒋤𒉣𒂠𒌅,,𒂠𒁍𒉣𒂠𒌅。𒂠𒋤𒉣𒂠𒌅,,
saman₂,𒂠𒋤𒉣𒂠𒌅,,,𒂠𒋤𒉣𒂠𒌅,,𒂠𒁍𒉣𒂠𒌅,,
saman₃,𒂠𒋤𒉣𒂠𒌅,,,𒂠𒋤𒉣𒂠𒌅,,𒁍𒂠𒊺𒉣。𒁍𒊺𒂠𒉣。𒊺𒂠𒉣𒁍。𒊺𒉣𒁍𒈛,,
saman₄,𒌋𒃶,,,𒌋𒃶,,𒌋𒃶,,
saman₅,𒉮,,,𒉮,,𒉮,,
samanₓ,𒂠𒋤𒉣𒂠𒌅,,,𒂠𒋤𒉣𒂠𒌅,,𒀀𒉺𒁉𒋛𒀀𒂵。𒀀𒉺𒄐𒉻𒋛𒀀。𒁍𒉡𒉣𒈛𒂠。𒁍𒉣𒊺𒂠。𒂠。𒂠𒋤𒂠𒌅。𒂠𒋤𒉣。𒂠𒋤𒉣𒌅𒂠。𒂠𒌅𒁍。𒆪𒁍𒉣𒌅𒆪。𒉣𒂠𒁍。𒊺𒁍𒂠𒉣。𒊺𒁍𒉣。𒊺𒁍𒉣𒂠。𒊺𒁍𒉣𒅂。𒊺𒂠𒉣𒁍𒈛。𒊺𒂠𒉪。𒊺𒉣。𒊺𒉣𒁍𒂊。𒊺𒉣𒂠𒁍。𒋤𒉡𒉣𒂠。𒋤𒉣𒂠𒌅。𒋤𒉣𒊺𒂠。𒌆𒁍𒌆𒌅,,
samun+,𒂠𒋤𒉣𒂠𒌅,,,𒂠𒋤𒉣𒂠𒌅,,,,
samun⁺,,,,,,𒂠𒋤𒉣𒂠𒌅,,
sam₂,𒉚,,,𒉚,,𒉚。𒊺X,,
samₓ,𒊕,,,𒊕,,None。𒉓。𒊕,,
san,𒊕,,𒊕,𒊕,𒊕。𒊿,𒊕,,
san2,𒊿,𒊿,,,𒊿,,,
san3,𒉓,𒉓,,,𒉓,,,
sandak4,𒁹,𒁹,,,,,,
sandak₄,𒁹,,,𒁹,,𒁹,,
sandaₓ,,,,,,𒋃,,
sanga,𒋃,,𒋃,𒋃,𒋃,𒋃,,
sanga2,𒊫,𒊫,,,𒅍𒈣𒂀。𒊫,,,
sanga3,𒊫,𒊫,,,𒅍𒈣𒅊,,,
sanga4,𒊫,𒊫,,,𒅍𒂀,,,
sanga5,𒊫,𒊫,,,𒂵𒈣𒆜𒅊,,,
sanga6,𒊫,𒊫,𒂵𒈣𒅊,,𒂵𒈣𒅊,,,
sanga7,𒊫,𒊫,,,𒂵𒂀,,,
sanga~b,,,𒋃,,,,,
sanga₂,𒊫,,𒊫,𒊫,,𒊫,,
sanga₃,𒊫,,,𒊫,,𒅍𒈣𒅊,,
sanga₄,𒊫,,,𒊫,,𒅍𒂀,,
sanga₅,𒊫,,,𒊫,,𒂵𒍚𒅊,,
sanga₆,𒊫,,,𒊫,,𒂵𒈣𒅊,,
sanga₇,𒊫,,,𒊫,,𒂵𒁆,,
sangaₓ,𒊫,,,𒊫,,None。𒂕。𒂵𒍚。𒂵𒍚𒄭。𒃻𒋃。𒋃𒃻,,
sangu,𒋃,,𒋃,𒋃,𒋃,𒋃,,
sangu2,𒊫,𒊫,,,,,,
sangu3,𒊫,𒊫,,,,,,
sangu4,𒊫,𒊫,,,,,,
sangu5,𒊫,𒊫,,,,,,
sangu6,𒊫,𒊫,,,,,,
sangu₂,𒊫,,,𒊫,,𒅍𒈣𒂀,,
sangu₃,𒊫,,,𒊫,,𒅍𒈣𒅊,,
sangu₄,𒊫,,,𒊫,,𒅍𒂀,,
sangu₅,𒊫,,,𒊫,,𒂵𒍚𒅊,,
sangu₆,𒊫,,,𒊫,,𒂵𒈣𒅊,,
santa,𒀸,,,𒀸,𒀸,𒀸,,
santa2,,,,,,,,
santa3,𒀹,𒀹,,,𒀹,,,
santa4,𒁹,𒁹,,,𒁹,,,
santag,𒀸,,,𒀸,𒀸,𒀸,,
santag2,,,,,,,,
santag3,𒀹,𒀹,,,𒀹,,,
santag4,𒁹,𒁹,,,𒁹,,,
santag₂,,,,,,𒍻,,
santag₃,𒀹,,,𒀹,,𒀹,,
santag₄,𒁹,,,𒁹,,𒁹,,
santak,𒀸,,,𒀸,𒀸,𒀸,,
santak2,,,,,,,,
santak3,𒀹,𒀹,,,𒀹,,,
santak4,𒁹,𒁹,,,𒁹,,,
santak₂,,𒍻,,𒍻,,𒍻,,
santak₃,𒀹,,,𒀹,,𒀹,,
santak₄,𒁹,,,𒁹,,𒁹,,
santan,𒃲𒉌,,,𒃲𒉌,𒃲𒉌,𒃲𒉌,,
santana,𒃲𒉌,,𒃲𒉌,𒃲𒉌,𒃲𒉌,𒃲𒉌,,
santa₂,,,,,,𒍻,,
santa₃,𒀹,,,𒀹,,𒀹,,
santa₄,𒁹,,,𒁹,,𒁹,,
san₂,𒊿,,,𒊿,,𒊿,,
san₃,𒉓,,,𒉓,,𒉓,,
sap,𒉺𒅁,,𒉺𒅁,𒉺𒅁,𒉺𒅁,𒉺𒅁,,
sap2,𒂟,𒂟,,,𒂟,,,
sap3,𒉺𒇻,𒉺𒇻,,,𒉺𒇻,,,
saparu,𒇽𒈨𒂗,,,𒇽𒈨𒂗,,,,
saparu?,,,,,,𒇽𒈨𒂗,,
sap₂,𒂟,,,𒂟,,𒂟,,
sap₃,𒉺𒇻,,,𒉺𒇻,,𒉺𒇻,,
saq,𒊕,,,𒊕,𒊕,𒊕,,
sar,𒊬,,𒊬,𒊬,𒊬,𒊬,,
sar&sar,,𒊬𒊬,,𒊬𒊬,,,,
sar.sag,,,,,𒊬𒊕,,,
sar.sar,,𒊬𒊬,,𒊬𒊬,,,,
sar.ḫu,,,,,𒊬𒄷,,,
sar2,𒊹,𒊹,,,𒊹,,,
sar3,𒉌,𒉌,,,𒉌,,,
sar4,𒋤,𒋤,,,𒋤,,,
sar5,𒈹,𒈹,,,𒈹。𒊑,,,
sar6,𒇡,𒇡,,,𒇡,,,
sar7,𒈜,𒈜,,,𒈜,,,
sar8,𒋧,𒋧,,,𒋧,,,
sar@90,,𒊬,,𒊬,,𒊬,,
sara,𒊬,,𒊬,𒊬,𒊬,𒊬,,
sara2,𒊹,𒊹,,,,,,
saragaₓ,,,,,,𒊕𒄸𒁺,,
sara₂,𒊹,,,𒊹,,𒊹,,
sare2,𒊹,𒊹,,,,,,
sare₂,𒊹,,,𒊹,,𒊹,,
sargad,𒄲,,,𒄲,,𒄲,,
sariₓ,𒊬,,,𒊬,,𒊬,,
sarsa,𒊬𒊬,,,𒊬𒊬,,𒊬𒊬,,
sar×zu&zu,,𒊬𒍪𒍪,,𒊬𒍪𒍪,,,,
sar₂,𒊹,,,𒊹,,𒊹,,
sar₃,𒉌,,,𒉌,,𒉌,,
sar₄,𒋤,,,𒋤,,𒋤,,
sar₅,𒈹,,,𒈹,,𒈹,,
sar₆,𒇡,,,𒇡,,𒇡,,
sar₇,𒈜,,,𒈜,,𒈜,,
sar₈,𒋧,,,𒋧,,𒋧,,
sarₓ,𒉡,,,𒉡,,𒀀𒇒。𒉈。𒌋𒐊,,
sarₓ?,,,,,,𒉡,,
sas,𒋀,,,𒋀,𒆠𒄨,𒆠𒆗,,
sasirra,,,,,𒆐。𒆑。𒉫。𒋺,,,
sasₓ,𒆠,,,𒆠,,𒆠。𒋀,,
sat,𒆳,,𒆳,𒆳,𒆳,𒆳,,
sata,𒆳,,,𒆳,𒆳,𒆳,,
saĝ,,,𒊕,,,,,
saĝ5,,,𒋃,,,,,
saŋ,𒊕,,,𒊕,,𒊕,,
saŋ4,𒈗,𒈗,,,,,,
saŋ5,𒋃,𒋃,,,,,,
saŋa,𒊕,,,𒊕,,𒊕,,
saŋa2,𒊫,𒊫,,,,,,
saŋa3,𒊫,𒊫,,,,,,
saŋa4,𒊫,𒊫,,,,,,
saŋa5,𒊫,𒊫,,,,,,
saŋa6,𒊫,𒊫,,,,,,
saŋa7,𒊫,𒊫,,,,,,
saŋa8,𒋃,𒋃,,,,,,
saŋa₂,𒊫,,,𒊫,,𒊫,,
saŋa₃,𒊫,,,𒊫,,𒅍𒈣𒅊,,
saŋa₄,𒊫,,,𒊫,,𒅍𒂀,,
saŋa₅,𒊫,,,𒊫,,𒂵𒍚𒅊,,
saŋa₆,𒊫,,,𒊫,,𒂵𒈣𒅊,,
saŋa₇,𒊫,,,𒊫,,𒂵𒁆,,
saŋa₈,𒋃,,,𒋃,,𒋃,,
saŋaₓ,𒊫,,,𒊫,,𒂵𒍚。𒂵𒍚𒄭。𒅍𒆤𒂀。𒅍𒈣𒅊,,
saŋdu,𒊗,,,𒊗,,𒊗,,
saŋdudu,,,,,,𒇞,,
saŋduduₓ,,𒇞,,𒇞,,None。𒇝,,
saŋdul,,𒌋𒊕,,𒌋𒊕,,𒌋𒊕,,
saŋdulₓ,,,,,,𒌋𒅗,,
saŋduₓ,,,,,,𒊕,,
saŋesz?,𒈦𒌋𒌋𒌋,𒈦𒌋𒌋𒌋,,,,,,
saŋeš,,,,,,𒈦𒌍,,
saŋeš?,𒈦𒌋𒌋𒌋,,,𒈦𒌋𒌋𒌋,,,,
saŋgidim,𒈦𒌋𒌋,,,𒈦𒌋𒌋,,𒈦𒎙,,
saŋkurini,,,,,,𒂀,,
saŋkurun,,𒁸,,𒁸,,𒁸,,
saŋman,𒈦𒌋𒌋,,,𒈦𒌋𒌋,,𒈦𒎙,,
saŋmasz,𒁁𒆜,𒁁𒆜,,,,,,
saŋmaš,𒁁𒆜,,,𒁁𒆜,,𒁁𒆜,,
saŋmin,𒈦𒌋𒌋,,,𒈦𒌋𒌋,,𒈦𒈫。𒈦𒎙,,
saŋminₓ,𒊧,,,𒊧,,𒊕。𒊧,,
saŋszu,𒌋𒊕,𒌋𒊕,,,,,,
saŋtak,𒀸,,,𒀸,,𒀸,,
saŋtak3,𒀹,𒀹,,,,,,
saŋtak4,𒁹,𒁹,,,,,,
saŋtak₂,,,,,,𒍻,,
saŋtak₃,𒀹,,,𒀹,,𒀹,,
saŋtak₄,𒁹,,,𒁹,,𒁹,,
saŋtaₓ,,,,,,𒀹。𒁹,,
saŋturₓ,,,,,,𒌋𒊕,,
saŋtušₓ,,,,,,𒌋𒊕,,
saŋtuₓ,,,,,,𒌋𒊕,,
saŋus,𒌓𒁺,,,𒌓𒁺,,𒌓𒁺,,
saŋusz,𒌓𒁺,𒌓𒁺,,,,,,
saŋuš,𒌓𒁺,,,𒌓𒁺,,𒌓𒁺,,
saŋ×šid,,𒊠,,𒊠,,,,
saŋŋa,𒋃,,,𒋃,,𒋃,,
saŋŋa2,𒊫,𒊫,,,,,,
saŋŋa3,𒊫,𒊫,,,,,,
saŋŋa4,𒊫,𒊫,,,,,,
saŋŋa5,𒊫,𒊫,,,,,,
saŋŋa6,𒊫,𒊫,,,,,,
saŋŋa7,𒊫,𒊫,,,,,,
saŋŋar,𒊕,,,𒊕,,𒊕,,
saŋŋar2,𒄯,𒄯,,,,,,
saŋŋar₂,𒄯,,,𒄯,,𒄯,,
saŋŋa₂,𒊫,,,𒊫,,𒅍𒈣𒂀,,
saŋŋa₃,𒊫,,,𒊫,,𒅍𒈣𒅊,,
saŋŋa₄,𒊫,,,𒊫,,𒅍𒂀,,
saŋŋa₅,𒊫,,,𒊫,,𒂵𒍚𒅊,,
saŋŋa₆,𒊫,,,𒊫,,𒂵𒈣𒅊,,
saŋŋa₇,𒊫,,,𒊫,,𒂵𒁆,,
saŋŋaₓ,,,,,,𒂍𒁇。𒃻𒋃。𒋃𒃻,,
saŋšagurₓ,,,,,,None,,
saŋšu,𒌋𒊕,,,𒌋𒊕,,𒊕𒋙。𒊕𒌋。𒌋𒊕,,
saŋ₄,𒈗,,,𒈗,,𒈗,,
saŋ₅,𒋃,,,𒋃,,𒋃,,
saŋ₆,,,,,,𒉠,,
saŋₓ,𒌘,,,𒌘,,𒌋𒊭。𒓮,,
saḫ,,,𒆤,,𒆤,,,
saḫ2,,,𒋚,,𒋚,,,
saḫ3,,,,,𒂄,,,
saḫ4,,,,,𒄗,,,
saḫ5,,,,,𒉈,,,
saḫ6,,,,,𒄩𒀀,,,
saḫ7,,,,,𒀄,,,
saḫa6,,,,,𒄩𒀀,,,
saḫa7,,,,,𒀄,,,
saḫab,,,,,𒋗𒁹,,,
saḫab2,,,,,𒋗𒁹𒌍,,,
saḫan,,,,,𒈲,,,
saḫar,,,𒅖,,𒅖,,,
saḫar2,,,,,𒂁𒂡。𒂡。𒊬,,,
saḫardub,,,,,𒅖,,,
saḫarpeš,,,,,𒅖,,,
saṭ,,,,,𒆳,,,
sa₁₀,𒉚,,,𒉚,,𒉚,,
sa₁₁,𒋜,,,𒋜,,𒋜,,
sa₁₂,𒊕,,,𒊕,,𒊕,,
sa₁₃,𒅆𒂟,,,𒅆𒂟,,𒅆𒂟,,
sa₁₄,𒆗,,,𒆗,,𒆗,,
sa₁₅,𒃻,,,𒃻,,,,
sa₁₅?,,,,,,𒃻,,
sa₁₆,𒌓,,,𒌓,,𒌓,,
sa₁₇,𒋙𒉀,,,𒋙𒉀,,𒋙𒉀,,
sa₁₈,𒁉,,,𒁉,,𒁉,,
sa₁₉,𒊮,,,𒊮,,𒊮,,
sa₂,𒁲,,𒁲,𒁲,,𒁲,,
sa₂₀,𒊭,,,𒊭,,𒊭,,
sa₂₁,𒊾,,,𒊾,,𒊾,,
sa₃,𒍝,,,𒍝,,𒍝,,
sa₄,𒄷𒈿,,,𒄷𒈿,,𒄷𒈿,,
sa₅,𒋛𒀀,,,𒋛𒀀,,𒋛𒀀,,
sa₆,𒊷,,,𒊷,,𒊷,,
sa₇,𒅊,,,𒅊,,𒅊,,
sa₇-alan,𒅊𒀩,,,𒅊𒀩,,𒅊𒀩,,
sa₈,𒀭,,,𒀭,,𒀭,,
sa₉,𒈦,,𒈦,𒈦,,𒈦,,
saₓ,𒍠,,,𒍠,,None。𒄗。𒉓。𒉕。𒉜。𒉝。𒉠。𒊬。𒋙𒊓。𒍠,,
se,𒋛,,𒋛,𒋛,𒋛,𒋛,,
se10,𒈹𒁲,𒈹𒁲,,,𒍝𒈹𒁲,,,
se11,𒋝,𒋝,,,𒋝,,,
se12,𒅊,𒅊,,,𒅊,,,
se15,𒊬,𒊬,,,,,,
se2,𒍣,𒍣,𒍣,,𒍣,,,
se20,𒍢,𒍢,,,𒍢,,,
se24,𒈹𒁲,𒈹𒁲,𒀀𒈹,,𒀀𒈹。𒈺,,,
se25,𒈹𒁲,𒈹𒁲,𒈹𒁲,,𒈹𒁲,,,
se26,𒈹𒁲,𒈹𒁲,𒀀𒈹𒁲,,𒀀𒈹𒁲,,,
se27,𒈹,𒈹,𒈹,,𒈹,,,
se28,𒈽,𒈽,,,𒈽,,,
se3,𒋧,𒋧,𒋧,,𒋧,,,
se30,𒈜,𒈜,,,,,,
se8,𒁲,𒁲,,,,,,
se9,𒈹𒁲,𒈹𒁲,𒈻,,𒈻,,,
sed,𒈹𒁲,,𒈹𒁲。𒈻,𒈹𒁲,𒈻,𒈻,,
sed2,,,,,𒋃,,,
sed3,𒈹𒁲,𒈹𒁲,,,𒀀𒈹。𒈺,,,
sed4,𒈹𒁲,𒈹𒁲,𒈹𒁲,,𒈹𒁲,,,
sed5,𒈹𒁲,𒈹𒁲,,,𒀀𒈹𒁲,,,
sed6,𒈹,𒈹,,,𒈹,,,
sed7,𒈽,𒈽,,,𒈽,,,
sed8,𒈹𒁲,𒈹𒁲,,,𒍝𒈹𒁲,,,
sedi,𒈹𒁲,,,𒈹𒁲,𒈻,𒈻,,
sedi3,𒈹𒁲,𒈹𒁲,,,,,,
sedi4,𒈹𒁲,𒈹𒁲,,,,,,
sedi5,𒈹𒁲,𒈹𒁲,,,,,,
sedi6,𒈹,𒈹,,,,,,
sedi7,𒈽,𒈽,,,,,,
sedi8,𒈹𒁲,𒈹𒁲,,,,,,
sedi₃,𒈹𒁲,,,𒈹𒁲,,𒀀𒈹,,
sedi₄,𒈹𒁲,,,𒈹𒁲,,𒈹𒁲,,
sedi₅,𒈹𒁲,,,𒈹𒁲,,𒀀𒈹𒁲,,
sedi₆,𒈹,,,𒈹,,𒈹,,
sedi₇,𒈽,,,𒈽,,𒈽,,
sedi₈,𒈹𒁲,,,𒈹𒁲,,𒍝𒈹𒁲,,
sedx(kad3),,,𒆑,,,,,
sed₃,𒈹𒁲,,,𒈹𒁲,,𒀀𒈹,,
sed₄,𒈹𒁲,,,𒈹𒁲,,𒈹𒁲,,
sed₅,𒈹𒁲,,,𒈹𒁲,,𒀀𒈹𒁲,,
sed₆,𒈹,,,𒈹,,𒈹,,
sed₇,𒈽,,,𒈽,,𒈽,,
sed₈,𒈹𒁲,,,𒈹𒁲,,𒍝𒈹𒁲,,
sedₓ,𒈹𒁲,,,𒈹𒁲,,𒀀。𒆑。𒈼,,
seealsoaš2,,,,,𒑑,,,
seemir,,,,,𒂇,,,
seetug2,,,,,𒉇,,,
seeše3,,,,,𒍥,,,
seg,𒋝,,,𒋝,𒋝,𒋝,,
seg10,𒋧,𒋧,,,𒋧,,,
seg11,𒉺𒃶,𒉺𒃶,,,𒉺𒃶,,,
seg12,,,,,𒈬,,,
seg14,𒊾,𒊾,,,𒅝。𒅲。𒊾,,,
seg15,𒆗,𒆗,,,𒄨,,,
seg16,𒃶,𒃶,,,𒃶,,,
seg17,𒄀,𒄀,,,𒄀。𒆬,,,
seg18,𒆥,𒆥,,,𒆥,,,
seg2,𒋠,𒋠,,,𒋠,,,
seg3,𒉺,𒉺,,,𒉺,,,
seg4,𒋞,𒋞,,,𒋞,,,
seg5,𒅆𒂟,𒅆𒂟,,,𒅆𒂟,,,
seg6,𒊷,𒊷,,,𒊷,,,
seg7,𒅊,𒅊,,,𒅊,,,
seg8,𒃰𒋺𒄑,𒃰𒋺𒄑,,,𒃰𒋺𒄑,,,
seg9,𒋛,𒋛,,,𒋛,,,
segga,𒊾,,,𒊾,𒊾,𒊾,,
segga2,,,,,𒉺,,,
seg₁₀,𒋧,,,𒋧,,𒋧,,
seg₁₁,𒉺𒃶,,,𒉺𒃶,,𒉺𒃶,,
seg₁₄,𒊾,,,𒊾,,𒊾,,
seg₁₅,𒆗,,,𒆗,,𒆗,,
seg₁₆,𒃶,,,𒃶,,𒃶,,
seg₁₇,𒄀,,,𒄀,,𒄀,,
seg₁₈,𒆥,,,𒆥,,𒆥,,
seg₂,𒋠,,,𒋠,,𒋠,,
seg₃,𒉺,,,𒉺,,𒉺,,
seg₄,𒋞,,,𒋞,,𒋞,,
seg₅,𒅆𒂟,,,𒅆𒂟,,𒅆𒂟,,
seg₆,𒊷,,,𒊷,,𒊷,,
seg₇,𒅊,,,𒅊,,𒅊,,
seg₈,𒃰𒋺𒄑,𒃰𒋺𒄑,,,,𒃰𒋺𒄑,,
seg₉,𒋛,,,𒋛,,𒋛,,
seh2,𒆤,𒆤,,,,,,
seh₂,𒆤,,,𒆤,,𒆤,,
sek,𒋝,,,𒋝,,𒋝,,
sel,𒋻,,,𒋻,,𒋻,,
sem,𒋆,,,𒋆,,𒋆,,
sem₃,,𒀚,,𒀚,,𒀚,,
sem₅,,𒀘,,𒀘,,𒀘,,
sennu,,,,,𒌍,,,
sep,𒈨,,,𒈨,,𒈨,,
ser,𒋤,,,𒋤,𒋤,𒋤,,
ser2,𒁍,𒁍,,,,,,
ser3,𒂡,𒂡,𒂡,,𒂡,,,
sermuszszu,𒅊𒋺𒀩,𒅊𒋺𒀩,,,,,,
sermušku,,,,,𒅊𒋺𒀩,,,
sermuššu,𒅊𒋺𒀩,,,𒅊𒋺𒀩,𒅊𒋺𒀩,,,
sermuššu?,,,,,,𒅊𒋺𒀩,,
ser₂,𒁍,,,𒁍,,𒁍,,
ser₃,𒂡,,,𒂡,,𒂡,,
ses,𒋀,,𒋀,𒋀,𒋀,𒋀,,
seḫ,,,,,𒋚,,,
seḫ2,,,,,𒆤,,,
se₁₀,𒈹𒁲,,,𒈹𒁲,,𒍝𒈹𒁲,,
se₁₁,𒋝,,,𒋝,,𒋝,,
se₁₂,𒅊,,,𒅊,,𒅊,,
se₁₅,𒊬,,,𒊬,,𒊬,,
se₂,𒍣,,,𒍣,,𒍣,,
se₂₀,𒍢,,,𒍢,,𒍢,,
se₂₄,𒈹𒁲,,,𒈹𒁲,,𒀀𒈹,,
se₂₅,𒈹𒁲,,,𒈹𒁲,,𒈹𒁲,,
se₂₆,𒈹𒁲,,,𒈹𒁲,,𒀀𒈹𒁲,,
se₂₇,𒈹,,,𒈹,,𒈹,,
se₂₈,𒈽,,,𒈽,,𒈽,,
se₂₉,,𒈹𒁲,,𒈹𒁲,,𒈽𒁲,,
se₃,𒋧,,,𒋧,,𒋧,,
se₃₀,𒈜,,,𒈜,,𒈜,,
se₈,𒁲,,,𒁲,,𒁲,,
se₉,𒈹𒁲,,,𒈹𒁲,,𒈻,,
seₓ,𒈹𒁲,,,𒈹𒁲,,𒈼,,
si,𒋛,,𒋛,𒋛,𒋛,𒋛,,
si.a,,𒋛𒀀,,𒋛𒀀,𒋛𒀀,,,
si.a.bur₂,,𒋛𒀀𒁔,,𒋛𒀀𒁔,,,,
si.giš.pad.dug,,𒋛𒄑𒉻𒂁,,𒋛𒄑𒉻𒂁,,,,
si11,𒋝,𒋝,𒋝,,𒋝,,,
si12,𒅊,𒅊,𒅊,,𒅊,,,
si13,𒉆,𒉆,,,𒉆,,,
si14,𒂁,𒂁,,,𒂁,,,
si15,𒊬,𒊬,,,𒊬。𒋩,,,
si16,,,,,𒋝,,,
si17,𒅆,𒅆,,,𒅆,,,
si18,𒅝,𒅝,,,𒅝。𒅲,,,
si19,𒆉,𒆉,,,𒆉,,,
si2,𒍣,𒍣,𒍣,,𒍣,,,
si20,𒍢,𒍢,𒍢,,𒍢,,,
si21,𒆗,𒆗,,,𒄨,,,
si22,𒄀,𒄀,𒄀,,𒄀。𒆬,,,
si23,𒄢,𒄢,,,𒄢,,,
si29,𒉺,𒉺,,,,,,
si3,𒋧,𒋧,𒋧,,𒋧,,,
si30,𒌁,𒌁,,,,,,
si4,𒋜,𒋜,𒋜,,𒋜,,,
si5,𒅆𒂠,𒅆𒂠,,,𒅆𒂠,,,
si6,𒇻,𒇻,,,𒇻,,,
si7,𒌤,𒌤,𒌤,,𒌣,,,
si8,𒁲,𒁲,,,𒁲,,,
si@g,,𒋜,𒋜,𒋜,,,,
si@g.a,,𒋜𒀀,,𒋜𒀀,,,,
si],,,𒋛,,,,,
sib,𒈨,,𒈨,𒈨,𒈨,𒈨,,
sib2,𒉺𒇻,𒉺𒇻,𒉺𒇻,,𒉺𒇻,,,
sib3,𒍦,𒍦,,,𒍦,,,
siba,𒉺𒇻,,,𒉺𒇻,𒉺𒇻,𒉺𒇻,,
sibad,𒉺𒇻,,,𒉺𒇻,𒉺𒇻,𒉺𒇻,,
sibir,𒌋𒂙,,𒌋𒂙,𒌋𒂙,𒌋𒂘,𒌋𒂙,,
sibir2,𒂙,𒂙,𒂙,,𒂘。𒂙,,,
sibir₂,𒂙,,,𒂙,,𒂙,,
sibsib,,,,,,None,,
sib₂,𒉺𒇻,,,𒉺𒇻,,𒉺𒇻,,
sib₃,𒍦,,,𒍦,,𒍦,,
sid,𒈹𒁲,,𒈻,𒈹𒁲,𒈻,𒈻,,
sid2,𒋃,𒋃,,,𒋃,,,
sidar,,𒅎𒌓,,𒅎𒌓,,𒅎𒌓,,
sidra,𒂡,,,𒂡,,𒂡,,
sidug,𒇂,,𒇂,𒇂,𒇂,𒇂,,
sidug2,𒇄,𒇄,,,𒇄,,,
siduga2,𒇄,𒇄,,,,,,
siduga₂,𒇄,,,𒇄,,𒇄,,
sidugaₓ,𒇢,,,𒇢,,𒇢,,
sidugga,𒇂,,,𒇂,𒇂,𒇂,,
sidugga2,𒇄,𒇄,,,𒇄,,,
sidugga3,𒇢,𒇢,,,,,,
sidugga₂,𒇄,,,𒇄,,𒇄,,
sidugga₃,𒇢,,,𒇢,,𒇢,,
siduggaₓ,,,,,,None,,
sidug₂,𒇄,,,𒇄,,𒇄,,
sid₂,𒋃,,,𒋃,,𒋃,,
sig,𒋝,,𒋝,𒋝,𒋝,𒋝,,
sig.mu.bu,,𒋝𒈬𒁍,,𒋝𒈬𒁍,,,,
sig10,𒋧,𒋧,𒋧,,𒋧,,,
sig11,𒉺𒃶,𒉺𒃶,,,𒉺𒃶,,,
sig12,,,,,𒈬,,,
sig13,,,,,𒋤,,,
sig14,𒊾,𒊾,,,𒅝。𒅲。𒊾,,,
sig15,𒆗,𒆗,,,𒄨,,,
sig16,𒃶,𒃶,,,𒃶,,,
sig17,𒄀,𒄀,𒄀,,𒄀。𒆬,,,
sig17_,,,𒄀,,,,,
sig18,𒆥,𒆥,,,𒆥,,,
sig19,𒊬,𒊬,,,,,,
sig2,𒋠,𒋠,𒋠,,𒋠,,,
sig2+aš,,,,,𒁱,,,
sig2.aš,,,,,𒋠𒀸,,,
sig2.aḫ.me.u,,,,,𒄦,,,
sig2.bu,,,,,𒋠𒁍,,,
sig2.lam,,,,,𒋁,,,
sig2.lam.aḫ.me.u,,,,,𒋠𒇴𒄴𒈨𒌋,,,
sig2.lam.suḫur,,,,,𒋁𒋦,,,
sig2.mu.bu,,,,,𒋠𒈬𒁍,,,
sig2.nun,,,,,𒂞,,,
sig2.sud,,,,,𒋠𒋤,,,
sig2.suḫur,,,,,𒈰,,,
sig2.šab,,,,,𒋠𒉺𒅁,,,
sig3,𒉺,𒉺,𒉺,,𒉺,,,
sig4,𒋞,𒋞,𒋞,,𒋞,,,
sig4.bad,,,,,𒋞𒁁,,,
sig4oversig4.šu2,,,,,𒋟,,,
sig5,𒅆𒂟,𒅆𒂟,𒅆𒂟,,𒅆𒂟,,,
sig6,𒊷,𒊷,𒊷,,𒊷,,,
sig7,𒅊,𒅊,𒅊,,𒅊,,,
sig7.alam,,,,,𒅊𒀩,,,
sig7.kid2.alam,,,,,𒅊𒋺𒀩,,,
sig8,𒃰𒋺𒄑,𒃰𒋺𒄑,𒃰𒋺𒄑,,𒃰𒋺𒄑,,,
sig9,𒋛,𒋛,𒋛,,𒋛,,,
siga,𒋝,,,𒋝,𒋝,𒋝,,
siga18,𒆥,𒆥,𒆥,,,,,
siga4,,,,,𒋞,,,
siga₁₈,𒆥,,,𒆥,,𒆥,,
sigaₓ,𒋙𒉀,,,𒋙𒉀,,𒋙𒉀,,
sigga,𒊾,,,𒊾,𒊾,𒊾,,
sigga2,𒉺,𒉺,,,𒉺,,,
sigga₂,𒉺,,,𒉺,,𒉺,,
signofrepetition,,,,,𒈫,,,
sigunû,,,,,𒁯。𒋜,,,
sig₁₀,𒋧,,,𒋧,,𒋧,,
sig₁₁,𒉺𒃶,,,𒉺𒃶,,𒉺𒃶,,
sig₁₄,𒊾,,,𒊾,,𒊾,,
sig₁₅,𒆗,,,𒆗,,𒆗,,
sig₁₅@v,,𒆗,,𒆗,,𒆗,,
sig₁₆,𒃶,,,𒃶,,𒃶,,
sig₁₇,𒄀,,𒄀,𒄀,,𒄀,,
sig₁₈,𒆥,,,𒆥,,𒆥,,
sig₁₉,𒊬,,,𒊬,,𒊬,,
sig₂,𒋠,,,𒋠,,𒋠,,
sig₃,𒉺,,,𒉺,,𒉺,,
sig₄,𒋞,,𒋞,𒋞,,𒋞,,
sig₄&sig₄.šu₂,,𒋟,,𒋟,,,,
sig₄.idim,,𒋞𒅂,,𒋞𒅂,,,,
sig₄.sig₄.šu₂,,𒋞𒋞𒋙,,𒋞𒋞𒋙,,,,
sig₅,𒅆𒂟,,𒅆𒂟,𒅆𒂟,,𒅆𒂟,,
sig₆,𒊷,,,𒊷,,𒊷,,
sig₇,𒅊,,𒅊,𒅊,,𒅊,,
sig₈,𒃰𒋺𒄑,,,𒃰𒋺𒄑,,𒃰𒋺𒄑,,
sig₉,𒋛,,,𒋛,,𒋛,,
sigₓ,𒍋,,,𒍋,,𒂟。𒅆𒂄。𒅗。𒅗𒆗。𒅝。𒆂。𒉺𒄀。𒊺𒆥。𒌢。𒌵。𒍋,,
sih,𒋚,,,𒋚,,𒋚,,
sih2,𒆤,𒆤,,,,,,
sih4,𒈽,𒈽,,,,,,
sih5,𒄗,𒄗,,,,,,
sih₂,𒆤,,,𒆤,,𒆤,,
sih₄,𒈽,,,𒈽,,𒈽,,
sih₅,𒄗,,,𒄗,,𒄗,,
sik,𒋝,,𒋝,𒋝,𒋝,𒋝,,
sik10,𒋧,𒋧,,,,,,
sik2,𒋠,𒋠,𒋠,,𒋠,,,
siki,𒋠,,𒋠,𒋠,𒋠,𒋠,,
siki2,𒌓,𒌓,,,𒌓,,,
sikil,𒂖,,𒂖,𒂖,𒂖,𒂖,,
sikil_,,,𒂖,,,,,
sikin,𒋠𒇴,,,𒋠𒇴,𒋁,𒋠𒇴,,
siki₂,𒌓,,,𒌓,,𒌓,,
sikiₓ,𒉺𒃶,,,𒉺𒃶,,𒉺𒃶,,
sikkuₓ,,,,,,𒅆𒃻,,
sik₁₀,𒋧,,,𒋧,,𒋧,,
sik₂,𒋠,,,𒋠,,𒋠,,
sik₂.aš,,𒋠𒀸,,𒋠𒀸,,,,
sik₂.bu,,𒋠𒁍,,𒋠𒁍,,,,
sik₂.lam,,𒋠𒇴,,𒋠𒇴,,,,
sik₂.lam.suhur,,𒋠𒇴𒋦,,𒋠𒇴𒋦,,,,
sik₂.mu.bu,,𒋠𒈬𒁍,,𒋠𒈬𒁍,,,,
sik₂.pa.ib,,𒋠𒉺𒅁,,𒋠𒉺𒅁,,,,
sik₂.sud,,𒋠𒋤,,𒋠𒋤,,,,
sik₂.suhur,,𒋠𒋦,,𒋠𒋦,,,,
sil,𒋻,,𒋻,𒋻,𒋻,𒋻,,
sil10,𒂴,𒂴,,,𒂴,,,
sil11,,,,,𒋃,,,
sil2,𒉣,𒉣,,,𒉣,,,
sil3,𒋡,𒋡,,,𒀭𒊨。𒋡,,,
sil4,𒈪,𒈪,,,,,,
sil5,𒂬,𒂬,,,𒂬,,,
sil6,𒂢,𒂢,𒂢,,𒂢,,,
sil7,𒂣,𒂣,𒂣,,𒂣,,,
sil8,𒋓,𒋓,,,𒋓,,,
sil9,𒂤,𒂤,,,𒂤,,,
sila,𒋻,,𒋻,𒋻,𒋻,𒋻,,
sila11,𒋃,𒋃,𒋃,,𒋃,,,
sila3,𒋡,𒋡,𒋡,,𒋡,,,
sila3.šu.du8,,,,,𒋡𒋗𒂃,,,
sila4,𒃢,𒃢,𒃢,,𒃢,,,
sila6,,,,,𒂢,,,
silag,𒋃,,,𒋃,𒋃,𒋃,,
silaku,𒃢,,,𒃢,,𒃢,,
silal,𒂢,,,𒂢,,𒂢,,
silal6,,,,,𒂴,,,
silalₓ,𒂮,,,𒂮,,𒂮,,
silaŋ,𒋃,,,𒋃,,𒋃,,
sila₁₁,𒋃,,,𒋃,,𒋃,,
sila₃,𒋡,,𒋡,𒋡,,𒋡,,
sila₃.gaba,,𒋡𒃮,,𒋡𒃮,,,,
sila₃.šu.gaba,,𒋡𒋗𒃮,,𒋡𒋗𒃮,,,,
sila₄,𒃢,,𒃢,𒃢,,𒃢,,
silaₓ,𒋃,,,𒋃,,None。𒔌,,
silig,𒍂,,𒍂,𒍂,𒍂,𒍂,,
silig2,𒋹,𒋹,𒋹,,𒋳𒌓。𒋹,,,
silig3,𒋸,𒋸,𒋸,,𒋳𒌆。𒋸,,,
silig4,𒋵,𒋵,𒋵,,𒋳𒄞。𒋵,,,
silig5,𒍎,𒍎,𒍎,,𒍎,,,
silig6,𒆂,𒆂,,,𒆂,,,
silig7,𒍂,𒍂,,,𒅭,,,
silig₂,𒋹,,,𒋹,,𒋹,,
silig₃,𒋸,,,𒋸,,𒋸,,
silig₄,𒋵,,,𒋵,,𒋵,,
silig₅,𒍎,,,𒍎,,𒍎,,
silig₆,𒆂,,,𒆂,,𒆂,,
silig₇,𒍂,,,𒍂,,𒅭,,
silim,𒁲,,𒁲,𒁲,𒁲,𒁲,,
silim2,𒆗,𒆗,,,𒄨,,,
silima,𒁲,,,𒁲,𒁲。𒂁𒄨,𒁲,,
silima2,𒆗,𒆗,,,𒄨,,,
silima₂,𒆗,,,𒆗,,𒆗,,
silim₂,𒆗,,,𒆗,,𒆗,,
siliₓ,𒁲,,,𒁲,,𒁲,,
sillal,𒂴,,,𒂴,,𒂴,,
silx,,,,,𒋃,,,
sil₁₀,𒂴,,,𒂴,,𒂴,,
sil₂,𒉣,,,𒉣,,𒉣,,
sil₃,𒋡,,,𒋡,,𒋡,,
sil₄,𒈪,,,𒈪,,𒈪,,
sil₅,𒂬,,,𒂬,,𒂬,,
sil₆,𒂢,,,𒂢,,𒂢,,
sil₇,𒂣,,,𒂣,,𒂣,,
sil₈,𒋓,,,𒋓,,𒋓,,
sil₉,𒂤,,,𒂤,,𒂤,,
silₓ,𒂰,,,𒂰,,None。𒂡。𒂰,,
sim,𒋆,,𒋆,𒋆,𒉆,𒉆,,
sim2,𒋧,𒋧,𒋧,,𒋧,,,
sim3,𒁲,𒁲,,,𒁲,,,
sim4,𒆸,𒆸,,,𒆸,,,
sim5,𒍮,𒍮,,,𒍮,,,
simed,𒀸,,,𒀸,𒀸,𒀸,,
simig,𒁾,,,𒁾,𒁾,𒁾,,
simig3,,,,,𒌡,,,
simig6,,,,,𒅊,,,
simigₓ,,,,,,𒌡,,
simug,𒌣,,𒌣,𒌣,𒌣,𒌣,,
simuggalₓ,𒃲𒌣,,,𒃲𒌣,,𒃲𒌣,,
simugₓ,,,,,,𒌥,,
sim₂,𒋧,,,𒋧,,𒋧,,
sim₃,𒁲,,,𒁲,,𒁲,,
sim₄,𒆸,,,𒆸,,,,
sim₄?,,,,,,𒆸,,
sim₅,𒍮,,,𒍮,,,,
sim₅?,,,,,,𒍮,,
simₓ,𒅢,,,𒅢,,𒅢。𒈪。𒍼,,
sin,𒌍,,𒌍,𒌍,𒌍,𒌍,,
sin2,𒉆,𒉆,𒉆,,𒉆,,,
sin3,𒂗𒍪,𒂗𒍪,,,𒂗𒍪。𒋃,,,
sin₂,𒉆,,,𒉆,,𒉆,,
sin₃,𒂗𒍪,,,𒂗𒍪,,𒂗𒍪,,
sinₓ,𒋃,,,𒋃,,𒋃,,
sip,𒈨,,𒈨,𒈨,𒈨,𒈨,,
sip2,𒉺𒇻,𒉺𒇻,,,𒉺𒇻,,,
sip3,𒍦,𒍦,,,𒍦,,,
sip4,𒉺𒅁,𒉺𒅁,,,𒉺𒅁,,,
sipa,𒉺𒇻,,𒉺𒇻,𒉺𒇻,𒉺𒇻,𒉺𒇻,,
sipa2,𒉺𒅁,𒉺𒅁,,,𒁈。𒉺𒅁,,,
sipad,𒉺𒇻,,𒉺𒇻,𒉺𒇻,𒉺𒇻,𒉺𒇻,,
sipar,𒌓𒅗𒁇,,,𒌓𒅗𒁇,,𒌓𒅗𒁇,,
sipa₂,𒉺𒅁,,,𒉺𒅁,,𒉺𒅁,,
sippar,𒌓𒄒𒉣,,,𒌓𒄒𒉣,,𒌓𒄒𒉣,,
sip₂,𒉺𒇻,,,𒉺𒇻,,𒉺𒇻,,
sip₃,𒍦,,,𒍦,,𒍦,,
sip₄,𒉺𒅁,,,𒉺𒅁,,𒉺𒅁,,
siq,𒋝,,𒋝,𒋝,𒋝,𒋝,,
siqqa,𒉺,,,𒉺,,𒉺,,
siqqaₓ,,,,,,𒊷,,
sir,𒋤,,𒋤,𒋤,𒋤,𒋤,,
sir2,𒁍,𒁍,𒁍,,𒁍,,,
sir3,𒂡,𒂡,𒂡,,𒂡,,,
sir4,𒋓,𒋓,,,𒋓,,,
sir5,𒉡,𒉡,,,𒉡,,,
sir7,,,,,𒍜,,,
sirara,𒀏,,,𒀏,𒀏,𒀏,,
sirara2,𒌓𒈣𒀏𒋓,𒌓𒈣𒀏𒋓,,,𒌓𒈣𒀏𒋓。𒌓𒈣𒀏𒋔,,,
sirara3,𒌓𒈣𒀏𒋳,𒌓𒈣𒀏𒋳,,,𒌓𒈣𒀏𒋳,,,
sirara4,𒌓𒈣𒀏,𒌓𒈣𒀏,,,𒌓𒈣𒀏,,,
sirara5,𒀕,𒀕,,,,,,
sirara6,𒌓𒈣𒀏𒆠𒋳,𒌓𒈣𒀏𒆠𒋳,𒌓𒈣𒀏𒆠𒋳,,𒌓𒈣𒀏𒆠𒋳,,,
siraran,𒀏,,,𒀏,𒀏,𒀏,,
sirara₂,𒌓𒈣𒀏𒋓,,,𒌓𒈣𒀏𒋓,,𒌓𒈣𒀏𒋓,,
sirara₃,𒌓𒈣𒀏𒋳,,,𒌓𒈣𒀏𒋳,,𒌓𒈣𒀏𒋳,,
sirara₄,𒌓𒈣𒀏,,,𒌓𒈣𒀏,,𒌓𒈣𒀏,,
sirara₅,𒀕,,,𒀕,,𒀕,,
sirara₆,𒌓𒈣𒀏𒆠𒋳,,𒌓𒈣𒀏𒆠𒋳,𒌓𒈣𒀏𒆠𒋳,,𒌓𒈣𒀏𒆠𒋳,,
siraraₓ,𒀔,,,𒀔,,𒀏𒋳。𒀔。𒌓𒈣𒀊𒋳。𒌓𒈣𒀔𒋓,,
sirasz,𒋆,𒋆,,,,,,
sirasz2,𒋇,𒋇,,,,,,
sirasz3,𒋋,𒋋,,,,,,
siraš,𒋆,,,𒋆,𒋆,𒋆,,
siraš2,,,,,𒋇,,,
siraš3,,,,,𒋋,,,
siraš₂,𒋇,,,𒋇,,𒋇,,
siraš₃,𒋋,,,𒋋,,𒋋,,
sirda,𒂡,,,𒂡,,𒂡,,
sirig,,,,,,𒉺𒁖X。𒉺𒁣,,
sirim,,,,,𒁚,,,
sirim2,𒂡,𒂡,,,𒂡,,,
sirim₂,𒂡,,,𒂡,,𒂡,,
siris,𒋆,,,𒋆,𒋆。𒋇,𒋆,,
siris2,𒋇,𒋇,,,𒋇,,,
siris3,𒋋,𒋋,,,𒋋,,,
siris4,𒁉,𒁉,,,𒁉,,,
siris5,𒁉𒈪,𒁉𒈪,,,𒁉𒈪,,,
sirisz,𒋆,𒋆,,,,,,
siris₂,𒋇,,,𒋇,,𒋇,,
siris₃,𒋋,,,𒋋,,𒋋,,
siris₄,𒁉,,,𒁉,,𒁉,,
siris₅,𒁉𒈪,,,𒁉𒈪,,𒁉𒈪,,
siriš,𒋆,,,𒋆,,𒋆,,
sirmuszszu,𒅊𒋺𒀩,𒅊𒋺𒀩,,,,,,
sirmušku,,,,,𒅊𒋺𒀩,,,
sirmuššu,𒅊𒋺𒀩,,,𒅊𒋺𒀩,𒅊𒋺𒀩,𒅊𒋺𒀩,,
sirrida,,,,,𒌓𒀭𒌓,,,
sirru,𒉢𒅕,,,𒉢𒅕,𒄑𒋓,𒉢𒅕,,
sirsir,𒁎,,𒁎,𒁎,𒁎。𒁐𒀊,𒁎,,
sirsirₓ,,,,,,𒁐,,
siru,𒋓,,,𒋓,𒋓,𒋓,,
sirum,𒋓,,,𒋓,𒋓,𒋓,,
sir₂,𒁍,,,𒁍,,𒁍,,
sir₃,𒂡,,,𒂡,,𒂡,,
sir₄,𒋓,,,𒋓,,𒋓,,
sir₅,𒉡,,,𒉡,,,,
sir₅?,,,,,,𒉡,,
sis,𒋀,,𒋀,𒋀,𒋀,𒋀,,
sisaₓ,𒁲,,,𒁲,,𒁲,,
sishe,𒄗𒄗,,,𒄗𒄗,,𒄗𒄗,,
sisi,𒀲𒆳𒊏,,𒀲𒆳𒊏,𒀲𒆳𒊏,𒀲𒆳𒊏,𒀲𒆳𒊏,,
sisiₓ,𒀲𒆳,𒀲𒆳,,,,,,
siskur,𒀬,,𒀬,𒀬,𒀬,𒀬,,
siskur.siskur,,,,,𒀬𒀬,,,
siskur2,𒀬𒀬,𒀬𒀬,𒀬𒀬,,,,,
siskur₂,𒀬𒀬,,,𒀬𒀬,,𒀬𒀬,,
siskurₓ,,,,,,𒈭,,
sissigₓ,,,,,,None,,
sissiₓ,𒄀,,,𒄀,,𒄀,,
sisz,𒋀,𒋀,𒋀,,,,,
siszkur,𒀬,𒀬,𒀬,,,,,
siszkur2,𒀬𒀬,𒀬𒀬,𒀬𒀬,,,,,
sit2,𒋃,𒋃,,,𒋃,,,
sit₂,𒋃,,,𒋃,,𒋃,,
siu,𒌤,,,𒌤,𒌣,𒌤,,
sizkur,𒀬,,,𒀬,𒀬,𒀬,,
sizkur2,𒀬𒀬,𒀬𒀬,𒀬𒀬,,,,,
sizkur₂,𒀬𒀬,,,𒀬𒀬,,𒀬𒀬,,
si×tak₄,,𒔼,,𒔼,,,,
siš,𒋀,,,𒋀,𒋀,𒋀,,
siškur,𒀬,,,𒀬,,𒀬,,
siškur2,,,𒀬𒀬,,,,,
siškur₂,𒀬𒀬,,,𒀬𒀬,,𒀬𒀬,,
siḫ,,,,,𒋚,,,
siḫ2,,,,,𒆤,,,
siḫ3,,,,,𒋦,,,
siḫ4,,,,,𒈽,,,
siḫ5,,,,,𒄗,,,
si₁₁,𒋝,,,𒋝,,𒋝,,
si₁₂,𒅊,,,𒅊,,𒅊,,
si₁₃,𒉆,,,𒉆,,𒉆,,
si₁₄,𒂁,,,𒂁,,𒂁,,
si₁₅,𒊬,,,𒊬,,𒊬,,
si₁₇,𒅆,,,𒅆,,𒅆,,
si₁₈,𒅝,,,𒅝,,,,
si₁₈?,,,,,,𒅝,,
si₁₉,𒆉,,,𒆉,,𒆉,,
si₂,𒍣,,,𒍣,,𒍣,,
si₂₀,𒍢,,,𒍢,,𒍢,,
si₂₁,𒆗,,,𒆗,,𒆗,,
si₂₂,𒄀,,,𒄀,,𒄀,,
si₂₃,𒄢,,,𒄢,,𒄢,,
si₂₉,𒉺,,,𒉺,,𒉺,,
si₃,𒋧,,,𒋧,,𒋧,,
si₃₀,𒌁,,,𒌁,,𒌁,,
si₄,𒋜,,𒋜,𒋜,,𒋜,,
si₅,𒅆𒂠,,,𒅆𒂠,,𒅆𒂠,,
si₆,𒇻,,,𒇻,,𒇻,,
si₇,𒌤,,,𒌤,,𒌤,,
si₈,𒁲,,,𒁲,,𒁲,,
siₓ,𒋻,,,𒋻,,𒁍。𒋛𒀀。𒋤。𒋻。𒌈,,
su,𒋢,,𒋢,𒋢,𒋢,𒋢,,
su&su,,𒋣,𒋣,𒋣,,,,
su&su.a,,𒋣𒀀,,𒋣𒀀,,,,
su.a,,𒋢𒀀,,𒋢𒀀,𒋢𒀀,,,
su.edin,,𒋢𒂔,,𒋢𒂔,,,,
su.ki.lu.eš₂.ki,,𒋢𒆠𒇻𒂠𒆠,,𒋢𒆠𒇻𒂠𒆠,,,,
su.kur,,𒋢𒆳,,𒋢𒆳,,,,
su.kur.ru,,𒋢𒆳𒊒,,𒋢𒆳𒊒,𒋢𒆳𒊒,,,
su.lu.ub₂.gar&su.lu.ub₂.gar.šir,,X𒋓,,X𒋓,,,,
su.ru×kur,,𒋢,,𒋢,,,,
su.su,,,,,𒋢𒋢,,,
su10,𒈽,𒈽,,,𒈽,,,
su11,𒅗,𒅗,𒅗,,𒅗,,,
su12,𒋧,𒋧,,,𒋛𒀀。𒋧,,,
su13,𒁍,𒁍,,,𒁍,,,
su14,𒍮,𒍮,,,𒂅。𒍮,,,
su15,𒁉,𒁉,,,𒁉,,,
su16,𒁔,𒁔,,,𒁔,,,
su17,𒂄,𒂄,,,𒂄,,,
su18,𒂅,𒂅,,,𒂅,,,
su19,,,,,𒁺𒁺,,,
su2,𒍪,𒍪,𒍪,,𒍪,,,
su20,𒋆,𒋆,,,𒋆,,,
su3,𒋤,𒋤,𒋤,,𒋤,,,
su4,𒋜,𒋜,𒋜,,𒋜,,,
su4.a,,,,,𒋜𒀀,,,
su5,𒆪,𒆪,,,𒆪,,,
su6,𒅾,𒅾,𒅾,,𒅾,,,
su7,𒇭,𒇭,𒇭,,𒇭,,,
su8,𒁻,𒁻,𒁻,,𒁻,,,
su9,𒋜𒀀,𒋜𒀀,,,𒋜𒀀,,,
su?,,,𒋢,,,,,
sub,𒅢,,𒅢,𒅢,𒅢,𒅢,,
sub2,𒁻,𒁻,,,𒁻,,,
sub3,𒄛,𒄛,,,,,,
sub4,𒅡,𒅡,,,𒅡,,,
sub5,𒈰,𒈰,,,𒈰,,,
sub6,𒋳,𒋳,,,𒋳,,,
sub7,𒊒,𒊒,,,𒊒,,,
suba,𒍝𒈽,,,𒍝𒈽,,𒍝𒈽,,
suba2,𒍝𒈹,𒍝𒈹,,,,,,
suba3,𒈹𒍝,𒈹𒍝,,,,,,
suba4,𒈹,𒈹,,,,,,
subar,𒋚,,,𒋚,𒋚,𒋚,,
subar2,,,,,𒋨,,,
subarrumₓ,𒀴,,,𒀴,,𒀴,,
suba₂,𒍝𒈹,,,𒍝𒈹,,𒍝𒈹,,
suba₃,𒈹𒍝,,,𒈹𒍝,,𒈹𒍝,,
suba₄,𒈹,,,𒈹,,,,
suba₄?,,,,,,𒈹,,
subaₓ,,,,,,𒉺𒇻,,
subi,,𒍝𒈽,,𒍝𒈽,,𒍝𒈽,,
subir,𒋚,,,𒋚,𒋚,𒋚,,
subi₂,,𒍝𒈹,,𒍝𒈹,,𒍝𒈹,,
subi₃,,𒈹𒍝,,𒈹𒍝,,𒈹𒍝,,
subi₄,,𒈹,,𒈹,,𒈹,,
subu,𒋳,,,𒋳,𒋳,𒋳,,
subur,𒋚,,𒋚,𒋚,𒋚,𒋚,,
subur2,𒈛,𒈛,,,𒈛,,,
subur₂,𒈛,,,𒈛,,𒈛,,
suburₓ,𒀴,𒀴。𒋢𒂔,,𒋢𒂔,,𒀴。𒋢𒂔,,
sub₂,𒁻,,,𒁻,,𒁻,,
sub₃,𒄛,,,𒄛,,𒄛,,
sub₄,𒅡,,,𒅡,,𒅡,,
sub₅,𒈰,,,𒈰,,𒈰,,
sub₆,𒋳,,,𒋳,,𒋳,,
sub₇,𒊒,,,𒊒,,𒊒,,
subₓ,𒋃,,,𒋃,,𒁛。𒁺𒁺𒁺𒁺。𒁻𒁻。𒁽𒁽。𒅥。𒆃。𒆉。𒆗。𒈹𒍝。𒉽𒈿。𒋃,,
sud,𒋤,,𒋤,𒋤,𒋤,𒋤,,
sud.nun.eš₂.tu,,𒋤𒉣𒂠𒌅,,𒋤𒉣𒂠𒌅,,,,
sud.nun.še.eš₂,,𒋤𒉣𒊺𒂠,,𒋤𒉣𒊺𒂠,,,,
sud.pa.el,,𒋤𒉺𒂖,,𒋤𒉺𒂖,,,,
sud2,𒋥,𒋥,,,𒋥,,,
sud3,𒋢𒆳𒊒,𒋢𒆳𒊒,𒋢𒆳𒊒,,𒋢𒆳𒊒,,,
sud4,𒁍,𒁍,𒁍,,𒁍。𒆃,,,
sud5,𒂬,𒂬,,,𒂬,,,
sud⁻,,𒋤,,𒋤,,𒋤,,
sud₂,𒋥,,𒋥,𒋥,,𒋥,,
sud₃,𒋢𒆳𒊒,,,𒋢𒆳𒊒,,𒋢𒆳𒊒,,
sud₄,𒁍,,,𒁍,,𒁍,,
sud₅,𒂬,,,𒂬,,𒂬,,
sudₓ,𒋢,,,𒋢,,X𒊒。𒀀𒋢。𒉢。𒋢X。𒋢𒆳。𒍪,,
suen,𒂗𒍪,,𒂗𒍪,𒂗𒍪,𒂗𒍪,𒂗𒍪,,
suena,𒂗𒍪,,,𒂗𒍪,𒂗𒍪,𒂗𒍪,,
sug,𒆹,,𒆹,𒆹,𒆹,𒆹,,
sug10,,,,,𒁺𒁺,,,
sug2,𒁻,𒁻,𒁻,,𒁻,,,
sug3,,,,,𒍇,,,
sug4,𒋤,𒋤,𒋤,,𒋤,,,
sug5,𒂅,𒂅,,,𒂅,,,
sug6,𒋢,𒋢,𒋢,,𒋢,,,
sug7,𒅲,𒅲,,,𒅲,,,
sug8,𒇭,𒇭,,,,,,
sug9,𒉭,𒉭,,,𒉭,,,
sugal,𒍝𒈽𒀕,,,𒍝𒈽𒀕,,𒍝𒈽𒀕,,
sugal2,𒍝𒈹𒀕,𒍝𒈹𒀕,,,,,,
sugal3,𒈹𒀕,𒈹𒀕,,,,,,
sugal4,𒈹𒍝𒀕,𒈹𒍝𒀕,,,,,,
sugal5,𒈹𒀊,𒈹𒀊,,,,,,
sugal6,𒀊𒈹,𒀊𒈹,,,,,,
sugal7,𒈛,𒈛,𒈛,,𒈛,,,
sugal₂,𒍝𒈹𒀕,,,𒍝𒈹𒀕,,𒍝𒈹𒀕,,
sugal₃,𒈹𒀕,,,𒈹𒀕,,𒈹𒀕,,
sugal₄,𒈹𒍝𒀕,,,𒈹𒍝𒀕,,𒈹𒍝𒀕,,
sugal₅,𒈹𒀊,,,𒈹𒀊,,𒈹𒀊,,
sugal₆,𒀊𒈹,,,𒀊𒈹,,𒀊𒈹,,
sugal₇,𒈛,,,𒈛,,𒈛,,
sugin,𒁁,,,𒁁,𒁁,𒁁,,
sugiₓ,𒆹,,,𒆹,,𒆹,,
sugub,,,,,𒀯,,,
sug₂,𒁻,,,𒁻,,𒁻,,
sug₄,𒋤,,,𒋤,,𒋤,,
sug₅,𒂅,,,𒂅,,𒂅,,
sug₆,𒋢,,,𒋢,,𒋢,,
sug₇,𒅲,,,𒅲,,𒅲,,
sug₈,𒇭,,,𒇭,,𒇭,,
sug₉,𒉭,,,𒉭,,,,
sug₉?,,,,,,𒉭,,
sugₓ,𒋤𒉺𒂖,,,𒋤𒉺𒂖,,𒁍。𒁺𒁺。𒁺𒁺𒁺𒁺。𒁻𒁻。𒁽𒁽。𒅗。𒇅。𒉺𒂖X。𒉺𒋤𒂖。𒋤𒉺𒂖,,
suh,𒈽,,𒈽,𒈽,,𒈽,,
suh10,𒈹,𒈹,𒈹,,,,,
suh2,𒋦,𒋦,,,,,,
suh3,𒄗,𒄗,𒄗,,,,,
suh4,𒆤,𒆤,,,,,,
suh5,𒆪,𒆪,𒆪,,,,,
suh6,𒁼,𒁼,,,,,,
suh7,𒈬,𒈬,,,,,,
suhirim,𒇮,,,𒇮,,𒇮,,
suhirin,𒇮,,,𒇮,,𒇮,,
suhub,𒋙𒀯,,,𒋙𒀯,,𒀯𒁇。𒁇𒀯。𒋙𒀯,,
suhub2,𒋙𒀯,𒋙𒀯,,,,,,
suhub3,𒋗𒁹,𒋗𒁹,,,,,,
suhub4,𒋗𒁲𒌋𒌋𒌋,𒋗𒁲𒌋𒌋𒌋,𒋗𒁲𒌋𒌋𒌋,,,,,
suhub5,𒋗𒂵,𒋗𒂵,,,,,,
suhub₂,𒋙𒀯,,,𒋙𒀯,,𒀯,,
suhub₃,𒋗𒁹,,,𒋗𒁹,,𒋗𒁹,,
suhub₄,𒋗𒁲𒌋𒌋𒌋,,,𒋗𒁲𒌋𒌋𒌋,,𒋗𒁲𒌍,,
suhub₅,𒋗𒂵,,,𒋗𒂵,,𒋗𒂵,,
suhubₓ,,𒋗𒁲𒌋𒌋𒌋,,𒋗𒁲𒌋𒌋𒌋,,𒀯。𒋗𒌍𒁲,,
suhul,𒋙𒀯,,,𒋙𒀯,,𒋙𒀭。𒋙𒀯,,
suhul2,𒅎𒂇𒂄,𒅎𒂇𒂄,,,,,,
suhul3,𒅎𒂄𒂇,𒅎𒂄𒂇,,,,,,
suhul₂,𒅎𒂇𒂄,,,𒅎𒂇𒂄,,𒅎𒂇𒂄,,
suhul₃,𒅎𒂄𒂇,,,𒅎𒂄𒂇,,𒅎𒂄𒂇,,
suhur,𒋦,,𒋦,𒋦,,𒋦,,
suhurₓ,,,,,,𒅗,,
suhusz,𒁼,𒁼,𒁼,,,,,
suhusz2,𒉟,𒉟,,,,,,
suhuszₓ,𒌉,𒌉,,,,,,
suhuš,𒁼,,𒁼,𒁼,,𒁼,,
suhuš⁻,,𒁼,,𒁼,,𒁼,,
suhuš₂,𒉟,,,𒉟,,𒊷𒌉,,
suhušₓ,𒌉,,,𒌉,,None。𒉟。𒌉。𒌉𒍑,,
suh₁₀,𒈹,,,𒈹,,𒈹,,
suh₂,𒋦,,,𒋦,,,,
suh₂?,,,,,,𒋦,,
suh₃,𒄗,,,𒄗,,𒄗,,
suh₄,𒆤,,,𒆤,,𒆤,,
suh₅,𒆪,,,𒆪,,𒆪,,
suh₆,𒁼,,,𒁼,,𒁼,,
suh₇,𒈬,,,𒈬,,𒈬,,
suhₓ,𒋳,,,𒋳,,𒈲。𒋳,,
suk,𒆹,,𒆹,𒆹,𒆹,𒆹,,
suk3,𒍇,𒍇,,,𒍇,,,
suk5,,,,,𒂅,,,
sukal,𒈛,,𒈛,𒈛,𒈛,𒈛,,
sukkal,𒈛,,𒈛,𒈛,𒈛,𒈛,,
sukkal2,𒊩𒄸,𒊩𒄸,,,𒊩𒄸,,,
sukkal3,𒊩𒀠,𒊩𒀠,,,𒊩𒀠,,,
sukkalgalₓ,𒃲𒈛,,,𒃲𒈛,,𒃲𒈛,,
sukkal₂,𒊩𒄸,,,𒊩𒄸,,𒊩𒄸,,
sukkal₃,𒊩𒀠,,,𒊩𒀠,,𒊩𒀠,,
suku,,,,,𒆹,,,
suku3,,,,,𒍇,,,
suku4,𒆠𒍇,𒆠𒍇,,,𒆠𒍇,,,
suku5,𒈽,𒈽,𒈽,,𒀉。𒈽,,,
suku6,𒈹,𒈹,𒈹,,𒀉。𒈹,,,
sukud,𒃴,,𒃴,𒃴,𒃴,None,,
sukud2,𒈽,𒈽,,,𒈽,,,
sukud3,𒈹,𒈹,,,𒈹,,,
sukud₂,𒈽,,,𒈽,,𒈽,,
sukud₃,𒈹,,,𒈹,,𒈹,,
sukudₓ,,,,,,None,,
sukumₓ,,,,,,𒍣𒍣𒀀,,
sukusz,𒈹,𒈹,,,,,,
sukux(sukud),,,𒃴,,,,,
sukuš,𒈹,,,𒈹,𒈹,𒈹,,
suku₄,𒆠𒍇,,,𒆠𒍇,,𒆠𒍇,,
suku₅,𒈽,,,𒈽,,𒈽,,
suku₆,𒈹,,,𒈹,,𒈹,,
sukuₓ,𒇸,,,𒇸,,None。𒇸,,
suk₃,𒍇,,,𒍇,,𒍇,,
sul,𒂄,,𒂄,𒂄,𒂄,𒂄,,
sul2,𒉌,𒉌,,,𒉌,,,
sul3,𒅾,𒅾,,,𒅾,,,
sul4,𒇭,𒇭,,,𒇭,,,
sulgar,𒋙𒀯,,,𒋙𒀯,𒋙𒀯,𒋙𒀭。𒋙𒀯,,
suliliₓ,𒉺𒍇,,,𒉺𒍇,,𒉺𒍇,,
sullat,𒅂,,,𒅂,𒁁,𒅂,,
sullat2,𒉺,𒉺,,,𒉺,,,
sullat₂,𒉺,,,𒉺,,𒉺,,
sullim,𒂙,,,𒂙,𒂘。𒂙,𒂙,,
sulu,𒋻,,,𒋻,𒋻,𒋻,,
sulug,𒈜,,,𒈜,𒈜,𒈜,,
suluhu,𒋠𒋤,,,𒋠𒋤,,𒋠𒋤,,
suluhu2,𒋠𒁍,𒋠𒁍,,,,,,
suluhu3,𒍤𒆸,𒍤𒆸,,,,,,
suluhu4,𒆹𒈝,𒆹𒈝,,,,,,
suluhu₂,𒋠𒁍,,,𒋠𒁍,,𒋠𒁍,,
suluhu₃,𒍤𒆸,,,𒍤𒆸,,𒍤𒀀。𒍤𒆸,,
suluhu₄,𒆹𒈝,,,𒆹𒈝,,𒆹𒈝,,
suluhuₓ,𒀀𒍤,,,𒀀𒍤,,𒀀𒍤,,
sululₓ,,,,,,𒇭,,
sulumhi,𒋠𒋤,,,𒋠𒋤,,𒋠𒋤,,
sulumhi2,𒋠𒁍,𒋠𒁍,,,,,,
sulumhi3,𒍤𒆸,𒍤𒆸,,,,,,
sulumhi4,𒆹𒈝,𒆹𒈝,,,,,,
sulumhi₂,𒋠𒁍,,,𒋠𒁍,,𒋠𒁍,,
sulumhi₃,𒍤𒆸,,,𒍤𒆸,,𒍤𒀀。𒍤𒆸,,
sulumhi₄,𒆹𒈝,,,𒆹𒈝,,𒆹𒈝,,
sulummar,𒆠𒊕𒁺,,,𒆠𒊕𒁺,𒆠𒊕𒁺,𒆠𒊕𒁺,,
sulummar₂,,𒆠𒊔𒁺,,𒆠𒊔𒁺,,𒆠𒊔𒁺,,
sulumₓ,𒆠𒊕𒁺,,,𒆠𒊕𒁺,,𒆠𒊕𒁺,,
sulun,𒈜,,,𒈜,,𒈜,,
suluḫu,,,,,𒋠𒋤,,,
suluḫu2,,,,,𒋠𒁍,,,
suluḫu3,,,,,𒍤𒆸,,,
sul₂,𒉌,,,𒉌,,𒉌,,
sul₃,𒅾,,,𒅾,,𒅾,,
sul₄,𒇭,,,𒇭,,𒇭,,
sulₓ,𒅱,,,𒅱,,𒅱,,
sum,𒋧,,𒋧,𒋧,𒋧,𒋧,,
sum2,𒍮,𒍮,𒍮,,𒍮,,,
sum3,𒋢,𒋢,𒋢,,𒋢,,,
sum4,𒅾,𒅾,𒅾,,𒅾,,,
sum5,𒍦,𒍦,,,𒍦,,,
sum6,𒋳,𒋳,𒋳,,𒋳,,,
sumasz,𒋨,𒋨,,,,,,
sumaš,𒋨,,𒋨,𒋨,𒋨,𒋨,,
sumaš.maš,,𒋨𒈦,,𒋨𒈦,,,,
sumaš.me,,𒋨𒈨,,𒋨𒈨,,,,
sumu,𒋧,,,𒋧,𒋧,𒋧,,
sumug,𒌝,,,𒌝,𒁾,𒁾,,
sumug2,𒌠,𒌠,,,𒁾,,,
sumug3,𒌡,𒌡,,,𒌡,,,
sumug4,𒌡𒆸,𒌡𒆸,,,,,,
sumug5,𒌞,𒌞,,,,,,
sumug6,,,,,𒅊,,,
sumugan,𒄊,,,𒄊,𒄊,𒄊,,
sumuganₓ,𒀲𒉺,,,𒀲𒉺,,𒀲。𒀲𒉺,,
sumugga,𒄊,,,𒄊,𒄊,𒄊,,
sumug₂,𒌠,,,𒌠,,𒌠,,
sumug₃,𒌡,,,𒌡,,𒌡,,
sumug₄,𒌡𒆸,,,𒌡𒆸,,𒌡𒆸,,
sumug₅,𒌞,,,𒌞,,𒌞,,
sumugₓ,𒍐𒆸,,,𒍐𒆸,,𒌝。𒌝𒆸。𒍐。𒍐𒆸,,
sumukan,𒄊,,,𒄊,𒄊,𒄊,,
sumun,𒌀,,𒌀,𒌀,𒁁,𒌀,,
sumun2,𒄢,𒄢,𒄢,,𒄢,,,
sumuna2,𒄢,𒄢,,,𒄢,,,
sumuna₂,𒄢,,,𒄢,,𒄢,,
sumunda,𒇰,,,𒇰,,𒇰,,
sumunu2,𒄢,𒄢,,,𒄢,,,
sumunu₂,𒄢,,,𒄢,,𒄢,,
sumun₂,𒄢,,,𒄢,,𒄢,,
sumunₓ,,,,,,𒀖𒌆。𒂠,,
sumuqan,𒄊,,𒄊,𒄊,𒄊,𒄊,,
sumur,𒊨,,𒊨,𒊨,𒊨,𒊨,,
sumur2,𒋦,𒋦,,,𒋦,,,
sumur3,𒈰,𒈰,,,𒈰,,,
sumur⁻,,𒊨,,𒊨,,𒊨,,
sumur₂,𒋦,,,𒋦,,𒋦,,
sumur₃,𒈰,,,𒈰,,𒈰,,
sumurₓ,𒅗,,,𒅗,,𒅗,,
sumuₓ,𒅗,,,𒅗,,𒅗,,
sum{sar},,,𒋧 𒊬,,,,,
sum₂,𒍮,,,𒍮,,𒍮,,
sum₃,𒋢,,,𒋢,,𒋢,,
sum₄,𒅾,,,𒅾,,𒅾,,
sum₅,𒍦,,,𒍦,,𒍦,,
sum₆,𒋳,,,𒋳,,𒋳,,
sumₓ,𒍤𒆸,,,𒍤𒆸,,𒅱。𒆉。𒍤𒆸。𒍧,,
sun,𒌀,,𒌀,𒌀,𒁁,𒌀,,
sun2,𒄢,𒄢,𒄢,,𒄢,,,
sun3,𒋧,𒋧,𒋧,,𒋧,,,
sun4,𒅾,𒅾,𒅾,,𒅾,,,
sun5,𒁔,𒁔,𒁔,,𒁔,,,
sun6,𒊿,𒊿,,,𒊿,,,
sun7,𒆗,𒆗,𒆗,,𒄨,,,
suna,𒌀,,,𒌀,,𒌀,,
suna2,𒄢,𒄢,,,𒄢,,,
suna₂,𒄢,,,𒄢,,𒄢,,
sunaₓ,𒆗,,,𒆗,,𒆗,,
sungin,𒁁,,,𒁁,𒁁,𒁁,,
sun₂,𒄢,,,𒄢,,𒄢,,
sun₃,𒋧,,,𒋧,,𒋧,,
sun₄,𒅾,,,𒅾,,𒅾,,
sun₅,𒁔,,,𒁔,,𒁔,,
sun₅@v,,,,,,𒁔,,
sun₆,𒊿,,,𒊿,,𒊿,,
sun₇,𒆗,,,𒆗,,𒆗,,
sunₓ,𒅱,,,𒅱,,𒅱。𒆭,,
suoversu,,,,,𒋣,,,
sup2,𒁻,𒁻,,,𒁻,,,
sup₂,𒁻,,,𒁻,,,,
sup₂?,,,,,,𒁻,,
suq,𒆹,,,𒆹,𒆹,𒆹,,
sur,𒋩,,𒋩,𒋩,𒋩,𒋩,,
sur10,𒈣𒅊,𒈣𒅊,𒈣𒅊,,𒈣𒅊,,,
sur11,𒆪,𒆪,𒆪,,𒆪,,,
sur12,𒇭,𒇭,,,𒇭,,,
sur14,𒊕,𒊕,,,𒊕,,,
sur2,𒊨,𒊨,𒊨,,𒊨,,,
sur3,𒄮,𒄮,𒄮,,𒄮,,,
sur4,𒊯,𒊯,,,𒊯,,,
sur5,𒇲,𒇲,,,𒇲,,,
sur6,𒆠𒃲,𒆠𒃲,,,𒆠𒃲,,,
sur7,𒆠𒆕,𒆠𒆕,,,𒆠𒆕,,,
sur8,𒇡,𒇡,,,𒇡,,,
sur9,𒋪,𒋪,𒋪,,𒋪,,,
sura,𒋩,,,𒋩,𒈣𒅊。𒋪,𒋩,,
sura10,𒈣𒅊,𒈣𒅊,,,𒈣𒅊,,,
sura12,𒇭,𒇭,,,𒇭,,,
sura13,𒂠𒅗,𒂠𒅗,,,𒂠𒅗,,,
sura9,𒋪,𒋪,,,𒋪,,,
sura₁₀,𒈣𒅊,,,𒈣𒅊,,𒈣𒅊,,
sura₁₂,𒇭,,,𒇭,,𒇭,,
sura₁₃,𒂠𒅗,,,𒂠𒅗,,𒂠𒅗,,
sura₉,𒋪,,,𒋪,,𒋪,,
surengal,𒀀𒇉𒌓𒉣𒆠,,,𒀀𒇉𒌓𒉣𒆠,,𒀀𒇉𒌓𒉣𒆠,,
surgal,𒀀𒇉𒌓𒉣𒆠,,,𒀀𒇉𒌓𒉣𒆠,,𒀀𒇉𒌓𒉣𒆠,,
suri,𒌈,,,𒌈,,𒌈,,
surra13,𒂠𒅗,𒂠𒅗,,,𒂠𒅗,,,
surra₁₃,𒂠𒅗,,,𒂠𒅗,,𒂠𒅗,,
surraₓ,,,,,,𒈣𒇺,,
surru,𒋪,,,𒋪,𒋩。𒋪,𒋪,,
surru2,𒈣𒅊,𒈣𒅊,,,𒈣𒅊,,,
surru₂,𒈣𒅊,,,𒈣𒅊,,𒈣𒅊,,
surruₓ,,,,,,None,,
suru5,𒇲,𒇲,,,𒇲,,,
suruen,𒂗𒋀,,,𒂗𒋀,,𒂗𒋀,,
suruengal,𒌓𒉣,,,𒌓𒉣,𒌓𒉣,𒌓𒉣,,
surugal,𒌓𒉣,,,𒌓𒉣,𒌓𒉣,𒌓𒉣,,
surum,𒉣𒇬,,,𒉣𒇬,𒉣𒇬,𒉣𒇬,,
surungal,𒌓𒉣,,,𒌓𒉣,,𒌓𒉣,,
surungalₓ,,,,,,𒂟𒉣𒈾,,
suru₅,𒇲,,,𒇲,,𒇲,,
surx(erim),,,𒂟,,,,,
sur₁₀,𒈣𒅊,,,𒈣𒅊,,𒈣𒅊,,
sur₁₁,𒆪,,,𒆪,,𒆪,,
sur₁₂,𒇭,,,𒇭,,𒇭,,
sur₁₄,𒊕,,,𒊕,,𒊕,,
sur₂,𒊨,,,𒊨,,𒊨,,
sur₂⁻,,𒊨,,𒊨,,𒊨,,
sur₃,𒄮,,,𒄮,,𒄮,,
sur₄,𒊯,,,𒊯,,𒊯,,
sur₅,𒇲,,,𒇲,,𒇲,,
sur₆,𒆠𒃲,,,𒆠𒃲,,𒆠𒃲,,
sur₇,𒆠𒆕,,,𒆠𒆕,,𒆠𒆕,,
sur₈,𒇡,,,𒇡,,𒇡,,
sur₉,𒋪,,,𒋪,,𒋪,,
surₓ,𒍚,,,𒍚,,None。𒀫。𒁍。𒂟。𒄯。𒄴。𒆸。𒇲𒆸。𒇳𒌆。𒊊。𒌨。𒍚。󰁦,,
surₓ?,,,,,,𒉡,,
sus,𒈽,,,𒈽,𒈽,𒈽,,
sus2,𒈹,𒈹,,,𒈹,,,
susan,𒈹𒂞,,,𒈹𒂞,,𒈹𒂞,,
susbu,𒈽𒁍,,,𒈽𒁍,𒈽𒁍,𒈽𒁍,,
susbu2,𒈽,𒈽,,,𒈽,,,
susbu3,𒈹𒁍,𒈹𒁍,,,𒈹𒁍,,,
susbu4,𒈹,𒈹,,,𒈹,,,
susbu₂,𒈽,,,𒈽,,𒈽,,
susbu₃,𒈹𒁍,,,𒈹𒁍,,𒈹𒁍,,
susbu₄,𒈹,,,𒈹,,𒈹,,
susin,,𒈹𒂞,,𒈹𒂞,,𒈹𒂞,,
susina,,𒈹𒂞,,𒈹𒂞,,𒈹𒂞,,
suslug,𒋗𒈜,,,𒋗𒈜,𒋗𒈜,𒋗𒈜,,
susu,𒋥,,,𒋥,𒋥,,,
susu?,,,,,,𒋥,,
susugₓ,,,,,,𒉺𒁍𒂖。𒉺𒂖,,
susz,𒆪,𒆪,,,,,,
susz2,𒉌,𒉌,,,,,,
susz3,𒁍,𒁍,,,,,,
suszbu,𒈽,𒈽,,,,,,
suszₓ,𒅖,𒅖,,,,,,
sus₂,𒈹,,,𒈹,,𒈹,,
susₓ,𒋥,,,𒋥,,𒊺𒉇。𒋥,,
sutu,𒑏,,,𒑏,𒄑𒑏,𒁇。𒑏,,
sutₓ,,,,,,𒑏,,
suxa,,,,,𒊿,,,
suz,𒈽,,,𒈽,𒈽,𒈽,,
suz2,𒈹,𒈹,,,,,,
suzbi,,,,,𒈽𒁍,,,
suzbu,𒈽𒁍,,,𒈽𒁍,𒈽𒁍,𒈽𒁍,,
suzbu2,𒈽,𒈽,,,𒈽,,,
suzbu3,𒈹𒁍,𒈹𒁍,,,𒈹𒁍,,,
suzbu4,,,,,𒈹,,,
suzbu₂,𒈽,,,𒈽,,𒈽,,
suzbu₃,𒈹𒁍,,,𒈹𒁍,,𒈹𒁍,,
suz₂,𒈹,,,𒈹,,𒈹,,
su{ki},,,𒋢 𒆠,,,,,
su×a,,𒊿,,𒊿,,,,
suš,𒆪,,,𒆪,𒆪,𒆪,,
suš2,,,,,𒉌,,,
suš3,,,,,𒁍,,,
sušbu,𒈽,,,𒈽,,𒈽,,
suš₂,𒉌,,,𒉌,,𒉌,,
suš₃,𒁍,,,𒁍,,𒁍,,
sušₓ,𒅖,,,𒅖,,𒅖,,
suḫ,,,𒈽,,𒈽,,,
suḫ10,,,,,𒈹,,,
suḫ2,,,,,𒋦,,,
suḫ3,,,𒄗,,𒄗。𒋦,,,
suḫ4,,,,,𒆤,,,
suḫ5,,,,,𒆪,,,
suḫ6,,,,,𒁼,,,
suḫ7,,,,,𒈬,,,
suḫ8,,,,,𒉈,,,
suḫ;,,,𒈽,,,,,
suḫirim,,,,,𒇮,,,
suḫirin,,,,,𒇮,,,
suḫub,,,,,𒀯。𒋙𒀯,,,
suḫub3,,,,,𒋗𒁹,,,
suḫub4,,,,,𒋗𒁲,,,
suḫub5,,,,,𒋗𒂵,,,
suḫul,,,,,𒋙𒀯,,,
suḫul2,,,,,𒉎𒂆𒂄,,,
suḫul3,,,,,𒉎𒂄𒂆,,,
suḫur,,,𒋦,,𒋦,,,
suḫuš,,,𒁼,,𒁼,,,
suḫuš.suḫuš,,,,,𒁼𒁼,,,
suḫušx,,,,,𒌮,,,
suḫḫus,,,,,𒊷𒌉,,,
suḫ₅,,,𒆪,,,,,
su₁₀,𒈽,,,𒈽,,𒈽,,
su₁₁,𒅗,,,𒅗,,𒅗,,
su₁₂,𒋧,,,𒋧,,𒋧,,
su₁₃,𒁍,,,𒁍,,𒁍,,
su₁₄,𒍮,,,𒍮,,𒍮,,
su₁₅,𒁉,,,𒁉,,𒁉,,
su₁₆,𒁔,,,𒁔,,𒁔,,
su₁₇,𒂄,,,𒂄,,𒂄,,
su₁₈,𒂅,,,𒂅,,𒂅,,
su₂,𒍪,,,𒍪,,𒍪,,
su₂₀,𒋆,,,𒋆,,𒋆,,
su₃,𒋤,,𒋤,𒋤,,𒋤,,
su₃⁻,,𒋤,,𒋤,,𒋤,,
su₄,𒋜,,𒋜,𒋜,,𒋜,,
su₅,𒆪,,,𒆪,,𒆪,,
su₆,𒅾,,,𒅾,,𒅾,,
su₇,𒇭,,,𒇭,,𒇭,,
su₈,𒁻,,,𒁻,,𒁻,,
su₉,𒋜𒀀,,,𒋜𒀀,,𒋜𒀀,,
suₓ,𒋳,,,𒋳,,None。𒁺。𒁺𒁺𒁺𒁺。𒁻𒁻。𒁽𒁽。𒂞。𒅱。𒆸。𒈪。𒈲。𒉺𒂖X。𒋳,,
sz,,,š,,,,,
sz#,,,š,,,,,
sza,𒊭,𒊭,𒊭,,,,,
sza10,𒊓,𒊓,,,,,,
sza11,𒇽,𒇽,,,,,,
sza12,𒊩,𒊩,,,,,,
sza13,𒂷,𒂷,,,,,,
sza15,𒅆𒂟,𒅆𒂟,,,,,,
sza16,𒂠,𒂠,,,,,,
sza17,𒅇,𒅇,,,,,,
sza18,𒁲,𒁲,,,,,,
sza2,𒃻,𒃻,𒃻,,,,,
sza21,𒁉,𒁉,,,,,,
sza22,𒄷𒈿,𒄷𒈿,,,,,,
sza23,𒁈,𒁈,,,,,,
sza24,𒊕,𒊕,,,,,,
sza26,𒊳,𒊳,,,,,,
sza3,𒊮,𒊮,𒊮,,,,,
sza3_,,,𒊮,,,,,
sza4,𒁺,𒁺,𒁺,,,,,
sza5,𒀝,𒀝,,,,,,
sza6,𒊷,𒊷,,,,,,
sza7,𒊑,𒊑,,,,,,
sza8,𒊬,𒊬,,,,,,
sza9,𒄣,𒄣,,,,,,
szab,𒉺𒅁,𒉺𒅁,𒉺𒅁,,,,,
szab0,𒊸,𒊸,,,,,,
szab2,𒊮,𒊮,,,,,,
szab4,𒈨,𒈨,,,,,,
szab5,𒉺𒇻,𒉺𒇻,,,,,,
szab6,𒊸,𒊸,,,,,,
szaba,𒉺𒅁,𒉺𒅁,,,,,,
szabalbal,𒆰,𒆰,,,,,,
szabra,𒉺𒀠,𒉺𒀠,𒉺𒀠,,,,,
szabra2,𒉺𒂍,𒉺𒂍,,,,,,
szabra{ki},,,𒉺𒀠 𒆠,,,,,
szabu,𒌁,𒌁,,,,,,
szabuₓ,𒄔,𒄔,,,,,,
szad,𒆳,𒆳,𒆳,,,,,
szad2,𒈬,𒈬,,,,,,
szada,𒆳,𒆳,,,,,,
szadi,𒆳,𒆳,,,,,,
szadu,𒆳,𒆳,,,,,,
szag,𒊕,𒊕,𒊕,,,,,
szag3,𒉺,𒉺,,,,,,
szag4,𒊮,𒊮,𒊮,,,,,
szag5,𒊷,𒊷,𒊷,,,,,
szag6,𒋝,𒋝,,,,,,
szaga,𒈂,𒈂,𒈂,,,,,
szagan,𒌋𒃶,𒌋𒃶,,,,,,
szaganₓ,𒂼,𒂼,,,,,,
szagar,𒅥,𒅥,,,,,,
szagaₓ,𒇽,𒇽,,,,,,
szaggin,𒄊𒀴,𒄊𒀴,,,,,,
szaggina,𒄊𒀴,𒄊𒀴,,,,,,
szagginₓ,𒀲𒀴,𒀲𒀴,,,,,,
szagia,𒋡𒋗𒃮,𒋡𒋗𒃮,,,,,,
szagina,𒄊𒀴,𒄊𒀴,𒄊𒀴,,,,,
szagₓ,𒌋𒆤,𒌋𒆤,,,,,,
szah,𒋚,𒋚,𒋚,,,,,
szah2,𒂄,𒂄,𒂄,,,,,
szah3,𒆤,𒆤,,,,,,
szaha,𒋚,𒋚,,,,,,
szahab,𒋗𒁹,𒋗𒁹,,,,,,
szahab2,𒋗𒁲𒌋𒌋𒌋,𒋗𒁲𒌋𒌋𒌋,,,,,,
szahan,𒆳,𒆳,,,,,,
szahan2,𒈲,𒈲,,,,,,
szahan3,𒂄,𒂄,,,,,,
szak,𒊕,𒊕,𒊕,,,,,
szak6,𒋝,𒋝,,,,,,
szak7,𒌉,𒌉,,,,,,
szakaka,𒆠𒇴,𒆠𒇴,,,,,,
szakan,𒌋𒃶,𒌋𒃶,,,,,,
szakan2,𒄊,𒄊,,,,,,
szakan3,𒀲,𒀲,,,,,,
szakan4,𒀲𒀭,𒀲𒀭,,,,,,
szakan5,𒉮,𒉮,,,,,,
szakan6,𒄊𒀴,𒄊𒀴,,,,,,
szakanka,𒆠𒇴,𒆠𒇴,,,,,,
szakanₓ,𒀲𒉺,𒀲𒉺,,,,,,
szakar,𒊬,𒊬,𒊬,,,,,
szakir,𒍀,𒍀,,,,,,
szakir3,𒌼,𒌼,,,,,,
szakira,𒍀,𒍀,,,,,,
szakira2,𒆠𒀭𒌓,𒆠𒀭𒌓,,,,,,
szakira3,𒌼,𒌼,,,,,,
szakiri,𒍀,𒍀,,,,,,
szakirₓ,𒆠𒀭𒌓,𒆠𒀭𒌓,,,,,,
szakkan,𒌋𒃶,𒌋𒃶,,,,,,
szakkan2,𒄊,𒄊,,,,,,
szakkan6,𒀲𒀴,𒀲𒀴,,,,,,
szakkan7,𒂼,𒂼,,,,,,
szakkana,𒄊𒀴,𒄊𒀴,,,,,,
szakₓ,𒌋𒆤,𒌋𒆤,,,,,,
szal,𒊩,𒊩,𒊩,,,,,
szal2,𒋡,𒋡,𒋡,,,,,
szal3,𒉌,𒉌,,,,,,
szalam2,𒉦,𒉦,,,,,,
szalambi,𒊮,𒊮,,,,,,
szalambiₓ,𒊮𒄑𒊬,𒊮𒄑𒊬,,,,,,
szallam,𒉦,𒉦,,,,,,
szallam2,𒉦,𒉦,,,,,,
szallur,𒄒,𒄒,,,,,,
szam,𒌑,𒌑,𒌑,,,,,
szam2,𒉚,𒉚,𒉚,,,,,
szam3,𒉓,𒉓,𒉓,,,,,
szam4,𒉆,𒉆,,,,,,
szamagₓ,𒅊,𒅊,,,,,,
szaman+,𒂠𒋤𒉣𒂠𒌅,𒂠𒋤𒉣𒂠𒌅,,,,,,
szaman2,𒌋𒃶,𒌋𒃶,𒌋𒃶,,,,,
szamanur,𒅖𒍏,𒅖𒍏,,,,,,
szamanur+,𒂠𒋤𒉣𒂠𒌅,𒂠𒋤𒉣𒂠𒌅,,,,,,
szamasz,𒌓,𒌓,𒌓,,,,,
szamasz2,𒌋𒌋,𒌋𒌋,,,,,,
szamnu,𒉌,𒉌,,,,,,
szan,𒉓,𒉓,,,,,,
szan2,𒋳,𒋳,,,,,,
szanaba,𒑛,𒑛,,,,,,
szanabaku2,𒐏,𒐏,,,,,,
szanabi,𒑛,𒑛,,,,,,
szanabi2,𒐏,𒐏,,,,,,
szanapi,𒑛,𒑛,,,,,,
szandan,𒃲𒉌,𒃲𒉌,,,,,,
szandana,𒃲𒉌,𒃲𒉌,,,,,,
szandilimma,𒆯,𒆯,,,,,,
szanga,𒋃,𒋃,,,,,,
szanga7,𒉺𒊷,𒉺𒊷,,,,,,
szanna,𒃷𒁍,𒃷𒁍,,,,,,
szantag,𒁹,𒁹,,,,,,
szantak,𒁹,𒁹,,,,,,
szap,𒉺𒅁,𒉺𒅁,𒉺𒅁,,,,,
szap0,𒊸,𒊸,,,,,,
szap5,𒉺𒇻,𒉺𒇻,,,,,,
szap6,𒊸,𒊸,,,,,,
szapra,𒉺𒀠,𒉺𒀠,,,,,,
szapra2,𒉺𒂍,𒉺𒂍,,,,,,
szaq,𒊕,𒊕,𒊕,,,,,
szaqa,𒁉𒈜,𒁉𒈜,,,,,,
szaqa2,𒋏,𒋏,,,,,,
szaqu,𒁉𒈜,𒁉𒈜,,,,,,
szaqu2,𒋏,𒋏,,,,,,
szaqu3,𒄣,𒄣,,,,,,
szaqum,𒁉𒈜,𒁉𒈜,,,,,,
szar,𒊬,𒊬,𒊬,,,,,
szar'u,𒄶,𒄶,,,,,,
szar2,𒊹,𒊹,𒊹,,,,,
szar2@c,𒊹,𒊹,,,,,,
szar3,𒈗,𒈗,𒈗,,,,,
szar4,𒌋𒌋,𒌋𒌋,𒌋𒌋,,,,,
szar5,𒅎,𒅎,,,,,,
szar6,𒁈,𒁈,,,,,,
szar7,𒋻,𒋻,,,,,,
szar8,𒉌,𒉌,,,,,,
szara,𒁈,𒁈,,,,,,
szara2,𒇋,𒇋,𒇋,,,,,
szara3,𒇣,𒇣,,,,,,
szara4,𒇆,𒇆,,,,,,
szara5,𒅎,𒅎,,,,,,
szara6,𒊹,𒊹,,,,,,
szara7,𒊬,𒊬,,,,,,
szarag,𒌓,𒌓,,,,,,
szaragₓ,𒌓𒊬,𒌓𒊬,,,,,,
szaran,𒁙,𒁙,,,,,,
szaran2,𒁬,𒁬,,,,,,
szarap,𒆗𒂔,𒆗𒂔,,,,,,
szaraₓ,𒌓𒊬,𒌓𒊬,,,,,,
szardisz,𒄱,𒄱,,,,,,
szargad,𒄲,𒄲,,,,,,
szargadu,𒄲,𒄲,,,,,,
szargal,𒊹,𒊹,,,,,,
szargaldisz,𒐲,𒐲,,,,,,
szargalmin,𒐳,𒐳,,,,,,
szargesz,𒄱,𒄱,,,,,,
szarin,𒁬,𒁬,,,,,,
szarra,𒈗,𒈗,,,,,,
szarru,𒈗,𒈗,𒈗,,,,,
szarru2,𒌋𒌋,𒌋𒌋,,,,,,
szarrum,𒈗,𒈗,,,,,,
szaru,𒄶,𒄶,,,,,,
szarₓ,𒉈,𒉈,,,,,,
szas,𒋀,𒋀,,,,,,
"szas,",𒋀,𒋀,,,,,,
szasuk,𒊕𒂅,𒊕𒂅,,,,,,
szasz,𒋀,𒋀,,,,,,
szaszamanur,𒅖𒍏,𒅖𒍏,,,,,,
szaszki,𒁍,𒁍,,,,,,
szaszku,𒁍,𒁍,,,,,,
szat,𒆳,𒆳,𒆳,,,,,
"szat,",𒆳,𒆳,,,,,,
"szat,am",𒈜,𒈜,,,,,,
szata,𒆳,𒆳,,,,,,
szatam,𒈜,𒈜,,,,,,
szattam,𒈜,𒈜,,,,,,
szaŋa,𒈂,𒈂,,,,,,
szaŋan,𒌋𒃶,𒌋𒃶,,,,,,
szaŋar,𒅥,𒅥,,,,,,
szaŋaₓ,𒇽,𒇽,,,,,,
sze,𒊺,𒊺,𒊺,,,,,
sze10,𒆪,𒆪,,,,,,
sze11,𒈜,𒈜,,,,,,
sze12,𒈹𒁲,𒈹𒁲,𒀀𒈹,,,,,
sze13,𒁺,𒁺,,,,,,
sze14,𒋃,𒋃,,,,,,
sze15,𒌁,𒌁,,,,,,
sze16,𒋀,𒋀,,,,,,
sze17,𒈹𒁲,𒈹𒁲,,,,,,
sze18,𒈹𒁲,𒈹𒁲,,,,,,
sze19,𒋧,𒋧,,,,,,
sze2,𒋛,𒋛,𒋛,,,,,
sze20,𒅆,𒅆,𒅆,,,,,
sze21,𒄷𒈿,𒄷𒈿,𒄷𒈿,,,,,
sze22,𒂞,𒂞,𒂞,,,,,
sze23,𒈹,𒈹,,,,,,
sze24,𒈽,𒈽,,,,,,
sze25,𒆂,𒆂,𒆂,,,,,
sze26,𒅝,𒅝,𒅝,,,,,
sze27,𒋞,𒋞,,,,,,
sze28,𒅗,𒅗,,,,,,
sze29,𒈂,𒈂,,,,,,
sze3,𒂠,𒂠,𒂠,,,,,
sze3-munu4,𒂠𒉽𒉽,𒂠𒉽𒉽,,,,,,
sze4,𒈹𒁲,𒈹𒁲,,,,,,
sze5,𒈹𒁲,𒈹𒁲,,,,,,
sze6,𒉈,𒉈,,,,,,
sze7,𒀀𒀭,𒀀𒀭,,,,,,
sze8,𒋁,𒋁,𒋁,,,,,
sze9,𒋙𒀭,𒋙𒀭,,,,,,
sze_,,,𒊺,,,,,
szeb,𒈨,𒈨,,,,,,
szeb4,𒋞,𒋞,,,,,,
szed,𒋃,𒋃,,,,,,
szed10,𒈹𒁲,𒈹𒁲,,,,,,
szed11,𒈹𒁲,𒈹𒁲,,,,,,
szed12,𒈹,𒈹,,,,,,
szed13,𒈽,𒈽,,,,,,
szed14,𒆂,𒆂,,,,,,
szed15,𒅝,𒅝,,,,,,
szed16,𒋞,𒋞,,,,,,
szed17,𒅗,𒅗,,,,,,
szed3,𒉫,𒉫,,,,,,
szed4,𒆑,𒆑,,,,,,
szed5,𒆒,𒆒,,,,,,
szed6,𒆪,𒆪,,,,,,
szed7,𒈹𒁲,𒈹𒁲,𒈻,,,,,
szed8,𒈹𒁲,𒈹𒁲,,,,,,
szed9,𒈹𒁲,𒈹𒁲,,,,,,
szedu,𒆗,𒆗,,,,,,
szedu2,𒌜,𒌜,,,,,,
szedu3,𒀆,𒀆,,,,,,
szedur,𒇤,𒇤,,,,,,
szedₓ,𒈹𒁲,𒈹𒁲,,,,,,
szeg10,𒆂,𒆂,,,,,,
szeg11,𒅝,𒅝,,,,,,
szeg12,𒋞,𒋞,𒋞,,,,,
szeg13,𒅗,𒅗,,,,,,
szeg14,𒅎𒀀𒀭,𒅎𒀀𒀭,,,,,,
szeg3,𒀀𒀭,𒀀𒀭,,,,,,
szeg4,𒀀𒋙𒉀,𒀀𒋙𒉀,,,,,,
szeg5,𒍋,𒍋,𒍋,,,,,
szeg6,𒉈,𒉈,,,,,,
szeg7,𒅎,𒅎,𒅎,,,,,
szeg8,𒋙𒉀,𒋙𒉀,,,,,,
szeg9,𒊾,𒊾,,,,,,
szega9,𒊾,𒊾,,,,,,
szegga,𒊾,𒊾,,,,,,
szegₓ,𒍉,𒍉,,,,,,
szeh,𒋚,𒋚,,,,,,
szej6,,,𒉈,,,,,
szek,𒋝,𒋝,,,,,,
szek2,𒋠,𒋠,𒋠,,,,,
szeknu,𒅖𒍏,𒅖𒍏,,,,,,
szel,𒋻,𒋻,,,,,,
szel4,𒊩,𒊩,,,,,,
szem,𒋆,𒋆,𒋆,,,,,
szem3,𒀚,𒀚,𒀚,,,,,
szem4,𒀙,𒀙,,,,,,
szem5,𒀘,𒀘,,,,,,
szem6,𒀛,𒀛,,,,,,
szem7,𒅖𒍏,𒅖𒍏,,,,,,
szembi,𒋍,𒋍,,,,,,
szembi2,𒋆,𒋆,,,,,,
szembi3,𒁌,𒁌,,,,,,
szembirida,𒌑𒆳𒊏,𒌑𒆳𒊏,,,,,,
szembizi,𒋆,𒋆,,,,,,
szembizid,𒋆,𒋆,,,,,,
szembulug,𒁒,𒁒,,,,,,
szembulug3,𒋌,𒋌,,,,,,
szembulug4,𒋈,𒋈,,,,,,
szembulug5,𒋉,𒋉,,,,,,
szembulugₓ,𒋎,𒋎,,,,,,
szemeszal,𒋑,𒋑,,,,,,
szemmiszla,𒋑,𒋑,,,,,,
szemmug,𒋉,𒋉,,,,,,
szemszala,𒋑,𒋑,,,,,,
szemusz,𒊺𒋀,𒊺𒋀,,,,,,
szemₓ,𒉈,𒉈,,,,,,
szen,𒊿,𒊿,𒊿,,,,,
szen#,,,𒊿,,,,,
szen2,𒍏,𒍏,,,,,,
szen3,𒉆,𒉆,,,,,,
szen4,𒁾,𒁾,,,,,,
szen5,𒅖𒍏,𒅖𒍏,,,,,,
szen6,𒅖,𒅖,,,,,,
szenbar,𒊾,𒊾,,,,,,
szendilima,𒆯,𒆯,,,,,,
szennu,𒂗𒈨𒀜𒆬,𒂗𒈨𒀜𒆬,,,,,,
szennur,𒄒,𒄒,,,,,,
szenₓ,𒊾,𒊾,,,,,,
szep,𒈨,𒈨,,,,,,
szeq2,𒋠,𒋠,,,,,,
szer,𒋓,𒋓,,,,,,
szer10,𒈲,𒈲,,,,,,
szer11,𒄊𒁇,𒄊𒁇,,,,,,
szer2,𒁍,𒁍,,,,,,
szer3,𒂡,𒂡,𒂡,,,,,
szer4,𒍜,𒍜,,,,,,
szer7,𒉪,𒉪,𒉪,,,,,
szer9,𒊬,𒊬,,,,,,
szerah,𒈲,𒈲,,,,,,
szeraₓ,𒋳𒌆,𒋳𒌆,,,,,,
szerba,𒇇,𒇇,,,,,,
szerid,𒋳,𒋳,,,,,,
szerim,𒋳,𒋳,,,,,,
szerim2,𒇡,𒇡,,,,,,
szerimsur,𒇜,𒇜,,,,,,
szerimₓ,𒋳𒌆,𒋳𒌆,,,,,,
szerinsur,𒇜,𒇜,,,,,,
szerkan,𒅎𒂀,𒅎𒂀,,,,,,
szerrida,𒌓𒀭𒌓,𒌓𒀭𒌓,,,,,,
szeru,𒍜,𒍜,,,,,,
szes,𒋀,𒋀,,,,,,
"szes,",𒋀,𒋀,,,,,,
szesag,𒊺𒈗,𒊺𒈗,,,,,,
szesz,𒋀,𒋀,𒋀,,,,,
szesz2,𒋁,𒋁,𒋁,,,,,
szesz3,𒀅,𒀅,,,,,,
szesz4,𒂞,𒂞,𒂞,,,,,
szeszlam,𒋂,𒋂,,,,,,
szeszlam2,𒂗𒈨𒇷,𒂗𒈨𒇷,,,,,,
szeszszed,𒉫,𒉫,,,,,,
szeszszed2,𒆑𒆑,𒆑𒆑,,,,,,
szeszszed3,𒆒𒆒𒆓,𒆒𒆒𒆓,,,,,,
szeszszeg,𒍋𒍋,𒍋𒍋,,,,,,
szeszₓ,𒀀𒅆,𒀀𒅆,,,,,,
szet,𒋃,𒋃,𒋃,,,,,
sze{muszen},,,𒊺 𒄷,,,,,
szeŋ,𒋝,𒋝,,,,,,
szeŋ14,𒅎𒀀𒀭,𒅎𒀀𒀭,,,,,,
szeŋ3,𒀀𒀭,𒀀𒀭,,,,,,
szeŋ6,𒉈,𒉈,,,,,,
szeŋ7,𒅎,𒅎,,,,,,
szeŋ9,𒊾,𒊾,,,,,,
szeₓ,𒋝,𒋝,,,,,,
szi,𒅆,𒅆,𒅆,,,,,
szi2,𒋛,𒋛,𒋛,,,,,
szi3,𒋝,𒋝,𒋝,,,,,
szi4,𒂠,𒂠,,,,,,
szi5,𒆪,𒆪,𒆪,,,,,
szi6,𒋆,𒋆,,,,,,
szi7,𒅊,𒅊,,,,,,
szib,𒈨,𒈨,𒈨,,,,,
szib0,𒌍,𒌍,,,,,,
szib2,𒊒,𒊒,,,,,,
szib3,𒉺𒅁,𒉺𒅁,,,,,,
szib4,𒍦,𒍦,,,,,,
szibir,𒌋𒂙,𒌋𒂙,,,,,,
szibir2,𒂙,𒂙,,,,,,
szid,𒋃,𒋃,𒋃,,,,,
szid2,𒆐,𒆐,,,,,,
szid3,𒉫,𒉫,,,,,,
szidaₓ,𒋥,𒋥,,,,,,
szidi,𒁶,𒁶,,,,,,
szidim,𒁶,𒁶,𒁶,,,,,
szidimgalₓ,𒃲𒁶,𒃲𒁶,,,,,,
szidₓ,𒅝,𒅝,,,,,,
szig,𒋝,𒋝,,,,,,
szig5,𒍋,𒍋,𒍋,,,,,
szigagu,𒀿,𒀿,,,,,,
szigₓ,𒍉,𒍉,,,,,,
szih,𒋚,𒋚,𒋚,,,,,
szih2,𒆤,𒆤,,,,,,
szihumₓ,𒁖𒆨,𒁖𒆨,,,,,,
szik,𒋝,𒋝,𒋝,,,,,
szik2,𒋠,𒋠,,,,,,
szika,𒆷,𒆷,,,,,,
szikahara,𒋟,𒋟,,,,,,
szikangu,𒀿,𒀿,,,,,,
szikin,𒃻,𒃻,,,,,,
szikin2,𒂁,𒂁,,,,,,
szikin3,𒋠𒇴,𒋠𒇴,,,,,,
szikira3,𒌼,𒌼,,,,,,
szikₓ,𒆷,𒆷,,,,,,
szil,𒋻,𒋻,𒋻,,,,,
szil3,𒌋,𒌋,,,,,,
szilam,𒉦,𒉦,,,,,,
szilam2,𒉦,𒉦,,,,,,
szilamₓ,𒉣𒇬,𒉣𒇬,,,,,,
szilaₓ,𒉦,𒉦,,,,,,
szilig,𒍂,𒍂,,,,,,
szilig5,𒍎,𒍎,,,,,,
szilig6,𒆂,𒆂,,,,,,
szilig7,𒍂,𒍂,,,,,,
szim,𒋆,𒋆,𒋆,,,,,
szim2,𒉆,𒉆,,,,,,
szimaszgi,𒇻𒋢,𒇻𒋢,,,,,,
szimaszgi2,𒇻𒋢𒀀,𒇻𒋢𒀀,,,,,,
szimaszki,𒇻𒋢,𒇻𒋢,𒇻𒋢,,,,,
szimaszki2,𒇻𒋢𒀀,𒇻𒋢𒀀,,,,,,
szimbi,𒋍,𒋍,𒋍,,,,,
szimbi2,𒋆,𒋆,,,,,,
szimbi3,𒁌,𒁌,,,,,,
szimbirida,𒌑𒆳𒊏,𒌑𒆳𒊏,,,,,,
szimbizi,𒋆,𒋆,,,,,,
szimbulug,𒁒,𒁒,,,,,,
szimbulug2,𒋐,𒋐,,,,,,
szimbulug3,𒋌,𒋌,,,,,,
szimbulug4,𒋈,𒋈,,,,,,
szimbulug5,𒋉,𒋉,,,,,,
szimeszal,𒋑,𒋑,,,,,,
szimeszszal,𒋑,𒋑,,,,,,
szimmeszla,𒋑,𒋑,,,,,,
szimmug,𒋉,𒋉,,,,,,
szin,𒊿,𒊿,𒊿,,,,,
szin2,𒈫,𒈫,,,,,,
szina,𒈫,𒈫,,,,,,
szindilib,𒆯,𒆯,,,,,,
szindilimma,𒆯,𒆯,,,,,,
szinig,𒋒,𒋒,𒋒,,,,,
szinₓ,𒋋,𒋋,,,,,,
szip,𒈨,𒈨,𒈨,,,,,
szip0,𒌍,𒌍,,,,,,
szip3,𒉺𒅁,𒉺𒅁,,,,,,
sziq,𒋝,𒋝,𒋝,,,,,
sziq2,𒋠,𒋠,,,,,,
sziq4,𒆂,𒆂,,,,,,
szir,𒋓,𒋓,𒋓,,,,,
szir10,𒈲,𒈲,,,,,,
szir2,𒁍,𒁍,,,,,,
szir3,𒂡,𒂡,𒂡,,,,,
szir4,𒍜,𒍜,𒍜,,,,,
szir5,𒉡,𒉡,,,,,,
szir6,𒌉,𒌉,,,,,,
szir8,𒋤,𒋤,,,,,,
szir9,𒊬,𒊬,,,,,,
sziram,𒍜,𒍜,,,,,,
szirim,𒍜,𒍜,,,,,,
sziru,𒍜,𒍜,,,,,,
szirum,𒍜,𒍜,,,,,,
szirₓ,𒈡,𒈡,,,,,,
"szis,",𒋀,𒋀,,,,,,
szisz,𒋀,𒋀,𒋀,,,,,
szisz2,𒋁,𒋁,,,,,,
szit,𒋃,𒋃,𒋃,,,,,
"szit,",𒋃,𒋃,𒋃,,,,,
szita,𒋖,𒋖,,,,,,
szita2,𒂷𒄑,𒂷𒄑,𒂷𒄑,,,,,
szita3,𒋥,𒋥,,,,,,
szita4,𒌋𒆤,𒌋𒆤,,,,,,
szita5,𒋃,𒋃,,,,,,
szitalamₓ,𒁶,𒁶,,,,,,
szitanₓ,𒋥,𒋥,,,,,,
szitaₓ,𒆕𒄑,𒆕𒄑,,,,,,
sziten,𒆠𒁺𒆕,𒆠𒁺𒆕,,,,,,
szitenₓ,𒆠𒈗,𒆠𒈗,,,,,,
sziti,𒋃,𒋃,,,,,,
szitim,𒁶,𒁶,𒁶,,,,,
szitim2,𒋃,𒋃,,,,,,
sziz,𒋀,𒋀,,,,,,
szizbu,𒂵,𒂵,,,,,,
sziₓ,𒆃,𒆃,,,,,,
szu,𒋗,𒋗,𒋗,,,,,
szu#,,,𒋗,,,,,
szu-gi,𒋗𒄀,𒋗𒄀,,,,,,
szu-u,𒋗𒌋,𒋗𒌋,,,,,,
szu10,𒈬,𒈬,,,,,,
szu11,𒋢,𒋢,𒋢,,,,,
szu12,𒆃,𒆃,,,,,,
szu13,𒁉,𒁉,,,,,,
szu14,𒋳,𒋳,,,,,,
szu15,𒍮,𒍮,,,,,,
szu16,𒌋𒌓,𒌋𒌓,,,,,,
szu17,𒅎𒋙,𒅎𒋙,,,,,,
szu2,𒋙,𒋙,𒋙,,,,,
szu3,𒂠,𒂠,𒂠,,,,,
szu4,𒌋,𒌋,𒌋,,,,,
szu5,𒇟,𒇟,,,,,,
szu6,𒇠,𒇠,,,,,,
szu7,𒃻,𒃻,,,,,,
szub,𒊒,𒊒,𒊒,,,,,
szub3,𒉺𒅁,𒉺𒅁,,,,,,
szub4,𒈰,𒈰,,,,,,
szub5,𒍤𒆸,𒍤𒆸,𒍤𒆸,,,,,
szub6,𒋃,𒋃,,,,,,
szub7,𒍝𒈽,𒍝𒈽,,,,,,
szub8,𒍝𒈹,𒍝𒈹,,,,,,
szuba,𒍝𒈽,𒍝𒈽,,,,,,
szuba2,𒍝𒈹,𒍝𒈹,,,,,,
szuba3,𒈹𒍝,𒈹𒍝,,,,,,
szuba4,𒈹,𒈹,,,,,,
szuba5,𒊒,𒊒,,,,,,
szubar,𒋚,𒋚,,,,,,
szubartin,𒋙,𒋙,,,,,,
szubaₓ,𒍝𒀭𒈽,𒍝𒀭𒈽,,,,,,
szubtu,𒆜𒆸,𒆜𒆸,,,,,,
szubtu3,𒆜𒆸,𒆜𒆸,,,,,,
szubtu5,𒆜𒇥,𒆜𒇥,,,,,,
szubtu6,𒆝,𒆝,,,,,,
szubtu7,𒆞,𒆞,,,,,,
szubtum3,𒆜𒆸,𒆜𒆸,,,,,,
szubtum5,𒆜𒇥,𒆜𒇥,,,,,,
szubtum6,𒆝,𒆝,𒆝,,,,,
szubtum7,𒆞,𒆞,,,,,,
szubtumₓ,𒆜,𒆜,,,,,,
szubul,𒀭,𒀭,,,,,,
szubun,𒆠𒁉𒃻,𒆠𒁉𒃻,,,,,,
szubur,𒋚,𒋚,𒋚,,,,,
szubur2,𒀴,𒀴,,,,,,
szubura,𒋚,𒋚,,,,,,
szubuₓ,𒍝𒈹,𒍝𒈹,,,,,,
szubₓ,𒍤𒀀,𒍤𒀀,,,,,,
szud,𒋤,𒋤,𒋤,,,,,
szud2,𒁍,𒁍,,,,,,
szud3,𒆃,𒆃,,,,,,
szud4,𒋃,𒋃,,,,,,
szudaminₓ,𒑛,𒑛,,,,,,
szudaₓ,𒑚,𒑚,,,,,,
szude3,𒆃,𒆃,,,,,,
szudu3,𒆃,𒆃,𒆃,,,,,
szudug,𒄀𒉻,𒄀𒉻,,,,,,
szudul,𒋙,𒋙,,,,,,
szudul2,𒌋𒌆,𒌋𒌆,,,,,,
szudul3,𒋙𒌪,𒋙𒌪,,,,,,
szudul4,𒌪,𒌪,,,,,,
szudul5,𒌪,𒌪,,,,,,
szudul6,𒌋𒆤,𒌋𒆤,,,,,,
szudulu,𒋙,𒋙,,,,,,
szudum,𒋃,𒋃,,,,,,
szudun,𒋙,𒋙,,,,,,
szudun2,𒌋𒌆,𒌋𒌆,,,,,,
szudun3,𒋙𒌪,𒋙𒌪,,,,,,
szudun4,𒂈,𒂈,𒂈,,,,,
szudun5,𒌪,𒌪,,,,,,
szudₓ,𒅗𒋗,𒅗𒋗,,,,,,
szug,𒉻,𒉻,,,,,,
szugbar,𒋗𒆗,𒋗𒆗,,,,,,
szugi,𒋗𒄃,𒋗𒄃,,,,,,
szugmasz,𒋗𒆗,𒋗𒆗,,,,,,
szugur,𒈗,𒈗,,,,,,
szugurₓ,𒒦,𒒦,,,,,,
szuh,𒈽,𒈽,,,,,,
szuh2,𒋚,𒋚,,,,,,
szuhub,𒋙𒀯,𒋙𒀯,,,,,,
szuhub2,𒋙𒀯,𒋙𒀯,,,,,,
szuhub4,𒋗𒁲𒌋𒌋𒌋,𒋗𒁲𒌋𒌋𒌋,,,,,,
szuhubₓ,𒀭𒀯,𒀭𒀯,,,,,,
szuhusz,𒁼,𒁼,,,,,,
szuhusz2,𒌮,𒌮,,,,,,
szuk,𒉻,𒉻,𒉻,,,,,
szuk2,𒈮,𒈮,,,,,,
szuk3,𒆹,𒆹,,,,,,
szukal,𒈛,𒈛,,,,,,
szukbar,𒋗𒆗,𒋗𒆗,,,,,,
szukkal,𒈛,𒈛,,,,,,
szukra,𒋗𒃸,𒋗𒃸,,,,,,
szuku,𒉻,𒉻,𒉻,,,,,
szukudₓ,𒋗𒄩,𒋗𒄩,,,,,,
szukumₓ,𒇒,𒇒,,,,,,
szukun3,𒉻,𒉻,,,,,,
szukur,𒅆𒆕,𒅆𒆕,,,,,,
szukur2,𒉻,𒉻,𒉻,,,,,
szukₓ,𒈽,𒈽,,,,,,
szul,𒂄,𒂄,𒂄,,,,,
szul3,𒁲,𒁲,𒁲,,,,,
szullat,𒅂,𒅂,𒅂,,,,,
szullat2,𒉺,𒉺,,,,,,
szum,𒋳,𒋳,𒋳,,,,,
szum#,,,𒋳,,,,,
szum2,𒋧,𒋧,𒋧,,,,,
szum3,𒈬,𒈬,𒈬,,,,,
szum4,𒌀,𒌀,,,,,,
szum5,𒁔,𒁔,,,,,,
szumati,𒈬𒈨𒌋𒌋𒌋,𒈬𒈨𒌋𒌋𒌋,,,,,,
szumgamme,𒋳𒃵𒈨,𒋳𒃵𒈨,,,,,,
szumu,𒈬,𒈬,,,,,,
szumu2,𒋧,𒋧,,,,,,
szumu3,𒋳,𒋳,,,,,,
szumugₓ,𒌝,𒌝,,,,,,
szumun,𒌀,𒌀,𒌀,,,,,
szumunda,𒇰,𒇰,,,,,,
szumunₓ,𒇰,𒇰,,,,,,
szun,𒊿,𒊿,𒊿,,,,,
szun2,𒀯,𒀯,,,,,,
szun3,𒄢,𒄢,,,,,,
szun4,𒋧,𒋧,,,,,,
szunigin,𒋗𒃸,𒋗𒃸,𒋗𒃸,,,,,
szup,𒊒,𒊒,𒊒,,,,,
szup2,𒀸,𒀸,,,,,,
szup3,𒉺𒅁,𒉺𒅁,,,,,,
szuq,𒉻,𒉻,,,,,,
szuquₓ,𒋏,𒋏,,,,,,
szur,𒋩,𒋩,𒋩,,,,,
szur2,𒊨,𒊨,,,,,,
szur3,𒋓,𒋓,𒋓,,,,,
szur4,𒇳𒊬,𒇳𒊬,,,,,,
szur4{ki},,,𒇳𒊬 𒆠,,,,,
szur5,𒇲𒆸,𒇲𒆸,𒇲𒆸,,,,,
szur6,𒇳𒆸,𒇳𒆸,,,,,,
szurim,𒇇,𒇇,,,,,,
szurim3,𒇆,𒇆,,,,,,
szurimₓ,𒋠𒀸,𒋠𒀸,,,,,,
szurin4,𒁨,𒁨,,,,,,
szurin5,𒁬,𒁬,,,,,,
szuripak,𒋢𒆳𒊒,𒋢𒆳𒊒,,,,,,
szuripak2,𒇶,𒇶,,,,,,
szurippak,𒋢𒆳𒊒,𒋢𒆳𒊒,,,,,,
szurippak2,𒇶,𒇶,,,,,,
szurmen,𒋗𒈨𒂞,𒋗𒈨𒂞,,,,,,
szurmenₓ,𒋗𒂞𒈨,𒋗𒂞𒈨,,,,,,
szurmin,𒋗𒈨𒂞,𒋗𒈨𒂞,,,,,,
szuru,𒇇,𒇇,,,,,,
szuru2,𒇣,𒇣,,,,,,
szuru3,𒇆,𒇆,,,,,,
szuru6,𒋺,𒋺,,,,,,
szurum,𒇇,𒇇,𒇇,,,,,
szurum3,𒇆,𒇆,,,,,,
szurum6,𒋺,𒋺,,,,,,
szurum7,𒉔,𒉔,,,,,,
szurumₓ,𒍀,𒍀,,,,,,
szurun,𒇇,𒇇,𒇇,,,,,
szurun2,𒇣,𒇣,,,,,,
szurun3,𒇆,𒇆,,,,,,
szurun4,𒁨,𒁨,,,,,,
szurun5,𒁬,𒁬,,,,,,
szurunₓ,𒋠𒀸,𒋠𒀸,,,,,,
szurupak,𒋢𒆳𒊒,𒋢𒆳𒊒,,,,,,
szurupak2,𒇶,𒇶,,,,,,
szuruppag,𒋢𒆳𒊒,𒋢𒆳𒊒,,,,,,
szuruppak,𒋢𒆳𒊒,𒋢𒆳𒊒,,,,,,
szuruppak2,𒇶,𒇶,,,,,,
szuruppakₓ,𒋢,𒋢,,,,,,
szuruₓ,𒋠𒀸,𒋠𒀸,,,,,,
szurₓ,𒇲,𒇲,,,,,,
szusbu,𒈽,𒈽,,,,,,
szusz,𒌋,𒌋,𒌋,,,,,
szusz2,𒋙,𒋙,𒋙,,,,,
szusz3,𒅖,𒅖,𒅖,,,,,
szusz4,𒋳,𒋳,,,,,,
szusz5,𒇟,𒇟,,,,,,
szusz6,𒇠,𒇠,,,,,,
szuszana,𒑚,𒑚,,,,,,
szuszana2,𒌋𒌋,𒌋𒌋,,,,,,
szuszanaku,𒌋𒌋,𒌋𒌋,,,,,,
szuszbar,𒀨,𒀨,,,,,,
szuszgim,𒄞,𒄞,,,,,,
szuszin,𒈹𒂞,𒈹𒂞,,,,,,
szuszina,𒈹𒂞,𒈹𒂞,,,,,,
szuszinak,𒈹𒂞,𒈹𒂞,,,,,,
szuszinakₓ,𒈽,𒈽,,,,,,
szuszmasz,𒀨,𒀨,,,,,,
szuszru,𒉽𒉽.X,𒉽𒉽.X,,,,,,
szuszszanₓ,𒑚,𒑚,,,,,,
szuszszub,𒉽𒉽.X,𒉽𒉽.X,,,,,,
szuszu,𒋥,𒋥,,,,,,
szuszudi,𒆃,𒆃,,,,,,
szuszum,𒈹𒂞,𒈹𒂞,,,,,,
szuszur,𒀼,𒀼,,,,,,
szuszur2,𒀽,𒀽,,,,,,
szuszurum,𒉕,𒉕,,,,,,
szuszuₓ,𒍝𒈽𒂞,𒍝𒈽𒂞,,,,,,
szuszₓ,𒊺𒉇,𒊺𒉇,,,,,,
szut,𒋤,𒋤,,,,,,
"szut,",𒋤,𒋤,,,,,,
szutug,𒉻,𒉻,,,,,,
szutug2,𒄴𒈨,𒄴𒈨,,,,,,
szutugₓ,𒉻,𒉻,,,,,,
szutul,𒋙,𒋙,,,,,,
szutul2,𒌋𒌆,𒌋𒌆,,,,,,
szutul3,𒋙𒌪,𒋙𒌪,,,,,,
szutul4,𒂈,𒂈,𒂈,,,,,
szutul5,𒌪,𒌪,𒌪,,,,,
szutul6,𒌋𒆤,𒌋𒆤,,,,,,
szutulₓ,𒌋𒌪,𒌋𒌪,,,,,,
szutum,𒄀𒈾𒀊𒌋𒄞,𒄀𒈾𒀊𒌋𒄞,𒄀𒈾𒀊𒌋𒄞,,,,,
szutum2,𒄀𒈾𒀊𒌋𒄞,𒄀𒈾𒀊𒌋𒄞,𒄀𒈾𒀊𒌈,,,,,
szutum3,𒋃,𒋃,,,,,,
szutumₓ,𒈪𒈾𒀊𒌋𒄞,𒈪𒈾𒀊𒌋𒄞,,,,,,
szutun4,𒂈,𒂈,,,,,,
szutun5,𒌪,𒌪,,,,,,
szutur,𒈤,𒈤,𒈤,,,,,
szuwati,𒈬𒈨𒌋𒌋𒌋,𒈬𒈨𒌋𒌋𒌋,,,,,,
szuz,𒋤,𒋤,,,,,,
szuzi,𒌨,𒌨,,,,,,
szuₓ,𒋺,𒋺,,,,,,
szá,,,𒃻,,,,,
száb,,,𒊮,,,,,
száh,,,𒂄,,,,,
szè,,,𒂠,,,,,
szēdu,𒌜,𒌜,,,,,,
sà,,,𒍝,,,,,
sàg,,,𒉺,,,,,
sá,,,𒁲,,,,,
sè,,,𒋧,,,,,
sèg,,,𒉺,,,,,
sé,,,𒍣,,,,,
sì,,,𒋧,,,,,
sìla,,,𒋡,,,,,
sí,,,𒍣,,,,,
síg,,,𒋠,,,,,
síg+aš,,,𒋝 𒀾。𒋝𒀾,,,,,
sín,,,𒉆,,,,,
sír,,,𒁍,,,,,
sískur,,,𒀬𒀬,,,,,
sù,,,𒋤,,,,,
sùh,,,𒄗,,,,,
sùr,,,𒄮,,,,,
sùḫ,,,𒄗,,,,,
sú,,,𒍪,,,,,
súm,,,𒍮,,,,,
sún,,,𒄢,,,,,
sūtu,,,,,𒑏,,,
"t,",,,ṭ,,,,,
"t,a",𒁕,𒁕,𒁕,,,,,
"t,a2",𒋫,𒋫,,,,,,
"t,a3",𒄭,𒄭,𒄭,,,,,
"t,a4",𒁮,𒁮,,,,,,
"t,ab",𒋰,𒋰,𒋰,,,,,
"t,ab3",𒁳,𒁳,𒁳,,,,,
"t,ab6",𒄭,𒄭,,,,,,
"t,ah",𒈭,𒈭,𒈭,,,,,
"t,ah2",𒃮,𒃮,,,,,,
"t,ak",𒁖,𒁖,,,,,,
"t,al",𒊑,𒊑,𒊑,,,,,
"t,am",𒁮,𒁮,𒁮,,,,,
"t,am2",𒌓,𒌓,𒌓,,,,,
"t,an",𒆗,𒆗,,,,,,
"t,ap",𒋰,𒋰,,,,,,
"t,ap3",𒁳,𒁳,,,,,,
"t,ar",𒋻,𒋻,𒋻,,,,,
"t,ar2",𒁯,𒁯,𒁯,,,,,
"t,ar3",𒁰,𒁰,𒁰,,,,,
"t,asz",𒌨,𒌨,,,,,,
"t,at",𒋺,𒋺,,,,,,
"t,e",𒁲,𒁲,𒁲,,,,,
"t,e2",𒄭,𒄭,𒄭,,,,,
"t,e3",𒉈,𒉈,𒉈,,,,,
"t,e4",𒋼,𒋼,𒋼,,,,,
"t,e5",𒌤,𒌤,,,,,,
"t,e6",𒋾,𒋾,,,,,,
"t,eb",𒁳,𒁳,,,,,,
"t,em",𒁴,𒁴,,,,,,
"t,em2",𒁶,𒁶,,,,,,
"t,en",𒁷,𒁷,,,,,,
"t,ep",𒁳,𒁳,,,,,,
"t,er",𒋛𒀀,𒋛𒀀,,,,,,
"t,er5",𒌁,𒌁,,,,,,
"t,i",𒁲,𒁲,𒁲,,,,,
"t,i2",𒄭,𒄭,𒄭,,,,,
"t,i3",𒋾,𒋾,𒋾,,,,,
"t,i4",𒋼,𒋼,,,,,,
"t,i5",𒉈,𒉈,,,,,,
"t,ib",𒁳,𒁳,𒁳,,,,,
"t,il",𒀸,𒀸,𒀸,,,,,
"t,il2",𒁁,𒁁,,,,,,
"t,im",𒁴,𒁴,𒁴,,,,,
"t,im2",𒁶,𒁶,,,,,,
"t,in",𒁷,𒁷,,,,,,
"t,ip",𒁳,𒁳,,,,,,
"t,ir",𒋛𒀀,𒋛𒀀,𒋛𒀀,,,,,
"t,ir2",𒋻,𒋻,,,,,,
"t,ir3",𒋩,𒋩,,,,,,
"t,ir4",𒁯,𒁯,,,,,,
"t,ir5",𒌁,𒌁,,,,,,
"t,isz",𒁹,𒁹,𒁹,,,,,
"t,u",𒂅,𒂅,𒂅,,,,,
"t,u2",𒌅,𒌅,𒌅,,,,,
"t,u3",𒁺,𒁺,𒁺,,,,,
"t,u4",𒌈,𒌈,𒌈,,,,,
"t,u5",𒃮,𒃮,,,,,,
"t,u6",𒅲,𒅲,,,,,,
"t,ub",𒁾,𒁾,𒁾,,,,,
"t,ub2",𒂀,𒂀,,,,,,
"t,uh",𒃮,𒃮,𒃮,,,,,
"t,ul",𒇥,𒇥,𒇥,,,,,
"t,ul3",𒇯,𒇯,,,,,,
"t,ul4",𒌪,𒌪,,,,,,
"t,um",𒌈,𒌈,,,,,,
"t,up",𒁾,𒁾,𒁾,,,,,
"t,ur",𒄙,𒄙,𒄙,,,,,
"t,ur2",𒂉,𒂉,,,,,,
"t,ur3",𒌉,𒌉,,,,,,
"t,ur4",𒄒,𒄒,,,,,,
"t,ur5",𒀀,𒀀,,,,,,
"t,uru",𒄙,𒄙,,,,,,
"t,usz",𒆪,𒆪,,,,,,
"t,á",,,𒋫,,,,,
"t,ēmu",𒅗𒄭,𒅗𒄭,,,,,,
t[a]la,,,𒊑,,,,,
t[al],,,𒊑,,,,,
t[e],,,𒋼,,,,,
t[i,,,𒋾,,,,,
t[i],,,𒋾,,,,,
t]ah,,,𒈭,,,,,
t]e,,,𒋼,,,,,
t]i,,,𒋾,,,,,
t]ú,,,𒌓,,,,,
ta,𒋫,,𒋫,𒋫,𒋫,𒋫,,
ta te ti tu,,,𒋫 𒋼 𒋾 𒌅,,,,,
ta*,,,𒋫,,𒋬,,,
ta2,𒁕,𒁕,𒁕,,𒁕,,,
ta3,𒋳,𒋳,𒋳,,𒋳,,,
ta4,𒁮,𒁮,𒁮,,𒁮,,,
ta5,𒌓,𒌓,𒌓,,𒌓,,,
ta6,𒋺,𒋺,𒋺,,𒊑。𒋺,,,
ta7,𒉿,𒉿,,,𒉿,,,
ta8,𒄭,𒄭,,,𒄭,,,
ta9,𒌇,𒌇,,,,,,
ta?,,,𒋫,,,,,
ta@g,,𒋯,𒋯,𒋯,,,,
ta[k,,,𒋳,,,,,
ta],,,𒋫,,,,,
tab,𒋰,,𒋰,𒋰,𒑊,𒋰,,
tab&tab.ni&ni.diš&diš,,𒋱,,𒋱,,,,
tab.an.u,,,,,𒋰𒀭𒌋,,,
tab.aš,,𒋰𒀸,,𒋰𒀸,𒐻,,,
tab.kun,,𒋰𒆲,,𒋰𒆲,𒋰𒆲,,,
tab.tab,,,,,𒇹。𒐂,,,
tab.tab.aš,,𒋰𒋰𒀸,,𒋰𒋰𒀸,𒐃,,,
tab.tab.tab,,𒋰𒋰𒋰,,𒋰𒋰𒋰,𒐄,,,
tab.tab.tab.aš,,𒋰𒋰𒋰𒀸,,𒋰𒋰𒋰𒀸,𒐅,,,
tab.tab.tab.tab,,𒋰𒋰𒋰𒋰,,𒋰𒋰𒋰𒋰,𒐆,,,
tab.tab.tab.tab.aš,,𒋰𒋰𒋰𒋰𒀸,,𒋰𒋰𒋰𒋰𒀸,𒐇,,,
tab.ti,,𒋰𒋾,,𒋰𒋾,𒋰𒋾,,,
tab2,𒄉,𒄉,,,𒄉,,,
tab4,𒌋𒌋,𒌋𒌋,,,,,,
tab5,,,,,𒍏,,,
tab@t,,𒋰,,𒋰,,󰂃,,
taba,𒋰,,,𒋰,,𒋰,,
tabira,𒁾𒉄,,,𒁾𒉄,𒍏𒉄,𒁾𒉄,,
tabovertab.nioverni.dišoverdiš,,,,,𒋱,,,
tabsquared,,,,,𒋲,,,
tab₂,𒄉,,,𒄉,,𒄉,,
tab₄,𒌋𒌋,,,𒌋𒌋,,𒎙。󰂃,,
tabₓ,,,,,,None。𒉽,,
tad,𒋺,,,𒋺,𒋺,𒋺,,
tag,𒋳,,𒋳,𒋳,𒋳,𒋳,,
tag.gam.me,,𒋳𒃵𒈨,,𒋳𒃵𒈨,,,,
tag.gu4,,,,,𒋳𒄞,,,
tag.tag,,𒋳𒋳,,𒋳𒋳,𒋳𒋳,,,
tag.tug2,,,,,𒋳𒌆,,,
tag.tug₂,,𒋳𒌆,,𒋳𒌆,,,,
tag.ud,,,,,𒋳𒌓,,,
tag.šu,,,,,𒋳𒋗,,,
tag2,𒁖,𒁖,,,𒁖,,,
tag3,,,,,𒉌𒂟,,,
tag4,𒋺,𒋺,𒋺,,𒋺,,,
tag4.tag4,,,,,𒋺𒋺,,,
taga,𒋳,,,𒋳,𒁾。𒋳,𒋳,,
tagrimₓ,𒇑,,,𒇑,,𒇑,,
tagrinₓ,𒇑,,,𒇑,,𒇑,,
tagunû,,,,,𒋯,,,
tagxbi,,,,,𒋴,,,
tagxgu4,,,,,𒋵,,,
tagxgud,,,,,𒋵,,,
tagxtug2,,,,,𒋸,,,
tagxud,,,,,𒋹,,,
tagxše,,,,,𒋶,,,
tagxšu,,,,,𒋷,,,
tag×gud,,𒋵,,𒋵,,,,
tag×tug₂,,𒋸,,𒋸,,,,
tag×ud,,𒋹,,𒋹,,,,
tag×še,,𒋶,,𒋶,,,,
tag×šu,,𒋷,,𒋷,,,,
tag₂,𒁖,,,𒁖,,𒁖,,
tag₄,𒋺,,,𒋺,,𒋺,,
tah,𒈭,,𒈭,𒈭,,𒈭,,
tah2,𒃮,𒃮,,,,,,
tah3,𒈬,𒈬,,,,,,
taha,𒈭,,,𒈭,,𒈭,,
tahta,𒄽,,,𒄽,,𒄽,,
tahtaₓ,,,,,,None,,
tahtu,𒄽,,,𒄽,,𒄽,,
tah₂,𒃮,,,𒃮,,𒃮,,
tah₃,𒈬,,,𒈬,,𒈬,,
tak,𒋳,,𒋳,𒋳,𒋳,𒋳,,
tak2,𒁖,𒁖,𒁖,,𒁖,,,
tak3,𒉌𒌓,𒉌𒌓,𒉌𒌓,,𒉌𒂟,,,
tak4,𒋺,𒋺,𒋺,,𒋺,,,
tak5,,,,,𒋺,,,
taka,𒋳,,,𒋳,𒋳,𒋳,,
taka4,𒋺,𒋺,𒋺,,𒋺,,,
taka₄,𒋺,,,𒋺,,𒋺,,
takaₓ,𒔋,,,𒔋,,𒁆。𒋗。𒓼,,
tak₂,𒁖,,,𒁖,,𒁖,,
tak₃,𒉌𒌓,,,𒉌𒌓,,𒍴,,
tak₄,𒋺,,𒋺,𒋺,,𒋺,,
tak₄.alan,,𒋺𒀩,,𒋺𒀩,,,,
tak₄.tak₄,,𒋺𒋺,,𒋺𒋺,,,,
tal,𒊑,,𒊑,𒊑,𒊑,𒊑,,
tal2,𒉿,𒉿,𒉿,,𒉿,,,
tal3,𒀸,𒀸,𒀸,,𒀸,,,
tal4,𒁹,𒁹,,,𒁹,,,
tal5,𒆓𒆓,𒆓𒆓,,,𒆒𒆒。𒆓𒆓,,,
tala,𒊑,,𒊑,𒊑,𒊑,𒊑,,
tala2,𒉿,𒉿,,,𒉿,,,
tala₂,𒉿,,,𒉿,,𒉿,,
taltal,𒊉,,,𒊉,𒊉,𒊉,,
tal₂,𒉿,,,𒉿,,𒉿,,
tal₃,𒀸,,,𒀸,,𒀸,,
tal₄,𒁹,,,𒁹,,𒁹,,
tal₅,𒆓𒆓,,,𒆓𒆓,,𒆓𒆓,,
talₓ,𒆔𒆔,,,𒆔𒆔,,None。𒃰𒋺。𒃰𒋺𒋛。𒄷。𒆔𒆔,,
tam,𒌓,,𒌓,𒌓,𒌓,𒌓,,
tam2,𒁮,𒁮,𒁮,,𒁮,,,
tam3,𒁴,𒁴,𒁴,,𒁴,,,
tam4,𒌈,𒌈,,,𒌈,,,
tam5,𒂟,𒂟,,,𒂟,,,
tam6,𒁶,𒁶,,,𒁶,,,
tama,𒌓,,,𒌓,,𒌓,,
tam₂,𒁮,,,𒁮,,𒁮,,
tam₃,𒁴,,,𒁴,,𒁴,,
tam₄,𒌈,,,𒌈,,𒌈,,
tam₅,𒂟,,,𒂟,,𒎕,,
tam₆,𒁶,,,𒁶,,𒁶,,
tan,𒆗,,𒆗,𒆗,𒄨,𒆗,,
tan2,𒃞,𒃞,𒃞,,𒃞,,,
tan3,𒃩,𒃩,𒃩,,𒃩。𒌨,,,
tan4,𒃋,𒃋,𒃋,,𒃋,,,
tan6,𒍕,𒍕,𒍕,,𒍕,,,
tan7,𒃃,𒃃,,,𒃃,,,
tan8,𒌨,𒌨,,,,,,
tana,𒋿,,,𒋿,𒄨,𒆗,,
tanaₓ,,,,,,𒃞。𒉌。𒋿,,
tan₂,𒃞,,,𒃞,,𒃞,,
tan₃,𒃩,,,𒃩,,𒃩,,
tan₄,𒃋,,,𒃋,,𒃋,,
tan₆,𒍕,,,𒍕,,𒍕,,
tan₇,𒃃,,,𒃃,,𒃃,,
tan₈,𒌨,,,𒌨,,𒌨,,
tap,𒋰,,𒋰,𒋰,,𒋰,,
tap3,,,,,𒄭𒂵,,,
tapa,𒋰,,,𒋰,,𒋰,,
taq,𒋳,,𒋳,𒋳,𒋳,𒋳,,
taq2,𒁖,𒁖,𒁖,,𒁖,,,
taq3,𒉌𒌓,𒉌𒌓,𒉌𒌓,,𒉌𒂟,,,
taq₂,𒁖,,,𒁖,,𒁖,,
taq₃,𒉌𒌓,,,𒉌𒌓,,𒍴,,
tar,𒋻,,𒋻,𒋻,𒋻,𒋻,,
tar2,𒁯,𒁯,𒁯,,𒁯,,,
tar3,𒁰,𒁰,𒁰,,𒁰,,,
tar5,𒄀,𒄀,,,𒄀。𒍣,,,
tara,𒋻,,𒋻,𒋻,𒋻,𒋻,,
tara3,𒁰,𒁰,,,𒁰,,,
tarah,𒁰,,𒁰,𒁰,,𒁰,,
tarah₂,,,,,,𒁱,,
tarahₓ,𒁱,,,𒁱,,,,
taraḫ,,,𒁰,,𒁰,,,
tara₃,𒁰,,,𒁰,,𒁰,,
tara₄,,𒁱,,𒁱,,𒁱,,
targul,𒈣𒈮,,𒈣𒈮,𒈣𒈮,𒀀𒇉。𒈣𒈮,𒈣𒈮,,
targulₓ,𒈣𒆕,,,𒈣𒆕,,,,
tari,𒄥,,,𒄥,𒄥,𒄥,,
tarim,𒇑,,,𒇑,,𒇑,,
taru,𒄥,,,𒄥,𒄥,𒄥,,
taru5,𒄀,𒄀,,,𒄀。𒍣,,,
taru₅,𒄀,,,𒄀,,𒄀,,
tar₂,𒁯,,,𒁯,,𒁯,,
tar₃,𒁰,,,𒁰,,𒁰,,
tar₅,𒄀,,,𒄀,,𒄀,,
tas,𒌨,,𒌨,𒌨,𒌨,𒌨,,
"tas,",𒌨,𒌨,,,,,,
taskarin,𒌆,,𒌆,𒌆,𒌆,𒌆,,
tasz,𒌨,𒌨,𒌨,,,,,
tasz2,𒁹,𒁹,,,,,,
tasz3,𒀾,𒀾,,,,,,
tasza,𒌨,𒌨,,,,,,
taszkarin,𒌆,𒌆,𒌆,,,,,
tat,𒋺,,𒋺,𒋺,𒋺,𒋺,,
tatam,𒌓𒌓,,,𒌓𒌓,,𒌓𒌓,,
tatge,𒋺𒋺,,,𒋺𒋺,,𒋺𒋺,,
tattab,,,,,𒇹。𒐂,,,
tattam,,,,,𒇹。𒐂,,,
taxmi,,,,,𒋮,,,
taz,𒌨,,,𒌨,𒌨,𒌨,,
ta×hi,,𒋭,,𒋭,,,,
ta×mi,,𒋮,,𒋮,,,,
taš,𒌨,,𒌨,𒌨,𒌨,𒌨,,
taš2,,,,,𒁹,,,
taš3,,,,,𒀾,,,
taš],,,𒌨,,,,,
taša,𒌨,,,𒌨,𒌨,𒌨,,
taškarin,𒌆,,𒌆,𒌆,𒌆,𒌆,,
taš₂,𒁹,,,𒁹,,𒁹,,
taš₃,𒀾,,,𒀾,,𒀾,,
taḫ,,,𒈭,,𒈭,,,
taḫ2,,,,,𒂃,,,
taḫ3,,,,,𒈬,,,
taḫa,,,,,𒈭,,,
taṣ,𒌨,,,𒌨,𒌨,𒌨,,
ta₂,𒁕,,,𒁕,,𒁕,,
ta₃,𒋳,,,𒋳,,𒋳,,
ta₄,𒁮,,,𒁮,,𒁮,,
ta₅,𒌓,,,𒌓,,𒌓,,
ta₆,𒋺,,,𒋺,,𒋺,,
ta₇,𒉿,,,𒉿,,𒉿,,
ta₈,𒄭,,,𒄭,,𒄭,,
ta₉,𒌇,,,𒌇,,𒌇,,
taₓ,𒋻,,,𒋻,,𒋯。𒋻,,
te,𒋼,,𒋼,𒋼,𒋼,𒋼,,
te!,,,𒋼,,,,,
te&te,,𒋼𒋼,,𒋼𒋼,,,,
te+me,,,,,𒋼𒈨,,,
te.a,,𒋼𒀀,,𒋼𒀀,𒋼𒀀,,,
te.ab,,𒋼𒀊,,𒋼𒀊,𒋼𒀊,,,
te.ab@g,,𒋼𒀕,,𒋼𒀕,,,,
te.lal,,𒋼𒇲,,𒋼𒇲,𒋼𒇲,,,
te.me,,𒋼𒈨,,𒋼𒈨,,,,
te.muš₃,,𒋼𒈹,,𒋼𒈹,,,,
te.unug,,,,,𒋼𒀕,,,
te10,𒁲,𒁲,,,𒁲,,,
te11,,,,,𒉿,,,
te2,𒄭,𒄭,𒄭,,𒊹,,,
te3,𒉀,𒉀,𒉀,,𒉀。𒉁,,,
te4,𒉈,𒉈,𒉈,,𒉈,,,
te5,𒌆,𒌆,,,𒌆,,,
te6,𒋃,𒋃,,,𒋃,,,
te7,,,,,𒈗,,,
te8,𒀉,𒀉,𒀉,,𒀉。𒀉𒄷,,,
te9,𒋾,𒋾,𒋾,,𒋾,,,
te@g,,𒋽,𒋽,𒋽,,,,
te@g.ab@g,,𒋽𒀕,,𒋽𒀕,,,,
teb,𒁳,,,𒁳,𒁳,𒁳,,
tebira,,,,,𒍏𒉄,,,
tebiru,𒁾𒉄,,,𒁾𒉄,𒍏𒉄,𒁾𒉄,,
teg3,𒋼,𒋼,𒋼,,𒋼,,,
tegi,𒁆𒈜,,,𒁆𒈜,𒁆𒈜。𒂀𒈜,𒁆𒈜,,
tegi2,𒈜𒁆,𒈜𒁆,,,𒈜𒁆。𒈜𒂀,,,
tegi₂,𒈜𒁆,,,𒈜𒁆,,𒈜𒁆,,
tegunû,,,,,𒋽,,,
teg₃,𒋼,,,𒋼,,𒋼,,
teh2,𒌝,𒌝,,,,,,
tehe,𒁾,,,𒁾,,𒁾,,
tehe3,𒉏,𒉏,,,,,,
tehe₃,𒉏,,,𒉏,,𒉏,,
tehi,𒁾,,,𒁾,,𒁾,,
tehi2,𒌝,𒌝,,,,,,
tehi3,𒉏,𒉏,,,,,,
tehi3/tehe3,,,𒉏 𒉏,,,,,
tehi4,𒅂,𒅂,,,,,,
tehi₂,𒌝,,,𒌝,,𒌝,,
tehi₃,𒉏,,,𒉏,,𒉏,,
tehi₄,𒅂,,,𒅂,,𒅂,,
teh₂,𒌝,,,𒌝,,𒌝,,
tej3,,,𒋼,,,,,
tek,𒄘,,,𒄘,,𒄘,,
tel,𒌀,,𒌀,𒌀,𒁁,𒌀,,
telmun,𒉌𒌇,,,𒉌𒌇,𒉌𒌇。𒊩𒄸。𒊩𒌇,𒉌𒌇,,
tel₃,,𒋾,,𒋾,,𒋾,,
tem,𒁴,,,𒁴,𒁴,𒁴,,
teme,𒉀,,,𒉀,𒉁,𒉀,,
teme2,𒉁,𒉁,,,𒉀,,,
temen,𒋼,,𒋼,𒋼,𒋼,𒋼,,
temennaₓ,𒋼,,,𒋼,,𒋼,,
teme₂,𒉁,,,𒉁,,𒉁,,
temeₓ,𒉁,,,𒉁,,𒉁,,
temₓ,𒋼,,,𒋼,,𒋼,,
ten,𒋼,,𒋼,𒋼,𒋼,𒋼,,
ten2,𒁷,𒁷,𒁷,,𒁷,,,
ten3,𒂇,𒂇,,,𒂆,,,
ten₂,𒁷,,,𒁷,,𒁷,,
ten₃,𒂇,,,𒂇,,𒂇,,
tenₓ,,,,,,𒋽,,
tep,𒁳,,𒁳,𒁳,𒁳,𒁳,,
ter,𒌁,,𒌁,𒌁,𒌁,𒌁,,
ter2,𒋻,𒋻,,,𒋻,,,
ter3,,,,,𒁯,,,
ter4,𒋛𒀀,𒋛𒀀,,,𒋛𒀀,,,
ter5,,,,,𒉼,,,
tertu,𒉺𒋢,,,𒉺𒋢,,,,
tertum,,,,,𒉺𒋢,,,
ter₂,𒋻,,,𒋻,,𒋻,,
ter₄,𒋛𒀀,,,𒋛𒀀,,𒋛𒀀,,
terₓ,𒅼,,,𒅼,,𒄔。𒅼,,
tes2,𒌨,𒌨,𒌨,,𒌨,,,
tesz,𒀸,𒀸,,,,,,
tesz2,𒌨,𒌨,𒌨,,,,,
teszbi,𒌑,𒌑,,,,,,
teszlug,𒈊,𒈊,,,,,,
teszub,𒅎,𒅎,,,,,,
tes₂,𒌨,,,𒌨,,𒌨,,
teŋ3,𒋼,𒋼,,,,,,
teŋ4,𒋾,𒋾,,,,,,
teŋ₃,𒋼,,,𒋼,,𒋼,,
teŋ₄,𒋾,,,𒋾,,𒋾,,
teš,𒀸,,,𒀸,,𒀸,,
teš2,,,𒌨,,𒌨,,,
tešbi,𒌑,,,𒌑,𒌑,𒌑,,
tešlug,𒈊,,,𒈊,𒆸𒄷。𒇽𒆸。𒇽𒆸𒄷。𒈊,𒈊,,
tešub,𒅎,𒅎,,,,𒅎,,
teššela,,,,,,𒌨𒀀𒂔,,
teššeru,,,,,,𒌨𒀀𒂔,,
teš₂,𒌨,,,𒌨,,𒌨,,
teḫi,,,,,𒁾。𒌝,,,
teḫi2,,,,,𒁁。𒌝,,,
teḫi3,,,,,𒉏,,,
teḫi4,,,,,𒁁,,,
teṣ2,,,,,𒌨,,,
te₁₀,𒁲,,,𒁲,,𒁲,,
te₂,𒄭,,,𒄭,,𒎗,,
te₃,𒉀,,,𒉀,,𒉀,,
te₄,𒉈,,,𒉈,,𒉈,,
te₅,𒌆,,,𒌆,,𒌆,,
te₆,𒋃,,,𒋃,,𒋃,,
te₈,𒀉,,,𒀉,,𒀉,,
te₈⁻,,𒀉,,𒀉,,𒀉,,
te₉,𒋾,,,𒋾,,𒋾,,
teₓ,𒋽,,,𒋽,,𒁁。𒋽,,
ti,𒋾,,𒋾,𒋾,𒋾,𒋾,,
ti!,,,𒋾,,,,,
ti/te,,,𒋾 𒋼,,,,,
ti2,𒄭,𒄭,𒄭,,𒊹,,,
ti3,𒁴,𒁴,𒁴,,𒁴,,,
ti4,𒁲,𒁲,𒁲,,𒁲,,,
ti5,𒁁,𒁁,𒁁,,𒁁,,,
ti6,,,,,𒁁,,,
ti7,𒋼,𒋼,,,𒋼,,,
ti8,𒀉,𒀉,𒀉,,𒀉。𒀉𒄷,,,
ti9,𒉈,𒉈,,,𒉈,,,
ti@t,,𒋿,𒋿,𒋿,,,,
ti],,,𒋾,,,,,
tib,𒁳,,,𒁳,𒁳,𒁳,,
tib[ira],,,𒁾𒉄,,,,,
tibir,𒋳,,𒋳,𒋳,𒋳,𒋳,,
tibir2,𒋷,𒋷,𒋷,,𒋳𒋗。𒋷,,,
tibir3,𒋹,𒋹,,,𒋳𒌓。𒋹,,,
tibir4,𒋸,𒋸,,,𒋳𒌆。𒋸,,,
tibir5,𒋵,𒋵,𒋵,,𒋵,,,
tibira,𒁾𒉄,,𒁾𒉄,𒁾𒉄,𒍏𒉄,𒁾𒉄,,
tibira2,𒅪,𒅪,,,𒅪,,,
tibira₂,𒅪,,,𒅪,,𒅪,,
tibir₂,𒋷,,,𒋷,,𒋷,,
tibir₃,𒋹,,,𒋹,,𒋹,,
tibir₄,𒋸,,,𒋸,,𒋸,,
tibir₅,𒋵,,,𒋵,,𒋵,,
tibirₓ,𒋶,,,𒋶,,𒆪。𒋗𒋳。𒋴。𒋶,,
tibnu,𒋿,,,𒋿,𒋾。𒋿,𒋾,,
tibula,𒊮𒈫𒋻,,,𒊮𒈫𒋻,𒊮𒈫𒋻,𒊮𒈫𒋻,,
tibula2,𒊮𒈫𒆜,𒊮𒈫𒆜,,,𒊮𒈫𒆜,,,
tibula3,𒊮𒈫𒁲,𒊮𒈫𒁲,,,𒊮𒈫𒁲,,,
tibula₂,𒊮𒈫𒆜,,,𒊮𒈫𒆜,,𒊮𒈫𒆜,,
tibula₃,𒊮𒈫𒁲,,,𒊮𒈫𒁲,,𒊮𒈫𒁲,,
tibₓ,𒆪,,,𒆪,,𒆪,,
tid,𒅎,𒅎,𒅎,,𒅎,,,
tid?,,,,,,𒅎,,
tidab,,,,,𒁈𒉽𒊺𒉽,,,
tidanu,𒊊𒊊,𒊊𒊊。𒊎,,𒊎,,𒊊𒊊,,
tidanum,𒊊𒊊,𒊊𒊊。𒊎,,𒊎,,𒊊𒊊,,
tidimₓ,𒉺𒊷,,,𒉺𒊷,,𒉺𒊷。𒋾,,
tidinu,,,,,𒄊𒄊,,,
tidnim,𒊊𒊊,𒊊𒊊。𒊎,,𒊎,,𒊊𒊊,,
tidnu,𒊊𒊊,𒊊𒊊。𒊎,,𒊎,𒊊𒊊。𒊎,𒊊𒊊,,
tidnum,𒊎,,𒊎,𒊎,,𒊊𒆧。𒊎,,
tidnumₓ,𒒭,,,𒒭,,𒆧𒊊。𒒫,,
tig,,,,,𒄘,,,
tig2,,,,,𒉌,,,
tig3,𒂀,𒂀,𒂀,,,,,
tig4,𒋾,𒋾,𒋾,,𒋾,,,
tigi,𒁆𒈜,,,𒁆𒈜,𒁆𒈜。𒂀𒈜,𒁆𒈜,,
tigi2,𒈜𒁆,𒈜𒁆,,,𒈜𒁆。𒈜𒂀,,,
tigidla,𒊮𒋻,,,𒊮𒋻,𒊮𒈫𒋻,𒊮𒋻,,
tigidla2,𒊮𒈫𒆜,𒊮𒈫𒆜,,,𒊮𒈫𒆜,,,
tigidla3,𒊮𒈫𒁲,𒊮𒈫𒁲,,,𒊮𒈫𒁲,,,
tigidla₂,𒊮𒈫𒆜,,,𒊮𒈫𒆜,,𒊮𒈫𒆜,,
tigidla₃,𒊮𒈫𒁲,,,𒊮𒈫𒁲,,𒊮𒈫𒁲,,
tigidlaₓ,𒊮𒈫𒋻,,,𒊮𒈫𒋻,,𒊮𒈫𒋻。𒊮𒎙,,
tigi₂,𒈜𒁆,,,𒈜𒁆,,𒈜𒁆,,
tigiₓ,𒆤𒁆,,,𒆤𒁆,,𒆤𒁆。𒈜𒁷𒇺。𒈜𒂍𒁆,,
tigu,𒁆𒈜,,,𒁆𒈜,𒁆𒈜。𒂀𒈜,𒁆𒈜,,
tigu2,𒈜𒁆,𒈜𒁆,,,𒈜𒁆。𒈜𒂀,,,
tigu₂,𒈜𒁆,,,𒈜𒁆,,𒈜𒁆,,
tig₃,𒂀,,,𒂀,,𒂀,,
tig₄,𒋾,,,𒋾,,𒋾,,
tij4,,,𒋾,,,,,
tik,𒄘,,𒄘,𒄘,𒄘,𒄘,,
tik2,𒉌,𒉌,,,𒉌,,,
tikkin,,,,,𒄳,,,
tik₂,𒉌,,,𒉌,,𒉌,,
til,𒌀,,𒌀,𒌀,𒁁。𒌀,𒌀,,
til2,𒇯,𒇯,,,𒇯,,,
til3,𒋾,𒋾,𒋾,,𒋾,,,
til4,𒀸,𒀸,,,𒀸,,,
til5,𒁹,𒁹,,,𒁹,,,
til6,𒆓𒆓,𒆓𒆓,,,𒆒𒆒。𒆓𒆓,,,
til7,𒉿,𒉿,,,𒉿,,,
til8,𒆰,𒆰,,,𒂿,,,
til9,𒈦,𒈦,,,𒈦,,,
tila,𒌵,,,𒌵,𒌵,𒌵,,
tila3,𒋾,𒋾,,,𒋾,,,
tila₃,𒋾,,,𒋾,,𒋾,,
tile,𒁁,,,𒁁,,𒁁,,
tilhar,𒂿,,,𒂿,,𒂿,,
tilla,𒌵,,,𒌵,,𒌵,,
tilla2,𒀭𒀸𒀭,𒀭𒀸𒀭,𒀭𒀸𒀭,,𒀭𒀸𒀭,,,
tilla3,𒀭𒁹𒀭,𒀭𒁹𒀭,,,𒀭𒁹𒀭,,,
tilla4,𒀭𒀸𒀀𒀭,𒀭𒀸𒀀𒀭,,,𒀭𒀸𒀀𒀭,,,
tilla5,𒀭𒀹𒀭,𒀭𒀹𒀭,,,𒀸𒀀𒀭,,,
tillaur10,,,,,𒌵,,,
tilla₂,𒀭𒀸𒀭,,𒀭𒀸𒀭,𒀭𒀸𒀭,,𒀭𒀸𒀭,,
tilla₃,𒀭𒁹𒀭,,,𒀭𒁹𒀭,,,,
tilla₃?,,,,,,𒀭𒁹𒀭,,
tilla₄,𒀭𒀸𒀀𒀭,,,𒀭𒀸𒀀𒀭,,,,
tilla₄?,,,,,,𒀭𒀸𒀀𒀭,,
tilla₅,𒀭𒀹𒀭,,,𒀭𒀹𒀭,,𒀭𒀹𒀭,,
tillaₓ,𒀮,,,𒀮,,𒀭𒀭𒀸。𒀭𒀸𒀭。𒀮。𒀸𒀀𒀭。𒀸𒀭𒀸。𒀸𒀸,,
tillu,,,,,𒇯,,,
tilmun,𒉌𒌇,,𒉌𒌇,𒉌𒌇,𒉌𒌇。𒊩𒄸。𒊩𒌇,𒉌𒌇,,
tilḫar,,,,,𒂿,,,
til₂,𒇯,,,𒇯,,𒇯,,
til₃,𒋾,,𒋾,𒋾,,𒋾,,
til₄,𒀸,,,𒀸,,𒀸,,
til₅,𒁹,,,𒁹,,𒁹,,
til₆,𒆓𒆓,,,𒆓𒆓,,𒆓𒆓,,
til₇,𒉿,,,𒉿,,𒉿,,
til₈,𒆰,,,𒆰,,𒆰,,
til₉,𒈦,,,𒈦,,𒈦,,
tilₓ,𒌉𒌉,,,𒌉𒌉,,None。𒁷。𒆔𒆔。𒌉𒌉,,
tilₓ?,,,,,,𒆱,,
tim,𒁴,,𒁴,𒁴,𒁴,𒁴,,
tim2,𒌈,𒌈,𒌈,,𒋻。𒌈,,,
tim3,𒁷,𒁷,,,𒁷。𒌈,,,
timua,,,,,𒀩,,,
timuaₓ,𒈿,,,𒈿,,𒈿,,
tim₂,𒌈,,,𒌈,,𒌈,,
tim₃,𒁷,,,𒁷,,𒁷,,
tin,𒁷,,𒁷,𒁷,𒁷,𒁷,,
tin3,𒂇,𒂇,,,𒂆,,,
tinur,𒇌,,,𒇌,𒇌,𒇌,,
tinur2,𒋗𒆸𒈾,𒋗𒆸𒈾,,,,,,
tinur3,𒇅,𒇅,,,,,,
tinuru,𒇌,,,𒇌,,𒇌,,
tinur₂,𒋗𒆸𒈾,,,𒋗𒆸𒈾,,𒋗𒆸𒈾,,
tinur₃,𒇅,,,𒇅,,𒇅,,
tinurₓ,𒋗𒆸,,,𒋗𒆸,,𒋗𒆸,,
tin₃,𒂇,,,𒂇,,𒂇,,
tinₓ,,,,,,𒆸,,
tip,𒁳,,,𒁳,𒁳,𒁳,,
tiq,𒄘,,𒄘,𒄘,𒄘,𒄘,,
tiq2,𒉌,𒉌,,,𒉌,,,
tiq₂,𒉌,,,𒉌,,𒉌,,
tir,𒌁,,𒌁,𒌁,𒌁,𒌁,,
tir2,𒋻,𒋻,,,𒋻,,,
tir3,𒁯,𒁯,,,𒁯,,,
tir4,𒋛𒀀,𒋛𒀀,,,𒋛𒀀,,,
tir5,𒉼,𒉼,,,𒉼,,,
tirigi,𒊕𒀭,,,𒊕𒀭,𒊕𒀭,,,
tirigi?,,,,,,𒊕𒀭,,
tirovertir,,,,,𒌃,,,
tirovertir.gadovergad.nig2overnig2,,,,,𒌄,,,
tirovertir.lagab+lagab,,,,,𒌃𒆸𒆸,,,
tirovertir.lagab.lagab,,,,,𒌃𒆸𒆸,,,
tiru,𒃲𒋼,,,𒃲𒋼,𒃲𒋼,𒃲𒋼,,
tirum,𒃲𒋼,,𒃲𒋼,𒃲𒋼,𒃲𒋼,𒃲𒋼,,
tirxtak4,,,,,𒌂,,,
tir₂,𒋻,,,𒋻,,𒋻,,
tir₃,𒁯,,,𒁯,,𒁯,,
tir₄,𒋛𒀀,,,𒋛𒀀,,𒋛𒀀,,
tir₅,𒉼,,,𒉼,,𒉼,,
tirₓ,𒉪,,,𒉪,,𒄔。𒅕。𒅼。𒊺𒆗。𒌉,,
tirₓ?,,,,,,𒉪,,
tis,,,,,𒁹,,,
"tis,2",𒌨,𒌨,,,,,,
tis2,𒌨,𒌨,,,𒌨,,,
tiskarin,,,,,𒌆,,,
tisz,𒁹,𒁹,𒁹,,,,,
tisz2,𒌨,𒌨,𒌨,,,,,
tiszkarin,𒌆,𒌆,,,,,,
tiszkarini,𒌆,𒌆,,,,,,
tiszpak,𒈽,𒈽,,,,,,
tis₂,𒌨,,,𒌨,,𒌨,,
titab,𒁈𒉽𒉽,,,𒁈𒉽𒉽,𒁈𒉽𒊺𒉽,𒁈𒉽𒉽,,
titab2,𒁈𒉽𒉽,𒁈𒉽𒉽,,,𒈖𒉽𒉽,,,
titab₂,𒁈𒉽𒉽,,,𒁈𒉽𒉽,,𒈖𒉽𒉽,,
titabₓ,𒍥𒈖,,,𒍥𒈖,,𒁈𒁉。𒍥𒈖,,
titenû,,,,,𒋿,,,
tiz,𒁹,,,𒁹,𒁹,𒁹,,
tiz2,𒌨,𒌨,,,𒌨,,,
tiz₂,𒌨,,,𒌨,,𒌨,,
tiŋ4,𒋾,𒋾,,,,,,
tiŋ₄,𒋾,,,𒋾,,𒋾,,
tiš,𒁹,,𒁹,𒁹,𒁹,𒁹,,
tiš2,,,𒌨,,𒌨,,,
tišdanₓ,,,,,,𒋖,,
tiširu,,,,,𒌓𒅗𒈦,,,
tiškarin,𒌆,,,𒌆,𒌆,𒌆,,
tiškarini,𒌆,,,𒌆,,𒌆,,
tiškurₓ,,,,,,𒀬𒀬,,
tišpak,𒈽,,,𒈽,𒈽,𒈽,,
tiš₂,𒌨,,,𒌨,,𒌨,,
tiṣ2,,,,,𒌨,,,
tiṣ₂,𒌨,,,𒌨,,𒌨,,
ti₂,𒄭,,,𒄭,,𒎗,,
ti₃,𒁴,,,𒁴,,𒁴,,
ti₄,𒁲,,,𒁲,,𒁲,,
ti₅,𒁁,,,𒁁,,𒁁,,
ti₇,𒋼,,,𒋼,,𒋼,,
ti₈,𒀉,,𒀉,𒀉,,𒀉,,
ti₈~v,,,,,,𒀉𒄷,,
ti₉,𒉈,,,𒉈,,𒉈,,
tu,𒌅,,𒌅,𒌅,𒌅,𒌅,,
tu&tu,,𒌅𒌅,,𒌅𒌅,,,,
tu10,𒄽,𒄽,,,𒄽,,,
tu11,𒄸,𒄸,𒄸,,𒄸,,,
tu11+,,,𒄸,,,,,
tu12,𒌇,𒌇,,,𒌇,,,
tu13,𒇧,𒇧,,,𒇧,,,
tu14,𒋃,𒋃,,,𒋃,,,
tu15,𒅎,𒅎,𒅎,,𒅎,,,
tu15/im,,,𒅎 𒅎,,,,,
tu16,𒂀,𒂀,,,𒂀,,,
tu17,𒀀𒋗𒉀,𒀀𒋗𒉀,𒀀𒋗𒉀,,𒀀𒋗𒉀,,,
tu18,𒂅,𒂅,,,𒂅,,,
tu19,𒌉,𒌉,𒌉,,𒆕。𒌉,,,
tu2,𒌓,𒌓,𒌓,,𒌓,,,
tu20,𒆕,𒆕,,,𒆕,,,
tu21,𒇯,𒇯,,,𒇯,,,
tu22,𒉀,𒉀,,,𒉀,,,
tu23,𒉂,𒉂,,,𒉂,,,
tu24,𒃮,𒃮,,,𒂃,,,
tu25,𒉐,𒉐,,,𒉐,,,
tu3,𒁺,𒁺,𒁺,,𒁺,,,
tu4,𒌈,𒌈,𒌈,,𒌈,,,
tu5,𒋗𒉀,𒋗𒉀,𒋗𒉀,,𒋗𒉀,,,
tu6,𒅲,𒅲,𒅲,,𒅲,,,
tu7,𒄰,𒄰,𒄰,,𒄰,,,
tu8,𒉏,𒉏,,,𒉏,,,
tu9,𒌆,𒌆,𒌆,,𒌆,,,
tub,𒁾,,𒁾,𒁾,𒁾,𒁾,,
tub2,𒂀,𒂀,𒂀,,𒂀,,,
tuba,𒈨,,,𒈨,𒈨,𒈨,,
tuba2,𒀀𒄩,𒀀𒄩,,,𒀀𒄩,,,
tuba3,𒋃,𒋃,,,𒋃,,,
tubaszin,𒆯,𒆯,,,,,,
tubašin,𒆯,,,𒆯,𒆯,𒆯,,
tuba₂,𒀀𒄩,,,𒀀𒄩,,𒀀𒄩,,
tuba₃,𒋃,,,𒋃,,𒋃,,
tuba₄,,𒌆,,𒌆,,𒌆,,
tubaₓ,𒌆,𒌆,,,,𒂠,,
tub₂,𒂀,,,𒂀,,𒂀,,
tud,𒌅,,𒌅,𒌅,𒌅,𒌅,,
tud2,𒉺𒍜,𒉺𒍜,,,𒉺𒍜,,,
tuddahaₓ,,𒃯,,𒃯,,None,,
tudu,𒉺𒍜,,,𒉺𒍜,𒉺𒍜,𒉺𒍜,,
tud₂,𒉺𒍜,,,𒉺𒍜,,𒉺𒍜,,
tug,𒌇,,𒌇,𒌇,𒌇,𒌇,,
tug2,𒌆,𒌆,𒌆,,𒌆,,,
tug2.bu,,,,,𒌆𒁍,,,
tug2.kaš4,,,,,𒌆𒁽,,,
tug2.numun2,,,,,𒌆𒍤𒆸,,,
tug2.sig2.bu,,,,,𒌆𒋠𒋤,,,
tug2.ud,,,,,𒌆𒌓,,,
tug2.zioverzi.lagab,,,,,𒌆𒍤𒆸,,,
tug3,𒂁,𒂁,,,𒂁,,,
tug4,𒇧,𒇧,,,𒇧,,,
tug7,𒅏,𒅏,,,𒅏。𒉎𒋺,,,
tug8,𒂅,𒂅,,,𒂅,,,
tugir,𒌆𒁽,,,𒌆𒁽,𒌆𒁽,𒌆𒁽,,
tugul,𒉄𒍞,,𒉄𒍞,𒉄𒍞,𒉄𒍞,𒉄𒍞,,
tugure,𒅤,,,𒅤,,𒅤,,
tug₂,𒌆,,𒌆,𒌆,,𒌆,,
tug₂.bu.tug₂.tu,,𒌆𒁍𒌆𒌅,,𒌆𒁍𒌆𒌅,,,,
tug₂.du@s,,𒌆𒁽,,𒌆𒁽,,,,
tug₂.ud,,𒌆𒌓,,𒌆𒌓,,,,
tug₃,𒂁,,,𒂁,,𒂁,,
tug₄,𒇧,,,𒇧,,𒇧,,
tug₇,𒅏,,,𒅏,,𒅏,,
tug₈,𒂅,,,𒂅,,𒂅,,
tugₓ,𒔉,,,𒔉,,𒓺,,
tuh,𒃮,,𒃮,𒃮,,𒂃,,
tuh2,𒈭,𒈭,,,,,,
tuh3,𒈬,𒈬,,,,,,
tuhu,𒃮,,,𒃮,,𒃮,,
tuhul,𒉄𒍞,,𒉄𒍞,𒉄𒍞,,𒉄𒍞,,
tuh₂,𒈭,,,𒈭,,𒈭,,
tuh₃,𒈬,,,𒈬,,𒈬,,
tuk,𒌇,,𒌇,𒌇,𒌇,𒌇,,
tuk.tuk,,𒌇𒌇,,𒌇𒌇,𒌇𒌇,,,
tuk2,𒌆,𒌆,,,𒌆,,,
tuk3,𒂁,𒂁,,,𒂁,,,
tuk4,𒇧,𒇧,,,𒇧,,,
tuk5,,,,,𒋳,,,
tuk7,𒅏,𒅏,,,𒅏。𒉎𒋺,,,
tuk8,𒅎𒆑,𒅎𒆑,,,,,,
tuk9,,,,,𒁖,,,
tuk]ul,,,𒆪,,,,,
tuku,𒌇,,𒌇,𒌇,𒌇,𒌇,,
tuku2,𒌆,𒌆,,,𒌆,,,
tuku4,𒇧,𒇧,𒇧,,𒇧,,,
tuku5,𒋳,𒋳,𒋳,,𒋳,,,
tuku6,𒆸,𒆸,,,𒆸,,,
tukul,𒆪,,𒆪,𒆪,𒆪,𒆪,,
tukul.dingir,,,,,𒆪𒀭,,,
tukul.idim,,,,,𒆪𒁁,,,
tukul2,,,,,𒄑𒆪,,,
tukul3,,,,,𒆸,,,
tukula,𒆪,,,𒆪,𒆪,𒆪,,
tukul₂,,,,,,𒄑𒆪,,
tukulₓ,𒆸,,,𒆸,,𒆸,,
tukum,𒋗𒃻𒌉𒇲,,𒋗𒃻𒌉𒇲,𒋗𒃻𒌉𒇲,𒋗𒃻𒌉𒇲,𒋗𒃻𒌉𒇲,,
tukumbi,𒋗𒃻𒌉𒇲𒁉,,𒋗𒃻𒌉𒇲𒁉,𒋗𒃻𒌉𒇲𒁉,𒋗𒃻𒌉𒇲𒁉,𒋗𒃻𒌉𒇲𒁉,,
tukumbiₓ,𒋗𒃻𒌉𒇲𒁉,,,𒋗𒃻𒌉𒇲𒁉,,𒋗𒃻𒌉。𒋗𒃻𒌉𒇲𒂠。𒋗𒇲𒌉,,
tukumₓ,𒋗𒃻𒌉𒇲,,,𒋗𒃻𒌉𒇲,,𒃻𒋗𒌉。𒋗𒃻。𒋗𒃻𒌉。𒋗𒃻𒌉𒇲𒂠。𒋗𒃻𒌉𒊒𒇲。𒋗𒇲𒌉。𒋗𒌉,,
tukun,𒋗𒃻𒌉𒇲,,,𒋗𒃻𒌉𒇲,𒋗𒃻𒌉𒇲,𒋗𒃻𒌉𒇲,,
tukunbi,𒋗𒃻𒌉𒇲𒁉,,,𒋗𒃻𒌉𒇲𒁉,𒋗𒃻𒌉𒇲𒁉,𒋗𒃻𒌉𒇲𒁉,,
tukur,𒆸,,,𒆸,𒆸,𒆸,,
tukur2,𒆁,𒆁,𒆁,,𒆁,,,
tukur3,𒆈,𒆈,,,𒆈,,,
tukureₓ,𒆁,,,𒆁,,𒆁,,
tukur₂,𒆁,,,𒆁,,𒆁,,
tukur₃,𒆈,,,𒆈,,𒆈,,
tukurₓ,𒇥,,,𒇥,,𒅗𒃻。𒅥。𒇥,,
tuku₂,𒌆,,,𒌆,,𒌆,,
tuku₄,𒇧,,,𒇧,,𒇧,,
tuku₅,𒋳,,,𒋳,,𒋳,,
tuku₆,𒆸,,,𒆸,,𒆸,,
tukuₓ,,,,,,𒄸。𒇳𒁺,,
tuk₂,𒌆,,,𒌆,,𒌆,,
tuk₃,𒂁,,,𒂁,,𒂁,,
tuk₄,𒇧,,,𒇧,,𒇧,,
tuk₇,𒅏,,,𒅏,,𒅏,,
tuk₈,𒅎𒆑,,,𒅎𒆑,,𒅎𒆑,,
tukₓ,𒋺,,,𒋺,,𒄸。𒋺,,
tul,𒌋𒌆,,𒌋𒌆,𒌋𒌆,𒌋𒌆,𒌋𒌆,,
tul2,𒇥,𒇥,𒇥,,𒇥,,,
tul3,,,,,𒄒,,,
tul4,𒌉,𒌉,,,𒌉,,,
tul5,𒇯,𒇯,𒇯,,𒇯,,,
tul6,𒂈,𒂈,,,𒂈,,,
tul7,𒌪,𒌪,,,𒌪,,,
tul8,𒇀,𒇀,,,𒇀,,,
tule,,,,,𒌋𒌆,,,
tul₂,𒇥,,,𒇥,,𒇥,,
tul₄,𒌉,,,𒌉,,𒌉,,
tul₅,𒇯,,,𒇯,,𒇯,,
tul₆,𒂈,,,𒂈,,𒂈,,
tul₇,𒌪,,,𒌪,,𒌪,,
tul₈,𒇀,,,𒇀,,𒇀,,
tum,𒌈,,𒌈,𒌈,𒌈,𒌈,,
tum/tu4,,,𒌈 𒌈,,,,,
tum10,𒁮,𒁮,,,𒁮。𒅎,,,
tum11,𒉑,𒉑,,,𒉑,,,
tum12,𒌅,𒌅,,,𒌅。𒌓,,,
tum13,𒂕,𒂕,,,,,,
tum2,𒁺,𒁺,𒁺,,𒁺,,,
tum3,𒉐,𒉐,𒉐,,𒉐,,,
tum4,𒉏,𒉏,𒉏,,𒉏,,,
tum5,𒆪,𒆪,,,𒆪,,,
tum7,,,,,𒄷𒊺,,,
tum8,𒁴,𒁴,,,𒁴,,,
tum9,𒅎,𒅎,𒅎,,𒁮。𒅎,,,
tuma,𒆪,,,𒆪,𒆪,,,
tuma2,𒁺,𒁺,,,,,,
tuma?,,,,,,𒆪,,
tuma₂,𒁺,,,𒁺,,𒁺,,
tumga,𒈜,,,𒈜,,𒈜,,
tumu,𒅎,,𒅎,𒅎,𒅎,𒅎,,
tumu2,𒁺,𒁺,,,𒁺,,,
tumu3,𒉐,𒉐,,,𒉐,,,
tumu4,𒉏,𒉏,,,,,,
tumušₓ,,,,,,𒌆,,
tumu₂,𒁺,,,𒁺,,𒁺,,
tumu₃,𒉐,,,𒉐,,𒉐,,
tumu₄,𒉏,,,𒉏,,𒉏,,
tum×gan₂@t,,𒔾,,𒔾,,,,
tum₁₀,𒁮,,,𒁮,,𒁮,,
tum₁₁,𒉑,,,𒉑,,𒉑,,
tum₁₂,𒌅,,,𒌅,,𒌅,,
tum₁₃,𒂕,,,𒂕,,𒂕,,
tum₂,𒁺,,,𒁺,,𒁺,,
tum₃,𒉐,,𒉐,𒉐,,𒉐,,
tum₃⁻,,𒉐,,𒉐,,𒉐,,
tum₄,𒉏,,,𒉏,,𒉏,,
tum₅,𒆪,,,𒆪,,,,
tum₅?,,,,,,𒆪,,
tum₈,𒁴,,,𒁴,,𒁴,,
tum₉,𒅎,,,𒅎,,𒅎,,
tumₓ,𒔾,,,𒔾,,𒄸。𒄽。𒔺,,
tun,𒄽,,𒄽,𒄽,𒄽,𒄽,,
tun2,𒄸,𒄸,𒄸,,𒄸,,,
tun3,𒂅,𒂅,𒂅,,𒂅,,,
tun4,𒂄,𒂄,,,𒂄,,,
tuna3,𒂅,𒂅,,,,,,
tuna₃,𒂅,,,𒂅,,𒂅,,
tunda,𒉺𒍜,,,𒉺𒍜,𒉺𒍜。𒉺𒍜𒇲。𒍜𒇲,𒉺𒍜,,
tungal,𒂗𒍪,,,𒂗𒍪,𒀭𒂗𒍪,𒂗𒍪,,
tungal2,𒂗𒆠,𒂗𒆠,,,𒀭𒂗𒆠,,,
tungal₂,𒂗𒆠,,,𒂗𒆠,,𒂗𒆠,,
tunur,𒇌,,,𒇌,𒇌,𒇌,,
tunŋal2,𒂗𒆠,𒂗𒆠,,,,,,
tunŋal₂,𒂗𒆠,,,𒂗𒆠,,𒂗𒆠,,
tun₂,𒄸,,,𒄸,,𒄸,,
tun₃,𒂅,,,𒂅,,𒂅,,
tun₃⁺,,𒂅,,𒂅,,𒂅,,
tun₄,𒂄,,,𒂄,,𒂄,,
tunₓ,𒅾,𒅾。𒊩𒄸,,𒊩𒄸,,𒂀。𒅾。𒌓𒄸,,
tup,𒁾,,𒁾,𒁾,𒁾,𒁾,,
tup2,𒂀,𒂀,,,𒂀,,,
tup₂,𒂀,,,𒂀,,𒂀,,
tuq,𒌇,,𒌇,𒌇,𒌇,𒌇,,
tuq2,,,,,𒌆,,,
tuq3,𒂁,𒂁,,,𒂁,,,
tuq₃,𒂁,,,𒂁,,𒂁,,
tuqₓ,,,,,,𒌆,,
tur,𒌉,,𒌉,𒌉,𒌉,𒌉,,
tur&tur.za&za,,𒌊,,𒌊,,,,
tur-tur,𒌉𒌉,,,𒌉𒌉,,𒌉𒌉,,
tur.arad,,𒌉𒀴,,𒌉𒀴,𒌉𒀴,,,
tur.diš,,𒌉𒁹,,𒌉𒁹,𒌉𒁹,,,
tur.eš₂,,𒌉𒂠,,𒌉𒂠,,,,
tur.sag,,𒌉𒊕,,𒌉𒊕,𒌉𒊕,,,
tur.sal.tur.tur,,𒌉𒊩𒌉𒌉,,𒌉𒊩𒌉𒌉,,,,
tur.tur,,𒌉𒌉,,𒌉𒌉,𒌉𒌉,,,
tur.tur.lal,,,,,𒌉𒌉𒇲,,,
tur.uš,,𒌉𒍑,,𒌉𒍑,𒌉𒍑,,,
tur.še3,,,,,𒌉𒂠,,,
tur2,𒄙,𒄙,𒄙,,𒄙,,,
tur3,𒉣𒇬,𒉣𒇬,𒉣𒇬,,𒉣𒇬,,,
tur3xnig2,,,,,𒉤,,,
tur3xuš,,,,,𒉨,,,
tur4,𒄒,𒄒,,,𒄒,,,
tur5,𒌅,𒌅,𒌅,,𒌅,,,
tur6,𒆸,𒆸,,,𒆸,,,
tur7,𒂉,𒂉,,,𒆪,,,
tur8,𒁍,𒁍,𒁍,,𒁍,,,
tura,𒌉,,,𒌉,𒌉,𒌉,,
turan,𒄙𒄒,,,𒄙𒄒,,,,
turan?,,,,,,𒄙𒄒,,
turovertur.zaoverza,,,,,𒌊,,,
turu,𒌉,,,𒌉,𒌉,𒌉,,
turungal,𒌓𒉣,,,𒌓𒉣,𒌓𒉣,𒌓𒉣,,
turungalₓ,,,,,,𒀀𒇉𒌓𒉣𒆠,,
tur₂,𒄙,,,𒄙,,𒄙,,
tur₃,𒉣𒇬,,,𒉣𒇬,,𒉣𒇬,,
tur₄,𒄒,,,𒄒,,𒄒,,
tur₅,𒌅,,,𒌅,,𒌅,,
tur₆,𒆸,,,𒆸,,𒆸,,
tur₇,𒂉,,,𒂉,,𒂉,,
tur₈,𒁍,,,𒁍,,,,
tur₈?,,,,,,𒁍,,
turₓ,,,,,,𒉥。𒉦。𒌝,,
tus,,,,,𒆪,,,
tusz,𒆪,𒆪,𒆪,,,,,
tusze,𒀀𒁺,𒀀𒁺,,,,,,
tuszszuru,𒀀𒁺,𒀀𒁺,,,,,,
tuszu,𒆪,𒆪,,,,,,
tutke,𒇧𒇧,,,𒇧𒇧,𒇧𒇧,𒇧𒇧,,
tutki,𒇧𒇧,,,𒇧𒇧,𒇧𒇧,𒇧𒇧,,
tutku,𒇧𒇧,,,𒇧𒇧,𒇧𒇧,𒇧𒇧,,
tuš,𒆪,,𒆪,𒆪,𒆪,𒆪,,
tuš2,,,,,𒆪,,,
tuš],,,𒆪,,,,,
tuše,𒀀𒁺,,,𒀀𒁺,𒀀𒁺,𒀀𒁺,,
tušu,𒆪,,,𒆪,,𒆪,,
tuššuru,𒀀𒁺,,,𒀀𒁺,,𒀀𒁺,,
tuḫ,,,𒃮,,𒂃,,,
tuḫ2,,,,,𒈭,,,
tuḫ3,,,,,𒈬,,,
tuḫu,,,,,𒂃,,,
tuḫul,,,,,𒉄𒍞,,,
tu₁₀,𒄽,,,𒄽,,𒄽,,
tu₁₁,𒄸,,,𒄸,,𒄸,,
tu₁₁⁺,,𒄸,,𒄸,,𒄽,,
tu₁₂,𒌇,,,𒌇,,𒌇,,
tu₁₃,𒇧,,,𒇧,,𒇧,,
tu₁₄,𒋃,,,𒋃,,𒋃,,
tu₁₅,𒅎,,,𒅎,,𒅎,,
tu₁₆,𒂀,,,𒂀,,,,
tu₁₆?,,,,,,𒂀,,
tu₁₇,𒀀𒋗𒉀,,,𒀀𒋗𒉀,,𒀀𒋗𒉀,,
tu₁₈,𒂅,,,𒂅,,𒂅,,
tu₁₉,𒌉,,,𒌉,,,,
tu₁₉?,,,,,,𒌉,,
tu₂,𒌓,,,𒌓,,𒌓,,
tu₂₀,𒆕,,,𒆕,,𒆕,,
tu₂₁,𒇯,,,𒇯,,𒇯,,
tu₂₂,𒉀,,,𒉀,,𒉀,,
tu₂₃,𒉂,,,𒉂,,𒉂,,
tu₂₄,𒃮,,,𒃮,,𒃮,,
tu₂₅,𒉐,,,𒉐,,𒉐,,
tu₃,𒁺,,,𒁺,,𒁺,,
tu₄,𒌈,,𒌈,𒌈,,𒌈,,
tu₅,𒋗𒉀,,,𒋗𒉀,,𒋗𒉀,,
tu₆,𒅲,,,𒅲,,𒅲,,
tu₇,𒄰,,,𒄰,,𒄰,,
tu₈,𒉏,,,𒉏,,𒉏,,
tu₉,𒌆,,,𒌆,,𒌆,,
tuₓ,𒊺𒉀,,,𒊺𒉀,,𒅤。𒅮。𒆉。𒊺X。𒊺𒉀,,
tà,,,𒋳,,,,,
ták,,,𒁖,,,,,
tám,,,𒁮,,,,,
tár,,,𒁯,,,,,
táḫ,,,𒃮,,,,,
tén,,,𒁷,,,,,
tés,,,𒌨,,,,,
téš,,,𒌨,,,,,
tì,,,𒁴,,,,,
tí,,,𒄭,,,,,
tír,,,𒋻,,,,,
tù,,,𒁺,,,,,
tùm,,,𒉐,,,,,
tùn,,,𒂅,,,,,
tùr,,,𒉣𒇬,,,,,
tú,,,𒌓,,,,,
túb,,,𒂀,,,,,
túg,,,𒌆,,,,,
túl,,,𒇥,,,,,
túm,,,𒁺,,,,,
túr,,,𒄙,,,,,
u,𒌋,,𒌋,𒌋,𒌋,𒌋,,
u&u,,𒌋𒌋,,𒌋𒌋,,,,
u&u.pa&pa.gar&gar,,𒌎,,𒌎,,,,
u&u.sur&sur,,𒌏,,𒌏,,,,
u&u.u&u.u,,𒐐,,𒐐,,,,
u&u.u@v&u@v,,𒌐,,𒌐,,,,
u',𒀪,𒀪,𒀪,,,,,
u'2,𒄴,𒄴,,,,,,
u'3,𒇆,𒇆,𒇆,,,,,
u'4,𒌔,𒌔,,,,,,
u'a,𒇇𒀀,𒇇𒀀,,,,,,
u'i,𒇇𒀀,𒇇𒀀,,,,,,
u'u,𒇇𒀀,𒇇𒀀,,,,,,
u+12038,,,𒌋𒐤𒐟𒌍𒐍 𒐤𒐟𒌍𒐍,,,,,
u-gun3,𒌋𒁯,𒌋𒁯,,,,,,
u-gun₃,𒌋𒁯,,,𒌋𒁯,,𒌋𒁯,,
u.5(diš),,𒌋𒐊,,𒌋𒐊,,,,
u.ad,,𒌋𒀜,,𒌋𒀜,𒌋𒀜,,,
u.buru14,,,,,𒌋𒂘,,,
u.dar,,𒌋𒁯,,𒌋𒁯,𒌋𒁯,,,
u.dim,,𒌋𒁴,,𒌋𒁴,𒌋𒁴,,,
u.dim×še,,𒌋𒁵,,𒌋𒁵,,,,
u.edin,,𒌋𒂔,,𒌋𒂔,𒌋𒂔,,,
u.en×gan₂@t,,𒌋𒂙,,𒌋𒂙,,,,
u.ga,,𒌋𒂵,,𒌋𒂵,𒌋𒂵,,,
u.ga.hi,,𒌋𒂵𒄭,,𒌋𒂵𒄭,,,,
u.gag,,,,,𒌋𒆕,,,
u.gan,,𒌋𒃶,,𒌋𒃶,𒌋𒃶,,,
u.gir3,,,,,𒌋𒄊,,,
u.gu3,,,,,𒌋𒅗,,,
u.gud,,𒌌,,𒌌,𒌌,,,
u.gun3,,,,,𒌋𒁯,,,
u.gur,,𒌋𒄥,,𒌋𒄥,𒌋𒄥,,,
u.ia2,,,,,𒌋𒐊,,,
u.iti,,,,,𒌋𒌗,,,
u.ka,,𒌋𒅗,,𒌋𒅗,𒌋𒅗,,,
u.kid,,𒌋𒆤,,𒌋𒆤,𒌋𒆤,,,
u.maš.kab,,𒌋𒈦𒆏,,𒌋𒈦𒆏,𒌋𒈦𒆏,,,
u.mu,,𒌋𒈬,,𒌋𒈬,𒌋𒈬,,,
u.munkakkul,,,,,𒌋𒁵,,,
u.pirig,,𒌋𒊊,,𒌋𒊊,𒌋𒊊,,,
u.sag,,𒌋𒊕,,𒌋𒊕,𒌋𒊕,,,
u.sar,,𒌋𒊬,,𒌋𒊬,𒌋𒊬,,,
u.tug2,,,,,𒌋𒌆,,,
u.tug₂,,𒌋𒌆,,𒌋𒌆,,,,
u.u,,𒌋𒌋,,𒌋𒌋,𒌋𒌋,,,
u.u.u,,𒌍,,𒌍,𒌍,,,
u.u.u.aš₃,,𒌋𒌋𒌋𒐋,,𒌋𒌋𒌋𒐋,,,,
u.ud,,𒌋𒌓,,𒌋𒌓,𒌋𒌓,,,
u.ud.kid,,𒌋𒌓𒆤,,𒌋𒌓𒆤,𒌋𒌓𒆤,,,
u.ugunû,,,,,𒌋𒐴,,,
u.ur@s,,𒌋𒌪,,𒌋𒌪,,,,
u.zag,,𒌋𒍠,,𒌋𒍠,𒌋𒍠,,,
u.ša,,𒌋𒊭,,𒌋𒊭,,,,
u10,𒁱,𒁱,,,𒁱,,,
u11,𒄷,𒄷,,,𒄷,,,
u12,𒌦,𒌦,,,𒌦,,,
u13,𒄴,𒄴,,,𒄴,,,
u14,𒌋𒂵,𒌋𒂵,,,𒌋𒂵,,,
u15,,,,,𒋠,,,
u16,𒌝,𒌝,,,𒌝,,,
u17,𒉿,𒉿,,,𒉿。𒍇,,,
u18,𒍇,𒍇,𒍇,,𒍇,,,
u19,𒌷,𒌷,𒌷,,𒌷,,,
u2,𒌑,𒌑,𒌑,,𒌑,,,
u2 resz,,,𒌑 𒊕,,,,,
u2 za,,,𒌑 𒍝,,,,,
u2#,,,𒌑,,,,,
u2.a.esir2.ma2.šu2.a,,,,,𒌑𒀀𒇒𒈣𒋙𒀀,,,
u2.esir.ma2.šu2.a,,,,,𒌑𒀀𒇒𒈣𒋙𒀀,,,
u2.gir2,,,,,𒌑𒄈,,,
u2.gir2gunû,,,,,𒌑𒄉,,,
u2.giš.mi,,,,,𒌑𒄑𒈪,,,
u2.ka,,,,,𒌑𒅗,,,
u2.ki.sum.ga,,,,,𒌑𒆠𒋧𒂵,,,
u2.kur.ni.dilmunki,,,,,𒌑𒆳𒉌𒌇𒆠,,,
u2.kur.ni.tuk.ki,,,,,𒌑𒆳𒉌𒌇𒆠,,,
u2.kur.ra,,,,,𒌑𒆳𒊏,,,
u2.kur.ra.ezen,,,,,𒌑𒆳𒊏𒂡,,,
u2.kur.za.muš2.ki,,,,,𒌑𒆳𒍝𒈽𒆠,,,
u2.kur.šubaki,,,,,𒌑𒆳𒍝𒈽𒆠,,,
u2.naga.ga,,,,,𒌑𒉀𒂵,,,
u2.naga.ga.ḫu,,,,,𒌑𒉀𒂵𒄷,,,
u2.numun2,,,,,𒌑𒍤𒆸,,,
u2.sag,,,,,𒌑𒊕,,,
u20,𒊺,𒊺,𒊺,,𒊺,,,
u21,𒊌,𒊌,,,𒊌,,,
u22,𒌗,𒌗,,,,,,
u23,,,,,𒉡,,,
u2],,,𒌑,,,,,
u2’,,,,,𒄴。𒇇,,,
u3,𒅇,𒅇,𒅇,,𒅇,,,
u3’,,,,,𒄴。𒇇,,,
u4,𒌓,𒌓,𒌓,,𒌓,,,
u4-sakar,𒌓𒊬,𒌓𒊬,,,,,,
u5,𒄷𒋛,𒄷𒋛,𒄷𒋛,,𒄷𒋛,,,
u6,𒅆𒂍,𒅆𒂍,𒅆𒂍,,𒅆𒂍,,,
u7,𒆠𒈫,𒆠𒈫,𒆠𒈫,,𒆠𒈫,,,
u8,𒇇,𒇇,𒇇,,𒇇,,,
u8.a,,,,,𒇇𒀀,,,
u8.lu.ḫi.a,,,,,𒇇𒇻𒄭𒀀,,,
u9,𒂦,𒂦,,,𒂦,,,
u@c,𒌋,,,𒌋,,󰀒,,
u@f,,𒌋,,𒌋,,󰀒,,
u@g,,𒐴,𒐴,𒐴,,,,
u[b],,,𒌒,,,,,
u]ṭ,,,𒌓,,,,,
u_,,,𒌋,,,,,
ua,𒇇,,𒇇,𒇇,𒇇,𒇇,,
ua2,𒁱,𒁱,,,𒁱,,,
ua3,,,,,𒋠,,,
ua4,𒁦,𒁦,,,𒁦,,,
ua₂,𒁱,,,𒁱,,𒁱,,
ua₄,𒁦,,,𒁦,,𒁦,,
uaₓ,,𒇆,,𒇆,,𒇆。𒋠,,
ub,𒌒,,𒌒,𒌒,𒌒,𒌒,,
ub.me,,𒌒𒈨,,𒌒𒈨,,,,
ub.ri,,𒌒𒊑,,𒌒𒊑,𒌒𒊑,,,
ub2,𒂠,𒂠,𒂠,,𒂠,,,
ub3,𒀚,𒀚,𒀚,,𒀚,,,
ub4,𒇥,𒇥,𒇥,,𒇥,,,
ub5,𒀛,𒀛,,,𒀖𒋺。𒀛。𒄷𒋛,,,
ub6,𒀙,𒀙,,,𒀙,,,
ub:sag,,,𒌒 𒊕,,,,,
ub],,,𒌒,,,,,
uba,𒌒,,,𒌒,,𒌒,,
uba2,𒂠,𒂠,,,𒂠,,,
uba3,,,,,𒀚,,,
uba5,𒀛,𒀛,,,𒀖𒋺。𒀛,,,
ubar,𒂬,,,𒂬,,𒂬,,
ubara,𒂬,,𒂬,𒂬,𒂬,𒂬,,
ubaruₓ,,,,,,𒂬,,
uba₂,𒂠,,,𒂠,,𒂠,,
uba₅,𒀛,,,𒀛,,𒀛,,
ubda,𒌒,,,𒌒,,𒌒,,
ubdaₓ,𒆠,,,𒆠,,𒆠,,
ubi,𒃴,,,𒃴,𒃴,None,,
ubi2,𒋦,𒋦,,,𒋦,,,
ubilla,𒄑𒉋,,,𒄑𒉋,𒄑𒉋,𒄑𒉋,,
ubilla2,𒄑𒈪,𒄑𒈪,,,𒄑𒈪,,,
ubilla₂,𒄑𒈪,,,𒄑𒈪,,𒄑𒈪,,
ubinigga,𒋱,,,𒋱,,,,
ubisag,𒋃,,,𒋃,𒋃,𒋃,,
ubisag2,𒋄,𒋄,,,𒋄,,,
ubisag₂,𒋄,,,𒋄,,𒋄,,
ubiszaga,𒋱,𒋱,,,,,,
ubišaga,𒋱,,𒋱,𒋱,𒋱,𒋱,,
ubi₂,𒋦,,,𒋦,,𒋦,,
ubiₓ,𒊺𒋦,,,𒊺𒋦,,𒓣,,
ubri,𒅆𒆕,,,𒅆𒆕,𒅆𒆕,𒅆𒆕,,
ubri2,𒅆𒁴,𒅆𒁴,,,𒅆𒁴,,,
ubrim,𒅆𒆕,,,𒅆𒆕,𒅆𒆕,𒅆𒆕,,
ubrim2,,,,,𒅆𒁴,,,
ubri₂,𒅆𒁴,,,𒅆𒁴,,𒅆𒁴,,
ubriₓ,,,,,,𒅆𒈥。𒅊𒅊,,
ubu,𒀹,,,𒀹,𒀸。𒀹,𒀹,,
ubu2,𒌒,𒌒,,,𒌒,,,
ubudil,𒉞,,,𒉞,𒉞,𒉞,,
ubudili,𒉞,,𒉞,𒉞,𒉞,𒉞,,
ubur,𒁜,,𒁜,𒁜,𒁛,𒁛,,
ubur2,𒁥,𒁥,,,𒁥,,,
ubur3,𒁡,𒁡,,,𒁡,,,
ubur4,𒁢,𒁢,𒁢,,𒁢,,,
ubura,,,,,,𒍻,,
uburaₓ,,,,,,𒀹,,
uburu,,𒍻,,𒍻,,𒍻,,
ubur₂,𒁥,,,𒁥,,𒁥,,
ubur₃,𒁡,,,𒁡,,𒁡,,
ubur₄,𒁢,,,𒁢,,𒁢,,
uburₓ,,,,,,𒁖X。𒁦,,
ubu₂,𒌒,,,𒌒,,𒌒,,
ubuₓ,𒌋,,,𒌋,,𒌋,,
ub₂,𒂠,,𒂠,𒂠,,𒂠,,
ub₂&ub₂,,𒂠𒂠,,𒂠𒂠,,,,
ub₃,𒀚,,,𒀚,,𒀚,,
ub₄,𒇥,,,𒇥,,𒇥,,
ub₅,𒀛,,,𒀛,,𒀛,,
ub₆,𒀙,,,𒀙,,𒀙,,
ub₇,,𒀘,,𒀘,,𒀘,,
ubₓ,𒌾,,,𒌾,,𒀖𒊮。𒂦。𒌾。󰁖,,
ud,𒌓,,𒌓,𒌓,𒌓,𒌓,,
ud.a,,𒌓𒀀,,𒌓𒀀,𒌓𒀀,,,
ud.ab,,𒌓𒀊,,𒌓𒀊,𒌓𒀊,,,
ud.ab@g,,𒌓𒀕,,𒌓𒀕,,,,
ud.an.ud,,𒌓𒀭𒌓,,𒌓𒀭𒌓,𒌓𒀭𒌓,,,
ud.an.šeš.ki,,𒌓𒀭𒋀𒆠,,𒌓𒀭𒋀𒆠,𒌓𒀭𒋀𒆠,,,
ud.du,,𒌓𒁺,,𒌓𒁺,𒌓𒁺,,,
ud.du.bu,,𒌓𒁺𒁍,,𒌓𒁺𒁍,,,,
ud.gan,,𒌓𒃶,,𒌓𒃶,𒌓𒃶,,,
ud.giš%giš.nun,,𒌓𒄒𒉣,,𒌓𒄒𒉣,,,,
ud.hi×aš₂,,𒌓𒄯,,𒌓𒄯,,,,
ud.hu.hi.nun,,𒌓𒄷𒄭𒉣,,𒌓𒄷𒄭𒉣,,,,
ud.hu.hi.nun.na,,𒌓𒄷𒄭𒉣𒈾,,𒌓𒄷𒄭𒉣𒈾,,,,
ud.ka.bar,,𒌓𒅗𒁇,,𒌓𒅗𒁇,𒌓𒅗𒈦,,,
ud.kib.nun,,,,,𒌓𒄒𒉣,,,
ud.kid,,𒌓𒆤,,𒌓𒆤,,,,
ud.kušu2,,,,,𒌔,,,
ud.kušu₂,,𒌔,,𒌔,,,,
ud.ma2.nina,,,,,𒌓𒈣𒀏,,,
ud.ma2.nina.ki.tag,,,,,𒌓𒈣𒀏𒆠𒋳,,,
ud.ma2.nina.tag,,,,,𒌓𒈣𒀏𒋳,,,
ud.ma2.nina.šir,,,,,𒌓𒈣𒀏𒋓,,,
ud.ma2.nina.širtenû,,,,,𒌓𒈣𒀏𒋔,,,
ud.ma₂.ab×ha,,𒌓𒈣𒀏,,𒌓𒈣𒀏,,,,
ud.ma₂.ab×ha.ki.tag,,𒌓𒈣𒀏𒆠𒋳,,𒌓𒈣𒀏𒆠𒋳,,,,
ud.ma₂.ab×ha.tag,,𒌓𒈣𒀏𒋳,,𒌓𒈣𒀏𒋳,,,,
ud.ma₂.ab×ha.šir,,𒌓𒈣𒀏𒋓,,𒌓𒈣𒀏𒋓,,,,
ud.mud.nun,,,,,𒌓𒄷𒄭𒉣,,,
ud.munus.ḫub2,,,,,𒌓𒊩𒄸,,,
ud.ni,,𒌓𒉌,,𒌓𒉌,,,,
ud.nun,,𒌓𒉣,,𒌓𒉣,𒌓𒉣,,,
ud.nun.ḫu,,,,,𒌓𒉣𒄷,,,
ud.sal.hub₂,,𒌓𒊩𒄸,,𒌓𒊩𒄸,,,,
ud.sar,,𒌓𒊬,,𒌓𒊬,,,,
ud.ud,,𒌓𒌓,,𒌓𒌓,𒌓𒌓,,,
ud.ud.ag,,,,,𒌓𒌓𒀝,,,
ud.ud.ak,,𒌓𒌓𒀝,,𒌓𒌓𒀝,,,,
ud.unug,,,,,𒌓𒀕,,,
ud.šeš.ki,,𒌓𒋀𒆠,,𒌓𒋀𒆠,,,,
ud.ḫar,,,,,𒌓𒄯,,,
ud/u4,,,𒌓 𒌓,,,,,
ud2,𒀾,𒀾,𒀾,,𒀾,,,
ud2-duru5,𒍩𒀀,𒍩𒀀,,,,,,
ud3,𒄷𒋛,𒄷𒋛,,,𒄷𒋛,,,
ud4,,,,,𒋳𒌆。𒋸,,,
ud5,𒍚,𒍚,𒍚,,𒍚,,,
ud6,𒌋𒂵,𒌋𒂵,𒌋𒂵,,𒌋𒂵,,,
ud@g,,𒌙,𒌙,𒌙,,,,
ud@s,,𒌚,𒌚,𒌚,,,,
ud@s.kid,,𒌚𒆤,,𒌚𒆤,,,,
ud@s.kušu₂,,𒌚𒆵,,𒌚𒆵,,,,
ud@s×bad,,𒌛,,𒌛,,,,
uda5,𒍚,𒍚,,,,,,
uda₅,𒍚,,,𒍚,,𒍚,,
udaₓ,𒂟,,,𒂟,,𒎕,,
udda,𒇐,,,𒇐,,𒇐,,
udeszszu,𒀾,𒀾,,,,,,
udeššu,𒀾,,,𒀾,,𒀾,,
udgunû,,,,,𒌙,,,
udilia,𒌋𒐊,,,𒌋𒐊,,𒌋𒐊,,
udiliyaₓ,,,,,,𒌋𒐊,,
udinim,𒂫,,,𒂫,𒂫,𒂫,,
udinim2,,,,,𒂩,,,
udkinₓ,𒋠𒇴,,,𒋠𒇴,,,,
udkinₓ?,,,,,,𒋠𒇴,,
udnim,𒂫,,,𒂫,𒂫,𒂫,,
udnim2,,,,,𒂩,,,
udnimₓ,𒂮,,,𒂮,,None。𒂩。𒂮,,
udra,𒍩𒀀𒀭,,,𒍩𒀀𒀭,𒀾𒀀𒀭,𒍩𒀀𒀭,,
udra2,𒍩𒀭𒈾,𒍩𒀭𒈾,,,𒀾𒀭𒈾,,,
udra3,𒍩𒀭,𒍩𒀭,,,𒀾𒀭,,,
udra₂,𒍩𒀭𒈾,,,𒍩𒀭𒈾,,𒍩𒀭𒈾,,
udra₃,𒍩𒀭,,,𒍩𒀭,,𒍩𒀭,,
udraₓ,𒍩𒀀,,,𒍩𒀀,,𒍩𒀀,,
udru,𒍩𒀀𒀭,,,𒍩𒀀𒀭,,𒍩𒀀𒀭,,
udu,𒇻,,𒇻,𒇻,𒇻,𒇻,,
udu.uš2,,,,,𒇼,,,
udu2,𒋗𒁁,𒋗𒁁,,,𒋗𒁁,,,
uduaₓ,,,,,,𒁭,,
udub,𒇛,,𒇛,𒇛,𒇛,𒇛,,
udub2,𒂷𒄑,𒂷𒄑,,,𒋖𒄑,,,
udub3,𒉈𒋛𒀀,𒉈𒋛𒀀,,,𒉈𒋛𒀀,,,
udub₂,𒂷𒄑,,,𒂷𒄑,,𒋖𒄑,,
udub₃,𒉈𒋛𒀀,,,𒉈𒋛𒀀,,𒉈𒋛𒀀,,
udug,𒌜,,𒌜,𒌜,𒌜,𒌜,,
udug2,𒂷𒄑,𒂷𒄑,𒂷𒄑,,𒋖𒄑,,,
udugabaₓ,,,,,,𒔪,,
udug₂,𒂷𒄑,,,𒂷𒄑,,𒊩𒄑。𒋖𒄑,,
udul,𒀖𒆪,,𒀖𒆪,𒀖𒆪,𒀖𒆪,𒀖𒆪,,
udul10,𒀖𒇻,𒀖𒇻,,,𒀖𒇻,,,
udul11,𒉺𒁖,𒉺𒁖,,,𒑐𒁟,,,
udul2,𒄰,𒄰,,,𒄰,,,
udul3,𒁦,𒁦,,,𒁦,,,
udul4,,,,,𒉺𒁦,,,
udul5,𒁟,𒁟,,,𒁟,,,
udul6,𒁭,𒁭,𒁭,,𒁭,,,
udul7,𒆚,𒆚,,,𒆚,,,
udul8,𒌋𒈬,𒌋𒈬,,,,,,
udul9,𒉺𒁖,𒉺𒁖,,,𒑐𒁣,,,
udul₁₀,𒀖𒇻,,,𒀖𒇻,,𒀖𒇻,,
udul₁₁,𒉺𒁖,,,𒉺𒁖,,𒉺𒁟,,
udul₂,𒄰,,,𒄰,,,,
udul₂?,,,,,,𒄰,,
udul₃,𒁦,,,𒁦,,𒁦,,
udul₄,,𒉺𒁦,,𒉺𒁦,,𒉺𒁦,,
udul₅,𒁟,,,𒁟,,𒁟,,
udul₆,𒁭,,,𒁭,,𒁭,,
udul₇,𒆚,,,𒆚,,𒆚,,
udul₈,𒌋𒈬,,,𒌋𒈬,,𒌋𒈬,,
udul₉,𒉺𒁖,,,𒉺𒁖,,𒉺𒁣,,
udulₓ,𒉺𒉣𒇬,,,𒉺𒉣𒇬,,𒄮。𒉺𒁥。𒉺𒉣𒇬,,
udun,𒌋𒈬,,𒌋𒈬,𒌋𒈬,𒌋𒈬,𒌋𒈬,,
udunₓ,,,,,,𒇌,,
udu₂,𒋗𒁁,,,𒋗𒁁,,𒋗𒁁,,
uduₓ,𒌜,,,𒌜,,𒌋𒈬。𒌋𒌆。𒌜,,
udxbad,,,,,𒌕,,,
udxmi,,,,,𒌖,,,
udxu.u.ugunû,,,,,𒌘,,,
ud×(u.u.u),,𒌗,,𒌗,,,,
ud×(u.u.u).an.šeš.ki,,𒌗𒀭𒋀𒆠,,𒌗𒀭𒋀𒆠,,,,
ud×(u.u.u)@g,,𒌘,,𒌘,,,,
ud×bad,,𒌕,,𒌕,,,,
ud×mi,,𒌖,,𒌖,,,,
udšeššig,,,,,𒌚,,,
udšeššigxbad,,,,,𒌛,,,
ud₂,𒀾,,,𒀾,,𒀾,,
ud₂-duru₅,𒍩𒀀,,,𒍩𒀀,,𒍩𒀀,,
ud₃,𒄷𒋛,,,𒄷𒋛,,𒄷𒋛,,
ud₄,,𒋸,,𒋸,,𒋸,,
ud₅,𒍚,,,𒍚,,𒍚,,
ud₆,𒌋𒂵,,,𒌋𒂵,,𒌋𒂵,,
udₓ,𒊌,,,𒊌,,𒊌,,
ug,𒊌,,𒊌,𒊌,𒊌,𒊌,,
ug2,𒊊,𒊊,𒊊,,𒄊。𒊊,,,
ug3,𒌦,𒌦,𒌦,,𒌦,,,
ug4,𒌓,𒌓,𒌓,,𒌓,,,
ug5,𒂦,𒂦,𒂦,,𒂦,,,
ug6,𒅆𒂍,𒅆𒂍,𒅆𒂍,,𒅆𒁾,,,
ug7,𒌀,𒌀,𒌀,,𒁁,,,
ug8,𒈕,𒈕,,,𒈕,,,
uga,𒌑𒉀𒂵,,𒌑𒉀𒂵,𒌑𒉀𒂵,𒌑𒉀𒂵。𒌑𒉀𒂵𒄷,𒂵𒉀。𒌑𒉀𒂵,,
uga2,𒀀𒅗,𒀀𒅗,𒀀𒅗,,𒀀𒅗,,,
uga3,𒌦,𒌦,,,,,,
uga5,𒂦,𒂦,,,,,,
ugab,𒋦,,,𒋦,𒋦,𒋦,,
ugal,𒆋,,,𒆋,,𒆋,,
ugar,𒀀𒃼,,,𒀀𒃼,𒀀𒃼,𒀀𒃼,,
ugarₓ,,,,,,𒅊,,
uga₂,𒀀𒅗,,,𒀀𒅗,,𒀀𒅗,,
uga₃,𒌦,,,𒌦,,𒉀。𒌦,,
uga₅,𒂦,,,𒂦,,𒂦,,
ugaₓ,𒌑𒉀𒂵,,,𒌑𒉀𒂵,,𒉀𒌑。𒉢𒁓。𒌑。𒌑𒉀。𒌑𒉀𒀀,,
ugnim,𒆠𒋢𒇻𒂠𒃻,,,𒆠𒋢𒇻𒂠𒃻,𒆠𒋢𒇻𒂠𒃻,𒆠𒋢𒇻𒂠𒃻,,
ugnimₓ,𒋢𒆠𒇻𒂠𒆠,,,𒋢𒆠𒇻𒂠𒆠,,,,
ugra,𒇨,,𒇨,𒇨,𒇨,𒇨,,
ugri,𒇨,,,𒇨,,𒇨,,
ugu,𒌋𒅗,,𒌋𒅗,𒌋𒅗,𒌋𒅗,𒌋𒅗,,
ugu2,𒀀𒅗,𒀀𒅗,𒀀𒅗,,𒀀𒅗,,,
ugu3,𒀀𒊕,𒀀𒊕,𒀀𒊕,,𒀀𒊕,,,
ugu4,𒆪,𒆪,𒆪,,𒆪,,,
ugu5,𒊨,𒊨,,,𒊨,,,
ugu7,𒉒,𒉒,,,,,,
ugu7-dil,𒉞,𒉞,,,,,,
ugu_,,,𒌋𒅗,,,,,
ugudil,𒉞,,,𒉞,𒉞,𒉞,,
ugudili,𒉞,,,𒉞,𒉞,𒉞,,
ugula,𒉺,,𒉺,𒉺,𒉺,𒉺,,
ugulu,𒉺,,,𒉺,𒉺,𒉺,,
ugun,𒌋𒁯,,𒌋𒁯,𒌋𒁯,𒌋𒁯,,,
ugun2,𒃽,𒃽,,,𒃽。𒐴,,,
ugun3,𒌋𒅗,𒌋𒅗,,,𒌋𒅗,,,
ugun?,,,,,,𒌋𒁯,,
ugunu,𒌋𒁯,,,𒌋𒁯,𒌋𒁯,𒌋𒁯,,
ugunu2,𒃽,𒃽,,,𒃽。𒐴,,,
ugunu₂,𒃽,,,𒃽,,𒃽,,
ugunû,,,,,𒃽。𒐴,,,
ugun₂,𒃽,,,𒃽,,𒃽,,
ugun₃,𒌋𒅗,,,𒌋𒅗,,𒌋𒅗,,
ugur,𒌋𒄥,,,𒌋𒄥,𒌋𒄥,𒌋𒄥,,
ugur2,𒅊,𒅊,,,𒀭。𒅊,,,
ugur₂,𒅊,,,𒅊,,𒅊,,
ugurₓ,𒄚,,,𒄚,,𒄚,,
ugu₂,𒀀𒅗,,,𒀀𒅗,,𒀀𒅗,,
ugu₃,𒀀𒊕,,,𒀀𒊕,,𒀀𒊕,,
ugu₄,𒆪,,,𒆪,,𒆪,,
ugu₅,𒊨,,,𒊨,,𒊨,,
ugu₆,,𒅗,,𒅗,,𒅗,,
ugu₇,𒉒,,,𒉒,,𒉒,,
ugu₇-dil,𒉞,,,𒉞,,𒉒𒀸,,
uguₓ,𒌋𒊕,,,𒌋𒊕,,None。𒀀𒅘。𒀀𒌋𒅗。𒌋X。𒌋𒊕,,
ug⁻,,𒊌,,𒊌,,𒊌,,
ug₂,𒊊,,,𒊊,,𒊊,,
ug₃,𒌦,,,𒌦,,𒌦,,
ug₄,𒌓,,𒌓,𒌓,,𒌓,,
ug₅,𒂦,,,𒂦,,𒂦,,
ug₆,𒅆𒂍,,,𒅆𒂍,,𒅆𒂍,,
ug₇,𒌀,,,𒌀,,𒌀,,
ug₈,𒈕,,,𒈕,,,,
ug₈?,,,,,,𒈕,,
ugₓ,𒊍,,,𒊍,,𒁁𒁁。𒂡。𒉘。𒊍。󰁖,,
uh,𒄴,,𒄴,𒄴,,𒄭𒉣。𒄴,,
uh2,𒌔,𒌔,𒌔,,,,,
uh3,𒆵,𒆵,𒆵,,,,,
uh4,𒅜,𒅜,,,,,,
uh5,𒀪,𒀪,,,,,,
uh6,𒅎𒋙,𒅎𒋙,,,,,,
uhhu,,,,,,𒅜,,
uhhur,𒅆𒁉,,,𒅆𒁉,,,,
uhhur2,𒅆𒂵,𒅆𒂵,,,,,,
uhhur3,𒅆𒀀,𒅆𒀀,,,,,,
uhhur?,,,,,,𒅆𒁉,,
uhhur₂,𒅆𒂵,,,𒅆𒂵,,,,
uhhur₂?,,,,,,𒅆𒂵,,
uhhur₃,𒅆𒀀,,,𒅆𒀀,,𒅆𒀀,,
uhu,𒄴,,,𒄴,,𒄴,,
uhu2,𒌔,𒌔,,,,,,
uhul,𒉀,,,𒉀,,𒉀,,
uhu₂,𒌔,,,𒌔,,𒌔,,
uh₂,𒌔,,,𒌔,,𒌔,,
uh₃,𒆵,,,𒆵,,𒆵,,
uh₄,𒅜,,,𒅜,,𒅜,,
uh₅,𒀪,,,𒀪,,𒀪,,
uh₆,𒅎𒋙,,,𒅎𒋙,,𒅎𒋙,,
uhₓ,,,,,,𒄴𒄴,,
uia,𒌋𒐊,,𒌋𒐊,𒌋𒐊,𒌋𒐊,𒌋𒐊,,
uj3,,,𒌦,,,,,
uk,𒊌,,𒊌,𒊌,𒊌,𒊌,,
uk5,𒂦,𒂦,,,,,,
ukdin,𒅊𒀩,,,𒅊𒀩,𒅊𒀩,𒅊𒀩,,
ukidₓ,,,,,,𒍻,,
ukit,,,,,,,,
ukitₓ,,,,,,𒁹,,
ukken,𒌺,,𒌺,𒌺,,𒌺,,
ukkin,𒌺,,𒌺,𒌺,𒌺,𒌺,,
ukra,𒃲𒋚,,,𒃲𒋚,,𒃲𒋚,,
uktim,,𒅊𒀩,,𒅊𒀩,,𒅊𒀩,,
uktin,𒅊𒀩,,,𒅊𒀩,𒅊𒀩,𒅊𒀩,,
uku,𒂇,,,𒂇,𒂆,𒂇,,
uku-usz,𒂆𒍑,𒂆𒍑,,,,,,
uku-uš,𒂆𒍑,,,𒂆𒍑,,𒂆𒍑,,
uku2,𒇳𒁺,𒇳𒁺,𒇳𒁺,,𒇳𒁺,,,
uku3,𒌦,𒌦,𒌦,,𒌦,,,
uku4,𒊌,𒊌,,,𒊌,,,
uku5,𒇳𒁺𒁺,𒇳𒁺𒁺,,,𒇳𒁺𒁺,,,
ukum,𒅖,,,𒅖,𒅖,𒅖,,
ukur,𒄈,,,𒄈,𒄈。𒌑𒄈,,,
ukur2,𒃲𒋚,𒃲𒋚,,,𒃲𒋚,,,
ukur3,𒇳𒁺,𒇳𒁺,,,𒇳𒁺,,,
ukur4,𒇳𒁺𒁺,𒇳𒁺𒁺,,,𒇳𒁺𒁺,,,
ukur5,𒅊,𒅊,,,𒅊,,,
ukur?,,,,,,𒄈,,
ukurin,,,,,𒂗𒈨𒀭𒈹,,,
ukurrim,𒂗𒈨𒀭𒈹,,,𒂗𒈨𒀭𒈹,𒂗𒈨𒀭𒈹,𒂗𒈨𒀭𒈹,,
ukur₂,𒃲𒋚,,𒃲𒋚,𒃲𒋚,,𒃲𒂄。𒃲𒋚,,
ukur₃,𒇳𒁺,,,𒇳𒁺,,𒇳𒁺,,
ukur₄,𒇳𒁺𒁺,,,𒇳𒁺𒁺,,𒇳𒁺𒁺,,
ukur₅,𒅊,,,𒅊,,𒅊,,
ukusz,𒂇𒍑,𒂇𒍑,,,,,,
ukusz2,𒄾,𒄾,𒄾,,,,,
ukuš,𒂇𒍑,,,𒂇𒍑,𒂆𒍑,𒂇𒍑,,
ukuš2,,,,,𒄾,,,
ukuš₂,𒄾,,,𒄾,,𒄾,,
uku₂,𒇳𒁺,,,𒇳𒁺,,𒇳𒁺,,
uku₃,𒌦,,,𒌦,,𒌦,,
uku₄,𒊌,,,𒊌,,𒊌,,
uku₅,𒇳𒁺𒁺,,,𒇳𒁺𒁺,,𒇳𒁺𒁺,,
uk₅,𒂦,,,𒂦,,𒂦,,
ul,𒌌,,𒌌,𒌌,𒌌,𒌌,,
ul10,,,,,𒀯,,,
ul11,,,,,𒀭,,,
ul12,𒍇,𒍇,,,,,,
ul2,𒉡,𒉡,𒉡,,𒉡,,,
ul3,𒄒,𒄒,𒄒,,𒄒,,,
ul4,𒄉,𒄉,𒄉,,𒄉,,,
ul5,𒂬,𒂬,𒂬,,𒂬,,,
ul6,𒌓,𒌓,𒌓,,𒌓,,,
ul7,𒋗𒁍,𒋗𒁍,,,𒋗𒁍,,,
ul8,𒃷,𒃷,,,𒃷,,,
ula,𒌌,,,𒌌,𒌌,𒌌,,
ula2,𒃪,𒃪,,,𒃪,,,
ulal,𒁁,,,𒁁,𒁁,𒁁,,
ula₂,𒃪,,,𒃪,,𒃪,,
ulaₓ,𒂓,,,𒂓,,𒂓,,
uli,𒅴,,,𒅴,𒅴。𒅴𒄀,𒅴,,
ulil,,𒍻,,𒍻,,𒍻,,
ulilₓ,𒀺,,,𒀺,,𒀺,,
uliₓ?,,,,,,None,,
ullu,𒌌,,,𒌌,,𒄒,,
ullu2,,,,,𒄒,,,
ullu3,𒌌,𒌌,,,𒌌,,,
ullu₃,𒌌,,,𒌌,,𒌌,,
ulu,𒌌,,𒌌,𒌌,𒌌,𒌌,,
ulu2,𒄴𒈨𒌋,𒄴𒈨𒌋,𒄴𒈨𒌋,,𒄴𒈨𒌋,,,
ulu3,𒍇,𒍇,𒍇,,𒍇,,,
ulu4,𒌷,𒌷,,,𒌷,,,
uluba,𒅎𒃷𒄴𒈨𒌋,,,𒅎𒃷𒄴𒈨𒌋,,𒅎𒃷𒄴𒈨𒌋,,
uluba2,𒅎𒄴𒈨𒌋𒃷,𒅎𒄴𒈨𒌋𒃷,,,,,,
ulubar,𒅎𒃷𒄴𒈨𒌋,,,𒅎𒃷𒄴𒈨𒌋,𒉎𒃷𒄴𒈨𒌋,𒅎𒃷𒄴𒈨𒌋,,
ulubar2,𒅎𒄴𒈨𒌋𒃷,𒅎𒄴𒈨𒌋𒃷,,,𒉎𒄴𒈨𒌋𒃷,,,
ulubar₂,𒅎𒄴𒈨𒌋𒃷,,,𒅎𒄴𒈨𒌋𒃷,,𒅎𒄴𒈨𒌋𒃷,,
uluba₂,𒅎𒄴𒈨𒌋𒃷,,,𒅎𒄴𒈨𒌋𒃷,,𒅎𒄴𒈨𒌋𒃷,,
ulud,𒂁,,,𒂁,𒂁,𒂁,,
uludi,𒈲,,,𒈲,,,,
uludi?,,,,,,𒈲,,
uludim,𒆠𒆗,,,𒆠𒆗,𒆠𒄨,𒆠𒆗,,
uludim2,𒅊𒀩,𒅊𒀩,,,𒅊𒀩,,,
uludim₂,𒅊𒀩,,,𒅊𒀩,,𒅊𒀩,,
uludin,𒆠𒆗,,,𒆠𒆗,𒆠𒄨,𒆠𒆗,,
uludin2,𒅊𒀩,𒅊𒀩,,,𒅊𒀩,,,
uludin₂,𒅊𒀩,,,𒅊𒀩,,𒅊𒀩,,
uluki,𒈲,,,𒈲,,,,
uluki?,,,,,,𒈲,,
ulul,𒄒,,,𒄒,𒄒,𒄒,,
ulul2,𒃺,𒃺,,,𒄒,,,
ulul₂,𒃺,,,𒃺,,𒃺,,
ululₓ,𒃷,,,𒃷,,𒃷,,
ulumasz,𒅎𒃷𒄴𒈨𒌋,𒅎𒃷𒄴𒈨𒌋,,,,,,
ulumasz2,𒅎𒄴𒈨𒌋𒃷,𒅎𒄴𒈨𒌋𒃷,,,,,,
ulumaš,𒅎𒃷𒄴𒈨𒌋,,,𒅎𒃷𒄴𒈨𒌋,𒉎𒃷𒄴𒈨𒌋,𒅎𒃷𒄴𒈨𒌋,,
ulumaš2,,,,,𒉎𒄴𒈨𒌋𒃷,,,
ulumaš₂,𒅎𒄴𒈨𒌋𒃷,,,𒅎𒄴𒈨𒌋𒃷,,𒅎𒄴𒈨𒌋𒃷,,
uluszin,𒍩𒀀𒀭,𒍩𒀀𒀭,,,,,,
uluszin2,𒍩𒀭𒈾,𒍩𒀭𒈾,,,,,,
uluszin3,𒍩𒀭,𒍩𒀭,,,,,,
uluszinₓ,𒁉𒀀𒋤,𒁉𒀀𒋤,,,,,,
ulutim,𒆠𒆗,,,𒆠𒆗,𒆠𒄨,𒆠𒆗,,
ulutim2,𒅊𒀩,𒅊𒀩,,,𒅊𒀩,,,
ulutim₂,𒅊𒀩,,,𒅊𒀩,,𒅊𒀩,,
ulutin,𒆠𒆗,,𒆠𒆗,𒆠𒆗,𒆠𒄨,𒆠𒆗,,
ulutin2,𒅊𒀩,𒅊𒀩,,,𒅊𒀩,,,
ulutin₂,𒅊𒀩,,,𒅊𒀩,,𒅊𒀩,,
ulušin,𒍩𒀀𒀭,,,𒍩𒀀𒀭,𒁉𒀾𒀀𒀭,𒍩𒀀𒀭,,
ulušin2,,,,,𒁉𒀾𒀭𒈾,,,
ulušin3,,,,,𒁉𒀾𒀭,,,
ulušin₂,𒍩𒀭𒈾,,,𒍩𒀭𒈾,,𒍩𒀭𒈾,,
ulušin₃,𒍩𒀭,,,𒍩𒀭,,𒍩𒀭,,
ulušinₓ,𒁉𒀀𒋤,,,𒁉𒀀𒋤,,𒁉𒀀𒋤。𒍩,,
ulu₂,𒄴𒈨𒌋,,,𒄴𒈨𒌋,,𒇱,,
ulu₃,𒍇,,,𒍇,,𒅎𒔍。𒍇,,
ulu₃⁻,,𒍇,,𒍇,,𒔍,,
ulu₄,𒌷,,,𒌷,,𒌷,,
uluₓ,𒍇,,,𒍇,,𒔍,,
ul{ki},,,𒌌 𒆠,,,,,
ulù,,,𒍇,,,,,
ul’ul,,,,,𒄒,,,
ul’ul2,,,,,𒄒,,,
ul₁₂,𒍇,,,𒍇,,𒍇,,
ul₂,𒉡,,,𒉡,,𒉡,,
ul₃,𒄒,,,𒄒,,𒄒,,
ul₄,𒄉,,,𒄉,,𒄉,,
ul₅,𒂬,,,𒂬,,𒂬,,
ul₆,𒌓,,,𒌓,,𒌓,,
ul₇,𒋗𒁍,,,𒋗𒁍,,𒋗𒁍,,
ul₈,𒃷,,,𒃷,,,,
ul₈?,,,,,,𒃷,,
ulₓ,𒌋𒂵,,,𒌋𒂵,,𒀭。𒄯。𒌋𒂵。𒓋,,
um,𒌝,,𒌝,𒌝,𒌝,𒌝,,
um-me-da,𒌝𒈨,,,𒌝𒈨,,𒌝𒈨,,
um.lagab,,𒌝𒆸,,𒌝𒆸,,,,
um.me,,𒌝𒈨,,𒌝𒈨,𒌝𒈨,,,
um.me.da,,,,,𒌝𒈨𒁕,,,
um2,𒌓,𒌓,𒌓,,𒌓,,,
um3,,,,,𒋃,,,
uma,,,,,,𒍻,,
umah,𒇦,,𒇦,𒇦,,𒇦,,
umahₓ,𒊩𒇬,,,𒊩𒇬,,,,
umahₓ?,,,,,,𒊩𒇬,,
uman,𒄴,,𒄴,𒄴,𒄴,𒄴,,
umanₓ,,,,,,𒄯,,
umaḫ,,,,,𒇦,,,
umbara,𒂬,,,𒂬,𒂬,𒂬,,
umbin,𒌢,,𒌢,𒌢,𒌢,𒌢,,
umbinₓ,,,,,,None。󰁟。󰁟𒋢,,
umbisag,𒋃,,𒋃,𒋃,𒋃,𒋃,,
umbisag2,𒋄,𒋄,𒋄,,𒋄,,,
umbisag₂,𒋄,,,𒋄,,𒋄,,
umbisaŋ,𒋃,,,𒋃,,𒋃,,
umbisaŋ2,𒋄,𒋄,,,,,,
umbisaŋ₂,𒋄,,,𒋄,,𒋄,,
umma,𒄑𒆵,,𒄑𒆵,𒄑𒆵,𒄑𒆵,𒄑𒆵,,
umma2,𒄱,𒄱,,,𒄱,,,
ummalₓ,,,,,,𒉣𒇬,,
umman,𒆠𒋢𒇻𒂠𒃻,,,𒆠𒋢𒇻𒂠𒃻,𒆠𒋢𒇻𒂠𒃻,𒆠𒋢𒇻𒂠𒃻,,
ummanu,𒆠𒋢𒇻𒂠𒃻,,,𒆠𒋢𒇻𒂠𒃻,,,,
umma₂,𒄱,,,𒄱,,,,
umma₂?,,,,,,𒄱,,
ummaₓ,𒌒𒈨,,,𒌒𒈨,,𒄑X。𒄑𒊩𒆳。𒅗𒄭𒂵。𒆵𒄱。𒌒𒈨,,
ummeda,𒌝𒈨,,,𒌝𒈨,𒁾𒈨。𒌝𒈨,𒌝𒈨,,
ummeda2,𒌟,𒌟,,,𒌟,,,
ummeda3,,,,,𒍏𒁕,,,
ummeda₂,𒌟,,,𒌟,,𒌟,,
ummenₓ,𒄑𒆵,,,𒄑𒆵,,𒄑𒆵,,
ummiₓ,𒄑𒆵,,,𒄑𒆵,,𒄑𒆵,,
ummu,𒀀𒂔𒇲,,𒀀𒂔𒀀𒇲,𒀀𒂔𒇲,𒀀𒂔𒇲,𒀀𒂔𒀀𒇲,,
ummu3,𒀀𒂔𒇲,𒀀𒂔𒇲,𒀀𒂔𒇲,,𒀀𒂔𒇲,,,
ummud,𒀀𒂔𒇲,,𒀀𒂔𒇲,𒀀𒂔𒇲,𒀀𒂔𒇲,,,
ummud?,,,,,,𒀀𒂔𒇲,,
ummudₓ,𒀀𒂔𒇲,,,𒀀𒂔𒇲,,𒀀𒂔。𒀀𒌋𒂔𒇲,,
ummu₃,𒀀𒂔𒇲,,,𒀀𒂔𒇲,,𒀀𒂔𒇲,,
ummuₓ,𒀀𒂔𒇲,,,𒀀𒂔𒇲,,𒀀𒂔。𒀀𒌋𒂔𒇲。𒂔𒀀。𒂔𒀀𒇲。𒂔𒀀𒋢。𒂔𒀀𒋢𒀀。𒂔𒇲。𒂔𒇲𒀀。𒂔𒈾𒀀𒇲。𒇲𒂁,,
umu,𒌝,,𒌝,𒌝,𒌝,𒌝,,
umu2,,,,,𒂼,,,
umuh,𒇦,,𒇦,𒇦,,𒇦,,
umum,𒌣,,𒌣,𒌣,𒌣,𒌣,,
umumxkaskal,,,,,𒌤,,,
umumxpa,,,,,𒌥,,,
umum×kaskal,,𒌤,,𒌤,,,,
umum×pa,,𒌥,,𒌥,,,,
umun,𒌋,,𒌋,𒌋,𒌋。𒑂,𒌋,,
umun10,𒌋𒈬,𒌋𒈬,,,𒌋𒈬,,,
umun11,𒆹,𒆹,,,𒆹,,,
umun12,𒇩,𒇩,,,𒍤𒆸,,,
umun2,𒌣,𒌣,𒌣,,𒌣,,,
umun3,𒄴,𒄴,,,𒄴,,,
umun4,𒀪,𒀪,,,𒀪,,,
umun5,𒇦,𒇦,,,𒇦,,,
umun6,𒇊,𒇊,𒇊,,𒇊,,,
umun7,𒅓,𒅓,𒅓,,𒑂,,,
umun8,𒋰𒋰𒋰𒀸,𒋰𒋰𒋰𒀸,,,𒐅,,,
umun9,𒀼𒀼𒀸,𒀼𒀼𒀸,,,𒌘。𒑁,,,
umuna12,𒇩,𒇩,,,𒇩,,,
umuna₁₂,𒇩,,,𒇩,,𒇩,,
umunaₓ,𒅓,,,𒅓,,𒅓。𒐌,,
umun₁₀,𒌋𒈬,,,𒌋𒈬,,,,
umun₁₀?,,,,,,𒌋𒈬,,
umun₁₁,𒆹,,,𒆹,,𒆹,,
umun₁₂,𒇩,,,𒇩,,,,
umun₁₂?,,,,,,𒇩,,
umun₂,𒌣,,𒌣,𒌣,,𒌣,,
umun₃,𒄴,,,𒄴,,𒄴,,
umun₄,𒀪,,,𒀪,,𒀪,,
umun₅,𒇦,,,𒇦,,𒇦,,
umun₆,𒇊,,,𒇊,,𒇊,,
umun₇,𒅓,,,𒅓,,𒅓。𒐌,,
umun₈,𒋰𒋰𒋰𒀸,,,𒋰𒋰𒋰𒀸,,𒋰𒋰𒋰𒀸,,
umun₉,𒀼𒀼𒀸,,,𒀼𒀼𒀸,,𒀼𒀼𒀸,,
umunₓ,𒇅,,,𒇅,,𒄵。𒇅。𒐌。𒐒,,
umusz,𒌆,𒌆,𒌆,,,,,
umuš,𒌆,,𒌆,𒌆,𒌆,𒌆,,
umuḫ,,,,,𒇦,,,
umxlagab,,,,,𒌞,,,
umxme.da,,,,,𒌟,,,
umxu,,,,,𒌡,,,
umxša3,,,,,𒌠,,,
um×(me.da),,𒌟,,𒌟,,,,
um×lagab,,𒌞,,𒌞,,,,
um×u,,𒌡,,𒌡,,,,
um×u.lagab,,𒌡𒆸,,𒌡𒆸,,,,
um×ša₃,,𒌠,,𒌠,,,,
um₂,𒌓,,,𒌓,,𒌓,,
umₓ,𒌦,,,𒌦,,𒌦,,
un,𒌦,,𒌦,𒌦,𒌦,𒌦,,
un/ùg,,,𒌦 𒌦,,,,,
un2,𒌋,𒌋,,,𒌋,,,
un3,𒂦,𒂦,𒂦,,𒂦,,,
un4,𒂬,𒂬,,,𒂬,,,
un5,𒌓,𒌓,,,𒌓,,,
un@g,,𒌧,,𒌧,,,,
un],,,𒌦,,,,,
ungunû,,,,,𒌧,,,
unken,𒌺,,𒌺,𒌺,𒌺,𒌺,,
unkin,𒌺,,𒌺,𒌺,𒌺,𒌺,,
unkinₓ,𒌺,,,𒌺,,𒅞,,
unu,𒀕,,𒀕,𒀕,,𒀕,,
unu10,𒄃,𒄃,,,𒄃,,,
unu11,𒍝𒈽𒀕,𒍝𒈽𒀕,,,𒍝𒈽𒀕,,,
unu12,𒁐,𒁐,,,𒁐,,,
unu2,𒋼𒀕,𒋼𒀕,𒋼𒀕,,𒋼𒀕,,,
unu3,𒀖𒆪,𒀖𒆪,𒀖𒆪,,𒀖𒆪,,,
unu4,𒌦,𒌦,,,𒌦,,,
unu5,𒀊,𒀊,,,𒀊,,,
unu6,𒋼𒀊,𒋼𒀊,𒋼𒀊,,𒋼𒀊,,,
unu7,𒋽𒀕,𒋽𒀕,,,𒋽𒀕。𒌘,,,
unu8,𒍑,𒍑,,,𒄑𒍑。𒍑,,,
unu9,𒆒,𒆒,,,𒄑𒆓。𒆒。𒆓,,,
unud,𒀖𒆪,,𒀖𒆪,𒀖𒆪,,𒀖𒆪,,
unudₓ,𒀖𒆪,,,𒀖𒆪,,𒀖𒇥,,
unug,𒀕,,𒀕,𒀕,𒀕,𒀕,,
unug2,𒋼𒀕,𒋼𒀕,,,𒋼𒀕,,,
unug3,𒋼𒀊,𒋼𒀊,,,𒋼𒀊,,,
unug4,𒋽𒀕,𒋽𒀕,,,𒋽𒀕,,,
unugi,𒀐,,𒀐,𒀐,𒀐,𒀐,,
unugi2,𒀍,𒀍,,,𒀍,,,
unugi₂,𒀍,,,𒀍,,𒀍,,
unug⁻,,𒀕,,𒀕,,𒀕,,
unug₂,𒋼𒀕,,,𒋼𒀕,,𒋼𒀕,,
unug₃,𒋼𒀊,,,𒋼𒀊,,𒋼𒀊,,
unug₄,𒋽𒀕,,,𒋽𒀕,,𒋽𒀕,,
unugₓ,𒀔,,,𒀔,,𒀔,,
ununₓ,,,,,,𒂬,,
unu{ki},,,𒀕 𒆠,,,,,
unu⁻,,𒀕,,𒀕,,𒀕,,
unu₁₀,𒄃,,,𒄃,,𒄃,,
unu₁₁,𒍝𒈽𒀕,,,𒍝𒈽𒀕,,𒍝𒈽𒀕,,
unu₁₂,𒁐,,,𒁐,,𒁐,,
unu₂,𒋼𒀕,,,𒋼𒀕,,𒋼𒀕,,
unu₃,𒀖𒆪,,,𒀖𒆪,,𒀖𒆪,,
unu₄,𒌦,,,𒌦,,𒌦,,
unu₅,𒀊,,,𒀊,,𒀊,,
unu₆,𒋼𒀊,,,𒋼𒀊,,𒋼𒀊,,
unu₇,𒋽𒀕,,,𒋽𒀕,,𒋽𒀕,,
unu₈,𒍑,,,𒍑,,𒍑,,
unu₉,𒆒,,,𒆒,,𒆒,,
unuₓ,𒋼𒈹,,,𒋼𒈹,,None。𒀔。𒄞𒆪。𒄯。𒇻𒆪。𒋼。𒋼𒀀。𒋼𒈹。𒌋,,
un₂,𒌋,,,𒌋,,𒌋,,
un₃,𒂦,,,𒂦,,𒂦,,
un₄,𒂬,,,𒂬,,𒂬,,
un₅,𒌓,,,𒌓,,𒌓,,
unₓ,,,,,,None。𒋼𒀕,,
uoveru.paoverpa.garovergar,,,,,𒌎,,,
uoveru.suroversur,,,,,𒌏,,,
uoveru.ureversedoverureversed,,,,,𒌐,,,
up,𒌒,,𒌒,𒌒,𒌒,𒌒,,
up2,𒂠,𒂠,,,𒂠,,,
upaₓ,,,,,,𒀹,,
upluₓ,𒄴,,,𒄴,,,,
upuₓ,𒀹,,,𒀹,,𒀹,,
up₂,𒂠,,,𒂠,,𒂠,,
uq,𒊌,,𒊌,𒊌,𒊌,𒊌,,
uq5,𒂦,𒂦,,,𒂦,,,
uq₅,𒂦,,,𒂦,,,,
uq₅?,,,,,,𒂦,,
ur,𒌨,,𒌨,𒌨,𒌨,𒌨,,
ur%ur,,𒌩,𒌩,𒌩,,,,
ur&ur,,𒌩,,𒌩,,,,
ur-ur,𒌩,,,𒌩,,𒌩,,
ur.mah,,𒌨𒈤,,𒌨𒈤,,,,
ur.maḫ,,,,,𒌨𒈤,,,
ur10,𒌵,𒌵,,,,,,
ur11,𒀳,𒀳,,,𒀳,,,
ur12,𒋽,𒋽,,,𒋽,,,
ur13,𒊐𒃲,𒊐𒃲,,,𒊐𒃲,,,
ur14,𒃣,𒃣,,,𒂑。𒃣,,,
ur2,𒌫,𒌫,𒌫,,𒌫,,,
ur2#,,,𒌫,,,,,
ur2xa.na,,,,,𒌭,,,
ur2xa.ḫa,,,,,𒌬,,,
ur2xal,,,,,𒌮,,,
ur2xnun,,,,,𒌰,,,
ur2xu2,,,,,𒌱,,,
ur2xu2.aš,,,,,𒌲,,,
ur2xu2.bi,,,,,𒌳,,,
ur2xḫa,,,,,𒌯,,,
ur3,𒃡,𒃡,𒃡,,𒃡,,,
ur4,𒌴,𒌴,𒌴,,𒌴,,,
ur5,𒄯,𒄯,𒄯,,𒄯,,,
ur5-gu7,𒄯𒅥,𒄯𒅥,,,,,,
ur5-sza4,𒄯𒁺,𒄯𒁺,,,,,,
ur6,𒌌,𒌌,,,𒌌,,,
ur7,𒉞,𒉞,,,𒉞,,,
ur8,𒁺,𒁺,,,𒁺,,,
ur9,𒌲,𒌲,,,𒌲,,,
ur@s,,𒌪,𒌪,𒌪,,,,
ura,𒌨,,,𒌨,,𒌨,,
ura15,𒋀𒀕,𒋀𒀕,,,𒋀𒀕,,,
ura16,𒋀𒀊,𒋀𒀊,,,𒋀𒀊,,,
ura3,𒃡,𒃡,,,,,,
ura4,𒌴,𒌴,,,,,,
ura5,𒄯,𒄯,,,,,,
uram,𒋀𒀕,,,𒋀𒀕,𒋀𒀕,𒋀𒀕,,
uram2,𒋀𒀊,𒋀𒀊,,,𒋀𒀊,,,
uram₂,𒋀𒀊,,,𒋀𒀊,,𒋀𒀊,,
urasz,𒅁,𒅁,𒅁,,,,,
uraš,𒅁,,𒅁,𒅁,𒅁,𒅁,,
ura₁₅,𒋀𒀕,,,𒋀𒀕,,𒋀𒀕,,
ura₁₆,𒋀𒀊,,,𒋀𒀊,,𒋀𒀊,,
ura₃,𒃡,,,𒃡,,𒃡,,
ura₄,𒌴,,,𒌴,,𒌴,,
ura₅,𒄯,,,𒄯,,𒄯,,
urbigu,𒌩,,,𒌩,𒌩,𒌩,,
urbigu2,𒂛,𒂛,,,𒂛,,,
urbigu3,𒈓,𒈓,,,𒈒,,,
urbigu₂,𒂛,,,𒂛,,𒂛,,
urbigu₃,𒈓,,,𒈓,,𒇽𒇽。𒈓,,
urbingu,𒌩,,𒌩,𒌩,𒌩,𒌩,,
urbingu2,𒂛,𒂛,,,𒂛,,,
urbingu3,𒈓,𒈓,,,𒈒,,,
urbingu₂,𒂛,,,𒂛,,𒂛,,
urbingu₃,𒈓,,,𒈓,,𒈒。𒈓,,
urcrossingur,,,,,𒌩,,,
urda,𒀴,,,𒀴,𒀴。𒀵,𒀴,,
urda2,𒀵,𒀵,,,𒀵,,,
urda₂,𒀵,,,𒀵,,𒀵,,
urdu,𒀴,,𒀴,𒀴,𒀴,𒀴,,
urdu2,𒀵,𒀵,𒀵,,𒀵,,,
urdu₂,𒀵,,,𒀵,,𒀵,,
urgilim,𒉫,,,𒉫,𒉫,𒉫,,
urgu,𒄯𒅥,,,𒄯𒅥,𒄯𒅥,𒄯𒅥,,
urgu2,𒅺,𒅺,𒅺,,𒅺,,,
urgunûšeššig,,,,,𒂈,,,
urgu₂,𒅺,,,𒅺,,𒅺,,
urguₓ,,,,,,𒅮,,
urhušₓ,,,,,,𒃣,,
uri,𒌵,,𒌵,𒌵,𒌵,𒌵,,
uri.ki,,,,,𒌵,,,
uri2,𒋀𒀕,𒋀𒀕,𒋀𒀕,,𒋀𒀕,,,
uri2#{ki},,,𒋀𒀕 𒆠,,,,,
uri3,𒌶,𒌶,𒌶,,𒋀。𒌶,,,
uri4,𒅂,𒅂,,,𒁁,,,
uri5,𒋀𒀊,𒋀𒀊,𒋀𒀊,,𒋀𒀊。𒌵,,,
uri5{ki},,,𒋀𒀊 𒆠,,,,,
urim,,,,,𒌵,,,
urim2,𒋀𒀕,𒋀𒀕,,,𒋀𒀕,,,
urim5,𒋀𒀊,𒋀𒀊,𒋀𒀊,,𒋀𒀊,,,
urim5{ki},,,𒋀𒀊 𒆠,,,,,
urim₂,𒋀𒀕,,,𒋀𒀕,,𒋀𒀕,,
urim₅,𒋀𒀊,,,𒋀𒀊,,𒋀𒀊,,
urimₓ,𒌶,,,𒌶,,𒌶,,
urin,𒌶,,𒌶,𒌶,𒋀,𒌶,,
urinₓ,𒋀𒄷𒄷,,,𒋀𒄷𒄷,,𒋀𒄷𒄷,,
uri₂,𒋀𒀕,,,𒋀𒀕,,𒋀𒀕,,
uri₃,𒌶,,,𒌶,,𒌶,,
uri₄,𒅂,,,𒅂,,𒅂,,
uri₅,𒋀𒀊,,𒋀𒀊,𒋀𒀊,,𒋀𒀊,,
uriₓ,,,,,,𒂟𒀀。𒌵。󰁳,,
urrub,𒂁,,,𒂁,𒂁,𒂁,,
urrub2,𒆗,𒆗,,,𒂁𒄨。𒄨,,,
urrub3,,,,,𒄨,,,
urrub₂,𒆗,,,𒆗,,𒆗,,
"urs,ub",𒂁,𒂁,,,,,,
ursagsim,𒋻,,,𒋻,,𒋻,,
ursaŋsim,𒋻,,,𒋻,,𒋻,,
ursub,𒂁,,,𒂁,𒂁,𒂁,,
ursub2,𒆗,𒆗,,,𒂁𒄨。𒄨,,,
ursub₂,𒆗,,,𒆗,,𒆗,,
ursza,𒄯𒁺,𒄯𒁺,,,,,,
urta,𒅁,,𒅁,𒅁,𒅁,𒅁,,
uru,𒌷,,𒌷,𒌷,𒌷,𒌷,,
uru.me.u.u.u,,𒌷𒈨𒌋𒌋𒌋,,𒌷𒈨𒌋𒌋𒌋,,,,
uru.meš,,,,,𒌷𒈨𒌍,,,
uru10,𒊘,𒊘,𒊘,,𒊠,,,
uru11,𒌾,𒌾,,,𒌾,,,
uru12,𒃡,𒃡,𒃡,,𒃡,,,
uru13,𒌨,𒌨,,,𒌨,,,
uru14,𒋀𒀕,𒋀𒀕,,,𒋀𒀕,,,
uru15,𒋀𒀊,𒋀𒀊,,,𒋀𒀊,,,
uru16,𒂗,𒂗,𒂗,,𒂗,,,
uru17,𒍇,𒍇,,,𒍇,,,
uru18,𒌸,𒌸,𒌸,,𒌸,,,
uru19,𒌵,𒌵,,,𒌵,,,
uru2,𒍍,𒍍,𒍍,,𒍍,,,
uru3,𒌶,𒌶,𒌶,,𒋀,,,
uru3.ki,,,,,𒋀𒆠,,,
uru4,𒀳,𒀳,𒀳,,𒀳,,,
uru5,𒋽,𒋽,𒋽,,𒋽,,,
uru5;,,,𒋽,,,,,
uru6,𒉞,𒉞,,,𒉞,,,
uru7,𒌲,𒌲,𒌲,,𒌲,,,
uru8,𒌫,𒌫,,,𒌫,,,
uru9,𒋞𒅂,𒋞𒅂,,,𒋞𒁁,,,
uru@g,,𒕄,,𒕄,,,,
urua,𒌸,,,𒌸,𒌸,𒌸,,
uruaka,𒃰𒋺𒄑,,,𒃰𒋺𒄑,𒃰𒋺𒄑,𒃰𒋺𒄑,,
urub,𒌾,,,𒌾,,𒌾,,
urud,𒍏,,𒍏,𒍏,𒍏,𒍏,,
urud2,𒁾,𒁾,,,,,,
uruda,𒍏,,𒍏,𒍏,𒍏,𒍏,,
uruda.nagar,,,,,𒍏𒉄,,,
uruda×u,,𒍐,,𒍐,,,,
uruda×u.lagab,,𒍐𒆸,,𒍐𒆸,,,,
uruda×u.u,,𒍐𒌋,,𒍐𒌋,,,,
urudu,𒍏,,𒍏,𒍏,𒍏,𒍏,,
urudu.da,,,,,𒍏𒁕,,,
urudu.nagar,,,,,𒍏𒉄,,,
urudu2,𒁾,𒁾,,,𒁾,,,
uruduxu,,,,,𒍐,,,
urudu₂,𒁾,,,𒁾,,𒁾,,
urud₂,𒁾,,,𒁾,,𒁾,,
urugal,𒀍,,𒀍,𒀍,𒀍,𒀍,,
urugal2,𒀕,𒀕,,,,,,
urugal₂,𒀕,,,𒀕,,𒀕,,
urugalₓ,𒌽,,,𒌽,,𒀔。𒌽,,
uruh,,𒓧,,𒓧,,𒆵𒀭𒈹,,
uruhₓ,,,,,,𒆵𒈹。𒈹𒆵。󰁳𒈹,,
uruiszdua,𒃰𒋺𒄑,𒃰𒋺𒄑,,,,,,
uruiszduha,𒃰𒋺𒄑,𒃰𒋺𒄑,,,,,,
uruišdua,𒃰𒋺𒄑,,,𒃰𒋺𒄑,𒃰𒋺𒄑,𒃰𒋺𒄑,,
uruišduha,𒃰𒋺𒄑,𒃰𒋺𒄑,,,,𒃰𒋺𒄑,,
uruk,𒀕,,,𒀕,,𒀕,,
urukₓ,𒀔,,,𒀔,,𒀔,,
urulla,𒃰𒋺𒄑,,,𒃰𒋺𒄑,𒃰𒋺𒄑,𒃰𒋺𒄑,,
urum,𒉞,,,𒉞,𒉞,𒉞,,
urum2,𒌲,𒌲,,,𒌫。𒌲,,,
urum3,𒊘,𒊘,,,𒊠,,,
urum4,𒌯,𒌯,,,𒀴。𒌯,,,
urum5,𒋀𒀕,𒋀𒀕,,,𒋀𒀕,,,
urum6,𒋀𒀊,𒋀𒀊,,,𒋀𒀊,,,
urum7,𒌋𒊭,𒌋𒊭,,,𒌋𒂵,,,
urum8,𒌱,𒌱,,,𒌱,,,
urum9,𒌬,𒌬,,,𒌬,,,
urume,𒂟𒈾,,,𒂟𒈾,,𒂟𒈾,,
urum₂,𒌲,,,𒌲,,𒌲,,
urum₃,𒊘,,,𒊘,,𒊘,,
urum₄,𒌯,,,𒌯,,𒌯,,
urum₅,𒋀𒀕,,,𒋀𒀕,,𒋀𒀕,,
urum₆,𒋀𒀊,,,𒋀𒀊,,𒋀𒀊,,
urum₇,𒌋𒊭,,,𒌋𒊭,,𒌋𒊭,,
urum₈,𒌱,,,𒌱,,𒌱,,
urum₉,𒌬,,,𒌬,,𒌬,,
urumₓ,𒍍,,,𒍍,,None。𒀀𒄩。𒅂。𒌫𒌑。𒌷。𒍍,,
urumₓ?,,,,,,𒋞𒅂,,
urun,𒌶,,,𒌶,,𒌶,,
urunₓ,𒂗,,,𒂗,,𒂗,,
ururim,𒍍,,,𒍍,𒍍,𒍍,,
uruszeb,𒍁,𒍁,,,,,,
uruszib,𒍁,𒍁,,,,,,
uruszibₓ,𒍍,𒍍,,,,,,
urutamga,𒌾,,,𒌾,𒌾,𒌾,,
urutamga2,𒍍,𒍍,,,𒍍,,,
urutamga₂,𒍍,,,𒍍,,𒍍,,
uruxa,,,,,𒌸,,,
uruxašgab,,,,,𒌹,,,
uruxbar,,,,,𒌺,,,
uruxdun,,,,,𒌻,,,
uruxga,,,,,𒌼,,,
uruxgal,,,,,𒌽,,,
uruxgan2tenû,,,,,𒌾,,,
uruxgu,,,,,𒍀,,,
uruxim,,,,,𒍃,,,
uruxiš,,,,,𒍄,,,
uruxkar2,,,,,𒌾,,,
uruxki,,,,,𒍅,,,
uruxlum,,,,,𒍆,,,
uruxmaš,,,,,𒌺,,,
uruxmin,,,,,𒍇,,,
uruxnig2,,,,,𒌿,,,
uruxpa,,,,,𒍈,,,
uruxsig4,,,,,𒍊,,,
uruxtu,,,,,𒍋,,,
uruxu.gud,,,,,𒍌,,,
uruxud,,,,,𒍍,,,
uruxul,,,,,𒍌,,,
uruxše,,,,,𒍉,,,
uruxḫa,,,,,𒍁,,,
uru×(min.ni),,𒍈,,𒍈,,,,
uru×a,,𒌸,,𒌸,,,,
uru×bar,,𒌺,,𒌺,,,,
uru×ga,,𒌼,,𒌼,,,,
uru×gal,,𒌽,,𒌽,,,,
uru×gan₂@t,,𒌾,,𒌾,,,,
uru×gar,,𒌿,,𒌿,,,,
uru×gu,,𒍀,,𒍀,,,,
uru×ha,,𒍁,,𒍁,,,,
uru×igi,,𒍂,,𒍂,,,,
uru×im,,𒍃,,𒍃,,,,
uru×iš,,𒍄,,𒍄,,,,
uru×maš,,𒌺,,𒌺,,,,
uru×min,,𒍇,,𒍇,,,,
uru×tu,,𒍋,,𒍋,,,,
uru×tu&tu,,𒍋𒌅,,𒍋𒌅,,,,
uru×tu.uru×tu,,𒍋𒍋,,𒍋𒍋,,,,
uru×ud,,𒍍,,𒍍,,,,
uru×uruda,,𒍎,,𒍎,,,,
uru×še,,𒍉,,𒍉,,,,
urušeb,𒍁,,,𒍁,𒍁,𒍁,,
urušib,𒍁,,,𒍁,𒍁,𒍁,,
urušibₓ,𒍍,,,𒍍,,,,
urušibₓ?,,,,,,𒍍,,
urušₓ,,,,,,𒎏,,
uru₁₀,𒊘,,,𒊘,,𒊘,,
uru₁₁,𒌾,,,𒌾,,𒌾,,
uru₁₂,𒃡,,𒃡,𒃡,,𒃡,,
uru₁₃,𒌨,,,𒌨,,𒌨,,
uru₁₄,𒋀𒀕,,,𒋀𒀕,,𒋀𒀕,,
uru₁₅,𒋀𒀊,,,𒋀𒀊,,𒋀𒀊,,
uru₁₆,𒂗,,𒂗,𒂗,,𒂗,,
uru₁₇,𒍇,,,𒍇,,𒍇,,
uru₁₇⁻,,𒍇,,𒍇,,𒔍,,
uru₁₈,𒌸,,,𒌸,,𒌸,,
uru₁₉,𒌵,,,𒌵,,𒌵,,
uru₂,𒍍,,,𒍍,,𒍍,,
uru₃,𒌶,,,𒌶,,𒌶,,
uru₄,𒀳,,,𒀳,,𒀳,,
uru₅,𒋽,,𒋽,𒋽,,𒋽,,
uru₆,𒉞,,,𒉞,,𒉞,,
uru₇,𒌲,,,𒌲,,𒌲,,
uru₈,𒌫,,,𒌫,,𒌫,,
uru₉,𒋞𒅂,,,𒋞𒅂,,𒋞𒅂,,
uruₓ,𒌯,,,𒌯,,None。𒂮。𒂴。𒄯。𒌯。𒍎,,
urzababitumₓ,,,,,,𒀭𒎏𒅁,,
urzub,𒂁,,,𒂁,𒂁,𒂁,,
urzub2,,,,,𒂁𒄨。𒄨,,,
urša,𒄯𒁺,,,𒄯𒁺,𒄯𒁺,𒄯𒁺,,
uršeššigdul9,,,,,𒌪,,,
urṣub,𒂁,,,𒂁,,𒂁,,
ur₁₀,𒌵,,,𒌵,,𒌵,,
ur₁₁,𒀳,,,𒀳,,𒀳,,
ur₁₂,𒋽,,,𒋽,,𒋽,,
ur₁₃,𒊐𒃲,,,𒊐𒃲,,,,
ur₁₃?,,,,,,𒊐𒃲,,
ur₁₄,𒃣,𒂑。𒃣,,𒂑,,𒃣,,
ur₂,𒌫,,𒌫,𒌫,,𒌫,,
ur₂@g,,𒌫,,𒌫,,None,,
ur₂×(a.ha),,𒌬,,𒌬,,,,
ur₂×(u₂.aš),,𒌲,,𒌲,,,,
ur₂×(u₂.bi),,𒌳,,𒌳,,,,
ur₂×al,,𒌮,,𒌮,,,,
ur₂×ha,,𒌯,,𒌯,,,,
ur₂×nun,,𒌰,,𒌰,,,,
ur₂×u₂,,𒌱,,𒌱,,,,
ur₃,𒃡,,,𒃡,,𒃡,,
ur₃?,,,𒃡,,,,,
ur₄,𒌴,,,𒌴,,𒌴,,
ur₅,𒄯,,,𒄯,,𒄯,,
ur₅-gu₇,𒄯𒅥,,,𒄯𒅥,,𒄯𒅥,,
ur₅-ša₄,𒄯𒁺,,,𒄯𒁺,,𒄯𒁺,,
ur₆,𒌌,,,𒌌,,,,
ur₆?,,,,,,𒌌,,
ur₇,𒉞,,,𒉞,,𒉞,,
ur₈,𒁺,,,𒁺,,𒁺,,
ur₉,𒌲,,,𒌲,,𒌲,,
urₓ,𒋺,,,𒋺,,None。𒁃。𒂑。𒂗。𒄵。𒋺,,
us,𒊻,,𒊻,𒊻,𒊻。𒍖,𒊻,,
"us,",𒊻,𒊻,𒊻,,,,,
"us,2",𒍑,𒍑,,,,,,
"us,4",𒊍,𒊍,,,,,,
us2,𒍑,𒍑,𒍑,,𒍑,,,
us2],,,𒍑,,,,,
us2_,,,𒍑,,,,,
us3,𒍚,𒍚,,,𒍚,,,
us4,𒊍,𒊍,𒊍,,𒊍,,,
us5,𒇇,𒇇,,,𒇇,,,
usa,𒐍,,,𒐍,𒐍。𒑄,𒐍,,
usa2,𒍑,𒍑,,,,,,
usab,𒌓𒉣,,,𒌓𒉣,,𒌓𒉣,,
usag,𒊢,,,𒊢,,𒊢,,
usagₓ,𒌋𒊭,,,𒌋𒊭,,𒉱。𒉴。𒌋𒊭,,
usan,𒄛,,𒄛,𒄛,,𒄛,,
usan2,𒄝,𒄝,𒄝,,𒄝,,,
usan2.gag,,,,,𒄝𒆕,,,
usan3,𒉮,𒉮,𒉮,,𒉮,,,
usan3-sur5,𒉮,𒉮,,,,,,
usan4,𒋜,𒋜,,,𒁯。𒋜,,,
usan5,𒄷,𒄷,,,𒄷,,,
usanda,𒄷𒆕,,,𒄷𒆕,,𒄷𒆕,,
usandu,𒄷𒆕,,𒄷𒆕,𒄷𒆕,,𒄷𒆕,,
usanduₓ,𒉮,,,𒉮,,𒉮,,
usansuruₓ,𒉮,,,𒉮,,𒉮,,
usan₂,𒄝,,,𒄝,,𒄝,,
usan₃,𒉮,,,𒉮,,𒉮,,
usan₃-sur₅,𒉮,,,𒉮,,𒉮,,
usan₄,𒋜,,,𒋜,,𒋜,,
usan₅,𒄷,,,𒄷,,𒄷,,
usan₆,,𒄙,,𒄙,,𒄙,,
usanₓ,𒉱,,,𒉱,,𒀭。𒀭X。𒀭𒄙。𒀭𒄛。𒄘。𒆕。𒉱。𒓱。󰂉,,
usar,𒇳𒊬,,𒇳𒊬,𒇳𒊬,𒇳𒊬,𒇳𒊬,,
usar2,𒇲𒊬,𒇲𒊬,,,𒇲𒊬,,,
usar3,𒇳𒆸,𒇳𒆸,𒇳𒆸,,𒇳𒆸,,,
usar4,𒇲𒆸,𒇲𒆸,,,𒇲𒆸,,,
usar₂,𒇲𒊬,,,𒇲𒊬,,𒇲𒊬,,
usar₃,𒇳𒆸,,,𒇳𒆸,,𒇳𒆸,,
usar₄,𒇲𒆸,,,𒇲𒆸,,𒇲𒆸,,
usarₓ,,,,,,𒇳𒌆,,
usa₂,𒍑,,,𒍑,,𒍑,,
usaₓ,𒄝,,,𒄝,,𒄝,,
usduha,𒇆𒇻𒄭𒀀,,,𒇆𒇻𒄭𒀀,,𒇆𒇻𒄭𒀀,,
usduḫa,,,,,𒇇𒇻𒄭𒀀,,,
usi,𒃥,,,𒃥,𒃥,𒃥,,
usian,𒄛,,,𒄛,,𒄛,,
usigi,𒂬,,,𒂬,𒂬,,,
usigi?,,,,,,𒂬,,
usil,𒂳,,,𒂳,𒂳,𒂳,,
usilalₓ,,,,,,𒂳,,
usiₓ,𒂒,,,𒂒,,𒂒,,
ussa,,,,,𒐍。𒑄,,,
ussa2,𒋰𒋰𒋰𒋰,𒋰𒋰𒋰𒋰,,,𒐆,,,
ussa3,𒀼𒀼𒋰,𒀼𒀼𒋰,,,𒑅,,,
ussa₂,𒋰𒋰𒋰𒋰,,,𒋰𒋰𒋰𒋰,,𒋰𒋰𒋰𒋰,,
ussa₃,𒀼𒀼𒋰,,,𒀼𒀼𒋰,,𒀼𒀼𒋰,,
ussu,𒐍,,𒐍。𒑄,𒐍,𒑄,𒐍。𒑄,,
ussu2,𒋰𒋰𒋰𒋰,𒋰𒋰𒋰𒋰,,,𒐆,,,
ussu3,𒑅,𒑅,,,𒑅,,,
ussu8,,,,,𒐍,,,
ussu₂,𒋰𒋰𒋰𒋰,,,𒋰𒋰𒋰𒋰,,𒋰𒋰𒋰𒋰,,
ussu₃,𒑅,,,𒑅,,𒀼𒀼𒋰。𒑅,,
ussuₓ,,,,,,𒐓,,
usu,𒀉𒆗,,𒀉𒆗,𒀉𒆗,𒀉𒄨,𒀉𒆗,,
usu2,𒍑,𒍑,,,𒍑,,,
usu3,,,𒍜,,,,,
usud,𒂼𒆕𒀀,,,𒂼𒆕𒀀,,𒍹,,
usug,𒍠𒀭,,,𒍠𒀭,𒍠𒀭,𒍠𒀭,,
usug2,𒌑𒅗,𒌑𒅗,,,𒌑𒅗,,,
usug3,𒊢,𒊢,,,𒊢。𒌑𒊕,,,
usug4,𒌑𒆳𒉌𒌇𒆠,𒌑𒆳𒉌𒌇𒆠,,,𒌑𒆳𒉌𒌇𒆠,,,
usug5,𒆈,𒆈,,,𒆈,,,
usug₂,𒌑𒅗,,,𒌑𒅗,,𒌑𒅗,,
usug₃,𒊢,,,𒊢,,𒊢,,
usug₄,𒌑𒆳𒉌𒌇𒆠,,,𒌑𒆳𒉌𒌇𒆠,,𒌑𒆳𒉌𒌇𒆠,,
usug₅,𒆈,,,𒆈,,𒆈,,
usuh,𒊩𒇬,,,𒊩𒇬,,,,
usuh?,,,,,,𒊩𒇬,,
usun,𒉮,,,𒉮,𒉮,𒉮,,
usur,𒇳𒊬,,𒇳𒊬,𒇳𒊬,𒇳𒊬,𒇳𒊬,,
usur2,,,,,𒇲𒊬,,,
usur3,,,,,𒇳𒆸,,,
usur4,𒇲𒆸,𒇲𒆸,,,𒇲𒆸,,,
usur5,,,,,𒌋,,,
usur₄,𒇲𒆸,,,𒇲𒆸,,𒇲𒆸,,
usuḫ,,,,,𒊩𒇬,,,
usu₂,𒍑,,,𒍑,,𒍑,,
usu₃,,𒍜,,𒍜,,𒍜,,
usuₓ,𒍜,𒍜,,,,,,
usz,𒍑,𒍑,𒍑,,,,,
usz10,𒊻,𒊻,,,,,,
usz11,𒅜,𒅜,𒅜,,,,,
usz14,𒅼,𒅼,,,,,,
usz15,𒋛𒀀,𒋛𒀀,,,,,,
usz16,𒋗𒁁,𒋗𒁁,,,,,,
usz17,𒄮,𒄮,,,,,,
usz18,𒌍,𒌍,,,,,,
usz2,𒌀,𒌀,𒌀。𒍗,,,,,
usz3,𒃣,𒃣,𒃣,,,,,
usz4,𒌆,𒌆,,,,,,
usz5,𒉦,𒉦,,,,,,
usz6,𒉦,𒉦,,,,,,
usz7,𒅲,𒅲,,,,,,
usz8,𒀳,𒀳,𒀳,,,,,
usz9,𒁹,𒁹,,,,,,
uszar,𒇳𒊬,𒇳𒊬,,,,,,
uszar2,𒇲𒊬,𒇲𒊬,,,,,,
uszar3,𒇳𒆸,𒇳𒆸,,,,,,
uszar4,𒇲𒆸,𒇲𒆸,,,,,,
uszbar,𒌰,𒌰,,,,,,
uszbar2,𒍬,𒍬,,,,,,
uszbar3,𒌲,𒌲,,,,,,
uszbar4,𒋨,𒋨,,,,,,
uszbar5,𒌋𒂙,𒌋𒂙,,,,,,
uszbar6,𒉞,𒉞,,,,,,
uszbar7,𒌱,𒌱,,,,,,
uszbarₓ,𒌑𒌫,𒌑𒌫,,,,,,
uszbur,𒌰,𒌰,,,,,,
uszbur2,𒍬,𒍬,,,,,,
uszbur3,𒌲,𒌲,,,,,,
uszbur4,𒋨,𒋨,,,,,,
uszbur5,𒌋𒂙,𒌋𒂙,,,,,,
uszbur6,𒉞,𒉞,,,,,,
uszbur7,𒌱,𒌱,,,,,,
uszen,𒄛,𒄛,,,,,,
uszera,𒇨,𒇨,,,,,,
uszeri,𒇨,𒇨,,,,,,
uszsza,𒄮,𒄮,,,,,,
uszszuₓ,𒀉𒆗,𒀉𒆗,,,,,,
usztu,𒉿,𒉿,,,,,,
usztu2,𒍑𒌆𒉿,𒍑𒌆𒉿,,,,,,
usztug,𒉿,𒉿,,,,,,
usztug2,𒍑𒌆𒉿,𒍑𒌆𒉿,,,,,,
usztuh,𒆠𒅁,𒆠𒅁,,,,,,
uszu,𒁔,𒁔,,,,,,
uszu2,𒌋𒌓,𒌋𒌓,,,,,,
uszu3,𒌍,𒌍,𒌍,,,,,
uszub,𒋛𒀀,𒋛𒀀,,,,,,
uszum,𒁔,𒁔,𒁔,,,,,
uszumgal,𒃲𒁔,𒃲𒁔,𒃲𒁔,,,,,
uszumgalₓ,X.𒃲,X.𒃲,,,,,,
uszumₓ,𒍘,𒍘,,,,,,
uszur,𒇳𒊬,𒇳𒊬,𒇳𒊬,,,,,
uszur2,𒇲𒊬,𒇲𒊬,𒇲𒊬,,,,,
uszur3,𒇳𒆸,𒇳𒆸,𒇳𒆸,,,,,
uszur4,𒇲𒆸,𒇲𒆸,𒇲𒆸,,,,,
uszur5,𒌋,𒌋,,,,,,
uszurₓ,𒇳𒌆,𒇳𒌆,,,,,,
uszusz,𒃠,𒃠,,,,,,
uszₓ,𒍖,𒍖,,,,,,
us₂,𒍑,,,𒍑,,𒍑,,
us₃,𒍚,,,𒍚,,,,
us₃?,,,,,,𒍚,,
us₄,𒊍,,,𒊍,,𒊍,,
us₅,𒇇,,,𒇇,,𒇇,,
usₓ,𒋠𒀸,,,𒋠𒀸,,𒋠𒀸。𒍖,,
ut,𒌓,,𒌓,𒌓,𒌓,𒌓,,
"ut,",𒌓,𒌓,𒌓,,,,,
"ut,e",𒆠𒆠,𒆠𒆠,,,,,,
"ut,u",𒋸,𒋸,,,,,,
"ut,u2",𒋃,𒋃,,,,,,
"ut,u4",𒈯,𒈯,,,,,,
"ut,u5",𒍑𒁇,𒍑𒁇,,,,,,
"ut,u6",𒆠𒇲,𒆠𒇲,,,,,,
"ut,uku",𒃻𒋃,𒃻𒋃,,,,,,
ut2,𒀾,𒀾,,,,,,
ut2udeššu,,,,,𒀾,,,
ut4,,,,,𒋳𒌆。𒋸,,,
ut5,𒍚,𒍚,,,𒍚,,,
ut6,𒌋𒂵,𒌋𒂵,,,𒌋𒂵,,,
uta,𒌓,,,𒌓,𒌓,𒌓,,
utag,,𒍻,,𒍻,,𒍻,,
utah,𒌋𒂵,,,𒌋𒂵,,𒌋𒂵,,
utahₓ,𒌋,,,𒌋,,𒌋,,
utak,,𒍻,,𒍻,𒀸,𒍻,,
utak2,,,,,,,,
utaqaₓ,𒀺,,,𒀺,,𒀺,,
utaḫ,,,,,𒌋𒂵,,,
utima,𒃟,,,𒃟,𒂐。𒃟,𒃟,,
utima2,𒌖,𒌖,,,𒌖,,,
utima₂,𒌖,,,𒌖,,𒌖,,
utte,𒆠𒆠,,,𒆠𒆠,,𒆠𒆠,,
uttu,𒋸,,𒋸,𒋸,𒋳𒌆。𒋸,𒋆𒌆。𒋸。𒌆𒋳,,
uttu2,𒋃,𒋃,,,𒀭𒋃。𒋃,,,
uttu3,,,,,𒋃,,,
uttu4,𒈯,𒈯,,,𒈮。𒈯,,,
uttu5,𒍑𒁇,𒍑𒁇,,,𒍑𒁇,,,
uttu6,𒆠𒇲,𒆠𒇲,,,𒆠𒇲,,,
uttuku,𒃻𒋃,,,𒃻𒋃,𒃻𒋃,𒃻𒋃,,
uttu₂,𒋃,,,𒋃,,𒋃,,
uttu₄,𒈯,,,𒈯,,𒈮,,
uttu₅,𒍑𒁇,,,𒍑𒁇,,𒍑𒁇,,
uttu₆,𒆠𒇲,,,𒆠𒇲,,𒆠𒇲,,
uttuₓ,𒋳,,,𒋳,,𒈯。𒋆𒌆。𒋳。𒋳𒉣,,
utu,𒌓,,𒌓,𒌓,𒌓,𒌓,,
utu2,𒌋𒂵,𒌋𒂵,,,𒌋𒂵,,,
utu2.ḫi,,,,,𒌋𒂵𒄭,,,
utu3,𒌋𒌋,𒌋𒌋,,,𒌋𒌋,,,
utu4,𒆠𒆠,𒆠𒆠,,,𒆠𒆠,,,
utu5,𒀾,𒀾,,,𒀾,,,
utua,𒁭,,𒁭,𒁭,𒁭,𒁭,,
utua2,𒁦,𒁦,𒁦,,𒁖𒆨。𒁦,,,
utua3,,,,,𒁖𒆨,,,
utua₂,𒁦,,,𒁦,,𒁦,,
utudi,𒍙,,,𒍙,𒈲。𒍙,,,
utudi?,,,,,,𒍙,,
utug,𒌜,,,𒌜,𒌜,𒌜,,
utug2,𒂷𒄑,𒂷𒄑,,,𒋖𒄑,,,
utug₂,𒂷𒄑,,,𒂷𒄑,,,,
utug₂?,,,,,,𒋖𒄑,,
utugₓ,𒃻𒋃,,,𒃻𒋃,,𒃻𒋃,,
utuki,𒍙,,𒍙,𒍙,𒈲。𒍙,,,
utuki?,,,,,,𒍙,,
utul,𒀖𒆪,,,𒀖𒆪,𒀖𒆪,𒀖𒆪,,
utul10,𒀖𒇻,𒀖𒇻,,,𒀖𒇻,,,
utul11,𒉺𒁖,𒉺𒁖,,,𒑐𒁟,,,
utul12,𒄴𒈨𒌋,𒄴𒈨𒌋,,,,,,
utul2,𒄰,𒄰,𒄰,,𒄰,,,
utul3,𒁦,𒁦,,,𒁦,,,
utul4,,,,,𒉺𒁦,,,
utul5,𒁟,𒁟,𒁟,,𒁟,,,
utul6,𒁭,𒁭,,,𒁭,,,
utul7,𒆚,𒆚,,,𒆚,,,
utul8,𒌋𒈬,𒌋𒈬,,,,,,
utul9,𒉺𒁖,𒉺𒁖,,,𒑐𒁣,,,
utul₁₀,𒀖𒇻,,,𒀖𒇻,,𒀖𒇻,,
utul₁₁,𒉺𒁖,,,𒉺𒁖,,𒉺𒁟,,
utul₁₂,𒄴𒈨𒌋,,,𒄴𒈨𒌋,,𒇱,,
utul₂,𒄰,,𒄰,𒄰,,𒄰,,
utul₃,𒁦,,,𒁦,,𒁦,,
utul₄,,,,,,𒉺𒁦,,
utul₅,𒁟,,,𒁟,,𒁟,,
utul₆,𒁭,,,𒁭,,𒁭,,
utul₇,𒆚,,,𒆚,,𒆚,,
utul₈,𒌋𒈬,,,𒌋𒈬,,𒌋𒈬,,
utul₉,𒉺𒁖,,,𒉺𒁖,,𒉺𒁣,,
utulₓ,𒄱,,,𒄱,,𒄱。𒉺OO。𒉺𒉣𒇬,,
utun,𒌋𒈬,,,𒌋𒈬,,𒌋𒈬,,
utuqₓ,𒃻𒋃,,,𒃻𒋃,,𒃻𒋃,,
utuwa,𒁭,,,𒁭,,𒁭,,
utuwa2,𒁦,𒁦,,,,,,
utuwa₂,𒁦,,,𒁦,,𒁦,,
utu₂,𒌋𒂵,,,𒌋𒂵,,𒌋𒂵,,
utu₃,𒌋𒌋,,,𒌋𒌋,,𒎙,,
utu₄,𒆠𒆠,,,𒆠𒆠,,𒆠𒆠,,
utu₅,𒀾,,,𒀾,,𒀾,,
utuₓ,𒌋,,,𒌋,,𒋸。𒌋。𒓮,,
ut₂,𒀾,,,𒀾,,𒀾,,
ut₄,,,,,,𒋸,,
ut₅,𒍚,,,𒍚,,𒍚,,
ut₆,𒌋𒂵,,,𒌋𒂵,,𒌋𒂵,,
uw,𒉿,,𒉿,𒉿,𒉿,𒉿,,
uwaₓ,,,,,,𒇇,,
ux,,,𒋠𒀸,,,,,
uya,𒌋𒐊,,,𒌋𒐊,,𒌋𒐊,,
uz,𒊻,,𒊻,𒊻,𒊻。𒍖,𒊻,,
uz.tur,,,,,𒊻𒌉,,,
uz.tur.ḫu,,,,,𒊺𒄷𒌉𒄷,,,
uz2,𒍑,𒍑,,,𒍑,,,
uz3,𒍚,𒍚,𒍚,,𒍚,,,
uz3xkaskal,,,,,𒍛,,,
uz4,𒊍,𒊍,,,𒊍,,,
uz5,𒇇,𒇇,,,𒇇,,,
uz6,,,,,𒍚,,,
uz7,,,,,𒌍,,,
uza,𒊻,,,𒊻,𒍚,𒊻,,
uza3,𒍚,𒍚,,,𒍚,,,
uzaglal,𒀹,,,𒀹,𒀹,𒀹,,
uzalag,,𒀺,,𒀺,,𒍻,,
uzalagₓ,𒀺,,,𒀺,,𒀺,,
uzalak,,,,,,𒍻,,
uzalakₓ,𒀺,,,𒀺,,𒀺,,
uzaraₓ,,,,,,𒀹,,
uza₃,𒍚,,,𒍚,,𒍚,,
uzduha,𒇆𒇻𒄭𒀀,,,𒇆𒇻𒄭𒀀,,𒇆𒇻𒄭𒀀,,
uzduḫa,,,,,𒇇𒇻𒄭𒀀,,,
uzu,𒍜,,𒍜,𒍜,𒍜,𒍜,,
uzu.lal,,,,,𒍜𒇲,,,
uzu2,𒍬,𒍬,𒍬,,𒉙,,,
uzu3,𒊻,𒊻,,,𒊻,,,
uzu4,,,,,𒌋𒌗,,,
uzu5,𒌋𒌓,𒌋𒌓,,,𒌋𒌓,,,
uzu@90,,𒍜,,𒍜,,𒍜,,
uzud,𒍚,,,𒍚,,𒍚,,
uzug,𒍠𒀭,,𒍠𒀭,𒍠𒀭,𒍠𒀭,𒍠𒀭,,
uzug2,𒌑𒅗,𒌑𒅗,𒌑𒅗,,𒌑𒅗,,,
uzug3,𒌑𒊕,𒌑𒊕,𒌑𒊕,,𒊢。𒌑𒊕,,,
uzug4,𒌑𒆳𒉌𒌇𒆠,𒌑𒆳𒉌𒌇𒆠,𒌑𒆳𒉌𒌇𒆠,,𒌑𒆳𒉌𒌇𒆠,,,
uzug5,𒆈,𒆈,𒆈,,𒆈。𒊺𒄷,,,
uzug₂,𒌑𒅗,,,𒌑𒅗,,𒌑𒅗,,
uzug₃,𒌑𒊕,,,𒌑𒊕,,𒊢。𒌑𒊕,,
uzug₄,𒌑𒆳𒉌𒌇𒆠,,,𒌑𒆳𒉌𒌇𒆠,,𒌑𒆳𒉌𒌇𒆠,,
uzug₅,𒆈,,,𒆈,,𒆈,,
uzugₓ,𒅗,,,𒅗,,𒀭𒍠。𒅗,,
uzunₓ,𒉮,,,𒉮,,𒉮,,
uzu₂,𒍬,,,𒍬,,𒍬,,
uzu₃,𒊻,,,𒊻,,𒊻,,
uzu₅,𒌋𒌓,,,𒌋𒌓,,𒌋𒌓,,
uz₂,𒍑,,,𒍑,,𒍑,,
uz₃,𒍚,,,𒍚,,𒍚,,
uz₃.kaskal,,𒍚𒆜,,𒍚𒆜,,,,
uz₃×kaskal,,𒍛,,𒍛,,,,
uz₄,𒊍,,,𒊍,,𒊍,,
uz₅,𒇇,,,𒇇,,𒇇,,
uzₓ,,,,,,𒌍,,
uĝ3,,,𒌦,,,,,
uŋ2,𒊊,𒊊,,,,,,
uŋ3,𒌦,𒌦,,,,,,
uŋ5,𒂦,𒂦,,,,,,
uŋnim,𒆠𒋢𒇻𒂠𒃻,,,𒆠𒋢𒇻𒂠𒃻,,𒆠𒋢𒇻𒂠𒃻,,
uŋ₂,𒊊,,,𒊊,,𒊊,,
uŋ₃,𒌦,,,𒌦,,𒌦,,
uŋ₅,𒂦,,,𒂦,,𒂦,,
uś,𒍑,,,𒍑,𒍑,,,
uš,𒍑,,𒍑,𒍑,𒍑。𒍖,𒍑,,
uš!,,,𒍑,,,,,
uš.bar,,𒍑𒁇,,𒍑𒁇,𒍑𒁇,,,
uš.bu.da,,𒍑𒁍𒁕,,𒍑𒁍𒁕,,,,
uš.dam,,𒍑𒁮,,𒍑𒁮,𒍑𒁮,,,
uš.ga,,𒍑𒂵,,𒍑𒂵,𒍑𒂵,,,
uš.ku,,𒍑𒆪,,𒍑𒆪,𒍑𒆪,,,
uš.munus.dam,,,,,𒍑𒊩𒁮,,,
uš.sa,,𒍑𒊓,,𒍑𒊓,,,,
uš.sal.dam,,𒍑𒊩𒁮,,𒍑𒊩𒁮,,,,
uš.tug₂.pi,,𒍑𒌆𒉿,,𒍑𒌆𒉿,,,,
uš10,,,,,𒊻,,,
uš11,,,𒅜,,𒅜。𒊻,,,
uš12,,,,,𒅜,,,
uš13,,,,,𒅛,,,
uš14,,,𒅼,,𒅼,,,
uš15,,,,,𒋛𒀀,,,
uš16,,,,,𒋗𒁁,,,
uš17,,,,,𒄮,,,
uš18,,,,,𒌍,,,
uš19,,,,,𒄑,,,
uš2,,,𒌀,,𒁁。𒍗,,,
uš3,,,,,𒂑。𒃣,,,
uš4,,,,,𒌆,,,
uš5,,,,,𒉦,,,
uš6,,,𒉥,,𒉥,,,
uš7,,,,,𒅲,,,
uš8,,,,,𒀳,,,
uš9,,,,,𒁹,,,
ušanₓ,,,,,,𒀭X,,
ušar,𒇳𒊬,,,𒇳𒊬,𒇳𒊬,𒇳𒊬,,
ušar2,,,,,𒇲𒊬,,,
ušar3,,,,,𒇳𒆸,,,
ušar4,,,,,𒇲𒆸,,,
ušar₂,𒇲𒊬,,,𒇲𒊬,,𒇲𒊬,,
ušar₃,𒇳𒆸,,,𒇳𒆸,,𒇳𒆸,,
ušar₄,𒇲𒆸,,,𒇲𒆸,,𒇲𒆸,,
ušbar,𒌰,,𒌰,𒌰,𒌰,𒌰,,
ušbar2,,,,,𒉙,,,
ušbar3,,,,,𒌲,,,
ušbar4,,,,,𒋨,,,
ušbar5,,,,,𒌋𒂘,,,
ušbar6,,,,,𒉞,,,
ušbar7,,,,,𒌱,,,
ušbar₂,𒍬,,,𒍬,,𒍬,,
ušbar₃,𒌲,,,𒌲,,𒌲,,
ušbar₄,𒋨,,,𒋨,,,,
ušbar₄?,,,,,,𒋨,,
ušbar₅,𒌋𒂙,,,𒌋𒂙,,,,
ušbar₅?,,,,,,𒌋𒂙,,
ušbar₆,𒉞,,,𒉞,,𒉞,,
ušbar₇,𒌱,,,𒌱,,𒌱,,
ušbarₓ,𒌑𒌫,,,𒌑𒌫,,None。𒋨𒈦。𒌑𒌫,,
ušbur,𒌰,,,𒌰,𒌰,𒌰,,
ušbur2,,,,,𒉙,,,
ušbur3,,,,,𒌲,,,
ušbur4,,,,,𒋨,,,
ušbur5,,,,,𒌋𒂘,,,
ušbur6,,,,,𒉞,,,
ušbur7,,,,,𒌱,,,
ušbur₂,𒍬,,,𒍬,,𒍬,,
ušbur₃,𒌲,,,𒌲,,𒌲,,
ušbur₄,𒋨,,,𒋨,,𒋨,,
ušbur₅,𒌋𒂙,,,𒌋𒂙,,𒌋𒂙,,
ušbur₆,𒉞,,,𒉞,,𒉞,,
ušbur₇,𒌱,,,𒌱,,𒌱,,
ušen,𒄛,,,𒄛,,𒄛,,
ušera,𒇨,,,𒇨,𒇨,𒇨,,
ušeri,𒇨,,,𒇨,,𒇨,,
uštil,,,,,,None,,
uštilₓ,,,,,,None,,
uštin,,,,,,None,,
uštu,𒉿,,,𒉿,𒉿,𒉿,,
uštu2,,,,,𒈬𒍑𒌆𒉿,,,
uštug,𒉿,,,𒉿,𒉿,𒉿,,
uštug2,,,,,𒈬𒍑𒌆𒉿,,,
uštug₂,𒍑𒌆𒉿,,,𒍑𒌆𒉿,,𒍑𒌆𒉿,,
uštuh,𒆠𒅁,,,𒆠𒅁,,𒆠𒅁,,
uštu₂,𒍑𒌆𒉿,,,𒍑𒌆𒉿,,𒍑𒌆𒉿,,
ušu,𒁔,,,𒁔,𒁔,𒁔,,
ušu2,,,,,𒌋𒌓,,,
ušu3,,,𒌍,,𒌍,,,
ušu@v,,,,,,𒁔,,
ušub,𒋛𒀀,,,𒋛𒀀,𒋛𒀀,𒋛𒀀,,
ušuburₓ,,,,,,𒌲,,
ušum,𒁔,,𒁔,𒁔,𒁔,𒁔,,
ušumgal,𒃲𒁔,,𒃲𒁔,𒃲𒁔,𒃲𒁔,𒃲𒁔,,
ušumgalₓ,X.𒃲,X.𒃲。𒃲,,𒃲,,X𒃲,,
ušumx,,𒍘,,𒍘,𒍘,,,
ušumₓ,𒍘,,,𒍘,,𒍘,,
ušur,𒇳𒊬,,,𒇳𒊬,𒇳𒊬,𒇳𒊬,,
ušur2,,,,,𒇲𒊬,,,
ušur4,,,,,𒇲𒆸,,,
ušur5,,,,,𒌋,,,
ušur₂,𒇲𒊬,,,𒇲𒊬,,𒇲𒊬,,
ušur₃,𒇳𒆸,,,𒇳𒆸,,𒇳𒆸,,
ušur₄,𒇲𒆸,,,𒇲𒆸,,𒇲𒆸,,
ušur₅,𒌋,,,𒌋,,𒌋,,
ušurₓ,𒇳𒌆,,,𒇳𒌆,,𒇳𒂉。𒇳𒌆,,
ušuš,𒃠,,,𒃠,𒃠,𒃠,,
ušu₂,𒌋𒌓,,,𒌋𒌓,,𒌋𒌓,,
ušu₃,𒌍,,,𒌍,,𒌍,,
ušuₓ,,,,,,𒐶,,
ušx,,𒍖,,𒍖,𒍖,,,
ušxa,,,,,𒍒,,,
ušxkid2,,,,,𒍕,,,
ušxku,,,,,𒍓,,,
ušxkur,,,,,𒍔,,,
ušxtak4,,,,,𒍕,,,
uš×a,,𒍒,,𒍒,,,,
uš×ku,,𒍓,,𒍓,,,,
uš×kur,,𒍔,,𒍔,,,,
uš×tak₄,,𒍕,,𒍕,,,,
ušša,𒄮,,,𒄮,𒄮,𒄮,,
uššuₓ,𒀉𒆗,,,𒀉𒆗,,𒀉𒆗,,
uš₁₀,𒊻,,,𒊻,,𒊻,,
uš₁₁,𒅜,,,𒅜,,𒅜,,
uš₁₄,𒅼,,,𒅼,,𒅼,,
uš₁₅,𒋛𒀀,,,𒋛𒀀,,𒋛𒀀,,
uš₁₆,𒋗𒁁,,,𒋗𒁁,,,,
uš₁₆?,,,,,,𒋗𒁁,,
uš₁₇,𒄮,,,𒄮,,𒄮,,
uš₁₈,𒌍,,,𒌍,,𒌍,,
uš₂,𒌀,,,𒌀,,𒌀,,
uš₃,𒃣,,,𒃣,,𒃣,,
uš₄,𒌆,,,𒌆,,𒌆,,
uš₅,𒉦,,,𒉦,,𒉦,,
uš₆,𒉦,,,𒉦,,𒉥,,
uš₇,𒅲,,,𒅲,,𒅲,,
uš₈,𒀳,,,𒀳,,𒀳,,
uš₉,𒁹,,,𒁹,,𒁹,,
ušₓ,𒍖,,,𒍖,,𒂑。𒄷。𒅗。𒆃。𒈰。𒍖,,
uʾ,𒀪,,𒀪,𒀪,,𒀪,,
uʾa,𒇇𒀀,,,𒇇𒀀,,𒇇𒀀,,
uʾi,𒇇𒀀,,,𒇇𒀀,,𒇇𒀀,,
uʾu,𒇇𒀀,,,𒇇𒀀,,𒇇𒀀,,
uʾ₂,𒄴,,,𒄴,,,,
uʾ₂?,,,,,,𒄴,,
uʾ₃,𒇆,,,𒇆,,𒇆,,
uʾ₄,𒌔,,,𒌔,,𒌔,,
uḫ,,,𒄴,,𒄴,,,
uḫ2,,,𒌔,,𒌔,,,
uḫ3,,,,,𒆵,,,
uḫ4,,,,,𒅜,,,
uḫ5,,,,,𒀪,,,
uḫ6,,,,,𒉎𒋙,,,
uḫ7,,,,,𒌋𒆕,,,
uḫ;,,,𒄴,,,,,
uḫu,,,,,𒄴,,,
uḫu2,,,,,𒌔,,,
uḫḫur,,,,,𒅆𒁉,,,
uḫḫur2,,,,,𒅆𒂵,,,
uḫḫur3,,,,,𒅆𒀀,,,
uṣ,𒊻,,𒊻,𒊻,𒊻,𒊻,,
uṣ2,,,,,𒍑,,,
uṣ4,,,,,𒊍,,,
uṣ₂,𒍑,,,𒍑,,𒍑,,
uṣ₄,𒊍,,,𒊍,,𒊍,,
uṭ,𒌓,,𒌓,𒌓,𒌓,𒌓,,
uṭe,𒆠𒆠,,,𒆠𒆠,,𒆠𒆠,,
uṭu,𒋸,,,𒋸,,𒋸,,
uṭuku,𒃻𒋃,,,𒃻𒋃,,𒃻𒋃,,
uṭu₂,𒋃,,,𒋃,,𒋃,,
uṭu₄,𒈯,,,𒈯,,𒈯,,
uṭu₅,𒍑𒁇,,,𒍑𒁇,,𒍑𒁇,,
uṭu₆,𒆠𒇲,,,𒆠𒇲,,𒆠𒇲,,
u’,,,,,𒀪,,,
u’4,,,,,𒌔,,,
u’a,,,,,𒇇𒀀,,,
u’i,,,,,𒇇𒀀,,,
u’u,,,,,𒇇𒀀,,,
u₁₀,𒁱,,,𒁱,,𒁱,,
u₁₁,𒄷,,,𒄷,,𒄷,,
u₁₂,𒌦,,,𒌦,,𒌦,,
u₁₃,𒄴,,,𒄴,,𒄴,,
u₁₄,𒌋𒂵,,,𒌋𒂵,,,,
u₁₄?,,,,,,𒌋𒂵,,
u₁₆,𒌝,,,𒌝,,𒌝,,
u₁₇,𒉿,,,𒉿,,𒉿,,
u₁₈,𒍇,,,𒍇,,𒍇,,
u₁₉,𒌷,,,𒌷,,𒌷,,
u₂,𒌑,,𒌑,𒌑,,𒌑,,
u₂.gir₂@g,,𒌑𒄉,,𒌑𒄉,,,,
u₂.giš.mi,,𒌑𒄑𒈪,,𒌑𒄑𒈪,,,,
u₂.giš.sar,,𒌑𒄑𒊬,,𒌑𒄑𒊬,,,,
u₂.ka,,𒌑𒅗,,𒌑𒅗,,,,
u₂.ka×li,,𒌑𒅲,,𒌑𒅲,,,,
u₂.ki.sum.ga,,𒌑𒆠𒋧𒂵,,𒌑𒆠𒋧𒂵,,,,
u₂.kur.ni.tuk.ki,,𒌑𒆳𒉌𒌇𒆠,,𒌑𒆳𒉌𒌇𒆠,,,,
u₂.kur.ra,,𒌑𒆳𒊏,,𒌑𒆳𒊏,,,,
u₂.kur.za.muš₃@g.ki,,𒌑𒆳𒍝𒈽𒆠,,𒌑𒆳𒍝𒈽𒆠,,,,
u₂.naga,,𒌑𒉀,,𒌑𒉀,,,,
u₂.naga.ga,,𒌑𒉀𒂵,,𒌑𒉀𒂵,,,,
u₂.sa,,𒌑𒊓,,𒌑𒊓,,,,
u₂.sa.ka.kak,,𒌑𒊓𒅗𒆕,,𒌑𒊓𒅗𒆕,,,,
u₂.sag,,𒌑𒊕,,𒌑𒊕,,,,
u₂.ur₂,,𒌑𒌫,,𒌑𒌫,,,,
u₂.za.muš₃,,𒌑𒍝𒈹,,𒌑𒍝𒈹,,,,
u₂₀,𒊺,,,𒊺,,𒊺,,
u₂₁,𒊌,,,𒊌,,𒊌,,
u₂₂,𒌗,,,𒌗,,𒌗,,
u₂₄,,𒉌,,𒉌,,𒉌,,
u₃,𒅇,,𒅇,𒅇,,𒅇,,
u₄,𒌓,,𒌓,𒌓,,𒌓,,
u₄-sakar,𒌓𒊬,,,𒌓𒊬,,𒌓𒊬,,
u₅,𒄷𒋛,,,𒄷𒋛,,𒄷𒋛。𒆐𒌋𒋛,,
u₆,𒅆𒂍,,,𒅆𒂍,,𒅆𒂍,,
u₇,𒆠𒈫,,,𒆠𒈫,,𒆠𒈫,,
u₈,𒇇,,,𒇇,,𒇇,,
u₉,𒂦,,,𒂦,,𒂦,,
uₓ,𒋠𒀸,,,𒋠𒀸,,None。𒀭。𒁹。𒂥。𒅆𒀀。𒈣𒄷。𒉺。𒋛。𒋠。𒋠𒀸,,
uₓ(disz)-gun3,𒁹𒁯,𒁹𒁯,,,,,,
uₓ(diš)-gun₃,𒁹𒁯,𒁹𒁯,,𒁹𒁯,,,,
v+,𒄑𒉌,,,𒄑𒉌,,,,
variantform,,,,,𒆮,,,
variantofkaxeš,,,,,𒅾,,,
wa,𒉿,,𒉿,𒉿,𒁀。𒉿,𒉿,,
wa we wi wu,,,𒉿 𒉿 𒉿 𒉿,,,,,
wa+a,,,𒉿 𒀀,,,,,
wa2,𒁀,𒁀,,,𒁀。𒉌,,,
wa3,𒌑,𒌑,,,𒌑,,,
wa4,𒊀,𒊀,,,𒊀,,,
wa6,𒈠,𒈠,,,𒈠,,,
wan,𒌋𒌋,,,𒌋𒌋,𒌋𒌋,𒎙,,
war,𒁇,,𒁇,𒁇,𒁇,𒁇,,
war2,𒈥,𒈥,,,𒈥,,,
war3,𒀴,𒀴,,,𒀴,,,
wardu,𒀴,,,𒀴,,,,
war₂,𒈥,,,𒈥,,𒈥,,
war₃,𒀴,,,𒀴,,𒀴,,
warₓ,𒌒,,,𒌒,,𒌒,,
wasz,𒈦,𒈦,,,,,,
waš,𒈦,,,𒈦,𒈦,𒈦,,
waṣitₓ,,,,,,𒌓,,
wa₂,𒁀,,,𒁀,,𒁀,,
wa₃,𒌑,,,𒌑,,𒌑,,
wa₄,𒊀,,,𒊀,,𒊀,,
wa₆,𒈠,,,𒈠,,𒈠,,
waₓ,𒋠𒀸,,,𒋠𒀸,,𒇆。𒇇。𒋠𒀸,,
we,𒉿,,𒉿,𒉿,𒉿,𒉿,,
we2,𒊄,𒊄,,,,,,
we₂,𒊄,,,𒊄,,𒊄,,
wi,𒉿,,𒉿,𒉿,𒉿,𒉿,,
wi2,𒊅,𒊅,,,𒉺。𒊅,,,
wi4,𒈪,𒈪,,,𒈪,,,
wi5,𒄑𒁷,𒄑𒁷,𒄑𒁷,,𒃾,,,
wil,,,,,𒅖,,,
wir,𒄊,,,𒄊,𒄊,𒄊,,
wisz,𒈨𒌍,𒈨𒌍,,,,,,
wiš,𒈨𒌍,,,𒈨𒌍,𒈨𒌍,,,
wiš?,,,,,,𒎌,,
wi₂,𒊅,,,𒊅,,𒊅,,
wi₄,𒈪,,,𒈪,,𒈪,,
wi₅,𒄑𒁷,,,𒄑𒁷,,𒄑𒁷,,
wu,𒉿,,𒉿,𒉿,𒉿,𒉿,,
wu2,𒊇,𒊇,,,𒊇,,,
wu3,𒊈,𒊈,,,𒊈,,,
wu4,𒈬,𒈬,,,𒈬,,,
wuk,𒈮,,,𒈮,𒈮,𒈮,,
wusz,𒈲,𒈲,,,,,,
wuš,𒈲,,,𒈲,𒈲,𒈲,,
wu₂,𒊇,,,𒊇,,𒊇,,
wu₃,𒊈,,,𒊈,,𒊈,,
wu₄,𒈬,,,𒈬,,𒈬,,
wuₓ,𒌑,,,𒌑,,𒌑,,
wí,,,𒊅,,,,,
"wās,it",𒌓,𒌓,,,,,,
wāṣit,𒌓,,,𒌓,,,,
x,X,X,,,,None,,
x]x,,,𒊚𒃮,,,,,
xašₓ,,,,,,𒈄。𒈏,,
xbaₓ,,,,,,𒆠𒇴,,
xbunₓ,,,,,,𒇮,,
xdiₓ,,,,,,𒉭X,,
xennuₓ,,,,,,𒂍𒈂𒀀,,
xeₓ,,,,,,𒃬,,
xgaₓ,,,,,,𒆠𒁉𒆕,,
xgidaₓ,,,,,,𒉭X,,
xgiₓ,,,,,,𒃰𒋺𒄑,,
xgukinₓ,,,,,,𒊛,,
xidₓ,,,,,,𒎊,,
xingaraₓ,,,,,,𒂍𒀭𒊺𒉀。𒂍𒄑𒌆𒉿𒀭𒊺𒉀,,
xkiₓ,,,,,,𒀴,,
xlaₓ,,,,,,𒂍𒆠𒋧𒂵,,
xlukuₓ,,,,,,𒅆𒆳,,
xnunnamxₓ,,,,,,𒆲,,
xrigₓ,,,,,,𒉨,,
xriₓ,,,,,,None。𒀀𒄩。𒉣,,
xtalluₓ,,,,,,𒈍,,
xv,,,,,𒌋𒐊,,,
xx,,,𒊚𒃮,,,,,
xx;,,,𒊚𒃮,,,,,
xx],,,𒊚𒃮,,,,,
xₓ,𒊚𒃮,,,𒊚𒃮,,𒂑。𒃣。𒃰𒂅。𒃰𒋺𒄑。𒄑𒆰。𒆎。𒊚𒃮。𒎊,,
ya,𒉿,,𒉿,𒉿,𒉿,𒉿,,
ya ye yi yu,,,𒉿 𒉿 𒉿 𒉿,,,,,
ya10,𒀀,𒀀,,,,,,
ya3,𒉌,𒉌,,,,,,
ya4,𒉌𒌓,𒉌𒌓,,,,,,
ya₁₀,𒀀,,,𒀀,,𒀀,,
ya₃,𒉌,,,𒉌,,𒉌,,
ya₄,𒉌𒌓,,,𒉌𒌓,,𒎎,,
yaₓ,𒌓𒉌,,,𒌓𒉌,,𒀀𒀀。𒌓𒉌,,
ye,𒉿,,𒉿,𒉿,𒉿,𒉿,,
yi,𒉿,,𒉿,𒉿,𒉿,𒉿,,
yi2,𒅀,𒅀,,,,,,
yi3,𒂊,𒂊,,,,,,
yi₂,𒅀,,,𒅀,,𒅀,,
yi₃,𒂊,,,𒂊,,𒂊,,
yu,𒉿,,𒉿,𒉿,𒉿,𒉿,,
z[a]k,,,𒍠,,,,,
z[u,,,𒍪,,,,,
za,𒍝,,𒍝,𒍝,𒍝,𒍝,,
za ze zi zu,,,𒍝 𒍣 𒍣 𒍪,,,,,
za&tur,,𒍝𒌉,,𒍝𒌉,,,,
za&za,,𒍝𒍝,,𒍝𒍝,,,,
za.an.muš₃@g,,𒍝𒀭𒈽,,𒍝𒀭𒈽,,,,
za.dun₃@g,,𒍝𒂆,,𒍝𒂆,,,,
za.dun₃@g@g,,𒍝𒂇,,𒍝𒂇,,,,
za.ga2.ga2,,,,,𒍝𒂷𒂷,,,
za.gin2,,,,,𒍝𒂅,,,
za.gul,,𒍝𒄢,,𒍝𒄢,𒍝𒄢,,,
za.ib,,𒍝𒅁,,𒍝𒅁,𒍝𒅁,,,
za.kur,,𒍝𒆳,,𒍝𒆳,𒍝𒆳,,,
za.kur.a,,𒍝𒆳𒀀,,𒍝𒆳𒀀,𒍝𒆳𒀀,,,
za.mir,,,,,𒍝𒂆,,,
za.muš2,,,,,𒍝𒈽,,,
za.muš2.di,,,,,𒍝𒈽𒁲,,,
za.muš2.unug,,,,,𒍝𒈽𒀕,,,
za.muš3,,,,,𒍝𒈹,,,
za.muš3.di,,,,,𒍝𒈹𒁲,,,
za.muš3.unug,,,,,𒍝𒈹𒀕,,,
za.muš₃,,𒍝𒈹,,𒍝𒈹,,,,
za.muš₃.ab@g,,𒍝𒈹𒀕,,𒍝𒈹𒀕,,,,
za.muš₃.di,,𒍝𒈹𒁲,,𒍝𒈹𒁲,,,,
za.muš₃@g,,𒍝𒈽,,𒍝𒈽,,,,
za.muš₃@g.ab@g,,𒍝𒈽𒀕,,𒍝𒈽𒀕,,,,
za.muš₃@g.di,,𒍝𒈽𒁲,,𒍝𒈽𒁲,,,,
za.muš₃@g.eren,,𒍝𒈽𒂞,,𒍝𒈽𒂞,,,,
za.nim,,𒍝𒉏,,𒍝𒉏,𒍝𒉏,,,
za.su,,𒍝𒋢,,𒍝𒋢,𒍝𒋢,,,
za2,𒉌𒌓,𒉌𒌓,𒉌𒌓,,𒉌𒌓,,,
za3,𒍠,𒍠,𒍠,,𒍠,,,
za4,𒉣,𒉣,,,𒉣,,,
za5,𒀭,𒀭,,,𒀭,,,
za6,𒆉,𒆉,,,𒆉,,,
za7,𒕆,𒕆,,,𒉌,,,
za8,,,,,𒅾,,,
za@t,,𒍞,𒍞,𒍞,,,,
za[k,,,𒍠,,,,,
za],,,𒍝,,,,,
za_,,,𒍝,,,,,
zab,𒂟,,,𒂟,𒂟,𒂟,,
zababu,,,,,𒍝𒈽𒀕,,,
zabala,𒍝𒈽𒀕,,𒍝𒈽𒀕,𒍝𒈽𒀕,𒍝𒈽𒀕,𒍝𒈽𒀕,,
zabala2,𒍝𒈹𒀕,𒍝𒈹𒀕,𒍝𒈹𒀕,,𒍝𒈹𒀕,,,
zabala2{ki},,,𒍝𒈹𒀕 𒆠,,,,,
zabala3,𒈹𒀕,𒈹𒀕,,,𒈹𒀕,,,
zabala4,𒈹𒍝𒀕,𒈹𒍝𒀕,𒈹𒍝𒀕,,𒈹𒍝𒀕,,,
zabala5,𒈹𒀊,𒈹𒀊,,,𒈹𒀊,,,
zabala6,𒀊𒈹,𒀊𒈹,,,𒀊𒈹,,,
zabalam,𒍝𒈽𒀕,,𒍝𒈽𒀕,𒍝𒈽𒀕,𒍝𒈽𒀕,𒍝𒈽𒀕,,
zabalam2,𒍝𒈹𒀕,𒍝𒈹𒀕,,,𒍝𒈹𒀕,,,
zabalam3,𒈹𒀕,𒈹𒀕,,,𒈹𒀕,,,
zabalam4,𒈹𒍝𒀕,𒈹𒍝𒀕,,,𒈹𒍝𒀕,,,
zabalam5,𒈹𒀊,𒈹𒀊,,,𒈹𒀊,,,
zabalam6,𒀊𒈹,𒀊𒈹,,,𒀊𒈹,,,
zabalam6{ki},,,𒀊𒈹 𒆠,,,,,
zabalam₂,𒍝𒈹𒀕,,,𒍝𒈹𒀕,,𒍝𒈹𒀕,,
zabalam₃,𒈹𒀕,,,𒈹𒀕,,𒈹𒀕,,
zabalam₄,𒈹𒍝𒀕,,,𒈹𒍝𒀕,,𒈹𒍝𒀕,,
zabalam₅,𒈹𒀊,,,𒈹𒀊,,𒈹𒀊,,
zabalam₆,𒀊𒈹,,,𒀊𒈹,,𒀊𒈹,,
zabalamₓ,,,,,,𒈹𒍝。𒍝𒈹𒀔,,
zabala₂,𒍝𒈹𒀕,,,𒍝𒈹𒀕,,𒍝𒈹𒀕,,
zabala₃,𒈹𒀕,,,𒈹𒀕,,𒈹𒀕,,
zabala₄,𒈹𒍝𒀕,,,𒈹𒍝𒀕,,𒈹𒍝𒀕,,
zabala₅,𒈹𒀊,,,𒈹𒀊,,𒈹𒀊,,
zabala₆,𒀊𒈹,,,𒀊𒈹,,𒀊𒈹,,
zabalaₓ,𒈹𒀕𒍝,,,𒈹𒀕𒍝,,𒀕𒈹。𒀕𒈹𒍝。𒀭𒈹𒀊。𒀭𒈹𒀕。𒈹𒀕𒍝。𒈹𒋼𒀕。𒈹𒍝,,
zabar,𒌓𒅗𒁇,,𒌓𒅗𒁇,𒌓𒅗𒁇,𒌓𒅗𒈦,𒌓𒅗𒁇,,
zabar2,𒍭,𒍭,,,𒍭,,,
zabar3,𒆉𒁇,𒆉𒁇,,,𒆉𒁇,,,
zabar_,,,𒌓𒅗𒁇,,,,,
zabar₂,𒍭,,,𒍭,,𒍭,,
zabar₃,𒆉𒁇,,,𒆉𒁇,,𒆉𒁇,,
zabitum,𒁆𒌉,,,𒁆𒌉,,𒁆𒌉,,
zadim,𒈯,,𒈯,𒈯,𒈯,𒈯,,
zadim.kaskal,,,,,𒈯𒆜,,,
zadimgalₓ,,,,,,𒃲𒈯,,
zadimₓ,,,,,,𒈮,,
zadra,𒋃,,,𒋃,,𒋃,,
zadri,𒋃,,,𒋃,,𒋃,,
zadru,𒋃,,,𒋃,𒋃,𒋃,,
zag,𒍠,,𒍠,𒍠,𒍠,𒍠,,
zag.an,,𒍠𒀭,,𒍠𒀭,𒍠𒀭,,,
zag.ga,,𒍠𒂵,,𒍠𒂵,,,,
zag.ha,,𒍠𒄩,,𒍠𒄩,,,,
zag.ḫa,,,,,𒍠𒄩,,,
zag2,𒉺,𒉺,,,𒉺,,,
zag3,𒉠,𒉠,,,𒉠。𒋃,,,
zagarₓ,,,,,,𒈧𒈪,,
zagga,𒉌,,,𒉌,𒉌,𒉌,,
zagga2,𒍝,𒍝,,,𒍝,,,
zagga₂,𒍝,,,𒍝,,𒍝,,
zagin,,,,,𒍝𒆳,,,
zagindur,𒍝𒆳𒀀,,,𒍝𒆳𒀀,𒍝𒆳𒀀,𒍝𒆳𒀀,,
zag₂,𒉺,,,𒉺,,𒉺,,
zag₃,𒉠,,,𒉠,,𒉠,,
zagₓ,𒌋𒂵,,,𒌋𒂵,,𒌋𒂵,,
zah,𒉈,,𒉈,𒉈,,𒉈,,
zah2,𒄩𒀀,𒄩𒀀,𒄩𒀀,,,,,
zah3,𒀄,𒀄,𒀄,,,,,
zaha2,𒄩𒀀,𒄩𒀀,,,,,,
zaha3,𒀄,𒀄,,,,,,
zahan,𒌋𒂵𒄭,,,𒌋𒂵𒄭,,𒌋𒂵𒄭,,
zahan2,𒌋𒂵,𒌋𒂵,,,,,,
zahan₂,𒌋𒂵,,,𒌋𒂵,,𒌋𒂵,,
zaha₂,𒄩𒀀,,,𒄩𒀀,,𒄩𒀀,,
zaha₃,𒀄,,,𒀄,,𒀄,,
zahaₓ,,,,,,𒄩,,
zahdaₓ,𒂄𒉈𒌉,,,𒂄𒉈𒌉,,𒂄𒉈𒌉。𒂄𒌉,,
zah₂,𒄩𒀀,,,𒄩𒀀,,𒄩𒀀,,
zah₃,𒀄,,,𒀄,,𒀀𒄖。𒀄,,
zahₓ,𒋀,,,𒋀,,𒀀𒄩。𒀀𒄩𒀀。𒂄。𒄫。𒋀,,
zak,𒍠,,𒍠,𒍠,𒍠,𒍠,,
zak2,𒉺,𒉺,,,𒉺,,,
zak₂,𒉺,,,𒉺,,𒉺,,
zal,𒉌,,𒉌,𒉌,𒉌,𒉌,,
zal2,𒇡,𒇡,,,𒇡,,,
zala,𒉌,,,𒉌,𒉌,𒉌,,
zalag,𒌓,,𒌓,𒌓,𒌓,𒌓,,
zalag2,𒂟,𒂟,𒂟,,𒂟,,,
zalag3,𒈜,𒈜,,,,,,
zalaga,𒌓,,,𒌓,𒌓,𒌓,,
zalaga2,,,,,𒂟,,,
zalag₂,𒂟,,,𒂟,,𒂟,,
zalag₃,𒈜,,,𒈜,,𒈜,,
zalah,𒌓,,,𒌓,,𒌓,,
zalaqaₓ,𒌓,,,𒌓,,𒌓,,
zalaₓ,𒌓,,,𒌓,,𒌓,,
zalli,𒉌,,,𒉌,𒉌,𒉌,,
zal₂,𒇡,,,𒇡,,,,
zal₂?,,,,,,𒇡,,
zalₓ,𒉣,,,𒉣,,,,
zalₓ?,,,,,,𒉣,,
zam,,𒍡,,𒍡,,,,
zamin,𒌒𒊑,,,𒌒𒊑,𒌒𒊑,𒌒𒊑,,
zamug,𒁾,,,𒁾,,𒁾,,
zamx,,,,,𒍡,,,
zamₓ,𒍡,,,𒍡,,𒍝。𒍡,,
zanabal,𒈉,,,𒈉,,𒈉,,
zanabal2,𒈇,𒈇,,,,,,
zanabal3,𒈎,𒈎,,,,,,
zanabal₂,𒈇,,,𒈇,,𒈇,,
zanabal₃,𒈎,,,𒈎,,𒈎,,
zanaru,𒈹,,,𒈹,𒈹,𒈹,,
zanaru2,𒍝𒈹,𒍝𒈹,,,𒍝𒈹,,,
zanarum,,,,,𒈹,,,
zanaru₂,𒍝𒈹,,,𒍝𒈹,,𒍝𒈹,,
zanaruₓ,,𒍝𒈹,,𒍝𒈹,,𒍝𒀭𒈹,,
zanbur,𒁁𒆜,,,𒁁𒆜,𒁁𒆜,𒁁𒆜,,
zandar,𒋃,,,𒋃,,𒋃,,
zandara,𒋃,,,𒋃,𒋃,𒋃,,
zanga,𒉌,,,𒉌,𒉌,𒉌,,
zannaru,𒍝𒈽,,,𒍝𒈽,𒈹,𒈹,,
zannaru2,𒍝𒈹,𒍝𒈹,,,𒍝𒈹,,,
zannaru₂,𒍝𒈹,,,𒍝𒈹,,𒍝𒈹,,
zannaruₓ,𒍝𒀭𒈽,,,𒍝𒀭𒈽,,𒀉𒍝𒀭𒈹。𒍝𒀭𒈽。𒍝𒈽,,
zansur,𒇧,,,𒇧,𒇧,𒇧,,
zanzana,𒄵,,,𒄵,,𒄵,,
zap,𒂟,,,𒂟,𒂟,𒂟,,
zap2,𒆪,𒆪,𒆪,,𒆪,,,
zapah,𒋗𒁁,,,𒋗𒁁,,𒋗𒁁,,
zapahₓ,,,,,,𒈦,,
zapaḫ,,,,,𒋗𒁁,,,
zap₂,𒆪,,,𒆪,,,,
zap₂?,,,,,,𒆪,,
zapₓ,,,,,,𒅗,,
zaq,𒍠,,𒍠,𒍠,𒍠,𒍠,,
zaq2,𒉺,𒉺,,,𒉺,,,
zaq4,𒍨,𒍨,,,𒍨,,,
zaq₂,𒉺,,,𒉺,,𒉺,,
zaq₄,𒍨,,,𒍨,,𒍨,,
zar,𒇡,,𒇡,𒇡,𒇡,𒇡,,
zar2,𒉌,𒉌,𒉌,,𒉌,,,
zar3,𒋧,𒋧,,,𒋧,,,
zar4,𒆰,𒆰,,,𒆰,,,
zar5,𒁁,𒁁,,,𒁁,,,
zar6,𒁁𒀸,𒁁𒀸,,,𒁁𒀸,,,
zar7,𒇜,𒇜,,,,,,
zara,𒇡,,,𒇡,,𒇡,,
zara2,,,,,𒁁,,,
zara3,,,,,𒁁𒀸,,,
zara5,𒁁,𒁁,,,𒁁,,,
zara6,𒁁𒀸,𒁁𒀸,,,𒁁𒀸,,,
zarah,𒊕𒉺𒆸,,𒊕𒉺𒆸,𒊕𒉺𒆸,,𒊕𒉺𒆸,,
zarah2,𒇻𒆠𒆕,𒇻𒆠𒆕,,,,,,
zarah₂,𒇻𒆠𒆕,,,𒇻𒆠𒆕,,𒇻𒆠𒆕,,
zarahₓ,𒆪𒆠𒊕,,,𒆪𒆠𒊕,,None。𒆠𒆪𒊕。𒆠𒊕𒊩。𒆪𒆠𒊕。𒊟,,
zararma,,,,,𒌓𒀕,,,
zaraḫ,,,,,𒊕𒉺𒆸,,,
zaraḫ2,,,,,𒇻𒆠𒆕,,,
zara₅,𒁁,,,𒁁,,𒁁,,
zara₆,𒁁𒀸,,𒁁𒀸,𒁁𒀸,,𒁁𒀸,,
zaraₓ,𒆰,,,𒆰,,𒆰,,
zarih,𒇡,,,𒇡,,,,
zarih?,,,,,,𒇡,,
zarim,𒇡,,,𒇡,,𒇡,,
zariḫ,,,,,𒇡,,,
zar₂,𒉌,,,𒉌,,𒉌,,
zar₃,𒋧,,,𒋧,,𒋧,,
zar₄,𒆰,,,𒆰,,𒆰,,
zar₅,𒁁,,,𒁁,,𒁁,,
zar₆,𒁁𒀸,,,𒁁𒀸,,𒁁𒀸,,
zar₇,𒇜,,,𒇜,,𒇜,,
zarₓ,𒆕,,,𒆕,,𒆕,,
zasquaredxkur,,,,,𒍟,,,
zat,,,,,,𒆳,,
zatenû,,,,,𒍞,,,
zaz,𒁁,,,𒁁,𒁁,𒁁,,
zazana,𒌊,,,𒌊,𒌊,𒌊,,
zazanaₓ,,,,,,𒌊𒌊,,
zazna,𒌊,,,𒌊,𒌊,𒌊,,
zaznaₓ,,,,,,𒌊𒌊,,
zaŋ3,𒉠,𒉠,,,,,,
zaŋa,𒉌,,,𒉌,,𒉌,,
zaŋ₃,𒉠,,,𒉠,,𒉠,,
zaŋₓ,𒌘,,,𒌘,,,,
zaḫ,,,,,𒉈,,,
zaḫ2,,,,,𒄩𒀀,,,
zaḫ3,,,,,𒀄,,,
zaḫa2,,,,,𒄩𒀀,,,
zaḫa3,,,,,𒀄,,,
zaḫan,,,,,𒌋𒂵。𒌋𒂵𒄭,,,
zaḫan2,,,,,𒌋𒂵,,,
za₂,𒉌𒌓,,,𒉌𒌓,,𒎎,,
za₃,𒍠,,,𒍠,,𒍠,,
za₄,𒉣,,,𒉣,,𒉣,,
za₅,𒀭,,,𒀭,,𒀭,,
za₆,𒆉,,,𒆉,,𒆉,,
za₇,𒕆,,,𒕆,,𒕁,,
zaₓ,𒍪,,,𒍪,,None。𒄗。𒉠。𒋀。𒌋𒊭。𒌓𒉌。𒍪,,
ze,𒍣,,𒍣,𒍣,𒍣,𒍣,,
ze2,𒍢,𒍢,𒍢,,𒍢,,,
ze4,𒀓,𒀓,𒀓,,,,,
ze6,,,,,𒀀,,,
ze7,,,,,𒆠𒉈,,,
zeb,𒍦,,,𒍦,𒍦,𒍦,,
zeb2,𒍨,𒍨,,,,,,
zeb3,𒄞,𒄞,,,,,,
zeb₂,𒍨,,,𒍨,,𒍨,,
zeb₃,𒄞,,,𒄞,,𒄞,,
zed3,,,,,𒑐𒄭𒁁,,,
zeh,,𒊩𒀾𒃼,,𒊩𒀾𒃼,,,,
zeh2,𒋚,𒋚,,,,,,
zeh₂,𒋚,,,𒋚,,𒋚,,
zehₓ,,,,,,𒂄,,
zek,,,,,𒍨,,,
zel,𒉣,,,𒉣,𒉣,𒉣,,
zenaₓ,𒕉,,,𒕉,,,,
zenaₓ?,,,,,,𒓎,,
zer,𒆰,,𒆰,𒆰,𒆰,𒆰,,
zer3,𒈲,𒈲,,,𒈲,,,
zermuszku,𒅊𒋺𒀩,𒅊𒋺𒀩,,,,,,
zermuszkuₓ,𒋺𒀩,𒋺𒀩,,,,,,
zermuszszu,𒅊𒋺𒀩,𒅊𒋺𒀩,,,,,,
zermušku,𒅊𒋺𒀩,,,𒅊𒋺𒀩,𒅊𒋺𒀩,𒅊𒋺𒀩,,
zermuškuₓ,𒋺𒀩,,,𒋺𒀩,,𒋺𒀩,,
zermuššu,𒅊𒋺𒀩,,,𒅊𒋺𒀩,𒅊𒋺𒀩,𒅊𒋺𒀩,,
zer₃,𒈲,,,𒈲,,𒈲,,
zerₓ,𒌉,,,𒌉,,𒌉,,
zez,,,,,𒁁,,,
zeze,,,,,𒊹,,,
zeze2,,,,,𒂄,,,
zeze3,,,,,𒁍,,,
zezna,𒌊,,,𒌊,,𒌊,,
zeznaₓ,,,,,,𒌊𒌊,,
zeḫ,,,,,𒊩𒀾𒃼,,,
ze₂,𒍢,,,𒍢,,𒍢,,
ze₄,𒀓,𒀓。𒍝,,𒍝,,𒍝,,
zeₓ,,,,,,None。𒀓。𒀖𒊮。𒀖𒊮𒄀。𒅊,,
zi,𒍣,,𒍣,𒍣,𒍣,𒍣,,
zi&zi,,𒍤,𒍤,𒍤,,,,
zi&zi.a,,𒍤𒀀,,𒍤𒀀,,,,
zi&zi.eš₂,,𒍤𒂠,,𒍤𒂠,,,,
zi&zi.lagab,,𒍤𒆸,,𒍤𒆸,,,,
zi*,,,𒍣,,,,,
zi...,𒉩𒊺,,,𒉩𒊺,,,,
zi.lagab&zi.lagab,,𒍣𒆸𒍣𒆸,,𒍣𒆸𒍣𒆸,,,,
zi.me.u.u.u,,𒍣𒈨𒌋𒌋𒌋,,𒍣𒈨𒌋𒌋𒌋,,,,
zi2,𒍢,𒍢,𒍢,,𒍢,,,
zi3,𒍥,𒍥,𒍥,,𒂠。𒍥,,,
zi3-kum4,𒂠𒌓,𒂠𒌓,,,,,,
zi3.iš.ud,,,,,𒍥𒅖𒌓,,,
zi3.ud,,,,,𒍥𒌓,,,
zi3.še,,,,,𒍥𒊺,,,
zi4,𒀓,𒀓,𒀓,,𒀓,,,
zi5,,,,,𒅆,,,
zi7,𒆠𒉈,𒆠𒉈,,,𒆠𒉈,,,
zi8,𒆗,𒆗,𒆗,,𒄨,,,
zib,𒍦,,𒍦,𒍦,𒍦,𒍦,,
zib2,𒍨,𒍨,𒍨,,𒍨,,,
zib3,𒄞,𒄞,,,𒄞,,,
zib4,𒅗,𒅗,,,𒅗,,,
zib],,,𒍦,,,,,
zibar,𒌓𒅗𒁇,,,𒌓𒅗𒁇,,𒌓𒅗𒁇,,
zibar3,𒆉𒁇,𒆉𒁇,,,,,,
zibar₃,𒆉𒁇,,,𒆉𒁇,,𒆉𒁇,,
zibbir,,𒌓𒄒𒉣,,𒌓𒄒𒉣,,𒌓𒄒𒉣,,
zibin,𒁫,,𒁫,𒁫,𒁫,𒁫,,
zibin2,𒁬,𒁬,,,𒁬,,,
zibinversum,,,,,𒍧,,,
zibin₂,𒁬,,,𒁬,,𒁬,,
zibkabatenû,,,,,𒍧,,,
zib₂,𒍨,,,𒍨,,𒍨,,
zib₃,𒄞,,,𒄞,,𒄞,,
zib₄,𒅗,,,𒅗,,,,
zib₄?,,,,,,𒅗,,
zibₓ,,,,,,𒂕。𒌈,,
zid,𒍣,,𒍣,𒍣,𒍣,𒍣,,
zid2,𒍥,𒍥,𒍥,,𒂠,,,
zid₂,𒍥,,,𒍥,,𒍥,,
zidₓ,,,,,,𒋦,,
zig,𒍨,,𒍨,𒍨,𒍨,𒌈𒌍。𒍨,,
zig2,𒋝,𒋝,𒋝,,𒋝。𒍣,,,
zig3,𒍣,𒍣,𒍣,,𒍣,,,
zigabab,,,,,𒀀𒃮,,,
zigara,𒅐,,,𒅐,𒅐,𒅐,,
zigaru,,,,,𒅐,,,
zigkaru,𒅐,,,𒅐,,𒅐,,
zigum,𒇉,,,𒇉,,𒇉,,
zig₂,𒋝,,,𒋝,,𒋝,,
zig₃,𒍣,,,𒍣,,𒍣,,
zigₓ,𒉺𒄀,,,𒉺𒄀,,𒉺𒄀,,
zih,𒄗,,,𒄗,,𒄗,,
zih2,𒋚,𒋚,,,,,,
zih₂,𒋚,,,𒋚,,𒋚,,
zik,𒍨,,𒍨,𒍨,𒍨,𒍨,,
zik0,𒍠,𒍠,,,,,,
zik2,𒋝,𒋝,𒋝,,𒋝,,,
zik3,𒍇,𒍇,,,𒋝,,,
zik;,,,𒍨,,,,,
zikara,𒅐,,,𒅐,𒅐,𒅐,,
zikaru,𒅐,,,𒅐,𒅐,𒅐,,
zikum,𒇉,,,𒇉,,𒇉,,
zikuma,,,,,,,,
zikumuₓ,𒇉,,,𒇉,,𒇉,,
zikumx,,,,,𒂠𒌓。𒍥𒌓,,,
zikumₓ,𒆹,,,𒆹,,𒂠𒌓。𒆹,,
zikura,𒆜𒐋,,𒆜𒐋,𒆜𒐋,𒆜𒐋,𒆜𒐋,,
zik₀,𒍠,,,𒍠,,𒍠,,
zik₂,𒋝,,,𒋝,,𒋝,,
zik₃,𒍇,,,𒍇,,𒍇,,
zil,𒉣,,𒉣,𒉣,𒉣,𒉣,,
zil0,𒋻,𒋻,,,,,,
zil2,𒋳,𒋳,,,𒋳,,,
zil3,𒋻,𒋻,,,,,,
zililiₓ,𒉺𒍇,,,𒉺𒍇,,𒉺𒍇,,
zilpe,𒉩𒆠,,,𒉩𒆠,,𒉩𒆠,,
zilulu,𒉺𒍇,,𒉺𒍇,𒉺𒍇,𒑐𒍇,𒉺𒍇,,
zil₀,𒋻,,,𒋻,,,,
zil₂,𒋳,,,𒋳,,𒋳,,
zil₃,𒋻,,,𒋻,,𒋻,,
zilₓ,,,,,,𒈪,,
zim,,,,,𒄷𒊺,,,
zimbir,𒌓𒄒𒉣,,𒌓𒄒𒉣,𒌓𒄒𒉣,𒌓𒄒𒉣,𒌓X𒀭。𒌓𒀭X。𒌓𒄒𒉣。𒌓𒇴𒉣,,
zimbir{ki},,,𒌓𒄒𒉣 𒆠,,,,,
zimbirₓ,,,,,,𒌓𒉣𒄒,,
zin,𒊿,,𒊿,𒊿,,𒊿,,
zinanutu,𒄮,,,𒄮,𒄮,𒄮,,
zioverzi,,,,,𒍤,,,
zioverzi.a,,,,,𒍤𒀀,,,
zioverzi.lagab,,,,,𒍤𒆸,,,
zioverzi.še3,,,,,𒍤𒂠,,,
zip,𒍦,,𒍦,𒍦,𒍦,𒍦,,
zip3,𒉺𒇻,𒉺𒇻,,,,,,
zipah,𒈦,,𒈦,𒈦,,𒈦,,
zipah2,𒋗𒁁,𒋗𒁁,,,,,,
zipah₂,𒋗𒁁,,,𒋗𒁁,,𒋗𒁁,,
zipahₓ,𒋙𒁁,,,𒋙𒁁,,𒋗𒆕。𒋙𒁁,,
zipaz,,,,,𒈦,,,
zipaḫ,,,,,𒈦,,,
zip₃,𒉺𒇻,,,𒉺𒇻,,𒉺𒇻,,
ziq,𒍨,,𒍨,𒍨,𒍨,𒍨,,
ziq2,𒋝,𒋝,,,𒋝,,,
ziq3,,,,,𒋝,,,
ziqi,𒍨,,,𒍨,𒍨,𒍨,,
ziq₂,𒋝,,,𒋝,,𒋝,,
zir,𒆰,,𒆰,𒆰,𒆰,𒆰,,
zir0,𒋤,𒋤,,,,,,
zir2,𒂠𒅗,𒂠𒅗,𒂠𒅗,,𒂠𒅗,,,
zir3,𒈲,𒈲,𒈲,,𒈲,,,
zir4,𒋤,𒋤,,,,,,
ziri,𒆰,,,𒆰,𒆰,𒆰,,
zirmuszszu,𒅊𒋺𒀩,𒅊𒋺𒀩,,,,,,
zirmušku,,,,,𒅊𒋺𒀩,,,
zirmuššu,𒅊𒋺𒀩,,,𒅊𒋺𒀩,𒅊𒋺𒀩,,,
zirmuššu?,,,,,,𒅊𒋺𒀩,,
zirru,𒂗𒉭𒍣𒀭𒋀𒆠,,,𒂗𒉭𒍣𒀭𒋀𒆠,𒂗𒉭𒍣𒀭𒋀𒆠,𒂗𒉭𒍣𒀭𒋀𒆠,,
zirruₓ,𒂗𒊩𒈨𒉭𒍣𒀭𒋀𒆠,,,𒂗𒊩𒈨𒉭𒍣𒀭𒋀𒆠,,𒀭𒂗𒉡𒉭𒉆𒀭𒋀𒆠。𒀭𒂗𒉡𒉭𒍣𒀭𒋀𒆠。𒂗𒊩𒈨𒉭𒍣𒀭𒋀𒆠。𒂗𒊩𒉭𒍣𒀭𒋀𒆠。𒊩𒉭𒍣𒀭𒋀𒆠,,
zir₀,𒋤,,,𒋤,,,,
zir₂,𒂠𒅗,,,𒂠𒅗,,𒂠𒅗,,
zir₃,𒈲,,,𒈲,,𒈲,,
zir₄,𒋤,,,𒋤,,𒋤,,
zis,𒁁,,,𒁁,𒁁,𒁁,,
zixₓ,,,,,,𒉣𒊺。𒉩𒊺,,
ziz,𒁁,,𒁁,𒁁,𒁁,𒁁,,
ziz2,𒍩,𒍩,𒍩,,𒀾。𒍩,,,
ziz3,𒄮,𒄮,,,𒄮,,,
ziz4,𒄓,𒄓,,,𒄓,,,
ziz5,𒋳𒋳,𒋳𒋳,,,𒋳。𒋳𒋳,,,
zizanu,𒆳,,,𒆳,𒆳,𒆳,,
zizi,,𒀲𒆳𒊏,,𒀲𒆳𒊏,,𒀲𒆳𒊏,,
zizna,𒌊,,𒌊,𒌊,𒌊,𒌉𒍝。𒌊,,
ziznaₓ,,,,,,𒌊𒌊,,
zizu,,,,,𒋳𒋳,,,
ziz₂,𒍩,,,𒍩,,𒍩,,
ziz₂.a,,𒍩𒀀,,𒍩𒀀,,,,
ziz₂.a.an,,𒍩𒀀𒀭,,𒍩𒀀𒀭,,,,
ziz₂.an,,𒍩𒀭,,𒍩𒀭,,,,
ziz₂.an.na,,𒍩𒀭𒈾,,𒍩𒀭𒈾,,,,
ziz₃,𒄮,,,𒄮,,𒄮,,
ziz₄,𒄓,,,𒄓,,𒄓,,
ziz₅,𒋳𒋳,,,𒋳𒋳,,𒋳𒋳,,
zizₓ,𒌊,,,𒌊,,𒌊,,
ziḫ,,,,,𒄗,,,
zi₂,𒍢,,,𒍢,,𒍢,,
zi₃,𒍥,,𒍥,𒍥,,𒍥,,
zi₃-kum₄,𒂠𒌓,,,𒂠𒌓,,𒂠𒌓,,
zi₃.lu₃,,𒍥𒈖,,𒍥𒈖,,,,
zi₃@t,,𒍥,,𒍥,,𒍥,,
zi₄,𒀓,,,𒀓,,𒀓,,
zi₇,𒆠𒉈,,,𒆠𒉈,,𒆠𒉈,,
zi₈,𒆗,,,𒆗,,,,
zi₈?,,,,,,𒆗,,
ziₓ,𒉈,,,𒉈,,𒅊。𒉈,,
zu,𒍪,,𒍪,𒍪,𒍪,𒍪,,
zu!,,,𒍪,,,,,
zu&u₂,,𒍪𒌑,,𒍪𒌑,,,,
zu&zu,,𒍪𒍪,,𒍪𒍪,,,,
zu&zu.sar,,𒕇,,𒕇,,,,
zu+ab,,,,,𒍪𒀊,,,
zu.ab,,𒍪𒀊,,𒍪𒀊,𒍪𒀊,,,
zu2,𒅗,𒅗,𒅗,,𒅗,,,
zu2#,,,𒅗,,,,,
zu3,𒍮,𒍮,𒍮,,𒍮,,,
zu4,𒁁,𒁁,𒁁,,𒁁,,,
zu5,𒍫,𒍫,𒍫,,𒆉。𒉙。𒍫,,,
zu5xa,,,,,𒍬,,,
zu6,𒋤,𒋤,,,𒋤,,,
zu7,𒂄,𒂄,𒂄,,𒂄,,,
zu8,𒉽𒈿,𒉽𒈿,,,𒆛,,,
zu9,𒆉,𒆉,,,𒆉,,,
zu:ab,,,𒍪 𒀊,,,,,
zu],,,𒍪,,,,,
zu_,,,𒍪,,,,,
zub,,,,,𒆛,None,,
zub2,𒍦,𒍦,,,𒍦,,,
zubi,,,,,𒆛,None,,
zubu,,,,,𒆛,None,,
zubud,𒄪,,𒄪,𒄪,𒄪。𒆛,𒄪,,
zubud2,,,,,𒄪,,,
zubur,𒍭,,𒍭,𒍭,𒍭,𒍭,,
zub₂,𒍦,,,𒍦,,𒍦,,
zubₓ,,,,,,𒄪。𒅗X。𒈦𒄘𒃼,,
zuen,𒂗𒍪,,𒂗𒍪,𒂗𒍪,𒂗𒍪,𒂗𒍪,,
zuena,𒂗𒍪,,,𒂗𒍪,𒂗𒍪,𒂗𒍪,,
zug,𒆹,,,𒆹,𒅗。𒆹,𒆹,,
zug2,𒅗,𒅗,,,𒅗,,,
zug3,𒊢,𒊢,,,𒊢,,,
zug4,𒅲,𒅲,,,𒅲,,,
zugud,𒄪,,,𒄪,𒄪,𒄪,,
zuguz,,𒎃,,𒎃,,𒎃,,
zug₂,𒅗,,,𒅗,,𒅗,,
zug₃,𒊢,,,𒊢,,𒊢。𒌑𒊕,,
zug₄,𒅲,,,𒅲,,𒅲,,
zugₓ,𒇅,,,𒇅,,𒇅。𒊕,,
zuh,𒅗,,𒅗,𒅗,,𒅗,,
zuhₓ,𒅲,,,𒅲,,𒅲,,
zuk,𒆹,,𒆹,𒆹,𒆹,𒆹,,
zuku,,,,,𒋤,,,
zukum,𒍤𒆸,,𒍤𒆸,𒍤𒆸,𒍤𒆸,𒍤𒆸,,
zukum₂,,𒍤𒀀,,𒍤𒀀,,𒍤𒀀,,
zukumₓ,𒀀𒍤,,,𒀀𒍤,,𒀀𒍤。𒍤𒂠,,
zukura,𒆆,,,𒆆,,𒆆,,
zukuraₓ,,,,,,None,,
zul,,,,,𒂄,,,
zuliₓ,,,,,,𒆉,,
zulug,𒈜,,,𒈜,𒈜,𒈜,,
zuluhu,𒋠𒋤,,,𒋠𒋤,,𒋠𒋤,,
zuluhu2,𒋠𒁍,𒋠𒁍,,,,,,
zuluhu3,𒍤𒆸,𒍤𒆸,,,,,,
zuluhu4,𒆹𒈝,𒆹𒈝,,,,,,
zuluhu₂,𒋠𒁍,,,𒋠𒁍,,𒋠𒁍,,
zuluhu₃,𒍤𒆸,,,𒍤𒆸,,𒍤𒀀。𒍤𒆸,,
zuluhu₄,𒆹𒈝,,,𒆹𒈝,,𒆹𒈝,,
zulumhi,𒋠𒋤,,𒋠𒋤,𒋠𒋤,,𒋠𒋤,,
zulumhi2,𒋠𒁍,𒋠𒁍,,,,,,
zulumhi3,𒍤𒆸,𒍤𒆸,,,,,,
zulumhi⁻,,𒋠𒋤,,𒋠𒋤,,𒋠𒁍,,
zulumhi₂,𒋠𒁍,,,𒋠𒁍,,𒋠𒁍,,
zulumhi₃,𒍤𒆸,,,𒍤𒆸,,𒍤𒀀。𒍤𒆸,,
zulumhi₄,,,,,,𒆹𒈝,,
zulumḫi,,,𒋠𒋤,,𒋠𒋤,,,
zulumḫi2,,,,,𒋠𒁍,,,
zulumḫi3,,,,,𒍤𒆸,,,
zuluḫu,,,,,𒋠𒋤,,,
zuluḫu2,,,,,𒋠𒁍,,,
zuluḫu3,,,,,𒍤𒆸,,,
zum,𒍮,,𒍮,𒍮,𒍮,𒍮,,
zum.lagab,,𒍮𒆸,,𒍮𒆸,,,,
zum.si,,𒔎,,𒔎,,,,
zum2,,,,,𒊪,,,
zuq,𒆹,,𒆹,𒆹,𒆹,𒆹,,
zur,𒀫,,𒀫,𒀫,𒀫,𒀫,,
zur2,𒋪,𒋪,𒋪,,𒋪,,,
zur3,𒈣𒅊,𒈣𒅊,,,𒈣𒅊,,,
zur4,𒇡,𒇡,,,𒇡,,,
zur5,𒇲,𒇲,,,𒇲,,,
zur6,,,,,𒆃,,,
zur8,𒊭,𒊭,𒊭,,𒅤。𒊭,,,
zuru,,,,,𒀫,,,
zuru10,𒁁𒀸,𒁁𒀸,,,𒁁𒀸,,,
zuru4,,,,,𒇡,,,
zuru5,𒇲,𒇲,𒇲,,𒇲,,,
zuru9,𒁁,𒁁,,,𒁁,,,
zuru₁₀,𒁁𒀸,,,𒁁𒀸,,𒁁𒀸,,
zuru₅,𒇲,,,𒇲,,𒇲,,
zuru₉,𒁁,,,𒁁,,𒁁,,
zurzub,𒂁,,,𒂁,𒂁,𒂁,,
zurzub2,𒆗,𒆗,,,𒄨,,,
zurzub3,,,,,𒂁𒄨,,,
zurzub₂,𒆗,,,𒆗,,𒆗,,
zur₂,𒋪,,,𒋪,,𒋪,,
zur₃,𒈣𒅊,,,𒈣𒅊,,𒈣𒅊,,
zur₄,𒇡,,,𒇡,,𒇡,,
zur₅,𒇲,,,𒇲,,𒇲,,
zur₈,𒊭,,,𒊭,,𒊭,,
zusu,𒋥,,,𒋥,𒋥,𒋥,,
zušu,,,,,𒋥,,,
zuḫ,,,,,𒅗,,,
zu₂,𒅗,,𒅗,𒅗,,𒅗,,
zu₃,𒍮,,,𒍮,,𒍮,,
zu₄,𒁁,,,𒁁,,𒁁,,
zu₅,𒍫,,,𒍫,,𒍫,,
zu₅×a,,𒍬,,𒍬,,,,
zu₆,𒋤,,,𒋤,,𒋤,,
zu₇,𒂄,,,𒂄,,𒂄,,
zu₈,𒉽𒈿,,,𒉽𒈿,,None。𒉽𒈿,,
zu₉,𒆉,,,𒆉,,𒆉,,
zuₓ,𒍥,,,𒍥,,𒀀𒋢。𒀸。𒆪。𒍥。𒍬,,
zà,,,𒍠,,,,,
zàĝ,,,𒉠,,,,,
zàḫ,,,𒀄,,,,,
zá,,,𒉌𒌓,,,,,
zálag,,,𒂟,,,,,
zé,,,𒍢,,,,,
zì,,,𒍥,,,,,
zìr,,,𒈲,,,,,
zí,,,𒍢,,,,,
zíz,,,𒍩,,,,,
zú,,,𒅗,,,,,
{+ab2}abrig,𒉣𒈨𒁺,𒉣𒈨𒁺,,,,,,
{+ab₂}abrig,𒉣𒈨𒁺,,,𒉣𒈨𒁺,,𒀖𒉣𒈨𒁺,,
{anše}kunga,,,𒀲 𒋙𒀯,,,,,
{anše}kunga2,,,𒀲 𒋙𒀭,,,,,
{anše}si2,,,𒀲 𒍣,,,,,
{a}ah,,,𒀀 𒄴,,,,,
{d#}isz#,,,𒀭 𒅖,,,,,
{dingir}i7,,,𒀭 𒀀𒇉,,,,,
{disz}asz,,,𒁹 𒀸,,,,,
{disz}e3,,,𒁹 𒌓𒁺,,,,,
{disz}ha,,,𒁹 𒄩,,,,,
{disz}na,,,𒁹 𒈾,,,,,
{disz}su,,,𒁹 𒋢,,,,,
{disz}szu,,,𒁹 𒋗,,,,,
{disz}szub,,,𒁹 𒊒,,,,,
{disz}ur,,,𒁹 𒌨,,,,,
{disz}{d}suen,,,𒁹 𒀭 𒂗𒍪,,,,,
{dug}ban3,,,𒂁 𒌉,,,,,
{dug}szakir3,,,𒂁 𒌼,,,,,
{d}1(u),,,𒀭 𒌋,,,,,
{d}a,,,𒀭 𒀀,,,,,
{d}ag,,,𒀭 𒀝,,,,,
{d}alad,,,𒀭 𒆘,,,,,
{d}ama,,,𒀭 𒂼,,,,,
{d}ašnan,,,𒀭 𒊺𒊺𒉪,,,,,
{d}ba,,,𒀭 𒁀,,,,,
{d}be,,,𒀭 𒁁,,,,,
{d}da,,,𒀭 𒁕,,,,,
{d}dam,,,𒀭 𒁮,,,,,
{d}de,,,𒀭 𒁲,,,,,
{d}dumu,,,𒀭 𒌉,,,,,
{d}dur7,,,𒀭 𒁍,,,,,
{d}e2,,,𒀭 𒂍,,,,,
{d}e4,,,𒀭 𒀀,,,,,
{d}en,,,𒀭 𒂗,,,,,
{d}er3,,,𒀭 𒀴,,,,,
{d}eresz,,,𒀭 𒊩𒌆,,,,,
{d}esz18,,,𒀭 𒀹,,,,,
{d}gesztin,,,𒀭 𒃾,,,,,
{d}gibil6,,,𒀭 𒉈𒄀,,,,,
{d}gilgameš2,,,𒀭 𒄑𒉋𒂵𒈨𒌋𒌋𒌋,,,,,
{d}giš,,,𒀭 𒄑,,,,,
{d}gu,,,𒀭 𒄖,,,,,
{d}i7,,,𒀭 𒀀𒇉,,,,,
{d}id2,,,𒀭 𒀀𒇉,,,,,
{d}im,,,𒀭 𒅎,,,,,
{d}inana,,,𒀭 𒈹,,,,,
{d}inanna,,,𒀭 𒈹,,,,,
{d}ir,,,𒀭 𒅕,,,,,
{d}isz,,,𒀭 𒅖,,,,,
{d}iszkur,,,𒀭 𒅎,,,,,
{d}iškur,,,𒀭 𒅎,,,,,
{d}lamma,,,𒀭 𒆗,,,,,
{d}li,,,𒀭 𒇷,,,,,
{d}ma,,,𒀭 𒈠,,,,,
{d}marduk,,,𒀭 𒀫𒌓,,,,,
{d}masz,,,𒀭 𒈦,,,,,
{d}nam,,,𒀭 𒉆,,,,,
{d}nammu,,,𒀭 𒇉,,,,,
{d}nanna,,,𒀭 𒋀𒆠,,,,,
{d}nergal,,,𒀭 𒊊𒀕𒃲,,,,,
{d}nin,,,𒀭 𒊩𒌆,,,,,
{d}nisaba,,,𒀭 𒊺𒉀,,,,,
{d}nu,,,𒀭 𒉡,,,,,
{d}nuska,,,𒀭 𒉺𒌆,,,,,
{d}nè,,,𒀭 𒊊,,,,,
{d}pa,,,𒀭 𒉺,,,,,
{d}pap,,,𒀭 𒉽,,,,,
"{d}s,ar",,,𒀭 𒇡,,,,,
{d}sa,,,𒀭 𒊓,,,,,
{d}sin,,,𒀭 𒌍,,,,,
{d}sud,,,𒀭 𒋤,,,,,
{d}sud3,,,𒀭 𒋢𒆳𒊒,,,,,
{d}suen,,,𒀭 𒂗𒍪,,,,,
{d}szakkan2,,,𒀭 𒄊,,,,,
{d}szim,,,𒀭 𒋆,,,,,
{d}tiszpak,,,𒀭 𒈽,,,,,
{d}tu,,,𒀭 𒌅,,,,,
{d}urasz,,,𒀭 𒅁,,,,,
{d}utu,,,𒀭 𒌓,,,,,
{d}za,,,𒀭 𒍝,,,,,
{d}zar,,,𒀭 𒇡,,,,,
{d}ézinu,,,𒀭 𒊺𒊺𒉪,,,,,
{d}šul,,,𒀭 𒂄,,,,,
{f}an,,,𒊩 𒀭,,,,,
{gesz#?}tukul#?,,,𒄑 𒆪,,,,,
{gesz}an,,,𒄑 𒀭,,,,,
{gesz}bi,,,𒄑 𒁉,,,,,
{gesz}gag,,,𒄑 𒆕,,,,,
{gesz}gidri,,,𒄑 𒉺,,,,,
{gesz}ig,,,𒄑 𒅅,,,,,
{gesz}kiri6_,,,𒄑 𒊬,,,,,
{gesz}ma,,,𒄑 𒈠,,,,,
{gesz}sag,,,𒄑 𒊕,,,,,
{gesz}tir,,,𒄑 𒌁,,,,,
{gesz}tukul,,,𒄑 𒆪,,,,,
{geš}a,,,𒄑 𒀀,,,,,
{geš}asal2,,,𒄑 𒀀𒌅𒃮𒇺,,,,,
{geš}asal2~a,,,𒄑 𒀀𒌅𒃮𒇺,,,,,
{gisz}[tukul],,,𒄑 𒆪,,,,,
{gisz}banszur,,,𒄑 𒍎,,,,,
{gisz}gisal,,,𒄑 𒄐,,,,,
{gisz}kesz2,,,𒄑 𒆟,,,,,
{gi}ba,,,𒄀 𒁀,,,,,
{gi}dub,,,𒄀 𒁾,,,,,
{gi}dusu,,,𒄀 𒅍,,,,,
{i7}buranun,,,𒀀𒇉 𒌓𒄒𒉣,,,,,
{id2}buranun,,,𒀀𒇉 𒌓𒄒𒉣,,,,,
{id₂}idigna,,,𒀀𒇉 𒄘𒃼,,,,,
{iri}a,,,𒌷 𒀀,,,,,
{iri}bar,,,𒌷 𒁇,,,,,
{iri}eridu{ki},,,𒌷 𒉣 𒆠,,,,,
{iri}gu2,,,𒌷 𒄘,,,,,
{iri}im{ki},,,𒌷 𒅎 𒆠,,,,,
{iri}kisz{ki},,,𒌷 𒆧 𒆠,,,,,
{iri}masz,,,𒌷 𒈦,,,,,
{iri}uri5{ki},,,𒌷 𒋀𒀊 𒆠,,,,,
{jisz}illar,,,𒄑 𒊒,,,,,
{jiš}šu,,,𒄑 𒋗,,,,,
{kasz}dida,𒁉𒌑𒊓,𒁉𒌑𒊓,,,,,,
{kasz}dida2,𒁉𒍑𒊓,𒁉𒍑𒊓,,,,,,
{kasz}uluszin,𒁉𒀾𒀀𒀭,𒁉𒀾𒀀𒀭,,,,,,
{kasz}uluszin2,𒁉𒀾𒀭𒈾,𒁉𒀾𒀭𒈾,,,,,,
{kasz}uluszin3,𒁉𒀾𒀭,𒁉𒀾𒀭,,,,,,
{kasz}uluszinₓ,𒁉𒀾,𒁉𒀾,,,,,,
{kaš}dida,𒁉𒌑𒊓,,,𒁉𒌑𒊓,,𒁉𒌑𒊓,,
{kaš}dida₂,𒁉𒍑𒊓,,,𒁉𒍑𒊓,,𒁉𒍑𒊓,,
{kaš}ulušin,𒁉𒀾𒀀𒀭,,,𒁉𒀾𒀀𒀭,,𒁉𒍩𒀀𒀭,,
{kaš}ulušin₂,𒁉𒀾𒀭𒈾,,,𒁉𒀾𒀭𒈾,,𒁉𒍩𒀭𒈾,,
{kaš}ulušin₃,𒁉𒀾𒀭,,,𒁉𒀾𒀭,,𒁉𒍩𒀭,,
{kaš}ulušinₓ,𒁉𒀾,,,𒁉𒀾,,𒁉𒍩,,
{ku6}agargara,,,𒄩 𒉩,,,,,
{kusz}hal,,,𒋢 𒄬,,,,,
{kus}a,,,𒋢 𒀀,,,,,
{kuš}a,,,𒋢 𒀀,,,,,
{kuš}a2,,,𒋢 𒀉,,,,,
{kuš}ala,,,𒋢 𒌷,,,,,
{kuš}e,,,𒋢 𒂊,,,,,
{kuš}ummud,,,𒋢 𒀀𒂔𒇲,,,,,
{lu2}a,,,𒇽 𒀀,,,,,
{lu2}as,,,𒇽 𒊍,,,,,
{lu2}azlag,,,𒇽 𒌆𒌓,,,,,
{lu2}azlag2,,,𒇽 𒌆,,,,,
{lu2}azlag3,,,𒇽 𒄑𒌆𒉿𒋼𒀀𒁺,,,,,
{lu2}azlag4,,,𒇽 𒄑𒌆𒋼𒀀𒁺,,,,,
{lu2}azlag5,,,𒇽 𒄑𒌆𒉿𒋼𒀀,,,,,
{lu2}azlag7,,,𒇽 𒈐,,,,,
{lu2}ha,,,𒇽 𒄩,,,,,
{lu2}i3,,,𒇽 𒉌,,,,,
{lu2}tur,,,𒇽 𒌉,,,,,
{munus}al,,,𒊩 𒀠,,,,,
{munus}aš2,,,𒊩 𒀾,,,,,
{munus}aš₂-gar₃,,,,,,𒊩𒀾𒃼,,
{munus}hi,,,𒊩 𒄭,,,,,
{munus}ki,,,𒊩 𒆠,,,,,
{munus}mu,,,𒊩 𒈬,,,,,
{m}gur,,,𒁹 𒄥,,,,,
{m}re,,,𒁹 𒊑,,,,,
{m}ḫum,,,𒁹 𒈝,,,,,
{na4}ara3,,,𒉌𒌓 𒄯,,,,,
{na4}nunuz,,,𒉌𒌓 𒉭,,,,,
{tug2}aktum,,,𒌆 𒀀𒋢,,,,,
{tug2}aktum2,,,𒌆 𒋢𒀀,,,,,
{tug2}dara2,,,𒌆 𒅁,,,,,
{tug2}dara4,,,𒌆 𒁱,,,,,
{u2}numun2,,,𒌑 𒍤𒆸,,,,,
{u2}u2#,,,𒌑 𒌑,,,,,
{urudu}dur10,,,𒍏 𒊿,,,,,
{urud}a2,,,𒍏 𒀉,,,,,
{urud}aga,,,𒍏 𒂇,,,,,
{urud}al,,,𒍏 𒀠,,,,,
{urud}alal,,,𒍏 𒋄,,,,,
{urud}alan,,,𒍏 𒀩,,,,,
{uru}nun{ki},,,𒌷 𒉣 𒆠,,,,,
{zid2}ba,,,𒍥 𒁀,,,,,
{ĝeš}a2,,,𒄑 𒀉,,,,,
{ĝeš}ad,,,𒄑 𒀜,,,,,
{ĝeš}aga,,,𒄑 𒂇,,,,,
{ĝeš}al,,,𒄑 𒀠,,,,,
{ĝeš}apin,,,𒄑 𒀳,,,,,
{ĝeš}az,,,𒄑 𒊍,,,,,
{ĝiš}apin,,,𒄑 𒀳,,,,,
{ĝiš}meš3,,,𒄑 𒈩,,,,,
{ĝiš}tir,,,𒄑 𒌁,,,,,
{ĝiš}ĝeštin,,,𒄑 𒃾,,,,,
|(4×za)×kur|,,𒍟,,𒍟,,,,
|(an.naga)@(an.naga)|,,𒀰,,𒀰,,,,
|(bu&bu)×na₂|,,𒒈,,𒒈,,,,
|(kaskal.lagab×u)&(kaskal.lagab×u)|,,𒆞,,𒆞,,,,
|(muš&muš)×ga|,,𒔤,,𒔤,,,,
|(muš&muš)×kak|,,𒔥,,𒔥,,,,
|(nun.lagar×sal)&(nun.lagar×sal)|,,𒉧,,𒉧,,,,
|(še.nun&nun)&(še.nun&nun).gad&gad.gar&gar|,,𒌄,,𒌄,,,,
|(še.nun&nun)&(še.nun&nun).lagab.lagab|,,𒌃𒆸𒆸,,𒌃𒆸𒆸,,,,
|(še.nun&nun)&(še.nun&nun).lagab|,,𒌃𒆸,,𒌃𒆸,,,,
|(še.nun&nun)&(še.nun&nun)|,,𒌃,,𒌃,,,,
|(še.nun&nun)×tak₄|,,𒌂,,𒌂,,,,
|3×an.bar|,,𒀯𒁇,,𒀯𒁇,,,,
|3×an|,,𒀯,,𒀯,,,,
|4×(an.naga)|,,𒀱,,𒀱,,,,
|4×(ezen×kaskal)|,,𒂭,,𒂭,,,,
|4×(idim&idim)|,,𒅄,,𒅄,,,,
|4×en|,,𒂝,,𒂝,,,,
|4×gaba|,,𒃯,,𒃯,,,,
|4×im|,,𒅒,,𒅒,,,,
|4×lagab|,,𒇫,,𒇫,,,,
|4×lu₂|,,𒈔,,𒈔,,,,
|4×tab|,,𒋲,,𒋲,,,,
|a.a.a|,,𒀀𒀀𒀀,,𒀀𒀀𒀀,,,,
|a.an|,,𒀀𒀭,,𒀀𒀭,,,,
|a.a|,,𒀀𒀀,,𒀀𒀀,,,,
|a.bad|,,𒀃,,𒀃,,,,
|a.du|,,𒀀𒁺,,𒀀𒁺,,,,
|a.edin.a.lal|,,𒀀𒂔𒀀𒇲,,𒀀𒂔𒀀𒇲,,,,
|a.edin.lal|,,𒀀𒂔𒇲,,𒀀𒂔𒇲,,,,
|a.edin|,,𒀀𒂔,,𒀀𒂔,,,,
|a.gaba.liš.tu|,,𒀀𒃮𒇺𒌅,,𒀀𒃮𒇺𒌅,,,,
|a.gar₃|,,𒀀𒃼,,𒀀𒃼,,,,
|a.giš.tu.gaba.liš|,,𒀀𒄑𒌅𒃮𒇺,,𒀀𒄑𒌅𒃮𒇺,,,,
|a.gud×kur|,,𒀀𒄠,,𒀀𒄠,,,,
|a.ha.a|,,𒀀𒄩𒀀,,𒀀𒄩𒀀,,,,
|a.ha.tar.du|,,𒀀𒄩𒋻𒁺,,𒀀𒄩𒋻𒁺,,,,
|a.ha|,,𒀀𒄩,,𒀀𒄩,,,,
|a.hu.si|,,𒀀𒄷𒋛,,𒀀𒄷𒋛,,,,
|a.igi|,,𒀀𒅆,,𒀀𒅆,,,,
|a.kal|,,𒀀𒆗,,𒀀𒆗,,,,
|a.ka|,,𒀀𒅗,,𒀀𒅗,,,,
|a.kušu₂|,,𒀀𒆵,,𒀀𒆵,,,,
|a.lagab.lagab|,,𒀀𒆸𒆸,,𒀀𒆸𒆸,,,,
|a.lagab×a|,,𒀀𒆹,,𒀀𒆹,,,,
|a.lagab×hal.di|,,𒀀𒇉𒁲,,𒀀𒇉𒁲,,,,
|a.lagab×hal.gal|,,𒀀𒇉𒃲,,𒀀𒇉𒃲,,,,
|a.lagab×hal.ud.nun.ki|,,𒀀𒇉𒌓𒉣𒆠,,𒀀𒇉𒌓𒉣𒆠,,,,
|a.lagab×hal.x|,,𒀀𒇉,,𒀀𒇉,,,,
|a.lagab×hal.šu₂|,,𒀀𒇉𒋙,,𒀀𒇉𒋙,,,,
|a.lagab×hal|,,𒀀𒇉,,𒀀𒇉,,,,
|a.lagab×kul.ma₂.šu₂.a|,,𒀀𒇒𒈣𒋙𒀀,,𒀀𒇒𒈣𒋙𒀀,,,,
|a.lagab×kul|,,𒀀𒇒,,𒀀𒇒,,,,
|a.lum|,,𒀀𒈝,,𒀀𒈝,,,,
|a.lu₂@s.na|,,𒀀𒈕𒈾,,𒀀𒈕𒈾,,,,
|a.lu₃|,,𒀀𒈖,,𒀀𒈖,,,,
|a.mi.a|,,𒀀𒈪𒀀,,𒀀𒈪𒀀,,,,
|a.muš|,,𒀀𒈲,,𒀀𒈲,,,,
|a.muš₃.a.di|,,𒀀𒈹𒀀𒁲,,𒀀𒈹𒀀𒁲,,,,
|a.muš₃.di|,,𒀀𒈹𒁲,,𒀀𒈹𒁲,,,,
|a.muš₃|,,𒀀𒈹,,𒀀𒈹,,,,
|a.muš₃×a.di|,,𒀀𒈺𒁲,,𒀀𒈺𒁲,,,,
|a.pa.bi.si.a.ga|,,𒀀𒉺𒁉𒋛𒀀𒂵,,𒀀𒉺𒁉𒋛𒀀𒂵,,,,
|a.pa.gisal.pad.si.a|,,𒀀𒉺𒄐𒉻𒋛𒀀,,𒀀𒉺𒄐𒉻𒋛𒀀,,,,
|a.sag|,,𒀀𒊕,,𒀀𒊕,,,,
|a.sig|,,𒀀𒋝,,𒀀𒋝,,,,
|a.sud|,,𒀀𒋤,,𒀀𒋤,,,,
|a.su|,,𒀀𒋢,,𒀀𒋢,,,,
|a.tar.a.an|,,𒀀𒋻𒀀𒀭,,𒀀𒋻𒀀𒀭,,,,
|a.tu.gaba.liš|,,𒀀𒌅𒃮𒇺,,𒀀𒌅𒃮𒇺,,,,
|a.tu.gaba.sig.gar|,,𒀀𒌅𒃮𒋝𒃻,,𒀀𒌅𒃮𒋝𒃻,,,,
|a.tu.gaba|,,𒀀𒌅𒃮,,𒀀𒌅𒃮,,,,
|a.tur|,,𒀀𒌉,,𒀀𒌉,,,,
|a.tu|,,𒀀𒌅,,𒀀𒌅,,,,
|a.u.edin.lal|,,𒀀𒌋𒂔𒇲,,𒀀𒌋𒂔𒇲,,,,
|a.u.ka|,,𒀀𒌋𒅗,,𒀀𒌋𒅗,,,,
|a.zi&zi.eš₂|,,𒀀𒍤𒂠,,𒀀𒍤𒂠,,,,
|a.zi&zi|,,𒀀𒍤,,𒀀𒍤,,,,
|a.še.nun&nun|,,𒀀𒊺𒉪,,𒀀𒊺𒉪,,,,
|a.šu.naga|,,𒀀𒋗𒉀,,𒀀𒋗𒉀,,,,
|a.šu₂.naga|,,𒀀𒋙𒉀,,𒀀𒋙𒉀,,,,
|ab.ha.zag.gaba.hu|,,𒀊𒄩𒍠𒃮𒄷,,𒀊𒄩𒍠𒃮𒄷,,,,
|ab.ha@g|,,𒀊𒄫,,𒀊𒄫,,,,
|ab.muš₃|,,𒀊𒈹,,𒀊𒈹,,,,
|ab.nam|,,𒀊𒉆,,𒀊𒉆,,,,
|ab@g.muš₃.za|,,𒀕𒈹𒍝,,𒀕𒈹𒍝,,,,
|ab×(u.u.u)|,,𒀔,,𒀔,,,,
|ab×aš₂|,,𒀋,,𒀋,,,,
|ab×dun₃@g|,,𒀌,,𒀌,,,,
|ab×gal|,,𒀍,,𒀍,,,,
|ab×gan₂@t|,,𒀎,,𒀎,,,,
|ab×ha|,,𒀏,,𒀏,,,,
|ab×igi@g|,,𒀐,,𒀐,,,,
|ab×imin|,,𒀑,,𒀑,,,,
|ab×lagab|,,𒀒,,𒀒,,,,
|ab×šeš|,,𒀓,,𒀓,,,,
|ab₂.ku|,,𒀖𒆪,,𒀖𒆪,,,,
|ab₂.lu|,,𒀖𒇻,,𒀖𒇻,,,,
|ab₂.nun.me.du|,,𒀖𒉣𒈨𒁺,,𒀖𒉣𒈨𒁺,,,,
|ab₂.ša₃|,,𒀖𒊮,,𒀖𒊮,,,,
|ab₂×(me.en)|,,𒀙,,𒀙,,,,
|ab₂×balag|,,𒀗,,𒀗,,,,
|ab₂×gan₂@t|,,𒀘,,𒀘,,,,
|ab₂×tak₄|,,𒀛,,𒀛,,,,
|ab₂×ša₃|,,𒀚,,𒀚,,,,
|ad.e₂|,,𒀜𒂍,,𒀜𒂍,,,,
|ad.kid|,,𒀜𒆤,,𒀜𒆤,,,,
|ad.ku|,,𒀜𒆪,,𒀜𒆪,,,,
|ad×eš₂|,,𒒂,,𒒂,,,,
|ak×(šita.giš)|,,𒀟,,𒀟,,,,
|ak×erin₂|,,𒀞,,𒀞,,,,
|al.še|,,𒀠𒊺,,𒀠𒊺,,,,
|al×al|,,𒀡,,𒀡,,,,
|al×dim₂|,,𒀢,,𒀢,,,,
|al×giš|,,𒀣,,𒀣,,,,
|al×ha|,,𒀤,,𒀤,,,,
|al×kad₃|,,𒀥,,𒀥,,,,
|al×ki|,,𒀦,,𒀦,,,,
|al×uš|,,𒀨,,𒀨,,,,
|al×še|,,𒀧,,𒀧,,,,
|amar.da|,,𒀫𒁕,,𒀫𒁕,,,,
|amar.ud|,,𒀫𒌓,,𒀫𒌓,,,,
|amar×še.amar×še|,,𒀬𒀬,,𒀬𒀬,,,,
|amar×še|,,𒀬,,𒀬,,,,
|an&an|,,𒀮,,𒀮,,,,
|an.3×an|,,𒀭𒀯,,𒀭𒀯,,,,
|an.a.lagab×hal|,,𒀭𒀀𒇉,,𒀭𒀀𒇉,,,,
|an.an|,,𒀭𒀭,,𒀭𒀭,,,,
|an.aš.a.an|,,𒀭𒀸𒀀𒀭,,𒀭𒀸𒀀𒀭,,,,
|an.aš.an|,,𒀭𒀸𒀭,,𒀭𒀸𒀭,,,,
|an.aš@z.an|,,𒀭𒀹𒀭,,𒀭𒀹𒀭,,,,
|an.bara₂|,,𒀭𒁈,,𒀭𒁈,,,,
|an.diš.an|,,𒀭𒁹𒀭,,𒀭𒁹𒀭,,,,
|an.du.an|,,𒀭𒁺𒀭,,𒀭𒁺𒀭,,,,
|an.gu₂×kak|,,𒀭𒄙,,𒀭𒄙,,,,
|an.gu₂×nun|,,𒀭𒄛,,𒀭𒄛,,,,
|an.hu.mi.im|,,𒀭𒄷𒈪𒅎,,𒀭𒄷𒈪𒅎,,,,
|an.im.dugud|,,𒀭𒅎𒂂,,𒀭𒅎𒂂,,,,
|an.im.mi|,,𒀭𒅎𒈪,,𒀭𒅎𒈪,,,,
|an.im|,,𒀭𒅎,,𒀭𒅎,,,,
|an.me.u.u.u|,,𒀭𒈨𒌍,,𒀭𒈨𒌍,,,,
|an.muš|,,𒀭𒈲,,𒀭𒈲,,,,
|an.muš₃.ab@g|,,𒀭𒈹𒀕,,𒀭𒈹𒀕,,,,
|an.muš₃.ab|,,𒀭𒈹𒀊,,𒀭𒈹𒀊,,,,
|an.naga|,,𒀭𒉀,,𒀭𒉀,,,,
|an.na|,,𒀭𒈾,,𒀭𒈾,,,,
|an.sag@g|,,𒀭𒊨,,𒀭𒊨,,,,
|an.sal.tug₂.ib|,,𒀭𒊩𒌆𒅁,,𒀭𒊩𒌆𒅁,,,,
|an.tu|,,𒀭𒌅,,𒀭𒌅,,,,
|an.zag|,,𒀭𒍠,,𒀭𒍠,,,,
|an.še.naga|,,𒀭𒊺𒉀,,𒀭𒊺𒉀,,,,
|an.šeš.ki|,,𒀭𒋀𒆠,,𒀭𒋀𒆠,,,,
|anše.an|,,𒀲𒀭,,𒀲𒀭,,,,
|anše.arad|,,𒀲𒀴,,𒀲𒀴,,,,
|anše.igi.dib|,,𒀲𒅆𒁳,,𒀲𒅆𒁳,,,,
|anše.igi.eš₂|,,𒀲𒅆𒂠,,𒀲𒅆𒂠,,,,
|anše.kur.ra|,,𒀲𒆳𒊏,,𒀲𒆳𒊏,,,,
|anše.kur|,,𒀲𒆳,,𒀲𒆳,,,,
|anše.pa|,,𒀲𒉺,,𒀲𒉺,,,,
|anše.sal|,,𒀲𒊩,,𒀲𒊩,,,,
|anše.uš|,,𒀲𒍑,,𒀲𒍑,,,,
|arad.anše|,,𒀴𒀲,,𒀴𒀲,,,,
|arad.ku|,,𒀴𒆪,,𒀴𒆪,,,,
|arad.ra|,,𒀴𒊏,,𒀴𒊏,,,,
|arad×kur|,,𒀵,,𒀵,,,,
|arkab₂.ib|,,𒀶𒅁,,𒀶𒅁,,,,
|a×a|,,𒀁,,𒀁,,,,
|a×bad|,,𒀂,,𒀂,,,,
|a×ha|,,𒀄,,𒀄,,,,
|a×igi|,,𒀅,,𒀅,,,,
|a×lagar@g|,,𒀆,,𒀆,,,,
|a×muš|,,𒀇,,𒀇,,,,
|a×sag|,,𒀈,,𒀈,,,,
|aš&aš&aš%aš&aš&aš|,,𒀽,,𒀽,,,,
|aš&aš&aš.aš&aš&aš.aš|,,𒀼𒀼𒀸,,𒀼𒀼𒀸,,,,
|aš&aš&aš.aš&aš&aš.tab|,,𒀼𒀼𒋰,,𒀼𒀼𒋰,,,,
|aš&aš&aš.aš&aš&aš|,,𒀼𒀼,,𒀼𒀼,,,,
|aš&aš&aš.aš|,,𒀼𒀸,,𒀼𒀸,,,,
|aš&aš&aš.tab|,,𒀼𒋰,,𒀼𒋰,,,,
|aš&aš&aš|,,𒀼,,𒀼,,,,
|aš&aš.tug₂&tug₂.tug₂&tug₂.pap|,,𒀻,,𒀻,,,,
|aš+sur|,,𒀸𒋩,,𒀸𒋩,,,,
|aš.aš.aš|,,𒀸𒀸𒀸,,𒀸𒀸𒀸,,,,
|aš.aš|,,𒀸𒀸,,𒀸𒀸,,,,
|aš.hi×diš.gi₄|,,𒀸𒄱𒄄,,𒀸𒄱𒄄,,,,
|aš@k&aš@k&aš@k&aš@k|,,𒍧,,𒍧,,,,
|aš@z&aš@z&aš@z&aš@z|,,𒍦,,𒍦,,,,
|aš₂.gar₃|,,𒀾𒃼,,𒀾𒃼,,,,
|aš₂.u&u|,,𒐋,,𒐋,,,,
|aš₂.u|,,𒀾𒌋,,𒀾𒌋,,,,
|a₂.aš|,,𒀉𒀸,,𒀉𒀸,,,,
|a₂.ga₂×sal|,,𒀉𒃣,,𒀉𒃣,,,,
|a₂.kal|,,𒀉𒆗,,𒀉𒆗,,,,
|a₂.muš₃@g|,,𒀉𒈽,,𒀉𒈽,,,,
|a₂.muš₃|,,𒀉𒈹,,𒀉𒈹,,,,
|a₂.pa|,,𒀉𒉺,,𒀉𒉺,,,,
|a₂.sal|,,𒀉𒊩,,𒀉𒊩,,,,
|a₂.tur|,,𒀉𒌉,,𒀉𒌉,,,,
|a₂.u.kid|,,𒀉𒌋𒆤,,𒀉𒌋𒆤,,,,
|a₂.ud.du|,,𒀉𒌓𒁺,,𒀉𒌓𒁺,,,,
|a₂.za.an.muš₃|,,𒀀𒍝𒀭𒈹,,𒀀𒍝𒀭𒈹,,,,
|a₂.za.muš₃@g|,,𒀉𒍝𒈽,,𒀉𒍝𒈽,,,,
|bad.aš|,,𒁁𒀸,,𒁁𒀸,,,,
|bad.bad|,,𒁁𒁁,,𒁁𒁁,,,,
|bad.igi.bad|,,𒁁𒅆𒁁,,𒁁𒅆𒁁,,,,
|bad.kaskal|,,𒁁𒆜,,𒁁𒆜,,,,
|bad.lu₂|,,𒁁𒇽,,𒁁𒇽,,,,
|bad.mi|,,𒁁𒈪,,𒁁𒈪,,,,
|bad.ud|,,𒁁𒌓,,𒁁𒌓,,,,
|bad.x|,,𒁁,,𒁁,,,,
|bal&bal|,,𒁅,,𒁅,,,,
|balag.a|,,𒁆𒀀,,𒁆𒀀,,,,
|balag.lul|,,𒁆𒈜,,𒁆𒈜,,,,
|balag.tur|,,𒁆𒌉,,𒁆𒌉,,,,
|bar.3×an|,,𒁇𒀮𒀭,,𒁇𒀮𒀭,,,,
|bar.an|,,𒁇𒀭,,𒁇𒀭,,,,
|bar.edin|,,𒁇𒂔,,𒁇𒂔,,,,
|bar.hu.kak|,,𒁇𒄷𒆕,,𒁇𒄷𒆕,,,,
|bara₂.pap.pap|,,𒁈𒉽𒉽,,𒁈𒉽𒉽,,,,
|bara₂.pap.še.pap|,,𒁈𒉽𒊺𒉽,,𒁈𒉽𒊺𒉽,,,,
|bi.a.sud|,,𒁉𒀀𒋤,,𒁉𒀀𒋤,,,,
|bi.dar|,,𒁉𒁯,,𒁉𒁯,,,,
|bi.din|,,𒁉𒁷,,𒁉𒁷,,,,
|bi.lul|,,𒁉𒈜,,𒁉𒈜,,,,
|bi.mi|,,𒁉𒈪,,𒁉𒈪,,,,
|bi.uš.sa|,,𒁉𒍑𒊓,,𒁉𒍑𒊓,,,,
|bi.u₂.sa|,,𒁉𒌑𒊓,,𒁉𒌑𒊓,,,,
|bi.ziz₂.a.an|,,𒁉𒀾𒀀𒀭,,𒁉𒀾𒀀𒀭,,,,
|bi.ziz₂.an.na|,,𒁉𒀾𒀭𒈾,,𒁉𒀾𒀭𒈾,,,,
|bi.ziz₂.an|,,𒁉𒀾𒀭,,𒁉𒀾𒀭,,,,
|bi.ziz₂|,,𒁉𒀾,,𒁉𒀾,,,,
|bi×gar|,,𒁋,,𒁋,,,,
|bi×igi@g|,,𒁌,,𒁌,,,,
|bu%bu|,,𒁐,,𒁐,,,,
|bu&bu.ab|,,𒁎,,𒁎,,,,
|bu&bu.un|,,𒁏,,𒁏,,,,
|bu.nun.še.eš₂|,,𒁍𒉣𒊺𒂠,,𒁍𒉣𒊺𒂠,,,,
|bulug&bulug|,,𒁒,,𒁒,,,,
|bulug.nagar|,,𒁑𒉄,,𒁑𒉄,,,,
|bur₂.bur₂|,,𒁔𒁔,,𒁔𒁔,,,,
|da.uš|,,𒁕𒍑,,𒁕𒍑,,,,
|dag.kisim₅|,,𒁖𒆨,,𒁖𒆨,,,,
|dag.kisim₅×(a.maš)|,,𒁗,,𒁗,,,,
|dag.kisim₅×(ga.maš)|,,𒁜,,𒁜,,,,
|dag.kisim₅×(ir.lu)|,,𒁢,,𒁢,,,,
|dag.kisim₅×(lu.maš₂)|,,𒁦,,𒁦,,,,
|dag.kisim₅×(pap.pap)|,,𒁩,,𒁩,,,,
|dag.kisim₅×(u₂.gir₂)|,,𒁬,,𒁬,,,,
|dag.kisim₅×amar|,,𒁘,,𒁘,,,,
|dag.kisim₅×balag|,,𒁙,,𒁙,,,,
|dag.kisim₅×bi|,,𒁚,,𒁚,,,,
|dag.kisim₅×ga|,,𒁜,,𒁜,,,,
|dag.kisim₅×gir₂|,,𒁞,,𒁞,,,,
|dag.kisim₅×gi|,,𒁝,,𒁝,,,,
|dag.kisim₅×gud|,,𒁟,,𒁟,,,,
|dag.kisim₅×ha|,,𒁠,,𒁠,,,,
|dag.kisim₅×ir|,,𒁡,,𒁡,,,,
|dag.kisim₅×kak|,,𒁣,,𒁣,,,,
|dag.kisim₅×la|,,𒁤,,𒁤,,,,
|dag.kisim₅×lum|,,𒁧,,𒁧,,,,
|dag.kisim₅×lu|,,𒁥,,𒁥,,,,
|dag.kisim₅×ne|,,𒁨,,𒁨,,,,
|dag.kisim₅×si|,,𒁪,,𒁪,,,,
|dag.kisim₅×tak₄|,,𒁫,,𒁫,,,,
|dag.kisim₅×uš|,,𒁭,,𒁭,,,,
|dag.kisim₅×x|,,𒁖,,𒁖,,,,
|di.di|,,𒁲𒁲,,𒁲𒁲,,,,
|di.x|,,𒁲,,𒁲,,,,
|dim×eš|,,𒒋,,𒒋,,,,
|dim×maš|,,𒒌,,𒒌,,,,
|dim×še|,,𒁵,,𒁵,,,,
|dim₂×ud|,,𒒍,,𒒍,,,,
|din.kaskal.u@g.diš|,,𒁸,,𒁸,,,,
|din.še.nun&nun|,,𒁷𒊺𒉪,,𒁷𒊺𒉪,,,,
|diš.dar|,,𒁹𒁯,,𒁹𒁯,,,,
|diš.diš.diš.u.u.u|,,𒁹𒁹𒁹𒌍,,𒁹𒁹𒁹𒌍,,,,
|diš.diš.diš.u.u|,,𒁹𒁹𒁹𒌋𒌋,,𒁹𒁹𒁹𒌋𒌋,,,,
|diš.diš.diš|,,𒁹𒁹𒁹,,𒁹𒁹𒁹,,,,
|du&du.du&du|,,𒁻𒁻,,𒁻𒁻,,,,
|du&du|,,𒁻,,𒁻,,,,
|du.du.du.du|,,𒁺𒁺𒁺𒁺,,𒁺𒁺𒁺𒁺,,,,
|du.du|,,𒁺𒁺,,𒁺𒁺,,,,
|du.hub₂|,,𒁺𒄸,,𒁺𒄸,,,,
|du@g.du@g|,,𒁼𒁼,,𒁼𒁼,,,,
|du@s.a|,,𒁽𒀀,,𒁽𒀀,,,,
|du@s.du@s|,,𒁽𒁽,,𒁽𒁽,,,,
|dub.nagar|,,𒁾𒉄,,𒁾𒉄,,,,
|dub×eš₂|,,𒁿,,𒁿,,,,
|dug.bur|,,𒂁𒁓,,𒂁𒁓,,,,
|dug.dug|,,𒂁𒂁,,𒂁𒂁,,,,
|dug.sila₃.bur.na|,,𒂁𒋡𒁓𒈾,,𒂁𒋡𒁓𒈾,,,,
|dug.sila₃.bur|,,𒒄,,𒒄,,,,
|dug×igi@g|,,𒒚,,𒒚,,,,
|dug×kušu₂|,,𒒝,,𒒝,,,,
|dug×ni|,,𒒦,,𒒦,,,,
|dun.ne.tur|,,𒂄𒉈𒌉,,𒂄𒉈𒌉,,,,
|dun.tur|,,𒂄𒌉,,𒂄𒌉,,,,
|dun₃@g.uš|,,𒂆𒍑,,𒂆𒍑,,,,
|dun₃@g@g.uš|,,𒂇𒍑,,𒂇𒍑,,,,
|dun₃@g@g.za|,,𒂇𒍝,,𒂇𒍝,,,,
|dur₂.dur₂|,,𒂉𒂉,,𒂉𒂉,,,,
|e&e.nun&nun|,,𒂌,,𒂌,,,,
|e.sud.hub₂×ud|,,𒂊𒋤𒄽,,𒂊𒋤𒄽,,,,
|e.tum.ga₂×nun&nun|,,𒂊𒌈𒃡,,𒂊𒌈𒃡,,,,
|e.tum|,,𒂊𒌈,,𒂊𒌈,,,,
|edin.a.lal|,,𒂔𒀀𒇲,,𒂔𒀀𒇲,,,,
|edin.a|,,𒂔𒀀,,𒂔𒀀,,,,
|edin.lal.a|,,𒂔𒇲𒀀,,𒂔𒇲𒀀,,,,
|en%en.im%im|,,𒂛𒅐,,𒂛𒅐,,,,
|en%en|,,𒂛,,𒂛,,,,
|en.dim₂.gig|,,𒂗𒁶,,𒂗𒁶,,,,
|en.gi|,,𒂗𒄀,,𒂗𒄀,,,,
|en.kid|,,𒂗𒆤,,𒂗𒆤,,,,
|en.ki|,,𒂗𒆠,,𒂗𒆠,,,,
|en.ku.a|,,𒂗𒆪𒀀,,𒂗𒆪𒀀,,,,
|en.li|,,𒂗𒇷,,𒂗𒇷,,,,
|en.maš.kak|,,𒂗𒈦𒆕,,𒂗𒈦𒆕,,,,
|en.me.ad.ku₃|,,𒂗𒈨𒀜𒆬,,𒂗𒈨𒀜𒆬,,,,
|en.me.an.muš₃|,,𒂗𒈨𒀭𒈹,,𒂗𒈨𒀭𒈹,,,,
|en.me.gi|,,𒂗𒈨𒄀,,𒂗𒈨𒄀,,,,
|en.me.lagar|,,𒂗𒈨𒇬,,𒂗𒈨𒇬,,,,
|en.me.li|,,𒂗𒈨𒇷,,𒂗𒈨𒇷,,,,
|en.me.mu|,,𒂗𒈨𒈬,,𒂗𒈨𒈬,,,,
|en.me.zi.an.na|,,𒂗𒈨𒍣𒀭𒈾,,𒂗𒈨𒍣𒀭𒈾,,,,
|en.nu.nunuz.zi.an.ud|,,𒂗𒉡𒉭𒍣𒀭𒌓,,𒂗𒉡𒉭𒍣𒀭𒌓,,,,
|en.nunuz.dim₂|,,𒂗𒉭𒁶,,𒂗𒉭𒁶,,,,
|en.nunuz.zi.an.ud|,,𒂗𒉭𒍣𒀭𒌓,,𒂗𒉭𒍣𒀭𒌓,,,,
|en.nunuz.zi.an.šeš.ki|,,𒂗𒉭𒍣𒀭𒋀𒆠,,𒂗𒉭𒍣𒀭𒋀𒆠,,,,
|en.pap.igi@g.nun.me.ezen×kaskal|,,𒂗𒉽𒅊𒉣𒈨𒂬,,𒂗𒉽𒅊𒉣𒈨𒂬,,,,
|en.sal.me.nunuz.zi.an.šeš.ki|,,𒂗𒊩𒈨𒉭𒍣𒀭𒋀𒆠,,𒂗𒊩𒈨𒉭𒍣𒀭𒋀𒆠,,,,
|en.ti|,,𒂗𒋾,,𒂗𒋾,,,,
|en.zu|,,𒂗𒍪,,𒂗𒍪,,,,
|en.šeš|,,𒂗𒋀,,𒂗𒋀,,,,
|en@en|,,𒂜,,𒂜,,,,
|en×gan₂@t|,,𒂙,,𒂙,,,,
|en×me.gi|,,𒂚𒄀,,𒂚𒄀,,,,
|en×me|,,𒂚,,𒂚,,,,
|eren.šu.me|,,𒂞𒋗𒈨,,𒂞𒋗𒈨,,,,
|erin₂+x|,,𒒭,,𒒭,,,,
|erin₂.na|,,𒂟𒈾,,𒂟𒈾,,,,
|ezen@s×aš|,,𒒯,,𒒯,,,,
|ezen@s×hi|,,𒒰,,𒒰,,,,
|ezen@s×igi@g|,,𒒱,,𒒱,,,,
|ezen@s×lal|,,𒒳,,𒒳,,,,
|ezen@s×la|,,𒒲,,𒒲,,,,
|ezen@s×mes|,,𒒵,,𒒵,,,,
|ezen@s×me|,,𒒴,,𒒴,,,,
|ezen@s×su|,,𒒶,,𒒶,,,,
|ezen×(a.lal)|,,𒂣,,𒂣,,,,
|ezen×(a.lal₂)|,,𒂤,,𒂤,,,,
|ezen×an|,,𒂥,,𒂥,,,,
|ezen×a|,,𒂢,,𒂢,,,,
|ezen×bad.an|,,𒂦𒀭,,𒂦𒀭,,,,
|ezen×bad|,,𒂦,,𒂦,,,,
|ezen×dun₃@g@g|,,𒂨,,𒂨,,,,
|ezen×dun₃@g|,,𒂧,,𒂧,,,,
|ezen×ha|,,𒂩,,𒂩,,,,
|ezen×igi@g|,,𒂫,,𒂫,,,,
|ezen×kaskal|,,𒂬,,𒂬,,,,
|ezen×ku₃|,,𒂮,,𒂮,,,,
|ezen×lal₂|,,𒂰,,𒂰,,,,
|ezen×la|,,𒂯,,𒂯,,,,
|ezen×li|,,𒂱,,𒂱,,,,
|ezen×lu|,,𒂲,,𒂲,,,,
|ezen×su|,,𒒷,,𒒷,,,,
|ezen×ud|,,𒂴,,𒂴,,,,
|ezen×u₂|,,𒂳,,𒂳,,,,
|e×pap|,,𒂋,,𒂋,,,,
|eš₂.bu.nun.eš₂.tu|,,𒂠𒁍𒉣𒂠𒌅,,𒂠𒁍𒉣𒂠𒌅,,,,
|eš₂.hul₂|,,𒂠𒄾,,𒂠𒄾,,,,
|eš₂.ka|,,𒂠𒅗,,𒂠𒅗,,,,
|eš₂.mah|,,𒂠𒈤,,𒂠𒈤,,,,
|eš₂.pap.pap|,,𒂠𒉽𒉽,,𒂠𒉽𒉽,,,,
|eš₂.sud.nun.eš₂.tu|,,𒂠𒋤𒉣𒂠𒌅,,𒂠𒋤𒉣𒂠𒌅,,,,
|eš₂.ud|,,𒂠𒌓,,𒂠𒌓,,,,
|eš₂.še|,,𒂠𒊺,,𒂠𒊺,,,,
|e₂.an.še.naga|,,𒂍𒀭𒊺𒉀,,𒂍𒀭𒊺𒉀,,,,
|e₂.a|,,𒂍𒀀,,𒂍𒀀,,,,
|e₂.gi.na.ab.hi|,,𒂍𒄀𒈾𒀊𒄭,,𒂍𒄀𒈾𒀊𒄭,,,,
|e₂.gi.na.ab.tum|,,𒂍𒄀𒈾𒀊𒌈,,𒂍𒄀𒈾𒀊𒌈,,,,
|e₂.gi.na.ab.u.gud|,,𒂍𒄀𒈾𒀊𒌋𒄞,,𒂍𒄀𒈾𒀊𒌋𒄞,,,,
|e₂.giš.tug₂.pi.an.še.naga|,,𒂍𒄑𒌆𒉿𒀭𒊺𒉀,,𒂍𒄑𒌆𒉿𒀭𒊺𒉀,,,,
|e₂.ki.sum.ga|,,𒂍𒆠𒋧𒂵,,𒂍𒆠𒋧𒂵,,,,
|e₂.kur.bad|,,𒂍𒆳𒁁,,𒂍𒆳𒁁,,,,
|e₂.lu₂×gan₂@t.a|,,𒂍𒈂𒀀,,𒂍𒈂𒀀,,,,
|e₂.mi|,,𒂍𒈪,,𒂍𒈪,,,,
|e₂.nun|,,𒂍𒉣,,𒂍𒉣,,,,
|e₂.sal|,,𒂍𒊩,,𒂍𒊩,,,,
|e₂.sig₄|,,𒂍𒋞,,𒂍𒋞,,,,
|e₂.uš.bu.da|,,𒂍𒍑𒁍𒁕,,𒂍𒍑𒁍𒁕,,,,
|e₂.še|,,𒂍𒊺,,𒂍𒊺,,,,
|e₂×(a.ha.da)|,,𒂎,,𒂎,,,,
|e₂×gar|,,𒂏,,𒂏,,,,
|e₂×mi|,,𒂐,,𒂐,,,,
|e₂×sal|,,𒂑,,𒂑,,,,
|e₂×u|,,𒂓,,𒂓,,,,
|e₂×še|,,𒂒,,𒂒,,,,
|ga.a|,,𒂵𒀀,,𒂵𒀀,,,,
|ga.balag|,,𒂵𒁆,,𒂵𒁆,,,,
|ga.diš|,,𒂵𒁹,,𒂵𒁹,,,,
|ga.ga|,,𒂵𒂵,,𒂵𒂵,,,,
|ga.kad₃|,,𒂵𒆑,,𒂵𒆑,,,,
|ga.kaskal|,,𒂵𒆜,,𒂵𒆜,,,,
|ga.lagab|,,𒂵𒆸,,𒂵𒆸,,,,
|ga.ma₂.igi@g|,,𒂵𒈣𒅊,,𒂵𒈣𒅊,,,,
|ga.ni|,,𒂵𒉌,,𒂵𒉌,,,,
|ga.uz₃.hi|,,𒂵𒍚𒄭,,𒂵𒍚𒄭,,,,
|ga.uz₃.igi@g|,,𒂵𒍚𒅊,,𒂵𒍚𒅊,,,,
|ga.uz₃|,,𒂵𒍚,,𒂵𒍚,,,,
|gaba.liš|,,𒃮𒇺,,𒃮𒇺,,,,
|gad&gad.gar&gar|,,𒃱,,𒃱,,,,
|gad.dun₃|,,𒃰𒂅,,𒃰𒂅,,,,
|gad.tak₄.giš|,,𒃰𒋺𒄑,,𒃰𒋺𒄑,,,,
|gad.tak₄.si|,,𒃰𒋺𒋛,,𒃰𒋺𒋛,,,,
|gad.tak₄|,,𒃰𒋺,,𒃰𒋺,,,,
|gal.an.zu|,,𒃲𒀭𒍪,,𒃲𒀭𒍪,,,,
|gal.ašgab|,,𒃲𒀿,,𒃲𒀿,,,,
|gal.bar.edin|,,𒃲𒁇𒂔,,𒃲𒁇𒂔,,,,
|gal.bur₂|,,𒃲𒁔,,𒃲𒁔,,,,
|gal.dim|,,𒃲𒁴,,𒃲𒁴,,,,
|gal.dim₂|,,𒃲𒁶,,𒃲𒁶,,,,
|gal.di|,,𒃲𒁲,,𒃲𒁲,,,,
|gal.dun₃@g@g|,,𒃲𒂇,,𒃲𒂇,,,,
|gal.gad&gad.gar&gar|,,𒃳,,𒃳,,,,
|gal.giš.tug₂.te.a.du|,,𒃲𒄑𒌆𒋼𒀀𒁺,,𒃲𒄑𒌆𒋼𒀀𒁺,,,,
|gal.luh|,,𒃲𒈛,,𒃲𒈛,,,,
|gal.nagar|,,𒃲𒉄,,𒃲𒉄,,,,
|gal.ni|,,𒃲𒉌,,𒃲𒉌,,,,
|gal.te.lal|,,𒃲𒋼𒇲,,𒃲𒋼𒇲,,,,
|gal.te|,,𒃲𒋼,,𒃲𒋼,,,,
|gal.umum|,,𒃲𒌣,,𒃲𒌣,,,,
|gal.uri|,,𒃲𒌵,,𒃲𒌵,,,,
|gal.uru×bar|,,𒃲𒌺,,𒃲𒌺,,,,
|gal.zu|,,𒃲𒍪,,𒃲𒍪,,,,
|gal.šubur|,,𒃲𒋚,,𒃲𒋚,,,,
|galam.galam|,,𒃴𒃴,,𒃴𒃴,,,,
|gam.gam|,,𒃵𒃵,,𒃵𒃵,,,,
|gan₂%gan₂|,,𒃺,,𒃺,,,,
|gan₂&gan₂|,,𒃹,,𒃹,,,,
|gan₂.bu|,,𒃷𒁍,,𒃷𒁍,,,,
|gan₂@t.gan₂@t|,,𒃸𒃸,,𒃸𒃸,,,,
|gar.gad.tak₄.ur₂|,,𒃻𒃰𒋺𒌫,,𒃻𒃰𒋺𒌫,,,,
|gar.ga₂×(a.igi)|,,𒃻𒂺,,𒃻𒂺,,,,
|gar.ib|,,𒃻𒅁,,𒃻𒅁,,,,
|gar.kingusili.sila₃|,,𒃻𒑜𒋡,,𒃻𒑜𒋡,,,,
|gar.lagab|,,𒃻𒆸,,𒃻𒆸,,,,
|gar.lu₃|,,𒃻𒈖,,𒃻𒈖,,,,
|gar.pa.te.si|,,𒃻𒉺𒋼𒋛,,𒃻𒉺𒋼𒋛,,,,
|gar.sag.il₂.ezen.sal|,,𒃻𒊕𒅍𒂡𒊩,,𒃻𒊕𒅍𒂡𒊩,,,,
|gar.sag.il₂.ezen.uš|,,𒃻𒊕𒅍𒂡𒍑,,𒃻𒊕𒅍𒂡𒍑,,,,
|gar.šanabi.sila₃|,,𒃻𒑛𒋡,,𒃻𒑛𒋡,,,,
|gar.ša₃.a|,,𒃻𒊮𒀀,,𒃻𒊮𒀀,,,,
|gar.ša₃|,,𒃻𒊮,,𒃻𒊮,,,,
|gar.ša₃×a|,,𒃻𒊯,,𒃻𒊯,,,,
|gar.šid|,,𒃻𒋃,,𒃻𒋃,,,,
|gar.šu.dugud|,,𒃻𒋗𒂂,,𒃻𒋗𒂂,,,,
|gar.šušana.sila₃|,,𒃻𒑚𒋡,,𒃻𒑚𒋡,,,,
|ga₂&ga₂|,,𒃭,,𒃭,,,,
|ga₂×(a.da.ha)|,,𒂸,,𒂸,,,,
|ga₂×(a.ha)|,,𒂹,,𒂹,,,,
|ga₂×(a.igi)|,,𒂺,,𒂺,,,,
|ga₂×(ab₂@t.tab)|,,𒂻,,𒂻,,,,
|ga₂×(aš₂.gal)|,,𒂾,,𒂾,,,,
|ga₂×(bar.ra)|,,𒃀,,𒃀,,,,
|ga₂×(bur.ra)|,,𒃂,,𒃂,,,,
|ga₂×(el.la)|,,𒃈,,𒃈,,,,
|ga₂×(e₂.ne)|,,𒓈,,𒓈,,,,
|ga₂×(gir₂.su)|,,𒃐,,𒃐,,,,
|ga₂×(gi₄.a)|,,𒃏,,𒃏,,,,
|ga₂×(ha.a)|,,𒓀,,𒓀,,,,
|ga₂×(ha.lu.eš₂)|,,𒃑,,𒃑,,,,
|ga₂×(hal.la)|,,𒃓,,𒃓,,,,
|ga₂×(hi.li)|,,𒃔,,𒃔,,,,
|ga₂×(iš.hu.aš)|,,𒃗,,𒃗,,,,
|ga₂×(kid.lal)|,,𒃛,,𒃛,,,,
|ga₂×(ku₃.an)|,,𒃜,,𒃜,,,,
|ga₂×(me.en)|,,𒃞,,𒃞,,,,
|ga₂×(ne.e₂)|,,𒓇,,𒓇,,,,
|ga₂×(ud.du)|,,𒃬,,𒃬,,,,
|ga₂×(še.tur)|,,𒃦,,𒃦,,,,
|ga₂×an.a.tu|,,𒂼𒀀𒌅,,𒂼𒀀𒌅,,,,
|ga₂×an.an.muš₃|,,𒂼𒀭𒈹,,𒂼𒀭𒈹,,,,
|ga₂×an.dun₃@g|,,𒂼𒂆,,𒂼𒂆,,,,
|ga₂×an.kak.a|,,𒂼𒆕𒀀,,𒂼𒆕𒀀,,,,
|ga₂×an.lul|,,𒂼𒈜,,𒂼𒈜,,,,
|ga₂×an.tu|,,𒂼𒌅,,𒂼𒌅,,,,
|ga₂×an.x|,,𒂼,,𒂼,,,,
|ga₂×an.šim|,,𒂼𒋆,,𒂼𒋆,,,,
|ga₂×an.šim×gar|,,𒂼𒋋,,𒂼𒋋,,,,
|ga₂×an|,,𒂼,,𒂼,,,,
|ga₂×aš|,,𒂽,,𒂽,,,,
|ga₂×bad|,,𒂿,,𒂿,,,,
|ga₂×bur|,,𒃁,,𒃁,,,,
|ga₂×da|,,𒃃,,𒃃,,,,
|ga₂×dim×še|,,𒃅,,𒃅,,,,
|ga₂×di|,,𒃄,,𒃄,,,,
|ga₂×dub|,,𒃆,,𒃆,,,,
|ga₂×el|,,𒃇,,𒃇,,,,
|ga₂×en.nun|,,𒃉𒉣,,𒃉𒉣,,,,
|ga₂×en|,,𒃉,,𒃉,,,,
|ga₂×en×gan₂@t|,,𒃊,,𒃊,,,,
|ga₂×eren|,,𒒼,,𒒼,,,,
|ga₂×gan₂@t|,,𒃋,,𒃋,,,,
|ga₂×gar|,,𒃌,,𒃌,,,,
|ga₂×gi|,,𒃍,,𒃍,,,,
|ga₂×gi₄|,,𒃎,,𒃎,,,,
|ga₂×hal|,,𒃒,,𒃒,,,,
|ga₂×hub₂|,,𒃕,,𒃕,,,,
|ga₂×igi@g|,,𒃖,,𒃖,,,,
|ga₂×kak|,,𒃘,,𒃘,,,,
|ga₂×kaskal|,,𒃙,,𒃙,,,,
|ga₂×kid|,,𒃚,,𒃚,,,,
|ga₂×la|,,𒃝,,𒃝,,,,
|ga₂×mi|,,𒃟,,𒃟,,,,
|ga₂×nun&nun|,,𒃡,,𒃡,,,,
|ga₂×nun|,,𒃠,,𒃠,,,,
|ga₂×pa|,,𒃢,,𒃢,,,,
|ga₂×sal|,,𒃣,,𒃣,,,,
|ga₂×sar|,,𒃤,,𒃤,,,,
|ga₂×sum|,,𒃨,,𒃨,,,,
|ga₂×tak₄|,,𒃩,,𒃩,,,,
|ga₂×ud|,,𒃫,,𒃫,,,,
|ga₂×u|,,𒃪,,𒃪,,,,
|ga₂×ziz₂|,,𒓊,,𒓊,,,,
|ga₂×še|,,𒃥,,𒃥,,,,
|ga₂×šid|,,𒃧,,𒃧,,,,
|geštin×kur|,,𒃿,,𒃿,,,,
|gi%gi|,,𒄃,,𒄃,,,,
|gi.kak|,,𒄀𒆕,,𒄀𒆕,,,,
|gi.lu|,,𒄀𒇻,,𒄀𒇻,,,,
|gi.na.ab.na.tum|,,𒄀𒈾𒀊𒈾𒌈,,𒄀𒈾𒀊𒈾𒌈,,,,
|gi.na.ab.tum|,,𒄀𒈾𒀊𒌈,,𒄀𒈾𒀊𒌈,,,,
|gi.na.ab.u.gud|,,𒄀𒈾𒀊𒌋𒄞,,𒄀𒈾𒀊𒌋𒄞,,,,
|gi.pad|,,𒄀𒉻,,𒄀𒉻,,,,
|gir₃.arad|,,𒄊𒀴,,𒄊𒀴,,,,
|gir₃.bar|,,𒄊𒁇,,𒄊𒁇,,,,
|gir₃.ga₂×pa.a.an|,,𒄊𒃢𒀀𒀭,,𒄊𒃢𒀀𒀭,,,,
|gir₃.za@t|,,𒄊𒍞,,𒄊𒍞,,,,
|gir₃.šu.ig|,,𒄊𒋗𒅅,,𒄊𒋗𒅅,,,,
|gir₃×(a.igi)|,,𒄋,,𒄋,,,,
|gir₃×(lu.igi)|,,𒄎,,𒄎,,,,
|gir₃×gan₂@t|,,𒄌,,𒄌,,,,
|gir₃×igi|,,𒄍,,𒄍,,,,
|gir₃×pa|,,𒄏,,𒄏,,,,
|gisal.pad.si.a|,,𒄐𒉻𒋛𒀀,,𒄐𒉻𒋛𒀀,,,,
|gi×tak₄|,,𒄂,,𒄂,,,,
|giš%giš.za|,,𒄒𒍝,,𒄒𒍝,,,,
|giš%giš|,,𒄒,,𒄒,,,,
|giš.bad|,,𒄑𒁁,,𒄑𒁁,,,,
|giš.bar|,,𒄑𒁇,,𒄑𒁇,,,,
|giš.din|,,𒄑𒁷,,𒄑𒁷,,,,
|giš.dun₃@g.maš|,,𒄑𒂆𒈦,,𒄑𒂆𒈦,,,,
|giš.gar.umbin|,,𒄑𒃻𒌢,,𒄑𒃻𒌢,,,,
|giš.ka.kad₄|,,𒄑𒅗𒆒,,𒄑𒅗𒆒,,,,
|giš.ka.kad₅|,,𒄑𒅗𒆓,,𒄑𒅗𒆓,,,,
|giš.ki.bi|,,𒄑𒆠𒁉,,𒄑𒆠𒁉,,,,
|giš.kul|,,𒄑𒆰,,𒄑𒆰,,,,
|giš.ku|,,𒄑𒆪,,𒄑𒆪,,,,
|giš.kušu₂|,,𒄑𒆵,,𒄑𒆵,,,,
|giš.lu₂|,,𒄑𒇽,,𒄑𒇽,,,,
|giš.ma₂.ra|,,𒄑𒈣𒊏,,𒄑𒈣𒊏,,,,
|giš.mi|,,𒄑𒈪,,𒄑𒈪,,,,
|giš.ne.ga.mes|,,𒄑𒉈𒂵𒈩,,𒄑𒉈𒂵𒈩,,,,
|giš.ne@s.ga.me.u.u.u|,,𒄑𒉋𒂵𒈨𒌋𒌋𒌋,,𒄑𒉋𒂵𒈨𒌋𒌋𒌋,,,,
|giš.ne@s|,,𒄑𒉋,,𒄑𒉋,,,,
|giš.ne|,,𒄑𒉈,,𒄑𒉈,,,,
|giš.ni|,,𒄑𒉌,,𒄑𒉌,,,,
|giš.nu₁₁|,,𒄑𒉢,,𒄑𒉢,,,,
|giš.pi.tug₂|,,𒄑𒉿𒌆,,𒄑𒉿𒌆,,,,
|giš.ru|,,𒄑𒊒,,𒄑𒊒,,,,
|giš.sal.kur|,,𒄑𒊩𒆳,,𒄑𒊩𒆳,,,,
|giš.tar|,,𒄑𒋻,,𒄑𒋻,,,,
|giš.tug₂.pi.nu₁₁.sila₃|,,𒄑𒌆𒉿𒉢𒋡,,𒄑𒌆𒉿𒉢𒋡,,,,
|giš.tug₂.pi.te.a.du|,,𒄑𒌆𒉿𒋼𒀀𒁺,,𒄑𒌆𒉿𒋼𒀀𒁺,,,,
|giš.tug₂.pi.te.a|,,𒄑𒌆𒉿𒋼𒀀,,𒄑𒌆𒉿𒋼𒀀,,,,
|giš.tug₂.pi.šir@t.nun|,,𒄑𒌆𒉿𒋔𒉣,,𒄑𒌆𒉿𒋔𒉣,,,,
|giš.tug₂.pi|,,𒄑𒌆𒉿,,𒄑𒌆𒉿,,,,
|giš.tug₂.te.a.du|,,𒄑𒌆𒋼𒀀𒁺,,𒄑𒌆𒋼𒀀𒁺,,,,
|giš.tug₂.te.a|,,𒄑𒌆𒋼𒀀,,𒄑𒌆𒋼𒀀,,,,
|giš.šu.lu₂|,,𒄑𒋗𒇽,,𒄑𒋗𒇽,,,,
|giš×bad|,,𒄓,,𒄓,,,,
|giš×tak₄|,,𒄔,,𒄔,,,,
|gi₄%gi₄|,,𒄆,,𒄆,,,,
|gi₄&gi₄|,,𒄅,,𒄅,,,,
|gu%gu.gu%gu|,,𒄗𒄗,,𒄗𒄗,,,,
|gu%gu|,,𒄗,,𒄗,,,,
|gud&gud.lugal|,,𒄡,,𒄡,,,,
|gud.an.na|,,𒄞𒀭𒈾,,𒄞𒀭𒈾,,,,
|gud.giš×kid₂|,,𒓙,,𒓙,,,,
|gud×(a.kur)|,,𒄟,,𒄟,,,,
|gud×kur|,,𒄠,,𒄠,,,,
|gum×še|,,𒄤,,𒄤,,,,
|gu₂.gar₃|,,𒄘𒃼,,𒄘𒃼,,,,
|gu₂.nunuz|,,𒄘𒉭,,𒄘𒉭,,,,
|gu₂.un|,,𒄘𒌦,,𒄘𒌦,,,,
|gu₂×(sal.tug₂)|,,𒄜,,𒄜,,,,
|gu₂×kak.giš%giš|,,𒄙𒄒,,𒄙𒄒,,,,
|gu₂×kak|,,𒄙,,𒄙,,,,
|gu₂×kak×igi@g|,,𒄚,,𒄚,,,,
|gu₂×nun|,,𒄛,,𒄛,,,,
|ha.a|,,𒄩𒀀,,𒄩𒀀,,,,
|ha.nagar.bu|,,𒄩𒉄𒁍,,𒄩𒉄𒁍,,,,
|ha.zag|,,𒄩𒍠,,𒄩𒍠,,,,
|hi.a|,,𒄭𒀀,,𒄭𒀀,,,,
|hi.gir₃|,,𒄭𒄊,,𒄭𒄊,,,,
|hi×aš|,,𒄮,,𒄮,,,,
|hi×aš₂.du|,,𒄯𒁺,,𒄯𒁺,,,,
|hi×aš₂.hi×aš₂|,,𒄯𒄯,,𒄯𒄯,,,,
|hi×aš₂.ka×gar|,,𒄯𒅥,,𒄯𒅥,,,,
|hi×aš₂.sag|,,𒄯𒊕,,𒄯𒊕,,,,
|hi×aš₂|,,𒄯,,𒄯,,,,
|hi×bad|,,𒄰,,𒄰,,,,
|hi×diš|,,𒄱,,𒄱,,,,
|hi×gad|,,𒄲,,𒄲,,,,
|hi×kin|,,𒄳,,𒄳,,,,
|hi×maš|,,𒓚,,𒓚,,,,
|hi×nun.kaskal|,,𒄴𒆜,,𒄴𒆜,,,,
|hi×nun.me.u|,,𒄴𒈨𒌋,,𒄴𒈨𒌋,,,,
|hi×nun.me|,,𒄴𒈨,,𒄴𒈨,,,,
|hi×nun|,,𒄴,,𒄴,,,,
|hi×u|,,𒄶,,𒄶,,,,
|hi×še|,,𒄵,,𒄵,,,,
|hu.hi|,,𒄷𒄭,,𒄷𒄭,,,,
|hu.kak|,,𒄷𒆕,,𒄷𒆕,,,,
|hu.mi.an.im|,,𒄷𒈪𒀭𒅎,,𒄷𒈪𒀭𒅎,,,,
|hu.na₂|,,𒄷𒈿,,𒄷𒈿,,,,
|hu.si|,,𒄷𒋛,,𒄷𒋛,,,,
|hu.še.erin₂|,,𒄷𒊺𒂟,,𒄷𒊺𒂟,,,,
|hub₂.du|,,𒄸𒁺,,𒄸𒁺,,,,
|hub₂×ud|,,𒄽,,𒄽,,,,
|i.a|,,𒅀,,𒅀,,,,
|i.lu|,,𒄿𒇻,,𒄿𒇻,,,,
|i.lu₂@s.na|,,𒄿𒈕𒈾,,𒄿𒈕𒈾,,,,
|idim&idim.bur|,,𒅃,,𒅃,,,,
|igi&igi.šir&šir.ud&ud|,,𒅉,,𒅉,,,,
|igi.a|,,𒅆𒀀,,𒅆𒀀,,,,
|igi.bi|,,𒅆𒁉,,𒅆𒁉,,,,
|igi.bu|,,𒅆𒁍,,𒅆𒁍,,,,
|igi.dib|,,𒅇,,𒅇,,,,
|igi.dim|,,𒅆𒁴,,𒅆𒁴,,,,
|igi.dub|,,𒅆𒁾,,𒅆𒁾,,,,
|igi.du|,,𒅆𒁺,,𒅆𒁺,,,,
|igi.erin₂|,,𒅆𒂟,,𒅆𒂟,,,,
|igi.eš₂.du.erin₂|,,𒅆𒂠𒁺𒂟,,𒅆𒂠𒁺𒂟,,,,
|igi.eš₂.du|,,𒅆𒂠𒁺,,𒅆𒂠𒁺,,,,
|igi.eš₂|,,𒅆𒂠,,𒅆𒂠,,,,
|igi.e₂|,,𒅆𒂍,,𒅆𒂍,,,,
|igi.gar|,,𒅆𒃻,,𒅆𒃻,,,,
|igi.ga|,,𒅆𒂵,,𒅆𒂵,,,,
|igi.igi|,,𒅆𒅆,,𒅆𒅆,,,,
|igi.kak|,,𒅆𒆕,,𒅆𒆕,,,,
|igi.kur.za|,,𒅆𒆳𒍝,,𒅆𒆳𒍝,,,,
|igi.kur|,,𒅆𒆳,,𒅆𒆳,,,,
|igi.min|,,𒅆𒈫,,𒅆𒈫,,,,
|igi.nagar.bu|,,𒅆𒉄𒁍,,𒅆𒉄𒁍,,,,
|igi.nagar|,,𒅆𒉄,,𒅆𒉄,,,,
|igi.ri|,,𒅈,,𒅈,,,,
|igi.ru|,,𒅆𒊒,,𒅆𒊒,,,,
|igi.tur.tur|,,𒅆𒌉𒌉,,𒅆𒌉𒌉,,,,
|igi.ur.ru.gar|,,𒅆𒌨𒊒𒃻,,𒅆𒌨𒊒𒃻,,,,
|igi.ur@s|,,𒅆𒌪,,𒅆𒌪,,,,
|igi.ur|,,𒅆𒌨,,𒅆𒌨,,,,
|igi.zi|,,𒅆𒍣,,𒅆𒍣,,,,
|igi@g.alan|,,𒅊𒀩,,𒅊𒀩,,,,
|igi@g.tak₄.alan|,,𒅊𒋺𒀩,,𒅊𒋺𒀩,,,,
|il×gan₂@t|,,𒅌,,𒅌,,,,
|il₂.dub₂|,,𒅍𒂀,,𒅍𒂀,,,,
|il₂.ma₂.dub₂|,,𒅍𒈣𒂀,,𒅍𒈣𒂀,,,,
|il₂.ma₂.igi@g|,,𒅍𒈣𒅊,,𒅍𒈣𒅊,,,,
|im%im|,,𒅐,,𒅐,,,,
|im.a.an|,,𒅎𒀀𒀭,,𒅎𒀀𒀭,,,,
|im.a.a|,,𒅎𒀀𒀀,,𒅎𒀀𒀀,,,,
|im.a|,,𒅎𒀀,,𒅎𒀀,,,,
|im.dub₂|,,𒅎𒂀,,𒅎𒂀,,,,
|im.dugud|,,𒅎𒂂,,𒅎𒂂,,,,
|im.dun.dun₃@g@g|,,𒅎𒂄𒂇,,𒅎𒂄𒂇,,,,
|im.dun3@g@g.dun|,,𒅎𒂇𒂄,,𒅎𒂇𒂄,,,,
|im.gan₂.hi×nun.me.u|,,𒅎𒃷𒄴𒈨𒌋,,𒅎𒃷𒄴𒈨𒌋,,,,
|im.hi×nun.me.u.gan₂|,,𒅎𒄴𒈨𒌋𒃷,,𒅎𒄴𒈨𒌋𒃷,,,,
|im.im.kad₃im.kad₃a|,,𒅎𒀀,,𒅎𒀀,,,,
|im.kad₃|,,𒅎𒆑,,𒅎𒆑,,,,
|im.ni.ud|,,𒅎𒉌𒌓,,𒅎𒉌𒌓,,,,
|im.si.a|,,𒅎𒋛𒀀,,𒅎𒋛𒀀,,,,
|im.ud|,,𒅎𒌓,,𒅎𒌓,,,,
|im.šita|,,𒅎𒋖,,𒅎𒋖,,,,
|im.šu₂|,,𒅎𒋙,,𒅎𒋙,,,,
|im@im|,,𒅑,,𒅑,,,,
|im×tak₄|,,𒅏,,𒅏,,,,
|iš.uruda|,,𒅖𒍏,,𒅖𒍏,,,,
|ka.an.ni.si|,,𒅗𒀭𒉌𒋛,,𒅗𒀭𒉌𒋛,,,,
|ka.an.ra|,,𒅗𒀭𒊏,,𒅗𒀭𒊏,,,,
|ka.an|,,𒅗𒀭,,𒅗𒀭,,,,
|ka.balag.ga₂.te.a.du@s.za.na|,,𒅗𒁆𒂷𒋼𒀀𒁽𒍝𒈾,,𒅗𒁆𒂷𒋼𒀀𒁽𒍝𒈾,,,,
|ka.di|,,𒅗𒁲,,𒅗𒁲,,,,
|ka.hi.ga|,,𒅗𒄭𒂵,,𒅗𒄭𒂵,,,,
|ka.hi|,,𒅗𒄭,,𒅗𒄭,,,,
|ka.kak|,,𒅗𒆕,,𒅗𒆕,,,,
|ka.ka|,,𒅗𒅗,,𒅗𒅗,,,,
|ka.u₂|,,𒅗𒌑,,𒅗𒌑,,,,
|ka.šu|,,𒅗𒋗,,𒅗𒋗,,,,
|kab.bu|,,𒆏𒁍,,𒆏𒁍,,,,
|kab.uš|,,𒆏𒍑,,𒆏𒍑,,,,
|kad₃.kad₃|,,𒆑𒆑,,𒆑𒆑,,,,
|kad₄.kad₄.kad₅|,,𒆒𒆒𒆓,,𒆒𒆒𒆓,,,,
|kad₅&kad₅.kad₅&kad₅|,,𒆔𒆔,,𒆔𒆔,,,,
|kad₅&kad₅|,,𒆔,,𒆔,,,,
|kad₅.kad₅|,,𒆓𒆓,,𒆓𒆓,,,,
|kak.giš|,,𒆕𒄑,,𒆕𒄑,,,,
|kak.tar|,,𒆕𒋻,,𒆕𒋻,,,,
|kal%kal|,,𒆙,,𒆙,,,,
|kal.edin|,,𒆗𒂔,,𒆗𒂔,,,,
|kal×bad|,,𒆘,,𒆘,,,,
|kaskal.(lagab×u)&(lagab×u)|,,𒆝,,𒆝,,,,
|kaskal.6(diš)|,,𒆜𒐋,,𒆜𒐋,,,,
|kaskal.bu|,,𒆜𒁍,,𒆜𒁍,,,,
|kaskal.ga|,,𒆜𒂵,,𒆜𒂵,,,,
|kaskal.hi×nun|,,𒆜𒄴,,𒆜𒄴,,,,
|kaskal.kur|,,𒆜𒆳,,𒆜𒆳,,,,
|kaskal.lagab|,,𒆜𒆸,,𒆜𒆸,,,,
|kaskal.lagab×u|,,𒆜𒇥,,𒆜𒇥,,,,
|kaskal.ud@s|,,𒆜𒌚,,𒆜𒌚,,,,
|ka×(ad.ku₃)|,,𒅚,,𒅚,,,,
|ka×(gar.ša₃.a)|,,𒅦,,𒅦,,,,
|ka×(giš.sar)|,,𒅩,,𒅩,,,,
|ka×(me.du)|,,𒅵,,𒅵,,,,
|ka×(me.gar.gar.ra)|,,𒅹,,𒅹,,,,
|ka×(me.gi)|,,𒅶,,𒅶,,,,
|ka×(me.te)|,,𒅷,,𒅷,,,,
|ka×ad|,,𒅙,,𒅙,,,,
|ka×a|,,𒅘,,𒅘,,,,
|ka×aš₂|,,𒅛,,𒅛,,,,
|ka×bad|,,𒅜,,𒅜,,,,
|ka×balag|,,𒅝,,𒅝,,,,
|ka×bar|,,𒅞,,𒅞,,,,
|ka×bu|,,𒓡,,𒓡,,,,
|ka×erin₂|,,𒅠,,𒅠,,,,
|ka×eš₂|,,𒅡,,𒅡,,,,
|ka×ga.sag|,,𒅢𒊕,,𒅢𒊕,,,,
|ka×gal|,,𒅣,,𒅣,,,,
|ka×gan₂@t.ša|,,𒅤𒊭,,𒅤𒊭,,,,
|ka×gan₂@t|,,𒅤,,𒅤,,,,
|ka×gar|,,𒅥,,𒅥,,,,
|ka×ga|,,𒅢,,𒅢,,,,
|ka×gir₂|,,𒅨,,𒅨,,,,
|ka×giš%giš|,,𒅪,,𒅪,,,,
|ka×gur₇|,,𒅬,,𒅬,,,,
|ka×gu|,,𒅫,,𒅫,,,,
|ka×igi|,,𒅭,,𒅭,,,,
|ka×im|,,𒅮,,𒅮,,,,
|ka×kak|,,𒅯,,𒅯,,,,
|ka×ka|,,𒓣,,𒓣,,,,
|ka×kid|,,𒅱,,𒅱,,,,
|ka×li.ka×li|,,𒅲𒅲,,𒅲𒅲,,,,
|ka×li|,,𒅲,,𒅲,,,,
|ka×lu|,,𒅳,,𒅳,,,,
|ka×me|,,𒅴,,𒅴,,,,
|ka×mi|,,𒅸,,𒅸,,,,
|ka×ne|,,𒅺,,𒅺,,,,
|ka×nun|,,𒅻,,𒅻,,,,
|ka×pi|,,𒅼,,𒅼,,,,
|ka×ru|,,𒅽,,𒅽,,,,
|ka×sar|,,𒅿,,𒅿,,,,
|ka×sa|,,𒅾,,𒅾,,,,
|ka×sig|,,𒆄,,𒆄,,,,
|ka×suhur|,,𒆅,,𒆅,,,,
|ka×tar|,,𒆆,,𒆆,,,,
|ka×ud.bar|,,𒆉𒁇,,𒆉𒁇,,,,
|ka×ud|,,𒆉,,𒆉,,,,
|ka×umum×pa|,,𒆊,,𒆊,,,,
|ka×ur|,,𒓦,,𒓦,,,,
|ka×uš|,,𒆋,,𒆋,,,,
|ka×u₂|,,𒆈,,𒆈,,,,
|ka×zi|,,𒆌,,𒆌,,,,
|ka×ša|,,𒆀,,𒆀,,,,
|ka×še@f|,,𒓤,,𒓤,,,,
|ka×še|,,𒆁,,𒆁,,,,
|ka×šid|,,𒆂,,𒆂,,,,
|ka×šu|,,𒆃,,𒆃,,,,
|ka₂%ka₂|,,𒆎,,𒆎,,,,
|ka₂.an.ra|,,𒆍𒀭𒊏,,𒆍𒀭𒊏,,,,
|ka₂.an|,,𒆍𒀭,,𒆍𒀭,,,,
|ka₂.gal|,,𒆍𒃲,,𒆍𒃲,,,,
|ki.an.im|,,𒆠𒀭𒅎,,𒆠𒀭𒅎,,,,
|ki.an.ud|,,𒆠𒀭𒌓,,𒆠𒀭𒌓,,,,
|ki.an.šeš.ki|,,𒆠𒀭𒋀𒆠,,𒆠𒀭𒋀𒆠,,,,
|ki.a|,,𒆠𒀀,,𒆠𒀀,,,,
|ki.aš.aš|,,𒆠𒀸𒀸,,𒆠𒀸𒀸,,,,
|ki.bad|,,𒆠𒁁,,𒆠𒁁,,,,
|ki.bi.gar|,,𒆠𒁉𒃻,,𒆠𒁉𒃻,,,,
|ki.bi.kak|,,𒆠𒁉𒆕,,𒆠𒁉𒆕,,,,
|ki.bi.ni|,,𒆠𒁉𒉌,,𒆠𒁉𒉌,,,,
|ki.bi|,,𒆠𒁉,,𒆠𒁉,,,,
|ki.du.kak|,,𒆠𒁺𒆕,,𒆠𒁺𒆕,,,,
|ki.e.ne.di.an.muš₃|,,𒆠𒂊𒉈𒁲𒀭𒈹,,𒆠𒂊𒉈𒁲𒀭𒈹,,,,
|ki.e.ne.di|,,𒆠𒂊𒉈𒁲,,𒆠𒂊𒉈𒁲,,,,
|ki.en.kak|,,𒆠𒂗𒆕,,𒆠𒂗𒆕,,,,
|ki.gal|,,𒆠𒃲,,𒆠𒃲,,,,
|ki.ib|,,𒆠𒅁,,𒆠𒅁,,,,
|ki.ka.lu₂|,,𒆠𒅗𒇽,,𒆠𒅗𒇽,,,,
|ki.ka.sal|,,𒆠𒅗𒊩,,𒆠𒅗𒊩,,,,
|ki.kak|,,𒆠𒆕,,𒆠𒆕,,,,
|ki.kal.bad.idim|,,𒆠𒆗𒁁𒅂,,𒆠𒆗𒁁𒅂,,,,
|ki.kal.bad|,,𒆠𒆗𒁁,,𒆠𒆗𒁁,,,,
|ki.kal|,,𒆠𒆗,,𒆠𒆗,,,,
|ki.kal×bad|,,𒆠𒆘,,𒆠𒆘,,,,
|ki.ki|,,𒆠𒆠,,𒆠𒆠,,,,
|ki.ku.sag|,,𒆠𒆪𒊕,,𒆠𒆪𒊕,,,,
|ki.lal|,,𒆠𒇲,,𒆠𒇲,,,,
|ki.lam|,,𒆠𒇴,,𒆠𒇴,,,,
|ki.lu.eš₂|,,𒆠𒇻𒂠,,𒆠𒇻𒂠,,,,
|ki.lugal|,,𒆠𒈗,,𒆠𒈗,,,,
|ki.min|,,𒆠𒈫,,𒆠𒈫,,,,
|ki.muš₃@g|,,𒆠𒈽,,𒆠𒈽,,,,
|ki.na.ab.tum|,,𒆠𒈾𒀊𒌈,,𒆠𒈾𒀊𒌈,,,,
|ki.ne.an.muš₃|,,𒆠𒉈𒀭𒈹,,𒆠𒉈𒀭𒈹,,,,
|ki.ne|,,𒆠𒉈,,𒆠𒉈,,,,
|ki.sag.du|,,𒆠𒊕𒁺,,𒆠𒊕𒁺,,,,
|ki.sag.sal|,,𒆠𒊕𒊩,,𒆠𒊕𒊩,,,,
|ki.sag@n|,,𒆠𒊔,,𒆠𒊔,,,,
|ki.sag|,,𒆠𒊕,,𒆠𒊕,,,,
|ki.su.lu.eš₂.gar.ki|,,𒆠𒋢𒇻𒂠𒃻𒆠,,𒆠𒋢𒇻𒂠𒃻𒆠,,,,
|ki.su.lu.eš₂.gar.ra|,,𒆠𒋢𒇻𒂠𒃻𒊏,,𒆠𒋢𒇻𒂠𒃻𒊏,,,,
|ki.su.lu.eš₂.gar|,,𒆠𒋢𒇻𒂠𒃻,,𒆠𒋢𒇻𒂠𒃻,,,,
|ki.su.lu.gar|,,𒆠𒋢𒇻𒃻,,𒆠𒋢𒇻𒃻,,,,
|ki.su.lu.ki.gar|,,𒆠𒋢𒇻𒆠𒃻,,𒆠𒋢𒇻𒆠𒃻,,,,
|ki.su.lu.lagab×u.gar|,,𒆠𒋢𒇻𒇥𒃻,,𒆠𒋢𒇻𒇥𒃻,,,,
|ki.su.lu.šu.gar|,,𒆠𒋢𒇻𒋗𒃻,,𒆠𒋢𒇻𒋗𒃻,,,,
|ki.su.za.lu.eš₂|,,𒆠𒋢𒍝𒇻𒂠,,𒆠𒋢𒍝𒇻𒂠,,,,
|ki.ud.a|,,𒆠𒌓𒀀,,𒆠𒌓𒀀,,,,
|ki.ud|,,𒆠𒌓,,𒆠𒌓,,,,
|ki.uru×min|,,𒆠𒍇,,𒆠𒍇,,,,
|ki.šeš.kak|,,𒆠𒋀𒆕,,𒆠𒋀𒆕,,,,
|kid.balag|,,𒆤𒁆,,𒆤𒁆,,,,
|kid.mah|,,𒆤𒈤,,𒆤𒈤,,,,
|kid.šu₂.ma₂|,,𒆤𒋙𒈣,,𒆤𒋙𒈣,,,,
|kin.kin|,,𒆥𒆥,,𒆥𒆥,,,,
|kisim₅&kisim₅|,,𒆩,,𒆩,,,,
|ki×bad|,,𒆡,,𒆡,,,,
|ki×ud|,,𒆣,,𒆣,,,,
|ki×u|,,𒆢,,𒆢,,,,
|ku&hi×aš₂.ku&hi×aš₂|,,𒆫,,𒆫,,,,
|ku.an|,,𒆪𒀭,,𒆪𒀭,,,,
|ku.bu.nun.tu.ku|,,𒆪𒁍𒉣𒌅𒆪,,𒆪𒁍𒉣𒌅𒆪,,,,
|ku.gar|,,𒆪𒃻,,𒆪𒃻,,,,
|ku.giš%giš|,,𒆪𒄒,,𒆪𒄒,,,,
|ku.idim|,,𒆪𒅂,,𒆪𒅂,,,,
|ku.ki.sag|,,𒆪𒆠𒊕,,𒆪𒆠𒊕,,,,
|ku.ku.ku|,,𒆪𒆪𒆪,,𒆪𒆪𒆪,,,,
|ku.ku|,,𒆪𒆪,,𒆪𒆪,,,,
|ku.nu|,,𒆪𒉡,,𒆪𒉡,,,,
|kur.muš₃@g.za.ki|,,𒆳𒈽𒍝𒆠,,𒆳𒈽𒍝𒆠,,,,
|kur.si.a.ga|,,𒆳𒋛𒀀𒂵,,𒆳𒋛𒀀𒂵,,,,
|kur.ti|,,𒆳𒋾,,𒆳𒋾,,,,
|kur@kur|,,𒆴,,𒆴,,,,
|kušu₂.an.muš₃@g|,,𒓧,,𒓧,,,,
|ku₃.an|,,𒆬𒀭,,𒆬𒀭,,,,
|ku₃.gi|,,𒆬𒄀,,𒆬𒄀,,,,
|ku₃.ud|,,𒆬𒌓,,𒆬𒌓,,,,
|ku₇.ku₇|,,𒆯𒆯,,𒆯𒆯,,,,
|kwu089.gal|,,𒃲,,𒃲,,,,
|lagab.lagab|,,𒆸𒆸,,𒆸𒆸,,,,
|lagab.u.kak|,,𒆸𒌋𒆕,,𒆸𒌋𒆕,,,,
|lagab×(a.da.ha)|,,𒆺,,𒆺,,,,
|lagab×(a.gar)|,,𒆻,,𒆻,,,,
|lagab×(a.lal)|,,𒆼,,𒆼,,,,
|lagab×(gud&gud)|,,𒇇,,𒇇,,,,
|lagab×(gud.gud).a|,,𒇇𒀀,,𒇇𒀀,,,,
|lagab×(im.ha)|,,𒇍,,𒇍,,,,
|lagab×(im.im.šu₂lu)|,,𒇎,,𒇎,,,,
|lagab×(kul.hi.a)|,,𒇓,,𒇓,,,,
|lagab×(me.en)|,,𒇙,,𒇙,,,,
|lagab×(te.a.su.na)|,,𒇤,,𒇤,,,,
|lagab×(u.a)|,,𒇦,,𒇦,,,,
|lagab×(u.u.u).lagab×(u.u.u)|,,𒇧𒇧,,𒇧𒇧,,,,
|lagab×(u.u.u)|,,𒇧,,𒇧,,,,
|lagab×(u₂.aš)|,,𒇨,,𒇨,,,,
|lagab×(še.sum)|,,𒇜,,𒇜,,,,
|lagab×(šita.giš.erin₂)|,,𒇝,,𒇝,,,,
|lagab×(šita@t.giš)|,,𒇞,,𒇞,,,,
|lagab×(šu₂.šu₂)|,,𒇠,,𒇠,,,,
|lagab×a.lum|,,𒆹𒈝,,𒆹𒈝,,,,
|lagab×a.tar|,,𒆹𒋻,,𒆹𒋻,,,,
|lagab×al|,,𒆽,,𒆽,,,,
|lagab×an|,,𒆾,,𒆾,,,,
|lagab×a|,,𒆹,,𒆹,,,,
|lagab×aš@t|,,𒇕,,𒇕,,,,
|lagab×bad|,,𒇀,,𒇀,,,,
|lagab×bi|,,𒇁,,𒇁,,,,
|lagab×dar|,,𒇂,,𒇂,,,,
|lagab×en|,,𒇃,,𒇃,,,,
|lagab×gar|,,𒇅,,𒇅,,,,
|lagab×ga|,,𒇄,,𒇄,,,,
|lagab×gud.lu.hi.a|,,𒇆𒇻𒄭𒀀,,𒇆𒇻𒄭𒀀,,,,
|lagab×gud|,,𒇆,,𒇆,,,,
|lagab×hal.a|,,𒇉𒀀,,𒇉𒀀,,,,
|lagab×hal|,,𒇉,,𒇉,,,,
|lagab×ha|,,𒇈,,𒇈,,,,
|lagab×hi×nun|,,𒇊,,𒇊,,,,
|lagab×igi@g|,,𒇋,,𒇋,,,,
|lagab×im|,,𒇌,,𒇌,,,,
|lagab×kin|,,𒇐,,𒇐,,,,
|lagab×ki|,,𒇏,,𒇏,,,,
|lagab×kul|,,𒇒,,𒇒,,,,
|lagab×ku₃|,,𒇑,,𒇑,,,,
|lagab×lagab|,,𒇔,,𒇔,,,,
|lagab×lul|,,𒇗,,𒇗,,,,
|lagab×lu|,,𒇖,,𒇖,,,,
|lagab×me|,,𒇘,,𒇘,,,,
|lagab×muš|,,𒇚,,𒇚,,,,
|lagab×ne|,,𒇛,,𒇛,,,,
|lagab×sum|,,𒇡,,𒇡,,,,
|lagab×tag|,,𒇢,,𒇢,,,,
|lagab×tak₄|,,𒇣,,𒇣,,,,
|lagab×ud|,,𒇩,,𒇩,,,,
|lagab×u|,,𒇥,,𒇥,,,,
|lagab×uš|,,𒇪,,𒇪,,,,
|lagab×šu₂|,,𒇟,,𒇟,,,,
|lagar@g&lagar@g.še|,,𒇰,,𒇰,,,,
|lagar@g.du@s|,,𒇯𒁽,,𒇯𒁽,,,,
|lagar@g.du|,,𒇯𒁺,,𒇯𒁺,,,,
|lagar×(še.sum)|,,𒇮,,𒇮,,,,
|lagar×še|,,𒇭,,𒇭,,,,
|lak589.pad.a.si|,,𒔏,,𒔏,,,,
|lak589.si.a|,,𒓏,,𒓏,,,,
|lak617×aš|,,𒔐,,𒔐,,,,
|lak648×ni|,,𒓔,,𒓔,,,,
|lak648×uruda|,,𒓗,,𒓗,,,,
|lal.kak|,,𒇲𒆕,,𒇲𒆕,,,,
|lal.lagab|,,𒇲𒆸,,𒇲𒆸,,,,
|lal.ni|,,𒇲𒉌,,𒇲𒉌,,,,
|lal.sar|,,𒇲𒊬,,𒇲𒊬,,,,
|lal₂.a|,,𒇳𒀀,,𒇳𒀀,,,,
|lal₂.du.du|,,𒇳𒁺𒁺,,𒇳𒁺𒁺,,,,
|lal₂.du|,,𒇳𒁺,,𒇳𒁺,,,,
|lal₂.hal|,,𒇳𒄬,,𒇳𒄬,,,,
|lal₂.kak|,,𒇳𒆕,,𒇳𒆕,,,,
|lal₂.lagab|,,𒇳𒆸,,𒇳𒆸,,,,
|lal₂.ni|,,𒇳𒉌,,𒇳𒉌,,,,
|lal₂.sar|,,𒇳𒊬,,𒇳𒊬,,,,
|lal₂.tug₂|,,𒇳𒌆,,𒇳𒌆,,,,
|lal₂.uru×min|,,𒇳𒍇,,𒇳𒍇,,,,
|lal₂.u|,,𒇳𒌋,,𒇳𒌋,,,,
|lam.sag|,,𒇴𒊕,,𒇴𒊕,,,,
|lam×(kur.ru)|,,𒇶,,𒇶,,,,
|lam×kur|,,𒇵,,𒇵,,,,
|lu.eš₂.gar.ki|,,𒇻𒂠𒃻𒆠,,𒇻𒂠𒃻𒆠,,,,
|lu.hul₂|,,𒇻𒄾,,𒇻𒄾,,,,
|lu.ki.kak|,,𒇻𒆠𒆕,,𒇻𒆠𒆕,,,,
|lugal&lugal|,,𒈘,,𒈘,,,,
|lugal.gam|,,𒈗𒃵,,𒈗𒃵,,,,
|lugal.gan|,,𒈗𒃶,,𒈗𒃶,,,,
|lugal.hi×bad|,,𒈗𒄰,,𒈗𒄰,,,,
|lugal@lugal|,,𒈙,,𒈙,,,,
|lul.a|,,𒈜𒀀,,𒈜𒀀,,,,
|lul.balag|,,𒈜𒁆,,𒈜𒁆,,,,
|lum&lum.du@s|,,𒈞𒁽,,𒈞𒁽,,,,
|lum&lum.gar&gar|,,𒈟,,𒈟,,,,
|lum&lum.šu₂|,,𒈞𒋙,,𒈞𒋙,,,,
|lum&lum|,,𒈞,,𒈞,,,,
|lum.lum|,,𒈝𒈝,,𒈝𒈝,,,,
|lu×bad|,,𒇼,,𒇼,,,,
|lu₂%lu₂|,,𒈒,,𒈒,,,,
|lu₂.diš|,,𒇽𒁹,,𒇽𒁹,,,,
|lu₂.en|,,𒇽𒂗,,𒇽𒂗,,,,
|lu₂.ki|,,𒇽𒇽𒇽𒇽,,𒇽𒇽𒇽𒇽,,,,
|lu₂.lagab×u|,,𒔞,,𒔞,,,,
|lu₂.lu₂|,,𒇽𒇽,,𒇽𒇽,,,,
|lu₂.me.en|,,𒇽𒈨𒂗,,𒇽𒈨𒂗,,,,
|lu₂.su.a|,,𒇻𒋢𒀀,,𒇻𒋢𒀀,,,,
|lu₂.su|,,𒇻𒋢,,𒇻𒋢,,,,
|lu₂@g.uš₂|,,𒍗,,𒍗,,,,
|lu₂@lu₂|,,𒈓,,𒈓,,,,
|lu₂@s.na|,,𒈕𒈾,,𒈕𒈾,,,,
|lu₂×(kad₃.aš)|,,𒈇,,𒈇,,,,
|lu₂×(la.aš)|,,𒈉,,𒈉,,,,
|lu₂×(me.en)|,,𒈋,,𒈋,,,,
|lu₂×(si.aš)|,,𒈎,,𒈎,,,,
|lu₂×(sik₂.bu)|,,𒈏,,𒈏,,,,
|lu₂×al|,,𒇾,,𒇾,,,,
|lu₂×aš₂|,,𒔟,,𒔟,,,,
|lu₂×bad|,,𒇿,,𒇿,,,,
|lu₂×eš₂.lal|,,𒈀𒇲,,𒈀𒇲,,,,
|lu₂×eš₂@t|,,𒈁,,𒈁,,,,
|lu₂×eš₂|,,𒈀,,𒈀,,,,
|lu₂×gan₂@t|,,𒈂,,𒈂,,,,
|lu₂×hi×bad|,,𒈃,,𒈃,,,,
|lu₂×im|,,𒈄,,𒈄,,,,
|lu₂×kad₂|,,𒈅,,𒈅,,,,
|lu₂×kad₃|,,𒈆,,𒈆,,,,
|lu₂×ki|,,𒈈,,𒈈,,,,
|lu₂×lagab|,,𒈊,,𒈊,,,,
|lu₂×ne|,,𒈌,,𒈌,,,,
|lu₂×nu|,,𒈍,,𒈍,,,,
|lu₂×tug₂|,,𒈐,,𒈐,,,,
|lu₂×šu|,,𒔢,,𒔢,,,,
|lu₃.pap.pap|,,𒁈𒉽𒉽,,𒁈𒉽𒉽,,,,
|ma@g×tak₄|,,𒈡,,𒈡,,,,
|mar.tu|,,𒈥𒌅,,𒈥𒌅,,,,
|maš.en.kak|,,𒈦𒂗𒆕,,𒈦𒂗𒆕,,,,
|maš.gu₂.gar₃|,,𒈦𒄘𒃼,,𒈦𒄘𒃼,,,,
|maš.kak.en|,,𒈦𒆕𒂗,,𒈦𒆕𒂗,,,,
|maš.kak|,,𒈦𒆕,,𒈦𒆕,,,,
|maš.min|,,𒈦𒈫,,𒈦𒈫,,,,
|maš.pa|,,𒈦𒉺,,𒈦𒉺,,,,
|maš.u.u.u|,,𒈦𒌋𒌋𒌋,,𒈦𒌋𒌋𒌋,,,,
|maš.u.u|,,𒈦𒌋𒌋,,𒈦𒌋𒌋,,,,
|maš.u|,,𒈦𒌋,,𒈦𒌋,,,,
|maš.x|,,𒈦,,𒈦,,,,
|ma₂.igi@g|,,𒈣𒅊,,𒈣𒅊,,,,
|ma₂.kak|,,𒈣𒆕,,𒈣𒆕,,,,
|ma₂.mug|,,𒈣𒈮,,𒈣𒈮,,,,
|me.an.še.naga|,,𒈨𒀭𒊺𒉀,,𒈨𒀭𒊺𒉀,,,,
|me.nun.tag|,,𒈨𒉣𒋳,,𒈨𒉣𒋳,,,,
|me.u.u.u|,,𒈨𒌍,,𒈨𒌍,,,,
|mes.ru|,,𒈩𒊒,,𒈩𒊒,,,,
|mi.mi|,,𒈪𒈪,,𒈪𒈪,,,,
|mi.na.ab.u.gud|,,𒈪𒈾𒀊𒌋𒄞,,𒈪𒈾𒀊𒌋𒄞,,,,
|mu&mu|,,𒈭,,𒈭,,,,
|mu.bu|,,𒈬𒁍,,𒈬𒁍,,,,
|mu.me.u.u.u|,,𒈬𒈨𒌋𒌋𒌋,,𒈬𒈨𒌋𒌋𒌋,,,,
|mu.uš.tug₂.pi|,,𒈬𒍑𒌆𒉿,,𒈬𒍑𒌆𒉿,,,,
|muš%muš.a.na|,,𒈸𒀀𒈾,,𒈸𒀀𒈾,,,,
|muš%muš|,,𒈸,,𒈸,,,,
|muš&muš.a.na|,,𒈶𒀀𒈾,,𒈶𒀀𒈾,,,,
|muš&muš×(a.na)|,,𒈷,,𒈷,,,,
|muš.ša|,,𒈲𒊭,,𒈲𒊭,,,,
|muš×a|,,𒈳,,𒈳,,,,
|muš×za|,,𒈵,,𒈵,,,,
|muš₃.ab@g.za|,,𒈹𒀕𒍝,,𒈹𒀕𒍝,,,,
|muš₃.ab@g|,,𒈹𒀕,,𒈹𒀕,,,,
|muš₃.ab|,,𒈹𒀊,,𒈹𒀊,,,,
|muš₃.bu|,,𒈹𒁍,,𒈹𒁍,,,,
|muš₃.di|,,𒈹𒁲,,𒈹𒁲,,,,
|muš₃.eren|,,𒈹𒂞,,𒈹𒂞,,,,
|muš₃.za.ab@g|,,𒈹𒍝𒀕,,𒈹𒍝𒀕,,,,
|muš₃.za|,,𒈹𒍝,,𒈹𒍝,,,,
|muš₃@g.bu|,,𒈽𒁍,,𒈽𒁍,,,,
|muš₃@g.sik₂.lam|,,𒈽𒋠𒇴,,𒈽𒋠𒇴,,,,
|muš₃×(a.di)|,,𒈻,,𒈻,,,,
|muš₃×a|,,𒈺,,𒈺,,,,
|muš₃×di|,,𒈼,,𒈼,,,,
|na.ru|,,𒈾𒊒,,𒈾𒊒,,,,
|naga@naga|,,𒉃,,𒉃,,,,
|nagar.bu|,,𒉄𒁍,,𒉄𒁍,,,,
|nagar.za@t|,,𒉄𒍞,,𒉄𒍞,,,,
|naga×šu@t|,,𒉂,,𒉂,,,,
|nam.en|,,𒉆𒂗,,𒉆𒂗,,,,
|nam.lugal|,,𒉆𒈗,,𒉆𒈗,,,,
|nam.sal.tug₂|,,𒉆𒊩𒌆,,𒉆𒊩𒌆,,,,
|nam.su|,,𒉆𒋢,,𒉆𒋢,,,,
|na₂.x|,,𒈿,,𒈿,,,,
|ne.gi|,,𒉈𒄀,,𒉈𒄀,,,,
|ne.ru|,,𒉈𒊒,,𒉈𒊒,,,,
|ne.si.a|,,𒉈𒋛𒀀,,𒉈𒋛𒀀,,,,
|ne.si@g|,,𒉈𒋜,,𒉈𒋜,,,,
|ne×a|,,𒉉,,𒉉,,,,
|ne×ud|,,𒉊,,𒉊,,,,
|ni.giš|,,𒉌𒄑,,𒉌𒄑,,,,
|ni.lu|,,𒉌𒇻,,𒉌𒇻,,,,
|ni.ni|,,𒉌𒉌,,𒉌𒉌,,,,
|ni.tuk|,,𒉌𒌇,,𒉌𒌇,,,,
|ni.ud.en|,,𒉌𒌓𒂗,,𒉌𒌓𒂗,,,,
|ni.ud.ki|,,𒉌𒌓𒆠,,𒉌𒌓𒆠,,,,
|ni.ud|,,𒉌𒌓,,𒉌𒌓,,,,
|nim×(gar.gan₂@t)|,,𒉑,,𒉑,,,,
|nim×gan₂@t|,,𒉐,,𒉐,,,,
|ninda₂.aš|,,𒔰,,𒔰,,,,
|ninda₂×(aš.aš)|,,𒉕,,𒉕,,,,
|ninda₂×(me.gan₂@t)|,,𒉗,,𒉗,,,,
|ninda₂×(u₂.aš)|,,𒉞,,𒉞,,,,
|ninda₂×(še.a).an|,,𒉛,,𒉛,,,,
|ninda₂×(še.an)|,,𒉚𒀭,,𒉚𒀭,,,,
|ninda₂×(še.aš)|,,𒉜,,𒉜,,,,
|ninda₂×(še.aš.aš)|,,𒉝,,𒉝,,,,
|ninda₂×an|,,𒉓,,𒉓,,,,
|ninda₂×aš|,,𒉔,,𒉔,,,,
|ninda₂×bal|,,𒔦,,𒔦,,,,
|ninda₂×dub|,,𒔧,,𒔧,,,,
|ninda₂×gud|,,𒉖,,𒉖,,,,
|ninda₂×maš|,,𒔬,,𒔬,,,,
|ninda₂×ne|,,𒉘,,𒉘,,,,
|ninda₂×numun|,,𒉙,,𒉙,,,,
|ninda₂×uš|,,𒉟,,𒉟,,,,
|ninda₂×še.a.an|,,𒉚𒀀𒀭,,𒉚𒀀𒀭,,,,
|ninda₂×še.a|,,𒉚𒀀,,𒉚𒀀,,,,
|ninda₂×še|,,𒉚,,𒉚,,,,
|ninda₂×šid|,,𒔮,,𒔮,,,,
|nun%nun.lagar&lagar|,,𒉬,,𒉬,,,,
|nun%nun|,,𒉫,,𒉫,,,,
|nun&nun|,,𒉪,,𒉪,,,,
|nun.ki|,,𒉣𒆠,,𒉣𒆠,,,,
|nun.lagar|,,𒉣𒇬,,𒉣𒇬,,,,
|nun.lagar×gar|,,𒉤,,𒉤,,,,
|nun.lagar×maš|,,𒉥,,𒉥,,,,
|nun.lagar×sal|,,𒉦,,𒉦,,,,
|nun.lagar×uš|,,𒉨,,𒉨,,,,
|nun.me.du|,,𒉣𒈨𒁺,,𒉣𒈨𒁺,,,,
|nun.me.ka×gan₂@t|,,𒉣𒈨𒅤,,𒉣𒈨𒅤,,,,
|nun.me.ka×me|,,𒉣𒈨𒅴,,𒉣𒈨𒅴,,,,
|nun.me.tag|,,𒉣𒈨𒋳,,𒉣𒈨𒋳,,,,
|nun.me|,,𒉣𒈨,,𒉣𒈨,,,,
|nun.še.lal|,,𒉣𒊺𒇲,,𒉣𒊺𒇲,,,,
|nun.še|,,𒉣𒊺,,𒉣𒊺,,,,
|nun@t.ki|,,𒉩𒆠,,𒉩𒆠,,,,
|nun@t.še|,,𒉩𒊺,,𒉩𒊺,,,,
|nunuz.ab₂|,,𒉭𒀖,,𒉭𒀖,,,,
|nunuz.ab₂×ašgab|,,𒉮,,𒉮,,,,
|nunuz.ab₂×bi|,,𒉯,,𒉯,,,,
|nunuz.ab₂×dug|,,𒉰,,𒉰,,,,
|nunuz.ab₂×gud|,,𒉱,,𒉱,,,,
|nunuz.ab₂×igi@g|,,𒉲,,𒉲,,,,
|nunuz.ab₂×kad₃|,,𒉳,,𒉳,,,,
|nunuz.ab₂×la|,,𒉴,,𒉴,,,,
|nunuz.ab₂×ne|,,𒉵,,𒉵,,,,
|nunuz.ab₂×sila₃|,,𒉶,,𒉶,,,,
|nunuz.ab₂×u₂|,,𒉷,,𒉷,,,,
|nunuz.ab₂×x|,,𒉭,,𒉭,,,,
|nunuz.dim₂|,,𒉭𒁶,,𒉭𒁶,,,,
|nunuz.kisim₅|,,𒉭𒆨,,𒉭𒆨,,,,
|nunuz.kisim₅×bi.u|,,𒉹,,𒉹,,,,
|nunuz.kisim₅×bi|,,𒉸,,𒉸,,,,
|nu₁₁&nu₁₁.bur&bur|,,𒋕,,𒋕,,,,
|nu₁₁.bur.la|,,𒉢𒁓𒆷,,𒉢𒁓𒆷,,,,
|nu₁₁.bur|,,𒉢𒁓,,𒉢𒁓,,,,
|nu₁₁.giš|,,𒉢𒄑,,𒉢𒄑,,,,
|nu₁₁.ir|,,𒉢𒅕,,𒉢𒅕,,,,
|pa.al|,,𒉺𒀠,,𒉺𒀠,,,,
|pa.an|,,𒉺𒀭,,𒉺𒀭,,,,
|pa.dag.kisim₅×gud|,,𒉺𒁖,,𒉺𒁖,,,,
|pa.dag.kisim₅×kak|,,𒉺𒁖,,𒉺𒁖,,,,
|pa.du@g|,,𒉺𒁼,,𒉺𒁼,,,,
|pa.du@s|,,𒉺𒁽,,𒉺𒁽,,,,
|pa.dun₃|,,𒉺𒂅,,𒉺𒂅,,,,
|pa.du|,,𒉺𒁺,,𒉺𒁺,,,,
|pa.e₂|,,𒉺𒂍,,𒉺𒂍,,,,
|pa.gan|,,𒉺𒃶,,𒉺𒃶,,,,
|pa.ga₂|,,𒉺𒂷,,𒉺𒂷,,,,
|pa.gisal.pad|,,𒉺𒄐𒉻,,𒉺𒄐𒉻,,,,
|pa.gisal.si.a.pad|,,𒉺𒄐𒋛𒀀𒉻,,𒉺𒄐𒋛𒀀𒉻,,,,
|pa.gisal.si.a|,,𒉺𒄐𒋛𒀀,,𒉺𒄐𒋛𒀀,,,,
|pa.gi|,,𒉺𒄀,,𒉺𒄀,,,,
|pa.gu₂@g|,,𒉺𒄝,,𒉺𒄝,,,,
|pa.gu₂×nun|,,𒉺𒄛,,𒉺𒄛,,,,
|pa.hub₂.du|,,𒉺𒄸𒁺,,𒉺𒄸𒁺,,,,
|pa.hub₂|,,𒉺𒄸,,𒉺𒄸,,,,
|pa.ib|,,𒉺𒅁,,𒉺𒅁,,,,
|pa.kak|,,𒉺𒆕,,𒉺𒆕,,,,
|pa.lugal|,,𒉺𒈗,,𒉺𒈗,,,,
|pa.lu|,,𒉺𒇻,,𒉺𒇻,,,,
|pa.me.u.u.u|,,𒉺𒈨𒌋𒌋𒌋,,𒉺𒈨𒌋𒌋𒌋,,,,
|pa.nun.lagar|,,𒉺𒉣𒇬,,𒉺𒉣𒇬,,,,
|pa.sud.el|,,𒉺𒋤𒂖,,𒉺𒋤𒂖,,,,
|pa.su|,,𒉺𒋢,,𒉺𒋢,,,,
|pa.te.si.gar|,,𒉺𒋼𒋛𒃻,,𒉺𒋼𒋛𒃻,,,,
|pa.te.si|,,𒉺𒋼𒋛,,𒉺𒋼𒋛,,,,
|pa.te|,,𒉺𒋼,,𒉺𒋼,,,,
|pa.tug₂|,,𒉺𒌆,,𒉺𒌆,,,,
|pa.tuk.du|,,𒉺𒌇𒁺,,𒉺𒌇𒁺,,,,
|pa.uru×min|,,𒉺𒍇,,𒉺𒍇,,,,
|pa.uzu|,,𒉺𒍜,,𒉺𒍜,,,,
|pa.ša₆|,,𒉺𒊷,,𒉺𒊷,,,,
|pa.še|,,𒉺𒊺,,𒉺𒊺,,,,
|pad.an.muš₂|,,𒉻𒀭𒈽,,𒉻𒀭𒈽,,,,
|pad.an.muš₃|,,𒉻𒀭𒈹,,𒉻𒀭𒈹,,,,
|pad.dug.giš.si|,,𒉻𒂁𒄑𒋛,,𒉻𒂁𒄑𒋛,,,,
|pad.muš₃|,,𒉻𒈹,,𒉻𒈹,,,,
|pap.e|,,𒉽𒂊,,𒉽𒂊,,,,
|pap.hal|,,𒉽𒄬,,𒉽𒄬,,,,
|pap.igi@g.nun.me|,,𒉽𒅊𒉣𒈨,,𒉽𒅊𒉣𒈨,,,,
|pap.igi@g|,,𒉽𒅊,,𒉽𒅊,,,,
|pap.iš|,,𒉽𒅖,,𒉽𒅖,,,,
|pap.na₂|,,𒉽𒈿,,𒉽𒈿,,,,
|pap.pap.4×idim|,,𒉽𒉽,,𒉽𒉽,,,,
|pap.pap|,,𒉽𒉽,,𒉽𒉽,,,,
|pap.pap×še|,,𒉽,,𒉽,,,,
|pap.še.pap|,,𒉽𒊺𒉽,,𒉽𒊺𒉽,,,,
|pi%pi|,,𒊉,,𒊉,,,,
|pi.giš.tug₂|,,𒉿𒄑𒌆,,𒉿𒄑𒌆,,,,
|pirig.ab@g.gal|,,𒊊𒀕𒃲,,𒊊𒀕𒃲,,,,
|pirig.pirig|,,𒊊𒊊,,𒊊𒊊,,,,
|pirig.tur|,,𒊊𒌉,,𒊊𒌉,,,,
|pirig@pirig|,,𒊎,,𒊎,,,,
|pirig×kal|,,𒊋,,𒊋,,,,
|pirig×ud|,,𒊌,,𒊌,,,,
|pirig×za|,,𒊍,,𒊍,,,,
|pi×a|,,𒊀,,𒊀,,,,
|pi×e|,,𒊄,,𒊄,,,,
|pi×i|,,𒊅,,𒊅,,,,
|pi×u|,,𒊇,,𒊇,,,,
|pi×u₂|,,𒊈,,𒊈,,,,
|ra.ra|,,𒊏𒊏,,𒊏𒊏,,,,
|rab.gal|,,𒊐𒃲,,𒊐𒃲,,,,
|rab.gan|,,𒊐𒃶,,𒊐𒃶,,,,
|rab.hi×bad|,,𒊐𒄰,,𒊐𒄰,,,,
|rab.mah|,,𒊐𒈤,,𒊐𒈤,,,,
|rab.tur.tur|,,𒊐𒌉𒌉,,𒊐𒌉𒌉,,,,
|ru.ne|,,𒊒𒉈,,𒊒𒉈,,,,
|sa.hi×še.kak|,,𒊓𒄵𒆕,,𒊓𒄵𒆕,,,,
|sag&sag|,,𒊧,,𒊧,,,,
|sag.an|,,𒊕𒀭,,𒊕𒀭,,,,
|sag.dun₃|,,𒊕𒂅,,𒊕𒂅,,,,
|sag.ezen|,,𒊕𒂡,,𒊕𒂡,,,,
|sag.pa.lagab|,,𒊕𒉺𒆸,,𒊕𒉺𒆸,,,,
|sag.sal|,,𒊕𒊩,,𒊕𒊩,,,,
|sag×a|,,𒊖,,𒊖,,,,
|sag×dub|,,𒊘,,𒊘,,,,
|sag×du|,,𒊗,,𒊗,,,,
|sag×ha|,,𒊙,,𒊙,,,,
|sag×kak.gaba|,,𒊚𒃮,,𒊚𒃮,,,,
|sag×kak|,,𒊚,,𒊚,,,,
|sag×kur|,,𒊛,,𒊛,,,,
|sag×lum|,,𒊜,,𒊜,,,,
|sag×mi|,,𒊝,,𒊝,,,,
|sag×nun|,,𒊞,,𒊞,,,,
|sag×sal|,,𒊟,,𒊟,,,,
|sag×tak₄|,,𒔳,,𒔳,,,,
|sag×ub|,,𒊣,,𒊣,,,,
|sag×um|,,𒊤,,𒊤,,,,
|sag×ur|,,𒊥,,𒊥,,,,
|sag×uš|,,𒊦,,𒊦,,,,
|sag×u₂|,,𒊢,,𒊢,,,,
|sag×šid|,,𒊠,,𒊠,,,,
|sal.al|,,𒊩𒀠,,𒊩𒀠,,,,
|sal.anše|,,𒊩𒀲,,𒊩𒀲,,,,
|sal.arad.dam|,,𒊩𒀴𒁮,,𒊩𒀴𒁮,,,,
|sal.aš₂.gar₃|,,𒊩𒀾𒃼,,𒊩𒀾𒃼,,,,
|sal.bar|,,𒊩𒁇,,𒊩𒁇,,,,
|sal.en|,,𒊩𒂗,,𒊩𒂗,,,,
|sal.eš₂|,,𒊩𒂠,,𒊩𒂠,,,,
|sal.ga₂×pa|,,𒊩𒃢,,𒊩𒃢,,,,
|sal.hub₂|,,𒊩𒄸,,𒊩𒄸,,,,
|sal.kur|,,𒊩𒆳,,𒊩𒆳,,,,
|sal.ku|,,𒊩𒆪,,𒊩𒆪,,,,
|sal.kušu₂|,,𒊩𒆵,,𒊩𒆵,,,,
|sal.lagab|,,𒊩𒆸,,𒊩𒆸,,,,
|sal.lagar|,,𒊩𒇬,,𒊩𒇬,,,,
|sal.la|,,𒊩𒆷,,𒊩𒆷,,,,
|sal.ma|,,𒊩𒈠,,𒊩𒈠,,,,
|sal.me|,,𒊩𒈨,,𒊩𒈨,,,,
|sal.sik₂|,,𒊩𒋠,,𒊩𒋠,,,,
|sal.tab.kun|,,𒊩𒋰𒆲,,𒊩𒋰𒆲,,,,
|sal.tak₄|,,𒊩𒋺,,𒊩𒋺,,,,
|sal.tug₂.pap.igi@g.nun.me.ezen×kaskal|,,𒊩𒌆𒉽𒅊𒉣𒈨𒂬,,𒊩𒌆𒉽𒅊𒉣𒈨𒂬,,,,
|sal.tug₂|,,𒊩𒌆,,𒊩𒌆,,,,
|sal.tuk|,,𒊩𒌇,,𒊩𒌇,,,,
|sal.ud.edin|,,𒊩𒌓𒂔,,𒊩𒌓𒂔,,,,
|sal.ud|,,𒊩𒌓,,𒊩𒌓,,,,
|sal.ur|,,𒊩𒌨,,𒊩𒌨,,,,
|sal.uš.dam|,,𒊩𒍑𒁮,,𒊩𒍑𒁮,,,,
|sal.uš.di|,,𒊩𒍑𒁲,,𒊩𒍑𒁲,,,,
|sal.uš|,,𒊩𒍑,,𒊩𒍑,,,,
|sar.sar|,,𒊬𒊬,,𒊬𒊬,,,,
|si.a.bur₂|,,𒋛𒀀𒁔,,𒋛𒀀𒁔,,,,
|si.a|,,𒋛𒀀,,𒋛𒀀,,,,
|si.giš.pad.dug|,,𒋛𒄑𒉻𒂁,,𒋛𒄑𒉻𒂁,,,,
|si@g.a|,,𒋜𒀀,,𒋜𒀀,,,,
|sig.mu.bu|,,𒋝𒈬𒁍,,𒋝𒈬𒁍,,,,
|sig₄&sig₄.šu₂|,,𒋟,,𒋟,,,,
|sig₄.idim|,,𒋞𒅂,,𒋞𒅂,,,,
|sig₄.sig₄.šu₂|,,𒋞𒋞𒋙,,𒋞𒋞𒋙,,,,
|sik₂.aš|,,𒋠𒀸,,𒋠𒀸,,,,
|sik₂.bu|,,𒋠𒁍,,𒋠𒁍,,,,
|sik₂.lam.suhur|,,𒋠𒇴𒋦,,𒋠𒇴𒋦,,,,
|sik₂.lam|,,𒋠𒇴,,𒋠𒇴,,,,
|sik₂.mu.bu|,,𒋠𒈬𒁍,,𒋠𒈬𒁍,,,,
|sik₂.pa.ib|,,𒋠𒉺𒅁,,𒋠𒉺𒅁,,,,
|sik₂.sud|,,𒋠𒋤,,𒋠𒋤,,,,
|sik₂.suhur|,,𒋠𒋦,,𒋠𒋦,,,,
|sila₃.gaba|,,𒋡𒃮,,𒋡𒃮,,,,
|sila₃.šu.gaba|,,𒋡𒋗𒃮,,𒋡𒋗𒃮,,,,
|si×tak₄|,,𒔼,,𒔼,,,,
|su&su.a|,,𒋣𒀀,,𒋣𒀀,,,,
|su&su|,,𒋣,,𒋣,,,,
|su.a|,,𒋢𒀀,,𒋢𒀀,,,,
|su.edin|,,𒋢𒂔,,𒋢𒂔,,,,
|su.ki.lu.eš₂.ki|,,𒋢𒆠𒇻𒂠𒆠,,𒋢𒆠𒇻𒂠𒆠,,,,
|su.kur.ru|,,𒋢𒆳𒊒,,𒋢𒆳𒊒,,,,
|su.kur|,,𒋢𒆳,,𒋢𒆳,,,,
|su.ru×kur|,,𒋢,,𒋢,,,,
|sud.nun.eš₂.tu|,,𒋤𒉣𒂠𒌅,,𒋤𒉣𒂠𒌅,,,,
|sud.nun.še.eš₂|,,𒋤𒉣𒊺𒂠,,𒋤𒉣𒊺𒂠,,,,
|sud.pa.el|,,𒋤𒉺𒂖,,𒋤𒉺𒂖,,,,
|sumaš.maš|,,𒋨𒈦,,𒋨𒈦,,,,
|sumaš.me|,,𒋨𒈨,,𒋨𒈨,,,,
|tab&tab.ni&ni.diš&diš|,,𒋱,,𒋱,,,,
|tab.aš|,,𒋰𒀸,,𒋰𒀸,,,,
|tab.kun|,,𒋰𒆲,,𒋰𒆲,,,,
|tab.tab.aš|,,𒋰𒋰𒀸,,𒋰𒋰𒀸,,,,
|tab.tab.tab.aš|,,𒋰𒋰𒋰𒀸,,𒋰𒋰𒋰𒀸,,,,
|tab.tab.tab.tab.aš|,,𒋰𒋰𒋰𒋰𒀸,,𒋰𒋰𒋰𒋰𒀸,,,,
|tab.tab.tab.tab|,,𒋰𒋰𒋰𒋰,,𒋰𒋰𒋰𒋰,,,,
|tab.tab.tab|,,𒋰𒋰𒋰,,𒋰𒋰𒋰,,,,
|tab.ti|,,𒋰𒋾,,𒋰𒋾,,,,
|tag.gam.me|,,𒋳𒃵𒈨,,𒋳𒃵𒈨,,,,
|tag.tag|,,𒋳𒋳,,𒋳𒋳,,,,
|tag.tug₂|,,𒋳𒌆,,𒋳𒌆,,,,
|tag×gud|,,𒋵,,𒋵,,,,
|tag×tug₂|,,𒋸,,𒋸,,,,
|tag×ud|,,𒋹,,𒋹,,,,
|tag×še|,,𒋶,,𒋶,,,,
|tag×šu|,,𒋷,,𒋷,,,,
|tak₄.alan|,,𒋺𒀩,,𒋺𒀩,,,,
|tak₄.tak₄|,,𒋺𒋺,,𒋺𒋺,,,,
|ta×hi|,,𒋭,,𒋭,,,,
|ta×mi|,,𒋮,,𒋮,,,,
|te.ab@g|,,𒋼𒀕,,𒋼𒀕,,,,
|te.ab|,,𒋼𒀊,,𒋼𒀊,,,,
|te.a|,,𒋼𒀀,,𒋼𒀀,,,,
|te.lal|,,𒋼𒇲,,𒋼𒇲,,,,
|te.me|,,𒋼𒈨,,𒋼𒈨,,,,
|te.muš₃|,,𒋼𒈹,,𒋼𒈹,,,,
|te@g.ab@g|,,𒋽𒀕,,𒋽𒀕,,,,
|tug₂.bu.tug₂.tu|,,𒌆𒁍𒌆𒌅,,𒌆𒁍𒌆𒌅,,,,
|tug₂.du@s|,,𒌆𒁽,,𒌆𒁽,,,,
|tug₂.ud|,,𒌆𒌓,,𒌆𒌓,,,,
|tuk.tuk|,,𒌇𒌇,,𒌇𒌇,,,,
|tum×gan₂@t|,,𒔾,,𒔾,,,,
|tur&tur.za&za|,,𒌊,,𒌊,,,,
|tur.arad|,,𒌉𒀴,,𒌉𒀴,,,,
|tur.diš|,,𒌉𒁹,,𒌉𒁹,,,,
|tur.eš₂|,,𒌉𒂠,,𒌉𒂠,,,,
|tur.sag|,,𒌉𒊕,,𒌉𒊕,,,,
|tur.sal.tur.tur|,,𒌉𒊩𒌉𒌉,,𒌉𒊩𒌉𒌉,,,,
|tur.tur|,,𒌉𒌉,,𒌉𒌉,,,,
|tur.uš|,,𒌉𒍑,,𒌉𒍑,,,,
|u&u.pa&pa.gar&gar|,,𒌎,,𒌎,,,,
|u&u.sur&sur|,,𒌏,,𒌏,,,,
|u&u.u&u.u|,,𒐐,,𒐐,,,,
|u&u.u@v&u@v|,,𒌐,,𒌐,,,,
|u.5(diš)|,,𒌋𒐊,,𒌋𒐊,,,,
|u.ad|,,𒌋𒀜,,𒌋𒀜,,,,
|u.dar|,,𒌋𒁯,,𒌋𒁯,,,,
|u.dim|,,𒌋𒁴,,𒌋𒁴,,,,
|u.dim×še|,,𒌋𒁵,,𒌋𒁵,,,,
|u.edin|,,𒌋𒂔,,𒌋𒂔,,,,
|u.en×gan₂@t|,,𒌋𒂙,,𒌋𒂙,,,,
|u.ga.hi|,,𒌋𒂵𒄭,,𒌋𒂵𒄭,,,,
|u.gan|,,𒌋𒃶,,𒌋𒃶,,,,
|u.ga|,,𒌋𒂵,,𒌋𒂵,,,,
|u.gud|,,𒌌,,𒌌,,,,
|u.gur|,,𒌋𒄥,,𒌋𒄥,,,,
|u.ka|,,𒌋𒅗,,𒌋𒅗,,,,
|u.kid|,,𒌋𒆤,,𒌋𒆤,,,,
|u.maš.kab|,,𒌋𒈦𒆏,,𒌋𒈦𒆏,,,,
|u.mu|,,𒌋𒈬,,𒌋𒈬,,,,
|u.pirig|,,𒌋𒊊,,𒌋𒊊,,,,
|u.sag|,,𒌋𒊕,,𒌋𒊕,,,,
|u.sar|,,𒌋𒊬,,𒌋𒊬,,,,
|u.tug₂|,,𒌋𒌆,,𒌋𒌆,,,,
|u.u.u.aš₃|,,𒌋𒌋𒌋𒐋,,𒌋𒌋𒌋𒐋,,,,
|u.u.u|,,𒌍,,𒌍,,,,
|u.ud.kid|,,𒌋𒌓𒆤,,𒌋𒌓𒆤,,,,
|u.ud|,,𒌋𒌓,,𒌋𒌓,,,,
|u.ur@s|,,𒌋𒌪,,𒌋𒌪,,,,
|u.u|,,𒌋𒌋,,𒌋𒌋,,,,
|u.zag|,,𒌋𒍠,,𒌋𒍠,,,,
|u.ša|,,𒌋𒊭,,𒌋𒊭,,,,
|ub.me|,,𒌒𒈨,,𒌒𒈨,,,,
|ub.ri|,,𒌒𒊑,,𒌒𒊑,,,,
|ud.ab@g|,,𒌓𒀕,,𒌓𒀕,,,,
|ud.ab|,,𒌓𒀊,,𒌓𒀊,,,,
|ud.an.ud|,,𒌓𒀭𒌓,,𒌓𒀭𒌓,,,,
|ud.an.šeš.ki|,,𒌓𒀭𒋀𒆠,,𒌓𒀭𒋀𒆠,,,,
|ud.a|,,𒌓𒀀,,𒌓𒀀,,,,
|ud.du.bu|,,𒌓𒁺𒁍,,𒌓𒁺𒁍,,,,
|ud.du|,,𒌓𒁺,,𒌓𒁺,,,,
|ud.gan|,,𒌓𒃶,,𒌓𒃶,,,,
|ud.giš%giš.nun|,,𒌓𒄒𒉣,,𒌓𒄒𒉣,,,,
|ud.hi×aš₂|,,𒌓𒄯,,𒌓𒄯,,,,
|ud.hu.hi.nun.na|,,𒌓𒄷𒄭𒉣𒈾,,𒌓𒄷𒄭𒉣𒈾,,,,
|ud.hu.hi.nun|,,𒌓𒄷𒄭𒉣,,𒌓𒄷𒄭𒉣,,,,
|ud.ka.bar|,,𒌓𒅗𒁇,,𒌓𒅗𒁇,,,,
|ud.kid|,,𒌓𒆤,,𒌓𒆤,,,,
|ud.kušu₂|,,𒌔,,𒌔,,,,
|ud.ma₂.ab×ha.ki.tag|,,𒌓𒈣𒀏𒆠𒋳,,𒌓𒈣𒀏𒆠𒋳,,,,
|ud.ma₂.ab×ha.tag|,,𒌓𒈣𒀏𒋳,,𒌓𒈣𒀏𒋳,,,,
|ud.ma₂.ab×ha.šir|,,𒌓𒈣𒀏𒋓,,𒌓𒈣𒀏𒋓,,,,
|ud.ma₂.ab×ha|,,𒌓𒈣𒀏,,𒌓𒈣𒀏,,,,
|ud.ni|,,𒌓𒉌,,𒌓𒉌,,,,
|ud.nun|,,𒌓𒉣,,𒌓𒉣,,,,
|ud.sal.hub₂|,,𒌓𒊩𒄸,,𒌓𒊩𒄸,,,,
|ud.sar|,,𒌓𒊬,,𒌓𒊬,,,,
|ud.ud.ak|,,𒌓𒌓𒀝,,𒌓𒌓𒀝,,,,
|ud.ud|,,𒌓𒌓,,𒌓𒌓,,,,
|ud.šeš.ki|,,𒌓𒋀𒆠,,𒌓𒋀𒆠,,,,
|ud@s.kid|,,𒌚𒆤,,𒌚𒆤,,,,
|ud@s.kušu₂|,,𒌚𒆵,,𒌚𒆵,,,,
|ud@s×bad|,,𒌛,,𒌛,,,,
|ud×(u.u.u).an.šeš.ki|,,𒌗𒀭𒋀𒆠,,𒌗𒀭𒋀𒆠,,,,
|ud×(u.u.u)@g|,,𒌘,,𒌘,,,,
|ud×(u.u.u)|,,𒌗,,𒌗,,,,
|ud×bad|,,𒌕,,𒌕,,,,
|ud×mi|,,𒌖,,𒌖,,,,
|um.lagab|,,𒌝𒆸,,𒌝𒆸,,,,
|um.me|,,𒌝𒈨,,𒌝𒈨,,,,
|umum×kaskal|,,𒌤,,𒌤,,,,
|umum×pa|,,𒌥,,𒌥,,,,
|um×(me.da)|,,𒌟,,𒌟,,,,
|um×lagab|,,𒌞,,𒌞,,,,
|um×u.lagab|,,𒌡𒆸,,𒌡𒆸,,,,
|um×u|,,𒌡,,𒌡,,,,
|um×ša₃|,,𒌠,,𒌠,,,,
|ur%ur|,,𒌩,,𒌩,,,,
|ur.mah|,,𒌨𒈤,,𒌨𒈤,,,,
|uru.me.u.u.u|,,𒌷𒈨𒌋𒌋𒌋,,𒌷𒈨𒌋𒌋𒌋,,,,
|uruda×u.lagab|,,𒍐𒆸,,𒍐𒆸,,,,
|uruda×u.u|,,𒍐𒌋,,𒍐𒌋,,,,
|uruda×u|,,𒍐,,𒍐,,,,
|uru×(min.ni)|,,𒍈,,𒍈,,,,
|uru×a|,,𒌸,,𒌸,,,,
|uru×bar|,,𒌺,,𒌺,,,,
|uru×gal|,,𒌽,,𒌽,,,,
|uru×gan₂@t|,,𒌾,,𒌾,,,,
|uru×gar|,,𒌿,,𒌿,,,,
|uru×ga|,,𒌼,,𒌼,,,,
|uru×gu|,,𒍀,,𒍀,,,,
|uru×ha|,,𒍁,,𒍁,,,,
|uru×igi|,,𒍂,,𒍂,,,,
|uru×im|,,𒍃,,𒍃,,,,
|uru×min|,,𒍇,,𒍇,,,,
|uru×tu.uru×tu|,,𒍋𒍋,,𒍋𒍋,,,,
|uru×tu|,,𒍋,,𒍋,,,,
|uru×ud|,,𒍍,,𒍍,,,,
|uru×uruda|,,𒍎,,𒍎,,,,
|uru×še|,,𒍉,,𒍉,,,,
|ur₂×(a.ha)|,,𒌬,,𒌬,,,,
|ur₂×(u₂.aš)|,,𒌲,,𒌲,,,,
|ur₂×(u₂.bi)|,,𒌳,,𒌳,,,,
|ur₂×al|,,𒌮,,𒌮,,,,
|ur₂×ha|,,𒌯,,𒌯,,,,
|ur₂×nun|,,𒌰,,𒌰,,,,
|ur₂×u₂|,,𒌱,,𒌱,,,,
|uz₃.kaskal|,,𒍚𒆜,,𒍚𒆜,,,,
|uz₃×kaskal|,,𒍛,,𒍛,,,,
|uš.bar|,,𒍑𒁇,,𒍑𒁇,,,,
|uš.bu.da|,,𒍑𒁍𒁕,,𒍑𒁍𒁕,,,,
|uš.dam|,,𒍑𒁮,,𒍑𒁮,,,,
|uš.ga|,,𒍑𒂵,,𒍑𒂵,,,,
|uš.ku|,,𒍑𒆪,,𒍑𒆪,,,,
|uš.sal.dam|,,𒍑𒊩𒁮,,𒍑𒊩𒁮,,,,
|uš.sa|,,𒍑𒊓,,𒍑𒊓,,,,
|uš.tug₂.pi|,,𒍑𒌆𒉿,,𒍑𒌆𒉿,,,,
|uš×a|,,𒍒,,𒍒,,,,
|uš×kur|,,𒍔,,𒍔,,,,
|uš×ku|,,𒍓,,𒍓,,,,
|uš×tak₄|,,𒍕,,𒍕,,,,
|u₂.gir₂@g|,,𒌑𒄉,,𒌑𒄉,,,,
|u₂.giš.mi|,,𒌑𒄑𒈪,,𒌑𒄑𒈪,,,,
|u₂.giš.sar|,,𒌑𒄑𒊬,,𒌑𒄑𒊬,,,,
|u₂.ka|,,𒌑𒅗,,𒌑𒅗,,,,
|u₂.ka×li|,,𒌑𒅲,,𒌑𒅲,,,,
|u₂.ki.sum.ga|,,𒌑𒆠𒋧𒂵,,𒌑𒆠𒋧𒂵,,,,
|u₂.kur.ni.tuk.ki|,,𒌑𒆳𒉌𒌇𒆠,,𒌑𒆳𒉌𒌇𒆠,,,,
|u₂.kur.ra|,,𒌑𒆳𒊏,,𒌑𒆳𒊏,,,,
|u₂.kur.za.muš₃@g.ki|,,𒌑𒆳𒍝𒈽𒆠,,𒌑𒆳𒍝𒈽𒆠,,,,
|u₂.naga.ga|,,𒌑𒉀𒂵,,𒌑𒉀𒂵,,,,
|u₂.naga|,,𒌑𒉀,,𒌑𒉀,,,,
|u₂.sa.ka.kak|,,𒌑𒊓𒅗𒆕,,𒌑𒊓𒅗𒆕,,,,
|u₂.sag|,,𒌑𒊕,,𒌑𒊕,,,,
|u₂.sa|,,𒌑𒊓,,𒌑𒊓,,,,
|u₂.ur₂|,,𒌑𒌫,,𒌑𒌫,,,,
|u₂.za.muš₃|,,𒌑𒍝𒈹,,𒌑𒍝𒈹,,,,
|za.an.muš₃@g|,,𒍝𒀭𒈽,,𒍝𒀭𒈽,,,,
|za.dun₃@g@g|,,𒍝𒂇,,𒍝𒂇,,,,
|za.dun₃@g|,,𒍝𒂆,,𒍝𒂆,,,,
|za.gul|,,𒍝𒄢,,𒍝𒄢,,,,
|za.ib|,,𒍝𒅁,,𒍝𒅁,,,,
|za.kur.a|,,𒍝𒆳𒀀,,𒍝𒆳𒀀,,,,
|za.kur|,,𒍝𒆳,,𒍝𒆳,,,,
|za.muš₃.ab@g|,,𒍝𒈹𒀕,,𒍝𒈹𒀕,,,,
|za.muš₃.di|,,𒍝𒈹𒁲,,𒍝𒈹𒁲,,,,
|za.muš₃@g.ab@g|,,𒍝𒈽𒀕,,𒍝𒈽𒀕,,,,
|za.muš₃@g.di|,,𒍝𒈽𒁲,,𒍝𒈽𒁲,,,,
|za.muš₃@g.eren|,,𒍝𒈽𒂞,,𒍝𒈽𒂞,,,,
|za.muš₃@g|,,𒍝𒈽,,𒍝𒈽,,,,
|za.muš₃|,,𒍝𒈹,,𒍝𒈹,,,,
|za.nim|,,𒍝𒉏,,𒍝𒉏,,,,
|za.su|,,𒍝𒋢,,𒍝𒋢,,,,
|zag.an|,,𒍠𒀭,,𒍠𒀭,,,,
|zag.ga|,,𒍠𒂵,,𒍠𒂵,,,,
|zag.ha|,,𒍠𒄩,,𒍠𒄩,,,,
|zi&zi.a|,,𒍤𒀀,,𒍤𒀀,,,,
|zi&zi.eš₂|,,𒍤𒂠,,𒍤𒂠,,,,
|zi&zi.lagab|,,𒍤𒆸,,𒍤𒆸,,,,
|zi&zi|,,𒍤,,𒍤,,,,
|zi.me.u.u.u|,,𒍣𒈨𒌋𒌋𒌋,,𒍣𒈨𒌋𒌋𒌋,,,,
|ziz₂.a.an|,,𒍩𒀀𒀭,,𒍩𒀀𒀭,,,,
|ziz₂.an.na|,,𒍩𒀭𒈾,,𒍩𒀭𒈾,,,,
|ziz₂.an|,,𒍩𒀭,,𒍩𒀭,,,,
|ziz₂.a|,,𒍩𒀀,,𒍩𒀀,,,,
|zi₃.lu₃|,,𒍥𒈖,,𒍥𒈖,,,,
|zu&zu.sar|,,𒕇,,𒕇,,,,
|zu.ab|,,𒍪𒀊,,𒍪𒀊,,,,
|zum.lagab|,,𒍮𒆸,,𒍮𒆸,,,,
|zum.si|,,𒔎,,𒔎,,,,
|zu₅×a|,,𒍬,,𒍬,,,,
|šar₂×(gal.diš)|,,𒐲,,𒐲,,,,
|šar₂×(gal.min)|,,𒐳,,𒐳,,,,
|ša₃.a|,,𒊮𒀀,,𒊮𒀀,,,,
|ša₃.diš|,,𒊮𒁹,,𒊮𒁹,,,,
|ša₃.gi|,,𒊮𒄀,,𒊮𒄀,,,,
|ša₃.giš.sar|,,𒊮𒄑𒊬,,𒊮𒄑𒊬,,,,
|ša₃.lagab|,,𒊮𒆸,,𒊮𒆸,,,,
|ša₃.min.di|,,𒊮𒈫𒁲,,𒊮𒈫𒁲,,,,
|ša₃.min.kaskal|,,𒊮𒈫𒆜,,𒊮𒈫𒆜,,,,
|ša₃.min.tar|,,𒊮𒈫𒋻,,𒊮𒈫𒋻,,,,
|ša₃.sar|,,𒊮𒊬,,𒊮𒊬,,,,
|ša₃.tar|,,𒊮𒋻,,𒊮𒋻,,,,
|ša₃×(u.a)|,,𒊶,,𒊶,,,,
|ša₃×a|,,𒊯,,𒊯,,,,
|ša₃×bad|,,𒊰,,𒊰,,,,
|ša₃×ne|,,𒊲,,𒊲,,,,
|ša₃×tur|,,𒊴,,𒊴,,,,
|ša₃×u|,,𒊵,,𒊵,,,,
|ša₃×šu₂|,,𒊳,,𒊳,,,,
|ša₆.tur|,,𒊷𒌉,,𒊷𒌉,,,,
|še&še.gad&gad.gar&gar|,,𒊼,,𒊼,,,,
|še&še.tab&tab.gar&gar|,,𒊽,,𒊽,,,,
|še.bulug|,,𒊺𒁑,,𒊺𒁑,,,,
|še.eš₂.nun.bu|,,𒊺𒂠𒉣𒁍,,𒊺𒂠𒉣𒁍,,,,
|še.hu.tur|,,𒊺𒄷𒌉,,𒊺𒄷𒌉,,,,
|še.hu|,,𒊻,,𒊻,,,,
|še.igi.tur|,,𒊺𒅆𒌉,,𒊺𒅆𒌉,,,,
|še.kak|,,𒊺𒆕,,𒊺𒆕,,,,
|še.kin.kin|,,𒊺𒆥𒆥,,𒊺𒆥𒆥,,,,
|še.kin|,,𒊺𒆥,,𒊺𒆥,,,,
|še.lugal|,,𒊺𒈗,,𒊺𒈗,,,,
|še.naga|,,𒊺𒉀,,𒊺𒉀,,,,
|še.nam₂|,,𒊺𒉇,,𒊺𒉇,,,,
|še.nun&nun|,,𒌁,,𒌁,,,,
|še.pap.pap|,,𒊺𒉽𒉽,,𒊺𒉽𒉽,,,,
|še.suhur|,,𒊺𒋦,,𒊺𒋦,,,,
|še.še.kin|,,𒊺𒊺𒆥,,𒊺𒊺𒆥,,,,
|še.še.nun&nun|,,𒊺𒊺𒉪,,𒊺𒊺𒉪,,,,
|še.šeš|,,𒊺𒋀,,𒊺𒋀,,,,
|še@v+nam₂|,,𒔷,,𒔷,,,,
|šeg₉.bar|,,𒊾𒁇,,𒊾𒁇,,,,
|šeš.ab@g|,,𒋀𒀕,,𒋀𒀕,,,,
|šeš.ab|,,𒋀𒀊,,𒋀𒀊,,,,
|šeš.hu.hu|,,𒋀𒄷𒄷,,𒋀𒄷𒄷,,,,
|šeš.ib|,,𒋀𒅁,,𒋀𒅁,,,,
|šeš.ki|,,𒋀𒆠,,𒋀𒆠,,,,
|šid.ru|,,𒋃𒊒,,𒋃𒊒,,,,
|šid×a|,,𒋄,,𒋄,,,,
|šid×im|,,𒋅,,𒋅,,,,
|šim.an.maš|,,𒋆𒀭𒈦,,𒋆𒀭𒈦,,,,
|šim.an.sal.tug₂.ib|,,𒋆𒀭𒊩𒌆𒅁,,𒋆𒀭𒊩𒌆𒅁,,,,
|šim.bal|,,𒋆𒁄,,𒋆𒁄,,,,
|šim×a|,,𒋇,,𒋇,,,,
|šim×bal|,,𒋈,,𒋈,,,,
|šim×bulug|,,𒋉,,𒋉,,,,
|šim×din|,,𒋊,,𒋊,,,,
|šim×gar|,,𒋋,,𒋋,,,,
|šim×igi@g|,,𒋍,,𒋍,,,,
|šim×igi|,,𒋌,,𒋌,,,,
|šim×kušu₂|,,𒋎,,𒋎,,,,
|šim×lul|,,𒋏,,𒋏,,,,
|šim×mug|,,𒋐,,𒋐,,,,
|šim×sal|,,𒋑,,𒋑,,,,
|šir.gi₄|,,𒋓𒄄,,𒋓𒄄,,,,
|šir@t.sila₃|,,𒋔𒋡,,𒋔𒋡,,,,
|šita.giš.tug₂|,,𒋖𒄑𒌆,,𒋖𒄑𒌆,,,,
|šu&šu@180|,,𒋘,,𒋘,,,,
|šu.an|,,𒋗𒀭,,𒋗𒀭,,,,
|šu.bad|,,𒋗𒁁,,𒋗𒁁,,,,
|šu.bu|,,𒋗𒁍,,𒋗𒁍,,,,
|šu.di.u.u.u|,,𒋗𒁲𒌋𒌋𒌋,,𒋗𒁲𒌋𒌋𒌋,,,,
|šu.dim₂|,,𒋗𒁶,,𒋗𒁶,,,,
|šu.diš|,,𒋗𒁹,,𒋗𒁹,,,,
|šu.eren.me|,,𒋗𒂞𒈨,,𒋗𒂞𒈨,,,,
|šu.gan|,,𒋗𒃶,,𒋗𒃶,,,,
|šu.gan₂@t|,,𒋗𒃸,,𒋗𒃸,,,,
|šu.gar.tur.lal.bi|,,𒋗𒃻𒌉𒇲𒁉,,𒋗𒃻𒌉𒇲𒁉,,,,
|šu.gar.tur.lal|,,𒋗𒃻𒌉𒇲,,𒋗𒃻𒌉𒇲,,,,
|šu.gar|,,𒋗𒃻,,𒋗𒃻,,,,
|šu.ga|,,𒋗𒂵,,𒋗𒂵,,,,
|šu.gi%gi|,,𒋗𒄃,,𒋗𒄃,,,,
|šu.gi|,,𒋗𒄀,,𒋗𒄀,,,,
|šu.ha|,,𒋗𒄩,,𒋗𒄩,,,,
|šu.kad₄|,,𒋗𒆒,,𒋗𒆒,,,,
|šu.kal|,,𒋗𒆗,,𒋗𒆗,,,,
|šu.lagab.na|,,𒋗𒆸𒈾,,𒋗𒆸𒈾,,,,
|šu.lagab|,,𒋗𒆸,,𒋗𒆸,,,,
|šu.lal.tur|,,𒋗𒇲𒌉,,𒋗𒇲𒌉,,,,
|šu.lugal|,,𒋗𒈗,,𒋗𒈗,,,,
|šu.lul|,,𒋗𒈜,,𒋗𒈜,,,,
|šu.lu₂|,,𒋗𒇽,,𒋗𒇽,,,,
|šu.me.eren|,,𒋗𒈨𒂞,,𒋗𒈨𒂞,,,,
|šu.min.me.u.u.u|,,𒋗𒈫𒈨𒌋𒌋𒌋,,𒋗𒈫𒈨𒌋𒌋𒌋,,,,
|šu.min|,,𒋗𒈫,,𒋗𒈫,,,,
|šu.naga|,,𒋗𒉀,,𒋗𒉀,,,,
|šu.pap.pap|,,𒋗𒉽𒉽,,𒋗𒉽𒉽,,,,
|šu.si.di|,,𒋗𒋛𒁲,,𒋗𒋛𒁲,,,,
|šu.tur|,,𒋗𒌉,,𒋗𒌉,,,,
|šu.u|,,𒋗𒌋,,𒋗𒌋,,,,
|šu₂.3xan|,,𒋙𒀯,,𒋙𒀯,,,,
|šu₂.3×an|,,𒋙𒀯,,𒋙𒀯,,,,
|šu₂.an.hi×gad|,,𒋙𒀭𒄲,,𒋙𒀭𒄲,,,,
|šu₂.an|,,𒋙𒀭,,𒋙𒀭,,,,
|šu₂.aš₂|,,𒋙𒀾,,𒋙𒀾,,,,
|šu₂.bad|,,𒋙𒁁,,𒋙𒁁,,,,
|šu₂.dun₃@g@g@s|,,𒋙,,𒋙,,,,
|šu₂.naga|,,𒋙𒉀,,𒋙𒉀,,,,
|šu₂.ne|,,𒋙𒉈,,𒋙𒉈,,,,
|šu₂.u.u.u|,,𒋙𒌋𒌋𒌋,,𒋙𒌋𒌋𒌋,,,,
|šu₂.ur@s|,,𒋙𒌪,,𒋙𒌪,,,,
½,,,,,𒈦,,,
à,,,𒉿,,,,,
àd,,,𒇼,,,,,
àga,,,𒂆,,,,,
àm,,,𒀀𒀭,,,,,
àr,,,𒄯,,,,,
àsilal,,,𒂢,,,,,
àš,,,𒐋,,,,,
á,,,𒀉,,,,,
á[š,,,𒀾,,,,,
á[š],,,𒀾,,,,,
áb,,,𒀖,,,,,
ád,,,𒄉,,,,,
ág,,,𒉘,,,,,
ár,,,𒌒,,,,,
árad,,,𒀵,,,,,
ás,,,𒀾,,,,,
áĝ,,,𒉘,,,,,
áš,,,𒀾,,,,,
è,,,𒌓𒁺,,,,,
èn,,,𒇷,,,,,
ènsi,,,𒂚,,,,,
èrim,,,𒌿,,,,,
èĝ,,,𒉘,,,,,
èš,,,𒀊,,,,,
èše,,,𒅂,,,,,
é,,,𒂍,,,,,
ébih,,,𒂠𒈤,,,,,
ég,,,𒂊,,,,,
égi,,,𒊩𒂠,,,,,
éme,,,𒌝𒈨,,,,,
émeš,,,𒉊,,,,,
én,,,𒋙𒀭,,,,,
énsi,,,𒉺𒋼𒋛,,,,,
ér,,,𒀀𒅆,,,,,
érim,,,𒉈𒊒,,,,,
érin,,,𒂟,,,,,
és,,,𒌍,,,,,
ésag,,,𒃥,,,,,
ésir,,,𒇒,,,,,
éš,,,𒂠,,,,,
ì,,,𒉌,,,,,
ìl,,,𒀭,,,,,
ìlimmu,,,𒑇,,,,,
ìmin,,,𒑁,,,,,
ìr,,,𒀴,,,,,
ìsimu,,,𒌋𒀜,,,,,
ìsz,,,𒌍,,,,,
ìti,,,𒆜𒌚,,,,,
ìš,,,𒌍,,,,,
í,,,𒐊,,,,,
ía,,,𒐊,,,,,
íb,,,𒌈,,,,,
íd,,,𒀀𒇉,,,,,
íl,,,𒅍,,,,,
íldag,,,𒄟,,,,,
ílimmu,,,𒋰𒋰𒋰𒋰𒀸,,,,,
ímin,,,𒋰𒋰𒋰𒀸,,,,,
ír,,,𒀀𒅆,,,,,
íti,,,𒌛,,,,,
ítima,,,𒌖,,,,,
íš,,,𒆜,,,,,
ù,,,𒅇,,,,,
ù!,,,𒅇,,,,,
ùbur,,,𒁡,,,,,
ùg,,,𒌦,,,,,
ùg!,,,𒌦,,,,,
ùr,,,𒃡,,,,,
ùri,,,𒌶,,,,,
ùru,,,𒌶,,,,,
ùsan,,,𒉮,,,,,
ùssu,,,𒑅,,,,,
ùz,,,𒍚,,,,,
ùĝ,,,𒌦,,,,,
ùšu,,,𒌍,,,,,
ú,,,𒌑,,,,,
ú?,,,𒌑,,,,,
úb,,,𒂠,,,,,
úbur,,,𒁥,,,,,
úh,,,𒌔,,,,,
úkuš,,,𒄾,,,,,
úmbisag,,,𒋄,,,,,
úr,,,𒌫,,,,,
úru,,,𒍍,,,,,
ús,,,𒍑,,,,,
úsan,,,𒄝,,,,,
ússu,,,𒋰𒋰𒋰𒋰,,,,,
útu,,,𒌋𒂵,,,,,
úz,,,𒍑,,,,,
úš,,,𒌀。𒍗,,,,,
úḫ,,,𒌔,,,,,
ālik,𒁽,,,𒁽,,,,
ēnu,,,,,𒅆,,,
ĝa2,,,𒂷,,,,,
ĝal2,,,𒅅,,,,,
ĝal2],,,𒅅,,,,,
ĝalga,,,𒃌,,,,,
ĝanun,,,𒃠,,,,,
ĝar,,,𒃻,,,,,
ĝar],,,𒃻,,,,,
ĝarza,,,𒉺𒀭,,,,,
ĝa₂,,,𒂷,,,,,
ĝe26,,,𒂷,,,,,
ĝe6,,,𒈪,,,,,
ĝen,,,𒁺,,,,,
ĝen],,,𒁺,,,,,
ĝeš,,,𒄑,,,,,
ĝeš3,,,𒍑,,,,,
ĝeškim,,,𒅆𒁾,,,,,
ĝešnu,,,𒉢𒄑,,,,,
ĝešpa,,,𒊒,,,,,
ĝeštin,,,𒃾,,,,,
ĝeštu,,,𒉿,,,,,
ĝeštu2,,,𒄑𒌆𒉿,,,,,
ĝeštug2,,,𒄑𒌆𒉿,,,,,
ĝeštug3,,,𒄑𒉿𒌆,,,,,
ĝeštug₂,,,𒄑𒌆𒉿,,,,,
ĝi6,,,𒈪,,,,,
ĝidlam,,,𒊩𒍑𒁮,,,,,
ĝidlam2,,,𒍑𒁮,,,,,
ĝidlam3,,,𒍑𒊩𒁮,,,,,
ĝidru,,,𒉺,,,,,
ĝir15,,,𒂠,,,,,
ĝir2,,,𒄈,,,,,
ĝir3,,,𒄊,,,,,
ĝiri2,,,𒄈,,,,,
ĝiri3,,,𒄊,,,,,
ĝir₂,,,𒄈,,,,,
ĝisal,,,𒄐,,,,,
ĝiskim,,,𒅆𒁾,,,,,
ĝissu,,,𒄑𒈪,,,,,
ĝisz,,,𒄑,,,,,
ĝiš,,,𒄑,,,,,
ĝišbun,,,𒆠𒁉𒃻,,,,,
ĝišgal,,,𒍇,,,,,
ĝiškim,,,𒅆𒁾,,,,,
ĝišnimbar,,,𒊷,,,,,
ĝu10,,,𒈬,,,,,
ĝuruš,,,𒄨,,,,,
ĝušur,,,𒃡,,,,,
ĝu₁₀,,,𒈬,,,,,
ĝá,,,𒂷,,,,,
ĝál,,,𒅅,,,,,
ĝèš,,,𒍑,,,,,
ĝèštu,,,𒄑𒉿𒌆,,,,,
ĝéš,,,𒐕,,,,,
ĝéšbu,,,𒋗𒉽𒉽,,,,,
ĝéštu,,,𒄑𒌆𒉿,,,,,
ĝéštug,,,𒄑𒌆𒉿,,,,,
ĝìr,,,𒄊,,,,,
ĝír,,,𒄈,,,,,
ĝíri,,,𒄈,,,,,
īna,,,,,𒅆,,,
īni,,,,,𒅆,,,
īnu,,,,,𒅆,,,
īnuii,𒅆𒈫,𒅆𒈫,,𒅆𒈫,𒅆𒈫,,,
ŋa10,𒀀,𒀀,,,,,,
ŋa2,𒂷,𒂷,,,,,,
ŋa3,𒃷,𒃷,,,,,,
ŋa6,𒅍,𒅍,,,,,,
ŋaburra,𒃂,,,𒃂,,𒃁𒈨。𒃂,,
ŋaburraₓ,𒃁,,,𒃁,,𒃁,,
ŋadub,,𒃆,,𒃆,,𒃆,,
ŋagia,𒃎,,,𒃎,,𒃎,,
ŋagia₂,,,,,,𒃍,,
ŋagiaₓ,𒃏,,,𒃏,,𒃏,,
ŋagi₂,,,,,,𒃍,,
ŋahalla,𒃓,,,𒃓,,𒃓,,
ŋahallaₓ,𒃒,,,𒃒,,𒃒,,
ŋahili,𒃔,,,𒃔,,𒃔,,
ŋaiku,𒂽,,,𒂽,,𒂽,,
ŋakizzum,,,,,,𒂻,,
ŋal2,𒅅,𒅅,,,,,,
ŋal4,𒊩,𒊩,,,,,,
ŋalga,𒃌,,,𒃌,,𒃌,,
ŋalgaₓ,𒉤,,,𒉤,,𒂏。𒉤,,
ŋalilla,𒃛,,,𒃛,,𒃛,,
ŋalillaₓ,𒃚,,,𒃚,,𒃚,,
ŋal₂,𒅅,,,𒅅,,𒅅,,
ŋal₄,𒊩,,,𒊩,,𒊩,,
ŋalₓ,,,,,,𒋙𒅅,,
ŋanun,𒃠,,,𒃠,,𒃠,,
ŋanunₓ,𒃉𒉣,,,𒃉𒉣,,𒃉𒉣,,
ŋar,𒃻,,,𒃻,,𒃻,,
ŋar3,𒃼,𒃼,,,,,,
ŋar7,𒈥,𒈥,,,,,,
ŋar8,𒋞,𒋞,,,,,,
ŋargaₓ,,,,,,𒂏,,
ŋarim,𒇑,,,𒇑,,𒇑,,
ŋarim2,𒁘,𒁘,,,,,,
ŋarim₂,𒁘,,,𒁘,,𒁘,,
ŋarin,𒇑,,,𒇑,,𒇑,,
ŋarza,𒉺𒀭,,,𒉺𒀭,,𒉺𒀭,,
ŋarza2,𒉺𒈗,𒉺𒈗,,,,,,
ŋarza₂,𒉺𒈗,,,𒉺𒈗,,𒉺𒈗,,
ŋarzu,𒉺𒀭,,,𒉺𒀭,,𒉺𒀭,,
ŋar₃,𒃼,,,𒃼,,𒃼,,
ŋar₇,𒈥,,,𒈥,,𒈥,,
ŋar₈,𒋞,,,𒋞,,𒋞,,
ŋasag,𒃜,,,𒃜,,,,
ŋasag?,,,,,,𒃜,,
ŋasibir,𒃊,,,𒃊,,𒃊,,
ŋasikilla,𒃈,,,𒃈,,𒃈,,
ŋasikillaₓ,𒃇,,,𒃇,,𒃇,,
ŋaŋirsu,𒃐,,,𒃐,,𒃐,,
ŋa₁₀,𒀀,,,𒀀,,𒀀,,
ŋa₂,𒂷,,,𒂷,,𒂷,,
ŋa₃,𒃷,,,𒃷,,,,
ŋa₃?,,,,,,𒃷,,
ŋa₆,𒅍,,,𒅍,,𒅍,,
ŋaₓ,,,,,,𒂍,,
ŋe26,𒂷,𒂷,,,,,,
ŋe6,𒈪,𒈪,,,,,,
ŋe7,𒂠,𒂠,,,,,,
ŋedar,𒉺,,,𒉺,,𒉺,,
ŋedru,𒉺,,,𒉺,,𒉺,,
ŋeli3,𒅲,𒅲,,,,,,
ŋeli₃,𒅲,,,𒅲,,𒅲,,
ŋen,𒁺,,,𒁺,,𒁺,,
ŋepar,,𒆦,,𒆦,,𒆦,,
ŋer15,𒂠,𒂠,,,,,,
ŋeresz2,𒄨,𒄨,,,,,,
ŋereš₂,𒄨,,,𒄨,,𒄨,,
ŋer₁₅,𒂠,,,𒂠,,𒂠,,
ŋessal,,𒄑𒌆𒉿𒉢𒋡,,𒄑𒌆𒉿𒉢𒋡,,𒄑𒌆𒉿𒎓。𒄑𒌆𒉿𒎓𒋡,,
ŋessalₓ,,,,,,𒄑𒌆𒉿,,
ŋessu,,𒄑𒈪,,𒄑𒈪,,𒄑𒈪,,
ŋessun,,𒄑𒈪,,𒄑𒈪,,𒄑𒈪,,
ŋestug,𒉿,,,𒉿,,𒉿,,
ŋesz,𒄑,𒄑,,,,,,
ŋesz'u,𒐞,𒐞,,,,,,
ŋesz'u@c,𒐞,𒐞,,,,,,
ŋesz-nu11,𒄑𒉢,𒄑𒉢,,,,,,
ŋesz2,𒐕,𒐕,,,,,,
ŋesz2@c,𒐕,𒐕,,,,,,
ŋesz3,𒍑,𒍑,,,,,,
ŋeszba,𒊒,𒊒,,,,,,
ŋeszbaₓ,𒋗𒉽𒉽,𒋗𒉽𒉽,,,,,,
ŋeszbu,𒊒,𒊒,,,,,,
ŋeszbu2,𒋗𒉽𒉽,𒋗𒉽𒉽,,,,,,
ŋeszbun,𒆠𒁉𒃻,𒆠𒁉𒃻,,,,,,
ŋeszbun2,𒆠𒁉,𒆠𒁉,,,,,,
ŋeszbuₓ,𒄑𒊒,𒄑𒊒,,,,,,
ŋeszdu,𒉿,𒉿,,,,,,
ŋeszgem,𒅆𒁾,𒅆𒁾,,,,,,
ŋeszgiriₓ,𒄑𒇽,𒄑𒇽,,,,,,
ŋeszimmar,𒊷,𒊷,,,,,,
ŋeszkadₓ,𒌈,𒌈,,,,,,
ŋeszkim,𒅆𒁾,𒅆𒁾,,,,,,
ŋeszmasz,𒀣,𒀣,,,,,,
ŋesznimbar,𒊷,𒊷,,,,,,
ŋesznu,𒉢𒄑,𒉢𒄑,,,,,,
ŋesznu2,𒉢𒅕,𒉢𒅕,,,,,,
ŋesznuₓ,𒉢,𒉢,,,,,,
ŋeszpa,𒊒,𒊒,,,,,,
ŋeszpaₓ,𒄑𒊒,𒄑𒊒,,,,,,
ŋeszpu,𒊒,𒊒,,,,,,
ŋeszpu2,𒋗𒉽𒉽,𒋗𒉽𒉽,,,,,,
ŋeszpuₓ,𒄑𒊒,𒄑𒊒,,,,,,
ŋeszszir,𒂙,𒂙,,,,,,
ŋesztae,𒍟,𒍟,,,,,,
ŋesztae2,𒍝𒆳,𒍝𒆳,,,,,,
ŋesztin,𒃾,𒃾,,,,,,
ŋesztina,𒃾,𒃾,,,,,,
ŋesztu,𒉿,𒉿,,,,,,
ŋesztu2,𒄑𒌆𒉿,𒄑𒌆𒉿,,,,,,
ŋesztu3,𒄑𒉿𒌆,𒄑𒉿𒌆,,,,,,
ŋesztug,𒉿,𒉿,,,,,,
ŋesztug2,𒄑𒌆𒉿,𒄑𒌆𒉿,,,,,,
ŋesztug3,𒄑𒉿𒌆,𒄑𒉿𒌆,,,,,,
ŋesztukul2,𒄑𒆪,𒄑𒆪,,,,,,
ŋeszturu,𒉺,𒉺,,,,,,
ŋesztuₓ,𒉿𒄑𒌆,𒉿𒄑𒌆,,,,,,
ŋezzal,,𒄑𒌆𒉿𒉢𒋡,,𒄑𒌆𒉿𒉢𒋡,,𒄑𒌆𒉿𒎓𒋡,,
ŋeš,𒄑,,,𒄑,,𒄑,,
ŋeš-nu₁₁,𒄑𒉢,,,𒄑𒉢,,𒄑𒉢,,
ŋešaₓ,,,,,,𒄑X。𒄑𒆠𒆵,,
ŋešba,𒊒,,,𒊒,,𒊒,,
ŋešba₂,,𒋗𒉽𒉽,,𒋗𒉽𒉽,,𒋗𒉽𒉽,,
ŋešbaₓ,𒋗𒉽𒉽,,,𒋗𒉽𒉽,,,,
ŋešbu,𒊒,,,𒊒,,𒊒,,
ŋešbun,𒆠𒁉𒃻,,,𒆠𒁉𒃻,,𒆠𒁉𒃻,,
ŋešbun₂,𒆠𒁉,,,𒆠𒁉,,𒆠𒁉,,
ŋešburₓ,,,,,,𒌋,,
ŋešbu₂,𒋗𒉽𒉽,,,𒋗𒉽𒉽,,𒋗𒉽𒉽,,
ŋešbuₓ,𒄑𒊒,,,𒄑𒊒,,,,
ŋešbuₓ?,,,,,,𒄑𒊒,,
ŋešdan,,𒊩𒍑𒁮,,𒊩𒍑𒁮,,𒊩𒍑𒁮,,
ŋešdana,,𒊩𒍑𒁮,,𒊩𒍑𒁮,,𒊩𒍑𒁮,,
ŋešdana₂,,𒍑𒁮,,𒍑𒁮,,𒍑𒁮,,
ŋešdana₃,,𒍑𒊩𒁮,,𒍑𒊩𒁮,,𒍑𒊩𒁮,,
ŋešdana₄,,𒊩𒍑,,𒊩𒍑,,𒊩𒍑,,
ŋešdan₂,,𒍑𒁮,,𒍑𒁮,,𒍑𒁮,,
ŋešdan₃,,𒍑𒊩𒁮,,𒍑𒊩𒁮,,𒍑𒊩𒁮,,
ŋešdan₄,,𒊩𒍑,,𒊩𒍑,,𒊩𒍑,,
ŋešdu,𒉿,,,𒉿,,𒉿,,
ŋešgal,,𒍇,,𒍇,,𒍇,,
ŋešgem,𒅆𒁾,,,𒅆𒁾,,𒅆𒁾,,
ŋešgiriₓ,𒄑𒇽,,,𒄑𒇽,,𒄑𒇽,,
ŋešhar,,,,,,𒄓,,
ŋešhur,,𒄓,,𒄓,,𒄓,,
ŋešimmar,𒊷,,,𒊷,,𒊷,,
ŋeškadₓ,𒌈,,,𒌈,,𒆓。𒌈,,
ŋeškim,𒅆𒁾,,,𒅆𒁾,,𒅆𒁾,,
ŋešmaš,𒀣,,,𒀣,,𒀣,,
ŋešnimbar,𒊷,,,𒊷,,𒊷,,
ŋešninbar,,𒊷,,𒊷,,𒊷,,
ŋešniₓ,,,,,,𒋔𒋡,,
ŋešnu,𒉢𒄑,,,𒉢𒄑,,𒉢。𒉢𒄑,,
ŋešnu₂,𒉢𒅕,,,𒉢𒅕,,𒉢𒅕,,
ŋešnu₃,,𒈿,,𒈿,,𒈿,,
ŋešnuₓ,𒉢,𒉢,,,,,,
ŋešpa,𒊒,,,𒊒,,𒊒,,
ŋešpaₓ,𒄑𒊒,,,𒄑𒊒,,𒋗𒉽𒉽,,
ŋešpaₓ?,,,,,,𒄑𒊒,,
ŋešpu,𒊒,,,𒊒,,𒊒,,
ŋešpu₂,𒋗𒉽𒉽,,,𒋗𒉽𒉽,,𒋗𒉽𒉽,,
ŋešpuₓ,𒄑𒊒,,,𒄑𒊒,,,,
ŋešpuₓ?,,,,,,𒄑𒊒,,
ŋeštae,𒍟,,,𒍟,,𒍟,,
ŋeštae₂,𒍝𒆳,,,𒍝𒆳,,𒍝𒆳,,
ŋeštan,,𒊩𒍑𒁮,,𒊩𒍑𒁮,,𒊩𒍑𒁮,,
ŋeštana,,𒊩𒍑𒁮,,𒊩𒍑𒁮,,𒊩𒍑𒁮,,
ŋeštana₂,,𒍑𒁮,,𒍑𒁮,,𒍑𒁮,,
ŋeštana₃,,𒍑𒊩𒁮,,𒍑𒊩𒁮,,𒍑𒊩𒁮,,
ŋeštana₄,,𒊩𒍑,,𒊩𒍑,,𒊩𒍑,,
ŋeštan₂,,𒍑𒁮,,𒍑𒁮,,𒍑𒁮,,
ŋeštan₃,,𒍑𒊩𒁮,,𒍑𒊩𒁮,,𒍑𒊩𒁮,,
ŋeštan₄,,𒊩𒍑,,𒊩𒍑,,𒊩𒍑,,
ŋeštin,𒃾,,,𒃾,,𒃾,,
ŋeština,𒃾,,,𒃾,,𒃾,,
ŋeštinₓ,,,,,,𒂀,,
ŋeštu,𒉿,,,𒉿,,𒉿,,
ŋeštug,𒉿,,,𒉿,,𒉿,,
ŋeštug₂,𒄑𒌆𒉿,,,𒄑𒌆𒉿,,𒄑𒌆𒉿,,
ŋeštug₃,𒄑𒉿𒌆,,,𒄑𒉿𒌆,,𒄑𒉿𒌆,,
ŋeštugₓ,,,,,,𒄑𒉿。𒌆𒉿𒉿,,
ŋeštukul₂,𒄑𒆪,,,𒄑𒆪,,𒄑𒆪,,
ŋešturu,𒉺,,,𒉺,,𒉺,,
ŋeštu₂,𒄑𒌆𒉿,,,𒄑𒌆𒉿,,𒄑𒌆𒉿,,
ŋeštu₃,𒄑𒉿𒌆,,,𒄑𒉿𒌆,,𒄑𒉿𒌆,,
ŋeštuₓ,𒉿𒄑𒌆,,,𒉿𒄑𒌆,,𒉿𒄑𒌆,,
ŋeššir,𒂙,,,𒂙,,𒂙,,
ŋešʾu,𒐞,,,𒐞,,𒐞,,
ŋešʾu@c,𒐞,,,𒐞,,𒐞,,
ŋeš₂,𒐕,,,𒐕,,𒁹。𒐕,,
ŋeš₂@c,𒐕,,,𒐕,,𒐕,,
ŋeš₂@c@90,,,,,,󰀜,,
ŋeš₂@c@v,,𒐕,,𒐕,,󰀜,,
ŋeš₃,𒍑,,,𒍑,,𒍑,,
ŋe₂₆,𒂷,,,𒂷,,𒂷,,
ŋe₆,𒈪,,,𒈪,,𒈪,,
ŋe₇,𒂠,,,𒂠,,𒂠,,
ŋe₉,,,,,,𒉈,,
ŋi25,𒂂,𒂂,,,,,,
ŋi6,𒈪,𒈪,,,,,,
ŋi7,𒂠,𒂠,,,,,,
ŋidlam,𒊩𒍑𒁮,,,𒊩𒍑𒁮,,𒊩𒍑𒁮,,
ŋidlam2,𒍑𒁮,𒍑𒁮,,,,,,
ŋidlam3,𒍑𒊩𒁮,𒍑𒊩𒁮,,,,,,
ŋidlam4,𒊩𒍑,𒊩𒍑,,,,,,
ŋidlam₂,𒍑𒁮,,,𒍑𒁮,,𒍑𒁮,,
ŋidlam₃,𒍑𒊩𒁮,,,𒍑𒊩𒁮,,𒍑𒊩𒁮,,
ŋidlam₄,𒊩𒍑,,,𒊩𒍑,,𒊩𒍑,,
ŋidri,𒉺,,,𒉺,,𒉺,,
ŋidru,𒉺,,,𒉺,,𒉺,,
ŋili3,𒅲,𒅲,,,,,,
ŋili₃,𒅲,,,𒅲,,𒅲,,
ŋim6,𒁺,𒁺,,,,,,
ŋim₆,𒁺,,,𒁺,,𒁺,,
ŋin,𒁺,,,𒁺,,𒁺,,
ŋiparₓ,,,,,,𒆦,,
ŋir,𒄫,,,𒄫,,𒄫,,
ŋir15,𒂠,𒂠,,,,,,
ŋir2,𒄈,𒄈,,,,,,
ŋir3,𒄊,𒄊,,,,,,
ŋiri,𒄫,,,𒄫,,𒄫,,
ŋiri16,𒄌,𒄌,,,,,,
ŋiri2,𒄈,𒄈,,,,,,
ŋiri3,𒄊,𒄊,,,,,,
ŋiri₁₆,𒄌,,,𒄌,,𒄌,,
ŋiri₂,𒄈,,,𒄈,,𒄈,,
ŋiri₃,𒄊,,,𒄊,,𒄊,,
ŋiriₓ,𒅲,,,𒅲,,𒅲,,
ŋir₁₅,𒂠,,,𒂠,,𒂠,,
ŋir₂,𒄈,,,𒄈,,𒄈,,
ŋir₃,𒄊,,,𒄊,,𒄊,,
ŋisal,𒄐,,,𒄐,,𒄐,,
ŋiskim,𒅆𒁾,,,𒅆𒁾,,𒅆𒁾,,
ŋissu,𒄑𒈪,,,𒄑𒈪,,𒄑𒈪,,
ŋissuₓ,,,,,,𒈪,,
ŋistug,𒉿,,,𒉿,,𒉿,,
ŋisz,𒄑,𒄑,,,,,,
ŋisz2,𒐕,𒐕,,,,,,
ŋisz3,𒍑,𒍑,,,,,,
ŋiszbum,𒆠𒁉𒃻,𒆠𒁉𒃻,,,,,,
ŋiszbun,𒆠𒁉𒃻,𒆠𒁉𒃻,,,,,,
ŋiszbun2,𒆠𒁉,𒆠𒁉,,,,,,
ŋiszbunₓ,𒆠,𒆠,,,,,,
ŋiszdu,𒉿,𒉿,,,,,,
ŋiszgal,𒍇,𒍇,,,,,,
ŋiszimmar,𒊷,𒊷,,,,,,
ŋiszkadₓ,𒌈,𒌈,,,,,,
ŋiszkim,𒅆𒁾,𒅆𒁾,,,,,,
ŋisznimbar,𒊷,𒊷,,,,,,
ŋisznu,𒉢𒄑,𒉢𒄑,,,,,,
ŋisznu2,𒉢𒅕,𒉢𒅕,,,,,,
ŋiszszir,𒂙,𒂙,,,,,,
ŋisztu,𒉿,𒉿,,,,,,
ŋisztu2,𒄑𒌆𒉿,𒄑𒌆𒉿,,,,,,
ŋisztu3,𒄑𒉿𒌆,𒄑𒉿𒌆,,,,,,
ŋisztug,𒉿,𒉿,,,,,,
ŋisztug2,𒄑𒌆𒉿,𒄑𒌆𒉿,,,,,,
ŋisztug3,𒄑𒉿𒌆,𒄑𒉿𒌆,,,,,,
ŋitlam,𒊩𒍑𒁮,,,𒊩𒍑𒁮,,𒊩𒍑𒁮,,
ŋitlam2,𒍑𒁮,𒍑𒁮,,,,,,
ŋitlam3,𒍑𒊩𒁮,𒍑𒊩𒁮,,,,,,
ŋitlam₂,𒍑𒁮,,,𒍑𒁮,,𒍑𒁮,,
ŋitlam₃,𒍑𒊩𒁮,,,𒍑𒊩𒁮,,𒍑𒊩𒁮,,
ŋiz,,𒄑,,𒄑,,𒄑,,
ŋizal,𒄐,,,𒄐,,𒄐,,
ŋizza,𒈪,,,𒈪,,𒈪,,
ŋizzal,𒄐,𒄐。𒄑𒌆𒉿𒉢𒋡,,𒄑𒌆𒉿𒉢𒋡,,𒄑𒉿𒌆𒎓。𒄑𒌆𒉿𒎓𒋡,,
ŋizzal2,𒋔𒋡,𒋔𒋡,,,,,,
ŋizzal₂,𒋔𒋡,,,𒋔𒋡,,𒋔𒋡。𒎓𒋡,,
ŋizzalₓ,𒄑𒌆𒉿𒋔𒉣,𒄑𒌆𒉿𒉢𒋡。𒄑𒌆𒉿𒋔𒉣,,𒄑𒌆𒉿𒉢𒋡,,None。𒄑。𒄑𒌆𒉌。𒄑𒌆𒉿𒉌。𒄑𒌆𒉿𒋔𒉣。𒉢。𒎓𒉿,,
ŋiš,𒄑,,,𒄑,,𒄑,,
ŋišbum,𒆠𒁉𒃻,,,𒆠𒁉𒃻,,𒆠𒁉𒃻,,
ŋišbun,𒆠𒁉𒃻,,,𒆠𒁉𒃻,,𒆠𒁉𒃻,,
ŋišbun₂,𒆠𒁉,,,𒆠𒁉,,𒆠𒁉,,
ŋišbunₓ,𒆠,,,𒆠,,𒆠,,
ŋišdu,𒉿,,,𒉿,,𒉿,,
ŋišgal,𒍇,,,𒍇,,𒍇,,
ŋišimmar,𒊷,,,𒊷,,𒊷,,
ŋiškadₓ,𒌈,,,𒌈,,𒌈,,
ŋiškim,𒅆𒁾,,,𒅆𒁾,,𒅆𒁾,,
ŋišnimbar,𒊷,,,𒊷,,𒊷,,
ŋišnu,𒉢𒄑,,,𒉢𒄑,,𒉢𒄑,,
ŋišnu₂,𒉢𒅕,,,𒉢𒅕,,𒉢𒅕,,
ŋištu,𒉿,,,𒉿,,𒉿,,
ŋištug,𒉿,,,𒉿,,𒉿,,
ŋištug₂,𒄑𒌆𒉿,,,𒄑𒌆𒉿,,𒄑𒌆𒉿,,
ŋištug₃,𒄑𒉿𒌆,,,𒄑𒉿𒌆,,𒄑𒉿𒌆,,
ŋištu₂,𒄑𒌆𒉿,,,𒄑𒌆𒉿,,𒄑𒌆𒉿,,
ŋištu₃,𒄑𒉿𒌆,,,𒄑𒉿𒌆,,𒄑𒉿𒌆,,
ŋiššir,𒂙,,,𒂙,,𒂙,,
ŋiš₂,𒐕,,,𒐕,,𒁹。𒐕,,
ŋiš₃,𒍑,,,𒍑,,𒍑,,
ŋi₂₅,𒂂,,,𒂂,,𒂂,,
ŋi₆,𒈪,,,𒈪,,𒈪,,
ŋi₇,𒂠,,,𒂠,,𒂠,,
ŋi₉,,,,,,𒉈,,
ŋu10,𒈬,𒈬,,,,,,
ŋulla,,𒋼𒇲,,𒋼𒇲,,𒋼𒇲,,
ŋurgu,,𒋞,,𒋞,,𒈱,,
ŋurgu₂,,𒈱,,𒈱,,𒈱,,
ŋurusz,𒄨,𒄨,,,,,,
ŋuruš,𒄨,,,𒄨,,𒄨,,
ŋur₂₃,,,,,,𒈱,,
ŋur₂₄,,,,,,𒈱,,
ŋuszur,𒃡,𒃡,,,,,,
ŋuszur2,𒊐𒃲,𒊐𒃲,,,,,,
ŋuszurₓ,𒊐𒌉𒌉,𒊐𒌉𒌉,,,,,,
ŋušur,𒃡,,,𒃡,,𒃡,,
ŋušur₂,𒊐𒃲,,,𒊐𒃲,,𒊐𒃲,,
ŋušurₓ,𒊐𒌉𒌉,,,𒊐𒌉𒌉,,𒈗。𒊐𒈤。𒊐𒌉𒌉,,
ŋu₁₀,𒈬,,,𒈬,,𒈬,,
ŋu₉,,,,,,𒆰,,
śa,𒊓,,,𒊓,𒊓,,,
śa2,𒁲,𒁲,,,𒁲,,,
śal,,,,,𒊩,,,
śar,𒊬,,,𒊬,𒊬,,,
śar2,,,,,𒊹,,,
śar3,,,,,𒈗,,,
śa₂,𒁲,,,𒁲,,,,
śe,𒋛,,,𒋛,𒋛,,,
śe2,𒋝,𒋝,,,𒋝,,,
śe₂,𒋝,,,𒋝,,,,
śi,𒋛,,,𒋛,𒋛,,,
śi2,𒋜,𒋜,,,𒋜,,,
śi3,𒋝,𒋝,,,𒋝,,,
śim,,,,,𒋆,,,
śim2,𒉆,𒉆,,,𒉆,,,
śim₂,𒉆,,,𒉆,,,,
śin2,,,,,𒉆,,,
śi₂,𒋜,,,𒋜,,,,
śi₃,𒋝,,,𒋝,,,,
śu,𒋢,,,𒋢,𒋢,,,
śu2,𒋜,𒋜,,,𒋜,,,
śu3,𒋤,𒋤,,,𒋤,,,
śum,𒋳,,,𒋳,𒋳,,,
śum2,𒋧,𒋧,,,𒋧,,,
śum₂,𒋧,,,𒋧,,,,
śur,𒋩,,,𒋩,𒋩,,,
śur2,𒊨,𒊨,,,𒊨,,,
śur₂,𒊨,,,𒊨,,,,
śu₂,𒋜,,,𒋜,,,,
śu₃,𒋤,,,𒋤,,,,
š,,,š,,,,,
š[a,,,𒊭,,,,,
š[á,,,𒃻,,,,,
š[ú,,,𒋙,,,,,
š]a,,,𒊭,,,,,
š]am,,,𒌑,,,,,
š]i,,,𒅆,,,,,
š]u,,,𒋗,,,,,
ša,𒊭,,𒊭,𒊭,𒊭,𒊭,,
ša še ši šu,,,𒊭 𒊺 𒅆 𒋗,,,,,
ša!,,,𒊭,,,,,
ša10,,,,,𒊓,,,
ša11,,,,,𒇽,,,
ša12,,,,,𒊩,,,
ša13,,,,,𒊹,,,
ša14,,,,,𒂷,,,
ša15,,,,,𒅆𒂟,,,
ša16,,,,,𒂠,,,
ša17,,,,,𒅇。𒌑,,,
ša18,,,,,𒁲,,,
ša19,,,,,𒅇,,,
ša2,,,𒃻,,𒃻,,,
ša21,,,,,𒁉,,,
ša22,,,,,𒄷𒄭𒈿。𒄷𒈿,,,
ša23,,,,,𒁈,,,
ša24,,,,,𒊕,,,
ša25,,,,,𒌑,,,
ša3,,,𒊮,,𒊮,,,
ša3.diš,,,,,𒊮𒁹,,,
ša3.gi,,,,,𒊮𒄀,,,
ša3.lagab,,,,,𒊮𒆸,,,
ša3.min.di,,,,,𒊮𒈫𒁲,,,
ša3.min.kaskal,,,,,𒊮𒈫𒆜,,,
ša3.min.tar,,,,,𒊮𒈫𒋻,,,
ša3.sar,,,,,𒊮𒊬,,,
ša3xa,,,,,𒊯,,,
ša3xbad,,,,,𒊰,,,
ša3xgiš,,,,,𒊱,,,
ša3xne,,,,,𒊲,,,
ša3xtur,,,,,𒊴,,,
ša3xu,,,,,𒊵,,,
ša3xu.a,,,,,𒊶,,,
ša3xšu2,,,,,𒊳,,,
ša4,,,𒁺,,𒁺,,,
ša5,,,,,𒀝,,,
ša6,,,,,𒊷,,,
ša7,,,,,𒊑,,,
ša8,,,,,𒊬,,,
ša9,,,,,𒄣,,,
ša[r,,,𒊬,,,,,
ša],,,𒊭,,,,,
šab,𒉺𒅁,,𒉺𒅁,𒉺𒅁,𒉺𒅁,𒉺𒅁,,
šab2,,,,,𒊮,,,
šab4,,,,,𒈨,,,
šab5,,,,,𒉺𒇻,,,
šab6,,,,,𒊸,,,
šaba,𒉺𒅁,,,𒉺𒅁,𒉺𒅁,𒉺𒅁,,
šabalbal,𒆰,,,𒆰,𒆰,𒆰,,
šabra,𒉺𒀠,,𒉺𒀠,𒉺𒀠,𒑐𒀠,𒉺𒀠,,
šabra₂,𒉺𒂍,,,𒉺𒂍,,𒉺𒂍,,
šabu,𒌁,,,𒌁,,𒌁,,
šabuₓ,𒄔,,,𒄔,,𒄔,,
šab₀,𒊸,,,𒊸,,,,
šab₂,𒊮,,,𒊮,,𒊮,,
šab₄,𒈨,,,𒈨,,𒈨,,
šab₅,𒉺𒇻,,,𒉺𒇻,,𒉺𒇻,,
šab₆,𒊸,,,𒊸,,𒊸,,
šad,𒆳,,𒆳,𒆳,𒆳,𒆳,,
šad2,,,,,𒈬,,,
šad3,,,,,𒃻。𒊹,,,
šada,𒆳,,,𒆳,𒆳,𒆳,,
šadi,𒆳,,,𒆳,𒆳,𒆳,,
šadu,𒆳,,,𒆳,,𒆳,,
šad₂,𒈬,,,𒈬,,,,
šad₂?,,,,,,𒈬,,
šag,𒊕,,,𒊕,𒊕,𒊕,,
šag3,,,,,𒉺,,,
šag4,,,𒊮,,𒊮,,,
šag5,,,𒊷,,𒊷,,,
šag6,,,,,𒀚。𒋝,,,
šaga,𒈂,,,𒈂,𒇽𒃷。𒇽𒃸。𒈂,𒈂,,
šagan,𒌋𒃶,,𒌋𒃶,𒌋𒃶,𒌋𒃶,𒌋𒃶,,
šagana,,𒄊𒀴,,𒄊𒀴,,𒆧𒀴,,
šagan₂,,𒀲,,𒀲,,𒀲,,
šaganₓ,𒂼,,,𒂼,,𒂼。𒃶,,
šagar,𒅥,,,𒅥,𒅥,𒅥,,
šaga₂,,,,,,𒋏,,
šagaₓ,𒇽,,,𒇽,,𒇽,,
šagganₓ,,,,,,𒂼,,
šaggin,𒄊𒀴,,,𒄊𒀴,𒄊𒀴,𒄊𒀴,,
šaggina,𒄊𒀴,,,𒄊𒀴,𒄊𒀴,𒄊𒀴,,
šagginₓ,𒀲𒀴,,,𒀲𒀴,,,,
šagia,𒋡𒋗𒃮,,,𒋡𒋗𒃮,,𒃮𒋗𒋡。𒋗𒋡𒃮。𒋗𒋡𒃮𒀀。𒋡𒃮。𒋡𒃮𒀀。𒋡𒋗。𒋡𒋗𒃮。𒋡𒋗𒃮𒀀。𒋺𒋡𒃮,,
šagiaₓ,,𒋡𒋗𒃮,,𒋡𒋗𒃮,,𒋗𒃮𒀀,,
šagil,,,,,𒋗𒁹,,,
šagina,𒄊𒀴,,𒄊𒀴,𒄊𒀴,,𒄊𒀴,,
šagub,,,,,𒀲𒀴,,,
šagurₓ,,,,,,None,,
šag₃,𒉺,,,𒉺,,𒉺,,
šag₄,𒊮,,𒊮,𒊮,,𒊮,,
šag₅,𒊷,,,𒊷,,𒊷,,
šag₆,𒋝,,,𒋝,,,,
šag₆?,,,,,,𒋝,,
šagₓ,𒌋𒆤,,,𒌋𒆤,,𒀖𒊮。𒀚。𒀛。𒌋𒆤,,
šah,𒋚,,𒋚,𒋚,,𒋚,,
šah2,,,𒂄,,,,,
šaha,𒋚,,,𒋚,,𒋚,,
šahab,𒋗𒁹,,,𒋗𒁹,,𒋗𒁹,,
šahab₂,𒋗𒁲𒌋𒌋𒌋,,,𒋗𒁲𒌋𒌋𒌋,,𒋗𒁲𒌍,,
šahan,𒆳,,,𒆳,,𒆳,,
šahan₂,𒈲,,,𒈲,,,,
šahan₂?,,,,,,𒈲,,
šahan₃,𒂄,,,𒂄,,𒂄,,
šaha₂,,𒂄,,𒂄,,𒂄,,
šah₂,𒂄,,,𒂄,,𒂄,,
šah₃,𒆤,,,𒆤,,𒆤,,
šak,𒊕,,𒊕,𒊕,𒊕,𒊕,,
šak3,,,,,𒉺,,,
šak6,,,,,𒋝,,,
šakaka,𒆠𒇴,,,𒆠𒇴,,𒆠𒇴,,
šakan,𒌋𒃶,,𒌋𒃶,𒌋𒃶,𒌋𒃶,𒌋𒃶。𒓛,,
šakan2,,,,,𒄊,,,
šakan4,,,,,𒀭𒀲。𒀲𒀭,,,
šakan5,,,,,𒉮,,,
šakanka,𒆠𒇴,,,𒆠𒇴,,𒆠𒇴,,
šakan₂,𒄊,,,𒄊,,𒄊,,
šakan₃,𒀲,,,𒀲,,𒀲,,
šakan₄,𒀲𒀭,,,𒀲𒀭,,𒀲𒀭,,
šakan₅,𒉮,,,𒉮,,𒉮,,
šakan₆,𒄊𒀴,,,𒄊𒀴,,𒄊𒀴,,
šakanₓ,𒀲𒉺,,,𒀲𒉺,,𒀲𒉺,,
šakar,𒊬,,,𒊬,𒂁𒊬。𒂡。𒊬,𒊬,,
šakir,𒍀,,,𒍀,𒅫。𒍀,𒅫。𒍀,,
šakir3,,,𒌼,,𒌼,,,
šakir4,,,,,𒅫,,,
šakira,𒍀,,,𒍀,𒅫。𒍀,𒍀,,
šakira2,,,,,𒆠𒀭𒌓,,,
šakira3,,,,,𒌼,,,
šakira₂,𒆠𒀭𒌓,,,𒆠𒀭𒌓,,𒆠𒀭𒌓,,
šakira₃,𒌼,,,𒌼,,𒌼,,
šakiraₓ,,𒍈,,𒍈,,None,,
šakiri,𒍀,,,𒍀,𒅫。𒍀,𒍀,,
šakir₃,𒌼,,,𒌼,,𒌼,,
šakirₓ,𒆠𒀭𒌓,𒆠𒀭𒌓。𒍈,,𒍈,,None。𒆠𒀭𒌓。𒒥。𒔒,,
šakkan,𒌋𒃶,,,𒌋𒃶,,𒌋𒃶,,
šakkan2,,,,,𒄊,,,
šakkan6,,,,,𒄊𒀴,,,
šakkan7,,,,,𒂼,,,
šakkana,𒄊𒀴,,,𒄊𒀴,,𒄊𒀴,,
šakkana6,,,,,𒄊𒀴,,,
šakkan₂,𒄊,,,𒄊,,𒄊,,
šakkan₆,𒀲𒀴,,,𒀲𒀴,,𒄊𒀴,,
šakkan₇,𒂼,,,𒂼,,𒂼,,
šakkanₓ,,,,,,None。𒊺𒂠𒉣𒁍,,
šak₆,𒋝,,,𒋝,,,,
šak₆?,,,,,,𒋝,,
šak₇,𒌉,,,𒌉,,𒌉,,
šakₓ,𒌋𒆤,,,𒌋𒆤,,𒌋𒆤,,
šal,𒊩,,𒊩,𒊩,𒊩,𒊩,,
šal2,,,,,𒋡,,,
šal3,,,,,𒉌,,,
šal4,,,,,𒂑,,,
šal5,,,,,𒁲,,,
šalambi,𒊮,,,𒊮,𒊮𒊬,𒊮,,
šalambiₓ,𒊮𒄑𒊬,,,𒊮𒄑𒊬,,𒊮𒄑𒊬,,
šalam₂,𒉦,,,𒉦,,𒉥,,
šalaš,,,,,,𒎏𒆬𒄀,,
šallam,𒉦,,,𒉦,𒉥。𒉦,𒉦,,
šallam2,,,,,𒉥,,,
šallam₂,𒉦,,,𒉦,,𒉥,,
šallur,𒄒,,,𒄒,𒄒,𒄒,,
šal₂,𒋡,,,𒋡,,𒋡,,
šal₃,𒉌,,,𒉌,,𒉌,,
šam,𒌑,,𒌑,𒌑,𒌑,𒌑,,
šam2,,,𒉚,,,,,
šam2v2,,,,,𒉚𒀀𒀭,,,
šam2v4,,,,,𒉚𒀀,,,
šam2v5,,,,,𒉚,,,
šam2v6,,,,,𒉓,,,
šam3,,,𒉓,,𒉓,,,
šam4,,,𒉆,,𒉆,,,
šamag,,,,,𒅊,,,
šamag5,,,,,𒅊,,,
šamagₓ,𒅊,,,𒅊,,𒅊,,
šaman,,𒉌,,𒉌,𒉌,,,
šaman+,𒂠𒋤𒉣𒂠𒌅,,,𒂠𒋤𒉣𒂠𒌅,,,,
šaman2,,,𒌋𒃶,,𒌋𒃶,,,
šamanur,𒅖𒍏,,,𒅖𒍏,,𒅖𒍏,,
šamanur+,𒂠𒋤𒉣𒂠𒌅,,,𒂠𒋤𒉣𒂠𒌅,,,,
šamanur⁺,,,,,,𒂠𒋤𒉣𒂠𒌅,,
šaman⁺,,,,,,𒂠𒋤𒉣𒂠𒌅,,
šaman₂,𒌋𒃶,,,𒌋𒃶,,𒌋X。𒌋𒃶,,
šamanₓ,,,,,,𒉌,,
šamaš,𒌓,,𒌓,𒌓,𒌓,𒌓,,
šamaš₂,𒌋𒌋,,,𒌋𒌋,,𒎙,,
šambilla,,,,,𒈪,,,
šamnu,𒉌,,,𒉌,,,,
šam₂,𒉚,,,𒉚,,𒉚,,
šam₃,𒉓,,,𒉓,,𒉓,,
šam₄,𒉆,,,𒉆,,𒉆,,
šamₓ,,,,,,None,,
šan,𒉓,,,𒉓,𒉓,𒉓,,
šan2,,,,,𒋳,,,
šan3,,,,,𒊿,,,
šanaba,𒑛,,,𒑛,𒑛,𒑛,,
šanabaku₂,𒐏,,,𒐏,,𒐏,,
šanabi,𒑛,,𒑛,𒑛,𒑛,𒑛,,
šanabi2,,,,,𒐏,,,
šanabi₂,𒐏,,,𒐏,,𒐏,,
šanabiₓ,,,,,,𒊭𒉿,,
šanapi,𒑛,,,𒑛,,𒑛,,
šandan,𒃲𒉌,,,𒃲𒉌,,𒃲𒉌,,
šandana,𒃲𒉌,,,𒃲𒉌,,𒃲𒉌,,
šandilimma,𒆯,,,𒆯,,𒆯,,
šanga,𒋃,,,𒋃,𒊷。𒋃,𒋃,,
šanga2,,,,,𒅍𒈣𒂀,,,
šanga3,,,,,𒅍𒈣𒅊,,,
šanga4,,,,,𒅍𒂀,,,
šanga5,,,,,𒂵𒈣𒆜𒅊,,,
šanga6,,,,,𒂵𒈣𒅊,,,
šanga7,,,,,𒂵𒂀,,,
šanga₇,𒉺𒊷,,,𒉺𒊷,,𒉺𒊷,,
šangaₓ,,,,,,None,,
šangu,,,,,𒋃,,,
šangu2,,,,,𒅍𒈣𒂀。𒋃,,,
šangu3,,,,,𒅍𒈣𒅊,,,
šangu4,,,,,𒅍𒂀,,,
šangu5,,,,,𒂵𒈣𒆜𒅊,,,
šangu6,,,,,𒂵𒈣𒅊,,,
šangu7,,,,,𒂵𒂀,,,
šanna,𒃷𒁍,,,𒃷𒁍,,𒃷𒁍,,
šantag,𒁹,,,𒁹,,𒁹,,
šantag4,,,,,𒁹,,,
šantak,𒁹,,,𒁹,𒁹,𒁹,,
šantak4,,,,,𒁹,,,
šantak₂,,,,,,𒍻,,
šantan,,,,,𒃲𒉌,,,
šantana,,,,,𒃲𒉌,,,
šan₂,𒋳,,,𒋳,,𒋳,,
šanₓ,,,,,,None,,
šap,𒉺𒅁,,𒉺𒅁,𒉺𒅁,𒉺𒅁,𒉺𒅁,,
šap2,,,,,𒉺𒇻,,,
šap5,,,,,𒉺𒇻,,,
šapra,𒉺𒀠,,,𒉺𒀠,𒑐𒀠,𒉺𒀠,,
šapra₂,𒉺𒂍,,,𒉺𒂍,,𒉺𒂍,,
šap₀,𒊸,,,𒊸,,,,
šap₅,𒉺𒇻,,,𒉺𒇻,,𒉺𒇻,,
šap₆,𒊸,,,𒊸,,𒊸,,
šaq,𒊕,,𒊕,𒊕,𒊕,𒊕,,
šaq3,,,,,𒉺,,,
šaqa,𒁉𒈜,,,𒁉𒈜,𒁉𒈜。𒇽𒁉𒈜,𒁉𒈜,,
šaqa2,,,𒋏,,𒋏,,,
šaqa₂,𒋏,,,𒋏,,𒋏,,
šaqu,𒁉𒈜,,,𒁉𒈜,𒁉𒈜,𒁉𒈜,,
šaqu2,,,,,𒋏,,,
šaqu3,,,,,𒄣,,,
šaqum,𒁉𒈜,,,𒁉𒈜,,𒁉𒈜,,
šaqu₂,𒋏,,,𒋏,,𒋏,,
šaqu₃,𒄣,,,𒄣,,,,
šaqu₃?,,,,,,𒄣,,
šar,𒊬,,𒊬,𒊬,𒊬,𒊬,,
šar2,,,𒊹,,𒊹,,,
šar2xdiš,,,,,𒄱,,,
šar2xeš,,,,,𒐮,,,
šar2xgad,,,,,𒄲,,,
šar2xgal.diš,,,,,𒐲,,,
šar2xgal.min,,,,,𒐳,,,
šar2xman,,,,,𒐭,,,
šar2xnimin,,,,,𒐰,,,
šar2xninnu,,,,,𒐱,,,
šar2xu,,,,,𒐬,,,
šar3,,,,,𒈗,,,
šar4,,,,,𒌋𒌋,,,
šar5,,,,,𒅎,,,
šar6,,,,,𒁈,,,
šar7,,,,,𒋻,,,
šar8,,,,,𒉌,,,
šara,𒁈,,𒁈,𒁈,𒁈,𒁈,,
šara2,,,𒇋,,𒇋,,,
šara3,,,,,𒇣,,,
šara4,,,,,𒇇,,,
šara5,,,,,𒅎,,,
šara6,,,,,𒊹,,,
šara7,,,,,𒊬,,,
šarag,𒌓,,,𒌓,,𒌓,,
šaragₓ,𒌓𒊬,,,𒌓𒊬,,𒌓𒊬,,
šaran,𒁙,,𒁙,𒁙,𒁙,𒁙,,
šaran2,,,,,𒁬,,,
šaran₂,𒁬,,,𒁬,,𒁬,,
šarap,𒆗𒂔,,,𒆗𒂔,,𒆗𒂔,,
šara₂,𒇋,,,𒇋,,𒇋,,
šara₃,𒇣,,,𒇣,,𒇣,,
šara₄,𒇆,,,𒇆,,𒇆,,
šara₅,𒅎,𒅎,,,,𒅎,,
šara₆,𒊹,,,𒊹,,𒊹,,
šara₇,𒊬,,,𒊬,,𒊬,,
šara₉,,,,,,𒌓,,
šaraₓ,𒌓𒊬,,,𒌓𒊬,,𒈗。𒌓𒊬,,
šardiš,𒄱,,,𒄱,𒄱,,,
šardiš?,,,,,,𒄱,,
šardiši,,,,,𒄱,,,
šargad,𒄲,,,𒄲,𒄲,𒄲,,
šargadu,𒄲,,,𒄲,𒄲,𒄲,,
šargal,𒊹,,,𒊹,,𒊹,,
šargal@c,,,,,,𒊹,,
šargaldiš,𒐲,,,𒐲,,𒐲,,
šargalmin,𒐳,,,𒐳,,𒐳,,
šargalₓ,,,,,,𒄱,,
šargeš,𒄱,,,𒄱,𒄱,,,
šarin,𒁬,,,𒁬,𒁬,𒁬,,
šarnimin,,,,,,󰀿,,
šarninnu,,,,,,󰁀,,
šarniš,,,,,,󰀽,,
šarra,𒈗,,,𒈗,,𒈗,,
šarri,,,,,𒈗,,,
šarru,𒈗,,𒈗,𒈗,𒈗,𒈗,,
šarru2,,,,,𒌋𒌋,,,
šarrum,𒈗,,𒈗,𒈗,,𒈗,,
šarru₂,𒌋𒌋,,,𒌋𒌋,,𒎙,,
šaru,𒄶,,𒄶,𒄶,𒐬,𒐬,,
šaru@c,,,,,,𒐬,,
šaru@v,,,,,,󰀵,,
šaruminₓ,,,,,,󰀽,,
šarušu,,,,,,󰀾,,
šará,,,𒇋,,,,,
šarŋeš,,𒄱,,𒄱,,𒄱,,
šaršari,,,,,,None,,
šarʾu,𒄶,,,𒄶,,𒐬,,
šarʾu@c,,𒐬,,𒐬,,𒐬,,
šarʾu@v,,𒐬,,𒐬,,󰀵,,
šar₂,𒊹,,𒊹,𒊹,,𒊹,,
šar₂@c,𒊹,,,𒊹,,𒊹,,
šar₂×(gal.diš),,𒐲,,𒐲,,,,
šar₂×(gal.min),,𒐳,,𒐳,,,,
šar₂×gad,,𒄲,,𒄲,,,,
šar₂×u,,𒐬,,𒐬,,,,
šar₃,𒈗,,,𒈗,,𒈗,,
šar₄,𒌋𒌋,,,𒌋𒌋,,𒎙,,
šar₅,𒅎,,,𒅎,,𒅎,,
šar₆,𒁈,,,𒁈,,𒁈,,
šar₇,𒋻,,,𒋻,,𒋻,,
šar₈,𒉌,,,𒉌,,𒉌,,
šar₉,,𒉈,,𒉈,,𒉈,,
šarₓ,𒉈,𒉈,,,,𒋩,,
šas,𒋀,,𒋀,𒋀,𒆳。𒋀,𒋀,,
šasuk,𒊕𒂅,,,𒊕𒂅,,𒊕𒂅,,
šat,𒆳,,𒆳,𒆳,𒆳,𒆳,,
šat2,,,,,𒈬,,,
šat3,,,,,𒃻,,,
šata,𒆳,,,𒆳,𒆳,𒆳,,
šatam,𒈜,,,𒈜,𒈜,𒈜,,
šattam,𒈜,,,𒈜,𒈜,𒈜,,
šatₓ,,,,,,𒉻,,
šaz,,,,,,𒋀,,
šaŋa,𒈂,,,𒈂,,𒈂,,
šaŋan,𒌋𒃶,,,𒌋𒃶,,𒌋𒃶,,
šaŋanₓ,,,,,,𒄊。𒊺𒁍𒂠𒉣,,
šaŋar,𒅥,,,𒅥,,𒅥,,
šaŋaₓ,𒇽,,,𒇽,,𒇽,,
šaŋurₓ,,,,,,None,,
šaš,𒋀,,,𒋀,𒆳。𒋀,𒋀,,
šašamanur,𒅖𒍏,,,𒅖𒍏,𒅖𒍏,𒅖𒍏,,
šaški,𒁍,,,𒁍,𒁍,𒁍,,
šašku,𒁍,,,𒁍,𒁍,𒁍,,
šaḫ,,,𒋚,,𒋚,,,
šaḫ2,,,𒂄,,𒂄,,,
šaḫ3,,,,,𒆤。𒌁,,,
šaḫa,,,,,𒋚,,,
šaḫab,,,,,𒋗𒁹,,,
šaḫab2,,,,,𒋗𒁹𒌍,,,
šaḫan,,,,,𒆳,,,
šaḫan2,,,,,𒈲,,,
šaḫan3,,,,,𒂄,,,
šaḫ₂,,,𒂄,,,,,
šaṣ,𒋀,,,𒋀,𒋀,𒋀,,
šaṭ,𒆳,,𒆳,𒆳,𒆳,𒆳,,
šaṭam,𒈜,,,𒈜,,𒈜,,
ša₁₀,𒊓,,,𒊓,,𒊓,,
ša₁₁,𒇽,,,𒇽,,𒇽,,
ša₁₂,𒊩,,,𒊩,,𒊩,,
ša₁₃,𒂷,,,𒂷,,𒂷,,
ša₁₅,𒅆𒂟,,,𒅆𒂟,,,,
ša₁₅?,,,,,,𒅆𒂟,,
ša₁₆,𒂠,,,𒂠,,𒂠,,
ša₁₇,𒅇,,,𒅇,,𒅇,,
ša₁₈,𒁲,,,𒁲,,𒁲,,
ša₂,𒃻,,𒃻,𒃻,,𒃻,,
ša₂₁,𒁉,,,𒁉,,𒁉,,
ša₂₂,𒄷𒈿,,,𒄷𒈿,,𒄷𒈿,,
ša₂₃,𒁈,,,𒁈,,𒁈,,
ša₂₄,𒊕,,,𒊕,,𒊕,,
ša₂₆,𒊳,,,𒊳,,𒊳,,
ša₃,𒊮,,,𒊮,,𒊮,,
ša₃.a,,𒊮𒀀,,𒊮𒀀,,,,
ša₃.diš,,𒊮𒁹,,𒊮𒁹,,,,
ša₃.gi,,𒊮𒄀,,𒊮𒄀,,,,
ša₃.giš.sar,,𒊮𒄑𒊬,,𒊮𒄑𒊬,,,,
ša₃.lagab,,𒊮𒆸,,𒊮𒆸,,,,
ša₃.min.di,,𒊮𒈫𒁲,,𒊮𒈫𒁲,,,,
ša₃.min.kaskal,,𒊮𒈫𒆜,,𒊮𒈫𒆜,,,,
ša₃.min.tar,,𒊮𒈫𒋻,,𒊮𒈫𒋻,,,,
ša₃.sar,,𒊮𒊬,,𒊮𒊬,,,,
ša₃.tar,,𒊮𒋻,,𒊮𒋻,,,,
ša₃×(u.a),,𒊶,,𒊶,,,,
ša₃×a,,𒊯,,𒊯,,,,
ša₃×bad,,𒊰,,𒊰,,,,
ša₃×ne,,𒊲,,𒊲,,,,
ša₃×tur,,𒊴,,𒊴,,,,
ša₃×u,,𒊵,,𒊵,,,,
ša₃×šu₂,,𒊳,,𒊳,,,,
ša₄,𒁺,,,𒁺,,𒁺,,
ša₅,𒀝,,,𒀝,,𒀝,,
ša₆,𒊷,,𒊷,𒊷,,𒊷,,
ša₆.tur,,𒊷𒌉,,𒊷𒌉,,,,
ša₆@t,,𒔴,,𒔴,,,,
ša₇,𒊑,,,𒊑,,𒊑,,
ša₈,𒊬,,,𒊬,,𒊬,,
ša₉,𒄣,,,𒄣,,𒄣,,
šaₓ,,,,,,𒇸,,
še,𒊺,,𒊺,𒊺,𒊺,𒊺,,
še!,,,𒊺,,,,,
še&še,,𒊺𒊺,𒔵,𒊺𒊺,,,,
še&še.gad&gad.gar&gar,,𒊼,,𒊼,,,,
še&še.tab&tab.gar&gar,,𒊽,,𒊽,,,,
še.bulug,,𒊺𒁑,,𒊺𒁑,,,,
še.bur,,,,,𒊺𒁓,,,
še.eš₂.nun.bu,,𒊺𒂠𒉣𒁍,,𒊺𒂠𒉣𒁍,,,,
še.gag,,,,,𒊺𒆕,,,
še.hu,,𒊻,,𒊻,,,,
še.hu.tur,,𒊺𒄷𒌉,,𒊺𒄷𒌉,,,,
še.igi.tur,,𒊺𒅆𒌉,,𒊺𒅆𒌉,,,,
še.kak,,𒊺𒆕,,𒊺𒆕,,,,
še.kin,,𒊺𒆥,,𒊺𒆥,,,,
še.kin.kin,,𒊺𒆥𒆥,,𒊺𒆥𒆥,,,,
še.lugal,,𒊺𒈗,,𒊺𒈗,𒊺𒈗,,,
še.naga,,𒊺𒉀,,𒊺𒉀,𒊺𒉀,,,
še.nam₂,,𒊺𒉇,,𒊺𒉇,,,,
še.nun&nun,,𒌁,,𒌁,,,,
še.nun&nun&še.nun&nun,,𒊺𒉪𒊺𒉪,,𒊺𒉪𒊺𒉪,,,,
še.nun&nun.lagab&še.nun&nun.lagab,,𒊺𒉪𒆸𒊺𒉪𒆸,,𒊺𒉪𒆸𒊺𒉪𒆸,,,,
še.nun.lagab&še.nun.lagab,,𒊺𒉣𒆸𒊺𒉣𒆸,,𒊺𒉣𒆸𒊺𒉣𒆸,,,,
še.pab.pab,,,,,𒊺𒉽𒉽,,,
še.pap.pap,,𒊺𒉽𒉽,,𒊺𒉽𒉽,,,,
še.suhur,,𒊺𒋦,,𒊺𒋦,,,,
še.tir,,,,,𒊺𒌁,,,
še.še.kin,,𒊺𒊺𒆥,,𒊺𒊺𒆥,,,,
še.še.nun&nun,,𒊺𒊺𒉪,,𒊺𒊺𒉪,,,,
še.še3.nun.bu,,,,,𒊺𒂠𒉣𒁍,,,
še.šeš,,𒊺𒋀,,𒊺𒋀,,,,
še.ḫu,,,,,𒊺𒄷。𒊻,,,
še10,,,𒆪,,𒆪,,,
še11,,,,,𒈜,,,
še12,,,𒀀𒈹,,𒀀𒈹。𒈺,,,
še13,,,,,𒁺,,,
še14,,,,,𒋃,,,
še15,,,,,𒉼。𒌁,,,
še16,,,,,𒀀𒌁。𒋀,,,
še17,,,,,𒈹𒁲,,,
še18,,,,,𒀀𒈹𒁲。𒄷𒄭𒈿。𒄷𒈿,,,
še19,,,,,𒋝。𒋧,,,
še2,,,𒋛,,𒋛,,,
še20,,,𒅆,,𒂠。𒅆,,,
še21,,,,,𒄷𒄭𒈿。𒄷𒈿。𒋧,,,
še22,,,𒂞,,𒂞。𒆜,,,
še23,,,,,𒈹,,,
še24,,,,,𒈽,,,
še25,,,,,𒆂,,,
še26,,,,,𒅝,,,
še27,,,,,𒋞,,,
še28,,,,,𒅗,,,
še29,,,,,𒇽𒃷。𒇽𒃸。𒈂,,,
še3,,,𒂠,,𒂠,,,
še3.bu.nun.še3.tu,,,,,𒂠𒁍𒉣𒂠𒌅,,,
še3.ka,,,,,𒂠𒅗,,,
še3.maḫ,,,,,𒂠𒈤,,,
še3.sud.nun.še3.tu,,,,,𒂠𒋤𒉣𒂠𒌅,,,
še3.ud,,,,,𒂠𒌓,,,
še3.še,,,,,𒂠𒊺,,,
še3.ḫul2,,,,,𒂠𒄾,,,
še3.ḫul2.ezen.ra,,,,,𒂠𒄾𒂡𒊏,,,
še3],,,𒂠,,,,,
še3gunû,,,,,𒈖,,,
še4,,,𒈻,,𒈻,,,
še5,,,𒍝𒈹𒁲,,𒍝𒈹𒁲,,,
še6,,,𒉈,,𒉈,,,
še7,,,,,𒀀𒀭,,,
še8,,,𒋁,,𒋁,,,
še@v+nam₂,,𒔷,,𒔷,,,,
šeb,𒈨,,,𒈨,𒈨,𒈨,,
šeb2,,,,,𒊒,,,
šeb?,,,𒈨,,,,,
šebirida,,,,,𒌑𒆳𒊏。𒌑𒆳𒊏𒂡,,,
šebuz,,,,,𒁍,,,
šeb₄,𒋞,,,𒋞,,𒋞,,
šed,𒋃,,𒋃,𒋃,𒋃,𒋃,,
šed10,,,,,𒈹𒁲,,,
šed11,,,,,𒀀𒈹𒁲,,,
šed12,,,,,𒈹,,,
šed13,,,,,𒈽,,,
šed14,,,,,𒆂,,,
šed15,,,,,𒅝,,,
šed16,,,,,𒋞,,,
šed17,,,,,𒅗,,,
šed3,,,𒉫,,𒉫,,,
šed3.šed3,,,,,𒉫𒉫,,,
šed4,,,,,𒆑,,,
šed5,,,,,𒆒。𒆓,,,
šed6,,,,,𒆪,,,
šed7,,,,,𒈻,,,
šed8,,,,,𒍝𒈹𒁲,,,
šed9,,,,,𒈺,,,
šedu,𒆗,,,𒆗,𒄨,𒆗,,
šedu2,,,,,𒌜,,,
šedu3,,,𒀆,,𒀆,,,
šedur,𒇤,,𒇤,𒇤,𒇤,𒇤,,
šedu₂,𒌜,,,𒌜,,𒌜,,
šedu₃,𒀆,,,𒀆,,𒀆,,
šedšedₓ,,,,,,𒆓𒆓,,
šed₁₀,𒈹𒁲,,,𒈹𒁲,,𒈹𒁲,,
šed₁₁,𒈹𒁲,,,𒈹𒁲,,𒀀𒈹𒁲,,
šed₁₂,𒈹,,,𒈹,,𒈹,,
šed₁₃,𒈽,,,𒈽,,𒈽,,
šed₁₄,𒆂,,,𒆂,,𒆂,,
šed₁₅,𒅝,,,𒅝,,𒅝,,
šed₁₆,𒋞,,,𒋞,,𒋞,,
šed₁₇,𒅗,,,𒅗,,,,
šed₁₇?,,,,,,𒅗,,
šed₃,𒉫,,,𒉫,,𒉫,,
šed₄,𒆑,,,𒆑,,𒆑,,
šed₅,𒆒,,,𒆒,,𒆒,,
šed₆,𒆪,,,𒆪,,𒆪,,
šed₇,𒈹𒁲,,,𒈹𒁲,,𒈻,,
šed₈,𒈹𒁲,,,𒈹𒁲,,𒍝𒈹𒁲,,
šed₉,𒈹𒁲,,,𒈹𒁲,,𒀀𒈹。𒀀𒈽,,
šedₓ,𒈹𒁲,,,𒈹𒁲,,None。𒆃。𒈺。𒈿,,
šeg,,𒋝,,𒋝,𒋝,,,
šeg10,,,,,𒆂,,,
šeg11,,,,,𒅝,,,
šeg12,,,𒋞,,𒋞,,,
šeg13,,,,,𒅗,,,
šeg14,,,𒅎𒀀𒀭,,𒉎𒀀𒀭,,,
šeg3,,,,,𒀀𒀭,,,
šeg4,,,,,𒀀𒋙𒉀,,,
šeg5,,,𒍋,,𒍋,,,
šeg5.šeg5,,,,,𒍋𒍋,,,
šeg6,,,𒉈,,𒉈,,,
šeg7,,,,,𒅎,,,
šeg8,,,𒋙𒉀,,𒋙𒉀,,,
šeg9,,,𒊾,,𒊾,,,
šeg9.bar,,,,,𒊾𒁇,,,
šega9,,,,,𒊾,,,
šeganₓ,,,,,,𒀭,,
šega₉,𒊾,,,𒊾,,𒊾,,
šegbarₓ,,,,,,𒊾,,
šegga,𒊾,,,𒊾,,𒊾,,
šeggeₓ,,,,,,𒆂,,
šeg₁₀,𒆂,,,𒆂,,𒆂,,
šeg₁₁,𒅝,,,𒅝,,𒅝,,
šeg₁₂,𒋞,,𒋞,𒋞,,𒋞,,
šeg₁₃,𒅗,,,𒅗,,,,
šeg₁₃?,,,,,,𒅗,,
šeg₁₄,𒅎𒀀𒀭,,,𒅎𒀀𒀭,,𒅎𒀀𒀭,,
šeg₁₈,,,,,,None,,
šeg₃,𒀀𒀭,,,𒀀𒀭,,𒀀𒀭,,
šeg₄,𒀀𒋙𒉀,,,𒀀𒋙𒉀,,𒀀𒋙𒉀,,
šeg₅,𒍋,,,𒍋,,𒍋,,
šeg₆,𒉈,,,𒉈,,𒉈,,
šeg₇,𒅎,,,𒅎,,𒅎,,
šeg₈,𒋙𒉀,,,𒋙𒉀,,𒋙𒉀,,
šeg₉,𒊾,,𒊾,𒊾,,𒊾,,
šeg₉.bar,,𒊾𒁇,,𒊾𒁇,,,,
šegₓ,𒍉,,,𒍉,,None。𒀀。𒄑𒉋。𒄫。𒅎𒀀。𒅎𒀀𒀀。𒅲。𒆁。𒆃。𒊕。𒍀。𒍉,,
šeh,𒋚,,,𒋚,,𒋚,,
šek,𒋝,,,𒋝,,𒋝,,
šek2,,,,,𒋠,,,
šeknu,𒅖𒍏,,,𒅖𒍏,𒅖𒍏,𒅖𒍏,,
šek₂,𒋠,,,𒋠,,𒋠,,
šel,𒋻,,𒋻,𒋻,,𒋻,,
šel4,,,,,𒊩,,,
šel₄,𒊩,,,𒊩,,𒊩,,
šem,𒋆,,𒋆,𒋆,𒋆,𒋆,,
šem2,,,,,𒉆,,,
šem3,,,𒀚,,𒀚,,,
šem4,,,,,𒀙,,,
šem5,,,,,𒀘,,,
šem6,,,,,𒀖𒋺。𒀛,,,
šem7,,,,,𒅖𒍏,,,
šembi,𒋍,,𒋍,𒋍,𒋍,𒋍,,
šembirida,𒌑𒆳𒊏,,,𒌑𒆳𒊏,,𒌑𒆳𒊏,,
šembizi,𒋆,,,𒋆,𒋆,𒋆,,
šembizid,𒋆,,,𒋆,,𒋆,,
šembi⁻,,𒋍,,𒋍,,𒒙,,
šembi₂,𒋆,,,𒋆,,𒋆,,
šembi₃,𒁌,,,𒁌,,𒁌,,
šembiₓ,,,,,,None。𒒙,,
šembulug,𒁒,,𒁒,𒁒,𒁒,,,
šembulug2,,,,,𒋐,,,
šembulug3,,,𒋌,,𒋌,,,
šembulug4,,,𒋈,,𒋈,,,
šembulug5,,,,,𒋉,,,
šembulug?,,,,,,𒁒,,
šembulug₃,𒋌,,,𒋌,,𒋌,,
šembulug₄,𒋈,,,𒋈,,𒋈,,
šembulug₅,𒋉,,,𒋉,,𒋉,,
šembulugₓ,𒋎,,,𒋎,,𒋆。𒋆𒁄。𒋎,,
šemešal,𒋑,,𒋑,𒋑,𒋑,𒋑,,
šemkaš,,,,,𒋍,,,
šemkašzi,,,,,𒋆,,,
šemlilla,,,,,𒋑,,,
šemmešla,,,,,𒋑,,,
šemmišla,𒋑,,,𒋑,,𒋑,,
šemmug,𒋉,,,𒋉,𒋈。𒋉,𒋉,,
šemmug3,,,,,𒋈,,,
šemuš,𒊺𒋀,,,𒊺𒋀,,𒊺𒋀,,
šemšala,𒋑,,,𒋑,,𒋑,,
šem₃,𒀚,,,𒀚,,𒀚,,
šem₄,𒀙,,,𒀙,,𒀙,,
šem₅,𒀘,,,𒀘,,𒀘,,
šem₆,𒀛,,,𒀛,,𒀛,,
šem₇,𒅖𒍏,,,𒅖𒍏,,𒅖𒍏,,
šemₓ,𒉈,,,𒉈,,𒀀𒀭。𒀖𒊮。𒉈。𒊿,,
šen,𒊿,,𒊿,𒊿,𒊿,𒊿,,
šen2,,,,,𒍏,,,
šen3,,,,,𒉆,,,
šen4,,,,,𒁾,,,
šen5,,,,,𒅖𒍏,,,
šen6,,,,,𒅖,,,
šenbar,𒊾,,,𒊾,𒊾,,,
šenbar?,,,,,,𒊾,,
šendilima,𒆯,,,𒆯,,𒆯,,
šeneg,,𒋒,,𒋒,,𒋒,,
šennu,𒂗𒈨𒀜𒆬,,,𒂗𒈨𒀜𒆬,𒂗𒈨𒀜𒆬,𒂗𒈨𒀜𒆬,,
šennur,𒄒,,𒄒,𒄒,𒄒,𒄒,,
šennurₓ,,,,,,𒌋𒄒,,
šennuₓ,,,,,,𒈨𒀜𒆬,,
šen₂,𒍏,,,𒍏,,𒍏,,
šen₃,𒉆,,,𒉆,,𒉆,,
šen₄,𒁾,,,𒁾,,𒁾,,
šen₅,𒅖𒍏,,,𒅖𒍏,,𒅖𒍏,,
šen₆,𒅖,,,𒅖,,𒅖,,
šenₓ,𒊾,,,𒊾,,𒅖𒌓𒅗𒁇。𒊾,,
šeoverše.gadovergad.nig2overnig2,,,,,𒊼,,,
šeoverše.tabovertab.nig2overnig2,,,,,𒊽,,,
šep,𒈨,,,𒈨,,𒈨,,
šeq2,,,,,𒋠,,,
šeq₂,𒋠,,,𒋠,,𒋠,,
šer,𒋓,,𒋓,𒋓,𒋓,𒋓,,
šer11,,,𒄊𒁇,,𒄊𒁇,,,
šer2,,,,,𒁍,,,
šer3,,,,,𒂡,,,
šer4,,,,,𒍜,,,
šer7,,,,,𒉪,,,
šer9,,,,,𒊬,,,
šerah,𒈲,,,𒈲,,𒈲,,
šeraₓ,𒋳𒌆,,,𒋳𒌆,,𒋳𒌆,,
šerba,𒇇,,,𒇇,𒀩。𒇇,𒇇,,
šeri,,𒋓,,𒋓,,𒋓,,
šerid,𒋳,,,𒋳,𒋳,𒋳,,
šerim,𒋳,,,𒋳,𒋳,𒋳,,
šerim2,,,,,𒇡,,,
šerimsur,𒇜,,𒇜,𒇜,𒇜,𒇜,,
šerim₂,𒇡,,,𒇡,,𒇡,,
šerimₓ,𒋳𒌆,,,𒋳𒌆,,𒋳𒌆,,
šerin,,,,,𒇡,,,
šerin2,,,,,𒇡,,,
šerinsur,𒇜,,,𒇜,𒇡,𒇜,,
šerinsur2,,,,,𒇜,,,
šerkan,𒅎𒂀,,,𒅎𒂀,,𒅎𒂀,,
šerrida,𒌓𒀭𒌓,,,𒌓𒀭𒌓,𒌓𒀭𒌓,𒌓𒀭𒌓,,
šeru,𒍜,,,𒍜,𒅎,𒍜,,
šer₁₀,𒈲,,,𒈲,,𒈲,,
šer₁₁,𒄊𒁇,,,𒄊𒁇,,𒄊𒁇,,
šer₂,𒁍,,,𒁍,,𒁍,,
šer₃,𒂡,,,𒂡,,𒂡,,
šer₄,𒍜,,,𒍜,,𒍜,,
šer₇,𒉪,,,𒉪,,𒉪,,
šer₉,𒊬,,,𒊬,,𒊬,,
šes,𒋀,,,𒋀,𒋀,𒋀,,
šesag,𒊺𒈗,,,𒊺𒈗,𒊺𒈗,𒊺𒈗,,
šet,𒋃,,𒋃,𒋃,,𒋃,,
šeĝ6,,,𒉈,,,,,
šeŋ,𒋝,,,𒋝,,𒋝,,
šeŋbar,,𒊾,,𒊾,,,,
šeŋbar?,,,,,,𒊾,,
šeŋ₁₄,𒅎𒀀𒀭,,,𒅎𒀀𒀭,,𒅎𒀀𒀭,,
šeŋ₁₅,,,,,,None,,
šeŋ₃,𒀀𒀭,,,𒀀𒀭,,𒀀𒀭,,
šeŋ₆,𒉈,,,𒉈,,𒉈,,
šeŋ₇,𒅎,,,𒅎,,𒅎,,
šeŋ₉,𒊾,,,𒊾,,𒊾,,
šeŋₓ,,,,,,𒅎𒀀。𒅎𒀀𒀀,,
šeš,𒋀,,𒋀,𒋀,𒋀,𒋀,,
šeš+ki,,,,,𒌶𒆠,,,
šeš.ab,,𒋀𒀊,,𒋀𒀊,𒋀𒀊,,,
šeš.ab@g,,𒋀𒀕,,𒋀𒀕,,,,
šeš.hu.hu,,𒋀𒄷𒄷,,𒋀𒄷𒄷,,,,
šeš.ib,,𒋀𒅁,,𒋀𒅁,,,,
šeš.ki,,𒋀𒆠,,𒋀𒆠,𒌶𒆠,,,
šeš.unug,,,,,𒋀𒀕,,,
šeš2,,,𒋁,,𒋁,,,
šeš3,,,,,𒀅,,,
šeš4,,,𒂞,,𒂞,,,
šeš5,,,,,𒀀𒅆,,,
šešlam,𒋂,,𒋂,𒋂,𒋂,𒋂,,
šešlam2,,,,,𒂗𒈨𒇷,,,
šešlam₂,𒂗𒈨𒇷,,,𒂗𒈨𒇷,,𒂗𒈨𒇷,,
šeššed,𒉫,,𒉫,𒉫,𒉫𒉫,𒉫,,
šeššed₂,𒆑𒆑,,,𒆑𒆑,,𒆑𒆑,,
šeššed₃,𒆒𒆒𒆓,,,𒆒𒆒𒆓,,𒆒𒆒𒆓,,
šeššeg,𒍋𒍋,,,𒍋𒍋,𒍋𒍋,𒍋𒍋,,
šeš₂,𒋁,,𒋁,𒋁,,𒋁,,
šeš₃,𒀅,,,𒀅,,𒀅,,
šeš₄,𒂞,,,𒂞,,𒂞,,
šešₓ,𒀀𒅆,,,𒀀𒅆,,𒀀𒅆,,
šeḫ,,,,,𒋚,,,
šeṣ,𒋀,,,𒋀,𒋀,𒋀,,
še₁₀,𒆪,,,𒆪,,𒆪,,
še₁₁,𒈜,,,𒈜,,𒈜,,
še₁₂,𒈹𒁲,,,𒈹𒁲,,𒀀𒈹,,
še₁₃,𒁺,,,𒁺,,𒁺,,
še₁₄,𒋃,,,𒋃,,𒋃,,
še₁₅,𒌁,,,𒌁,,𒌁,,
še₁₆,𒋀,,,𒋀,,𒋀,,
še₁₇,𒈹𒁲,,,𒈹𒁲,,𒈹𒁲,,
še₁₈,𒈹𒁲,,,𒈹𒁲,,𒀀𒈹𒁲,,
še₁₉,𒋧,,,𒋧,,𒋧,,
še₂,𒋛,,,𒋛,,𒋛,,
še₂₀,𒅆,,,𒅆,,,,
še₂₀?,,,,,,𒅆,,
še₂₁,𒄷𒈿,,𒄷𒈿,𒄷𒈿,,𒄷𒈿,,
še₂₂,𒂞,,,𒂞,,𒂞,,
še₂₃,𒈹,,,𒈹,,𒈹,,
še₂₄,𒈽,,,𒈽,,𒈽,,
še₂₅,𒆂,,,𒆂,,𒆂,,
še₂₆,𒅝,,,𒅝,,𒅝,,
še₂₆⁻,,𒅝,,𒅝,,𒅝,,
še₂₇,𒋞,,,𒋞,,𒋞,,
še₂₈,𒅗,,,𒅗,,,,
še₂₈?,,,,,,𒅗,,
še₂₉,𒈂,,,𒈂,,𒈂,,
še₃,𒂠,,𒂠,𒂠,,𒂠,,
še₃-munu₄,𒂠𒉽𒉽,,,𒂠𒉽𒉽,,𒂠𒉽𒉽,,
še₃@90,,𒂠,,𒂠,,𒂠,,
še₃@t,,,,,,󰁤,,
še₄,𒈹𒁲,,,𒈹𒁲,,𒈻,,
še₅,𒈹𒁲,,,𒈹𒁲,,𒍝𒈹𒁲,,
še₆,𒉈,,,𒉈,,𒉈,,
še₇,𒀀𒀭,,,𒀀𒀭,,𒀀𒀭,,
še₈,𒋁,,,𒋁,,𒋁,,
še₉,𒋙𒀭,,,𒋙𒀭,,𒋙𒀭,,
šeₓ,𒋝,,,𒋝,,None。𒀀𒅆。𒀀𒈲。𒀀𒈺𒁲。𒄔。𒅊。𒆃。𒈳。𒈵。𒈺。𒈼。𒈿。𒋝,,
ši,𒅆,,𒅆,𒅆,𒅆,𒅆,,
ši2,,,𒋛,,𒋛,,,
ši3,,,,,𒋝,,,
ši4,,,,,𒂠,,,
ši5,,,,,𒆪。𒋜,,,
ši6,,,,,𒋆,,,
ši7,,,𒅊,,,,,
šib,𒈨,,𒈨,𒈨,𒈨,𒈨,,
šib2,,,,,𒊒,,,
šib3,,,,,𒉺𒅁,,,
šibir,𒌋𒂙,,𒌋𒂙,𒌋𒂙,𒌋𒂘,𒌋𒂙,,
šibir2,,,,,𒂘。𒂙,,,
šibir₂,𒂙,,,𒂙,,,,
šibir₂?,,,,,,𒂙,,
šibirₓ,,,,,,𒂘,,
šib₀,𒌍,,,𒌍,,𒌍,,
šib₂,𒊒,,,𒊒,,𒊒,,
šib₃,𒉺𒅁,,,𒉺𒅁,,𒉺𒅁,,
šib₄,𒍦,,,𒍦,,𒍦,,
šid,𒋃,,𒋃,𒋃,𒋃,𒋃,,
šid.ru,,𒋃𒊒,,𒋃𒊒,,,,
šid2,,,,,𒆐,,,
šid3,,,,,𒋺,,,
šid4,,,,,𒆑,,,
šidaₓ,𒋥,,,𒋥,,𒋥,,
šidi,𒁶,,,𒁶,𒁶,𒁶,,
šidim,𒁶,,,𒁶,𒁶,𒁶,,
šidimgalₓ,𒃲𒁶,,,𒃲𒁶,,𒃲𒁶,,
šidxa,,,,,𒋄,,,
šidxim,,,,,𒋅,,,
šid×a,,𒋄,,𒋄,,,,
šid×im,,𒋅,,𒋅,,,,
šid₂,𒆐,,,𒆐,,,,
šid₂?,,,,,,𒆐,,
šid₃,𒉫,,,𒉫,,𒉫,,
šidₓ,𒅝,,,𒅝,,𒅝,,
šig,𒋝,,,𒋝,𒋝,𒋝,,
šig2,,,,,𒋠,,,
šig6,,,,,𒋞,,,
šigagu,𒀿,,,𒀿,𒀿,𒀿,,
šig₅,𒍋,,,𒍋,,𒍋,,
šigₓ,𒍉,,,𒍉,,𒅝。𒆂。𒌷。𒍀。𒍉,,
ših,𒋚,,𒋚,𒋚,,𒋚,,
šihumₓ,𒁖𒆨,,,𒁖𒆨,,𒁖𒆨,,
ših₂,𒆤,,,𒆤,,𒆤,,
šik,𒋝,,𒋝,𒋝,𒋝,𒋝,,
šik2,,,,,𒋠,,,
šik6,,,,,𒋞,,,
šika,𒆷,,,𒆷,𒆷,𒆷,,
šikahara,𒋟,,,𒋟,,𒋟,,
šikanga,,,,,𒀿,,,
šikangu,𒀿,,,𒀿,𒀿,𒀿,,
šikaḫara,,,,,𒋟,,,
šikin,𒃻,,,𒃻,𒂁,𒃻,,
šikin2,,,,,𒂁。𒋁,,,
šikin3,,,,,𒋁,,,
šikin₂,𒂁,,,𒂁,,𒂁,,
šikin₃,𒋠𒇴,,,𒋠𒇴,,𒋠𒇴,,
šikinₓ,,,,,,𒀿,,
šikira₃,𒌼,,,𒌼,,𒌼,,
šik₂,𒋠,,,𒋠,,𒋠,,
šikₓ,𒆷,,,𒆷,,𒆷,,
šil,𒋻,,𒋻,𒋻,𒋻,𒋻,,
šil2,,,,,𒋡,,,
šil3,,,,,𒌋,,,
šil4,,,,,𒇺,,,
šilam,𒉦,,𒉦,𒉦,𒉦,𒉦,,
šilamoveršilam,,,,,𒉧,,,
šilam⁻,,𒉦,,𒉦,,𒉣𒇬,,
šilam₂,𒉦,,,𒉦,,𒉥,,
šilamₓ,𒉣𒇬,,,𒉣𒇬,,𒁶。𒈣𒊩𒁹。𒉣𒇬,,
šilaₓ,𒉦,,,𒉦,,𒉦,,
šilig,𒍂,,𒍂,𒍂,𒍂,𒍂,,
šilig5,,,,,𒍎,,,
šilig6,,,,,𒆂,,,
šilig7,,,,,𒅭,,,
šilig₅,𒍎,,,𒍎,,𒍎,,
šilig₆,𒆂,,,𒆂,,𒆂,,
šilig₇,𒍂,,,𒍂,,𒅭,,
šillam2,,,,,𒉥,,,
šillatₓ,,,,,,𒉦,,
šil₃,𒌋,,,𒌋,,𒌋,,
šil₄,,,,,,𒇺,,
šim,𒋆,,𒋆,𒋆,𒋆,𒋆,,
šim.an.maš,,𒋆𒀭𒈦,,𒋆𒀭𒈦,𒋆𒀭𒈦,,,
šim.an.nin.ib,,,,,𒋆𒀭𒊩𒌆𒅁,,,
šim.an.sal.tug₂.ib,,𒋆𒀭𒊩𒌆𒅁,,𒋆𒀭𒊩𒌆𒅁,,,,
šim.bal,,𒋆𒁄,,𒋆𒁄,,,,
šim.dingirmaš,,,,,𒋆𒀭𒈦,,,
šim.dingirnin.urta,,,,,𒋆𒀭𒊩𒌆𒅁,,,
šim2,,,𒉆,,𒉆,,,
šimašgi,𒇻𒋢,,,𒇻𒋢,,𒇽𒋢,,
šimašgi₂,𒇻𒋢𒀀,,,𒇻𒋢𒀀,,𒇽𒋢𒀀,,
šimaški,𒇻𒋢,,,𒇻𒋢,,𒇽𒋢,,
šimaški₂,𒇻𒋢𒀀,,,𒇻𒋢𒀀,,𒇽𒋢𒀀,,
šimbi,𒋍,,,𒋍,𒋍,𒋍,,
šimbi2,,,,,𒋆,,,
šimbi3,,,,,𒁌,,,
šimbirida,𒌑𒆳𒊏,,,𒌑𒆳𒊏,𒌑𒆳𒊏,𒌑𒆳𒊏,,
šimbizi,𒋆,,,𒋆,𒋆,𒋆,,
šimbi₂,𒋆,,,𒋆,,𒋆,,
šimbi₃,𒁌,,,𒁌,,𒁌,,
šimbulug,𒁒,,,𒁒,𒁒,,,
šimbulug2,,,,,𒋐,,,
šimbulug3,,,,,𒋌,,,
šimbulug4,,,,,𒋈,,,
šimbulug5,,,,,𒋉,,,
šimbulug?,,,,,,𒁒,,
šimbulug₂,𒋐,,,𒋐,,,,
šimbulug₂?,,,,,,𒋐,,
šimbulug₃,𒋌,,,𒋌,,𒋌,,
šimbulug₄,𒋈,,,𒋈,,𒋈,,
šimbulug₅,𒋉,,,𒋉,,𒋉,,
šimbulugₓ,,,,,,𒋆𒂵。𒋋𒋋。𒋎,,
šimešal,𒋑,,,𒋑,𒋑,𒋑,,
šimeššal,𒋑,,,𒋑,,𒋑,,
šimmešla,𒋑,,,𒋑,𒋑,𒋑,,
šimmug,𒋉,,,𒋉,𒋉,𒋉,,
šimmug3,,,,,𒋈,,,
šimxa,,,,,𒋇,,,
šimxbal,,,,,𒋈,,,
šimxbulug,,,,,𒋉,,,
šimxdin,,,,,𒋊,,,
šimxigi,,,,,𒋌,,,
šimxigigunû,,,,,𒋍,,,
šimxkušu2,,,,,𒋎,,,
šimxlul,,,,,𒋏,,,
šimxmug,,,,,𒋐,,,
šimxmunus,,,,,𒋑,,,
šimxnig2,,,,,𒋋,,,
šimxninda,,,,,𒋋,,,
šimxsal,,,,,𒋑,,,
šimxsig7,,,,,𒋍,,,
šim×a,,𒋇,,𒋇,,,,
šim×bal,,𒋈,,𒋈,,,,
šim×bulug,,𒋉,,𒋉,,,,
šim×din,,𒋊,,𒋊,,,,
šim×gar,,𒋋,,𒋋,,,,
šim×igi,,𒋌,,𒋌,,,,
šim×igi@g,,𒋍,,𒋍,,,,
šim×kušu₂,,𒋎,,𒋎,,,,
šim×lul,,𒋏,,𒋏,,,,
šim×mug,,𒋐,,𒋐,,,,
šim×sal,,𒋑,,𒋑,,,,
šim₂,𒉆,,,𒉆,,𒉆,,
šimₓ,,,,,,None,,
šin,𒊿,,𒊿,𒊿,𒊿,𒊿,,
šin2,,,,,𒈫,,,
šina,𒈫,,,𒈫,𒈫,𒈫,,
šindilib,𒆯,,,𒆯,𒆯,𒆯,,
šindilima,,,,,𒆯,,,
šindilimma,𒆯,,,𒆯,,𒆯,,
šinig,𒋒,,𒋒,𒋒,𒋒,𒋒,,
šin₂,𒈫,,,𒈫,,,,
šin₂?,,,,,,𒈫,,
šinₓ,𒋋,,,𒋋,,𒋋,,
šip,𒈨,,𒈨,𒈨,𒈨,𒈨,,
šip3,,,,,𒉺𒅁。𒍦,,,
šip₀,𒌍,,,𒌍,,𒌍,,
šip₃,𒉺𒅁,,,𒉺𒅁,,𒉺𒅁,,
šiq,𒋝,,,𒋝,𒋝,𒋝,,
šiq2,,,,,𒋠,,,
šiq4,,,,,𒆂,,,
šiq₂,𒋠,,,𒋠,,𒋠,,
šiq₄,𒆂,,,𒆂,,𒆂,,
šir,𒋓,,𒋓,𒋓,𒋓,𒋓,,
šir.bur,,,,,𒋓𒁓,,,
šir.bur.la,,,,,𒋓𒁓𒆷,,,
šir.giš,,,,,𒋓𒄑,,,
šir.gi₄,,𒋓𒄄,,𒋓𒄄,,,,
šir.ir,,,,,𒋓𒅕,,,
šir10,,,,,𒈲,,,
šir2,,,,,𒁍,,,
šir3,,,𒂡,,𒂡,,,
šir4,,,,,𒍜,,,
šir5,,,,,𒉡,,,
šir6,,,,,𒌉,,,
šir8,,,,,𒋤,,,
šir9,,,,,𒊬,,,
šir@t,,,𒋔,,,,,
šir@t.sila₃,,𒋔𒋡,,𒋔𒋡,,,,
širam,𒍜,,,𒍜,𒍜,𒍜,,
širašīra,,,,,𒍜,,,
širi,,𒅗X,,𒅗X,𒍜,None,,
širim,𒍜,,,𒍜,𒍜,𒍜,,
širi₄,,𒍜,,𒍜,,𒍜,,
široveršir.buroverbur,,,,,𒋕,,,
širtenû,,,,,𒋔,,,
širtenû.sila3,,,,,𒋔𒋡,,,
širu,𒍜,,,𒍜,𒍜,𒍜,,
širum,𒍜,,,𒍜,𒍜,𒍜,,
šir₁₀,𒈲,,,𒈲,,𒈲,,
šir₂,𒁍,,,𒁍,,𒁍,,
šir₃,𒂡,,,𒂡,,𒂡,,
šir₄,𒍜,,,𒍜,,𒍜,,
šir₅,𒉡,,,𒉡,,,,
šir₅?,,,,,,𒉡,,
šir₆,𒌉,,,𒌉,,𒌉,,
šir₈,𒋤,,,𒋤,,𒋤,,
šir₉,𒊬,,,𒊬,,𒊬,,
širₓ,𒈡,,,𒈡,,𒈡,,
šis,,,,,𒋀,,,
šit,𒋃,,𒋃,𒋃,𒋃,𒋃,,
šit2,,,,,𒆐,,,
šit3,,,,,𒋺,,,
šita,𒋖,,𒋖,𒋖,𒋖,𒋖,,
šita.giš.tug₂,,𒋖𒄑𒌆,,𒋖𒄑𒌆,,,,
šita2,,,𒂷𒄑,,𒋖𒄑,,,
šita2.ku,,,,,𒋖𒄑𒆪,,,
šita3,,,𒋥,,𒋥,,,
šita4,,,𒌋𒆤,,𒌋𒆤,,,
šita5,,,𒋃,,𒋃,,,
šita6,,,,,𒋡,,,
šitalamₓ,𒁶,,,𒁶,,𒁶,,
šitan,,𒋥,,𒋥,,𒋥,,
šitanₓ,𒋥,𒋥,,,,,,
šita₂,𒂷𒄑,,,𒂷𒄑,,𒋖𒄑,,
šita₃,𒋥,,,𒋥,,𒋥,,
šita₄,𒌋𒆤,,,𒌋𒆤,,𒌋𒆤,,
šita₅,𒋃,,,𒋃,,𒋃,,
šitaₓ,𒆕𒄑,,,𒆕𒄑,,𒂷𒋡。𒆕𒄑。𒉌。𒊺𒋠,,
šiten,𒆠𒁺𒆕,𒆠𒁺𒆕。𒋥,,𒋥,𒆠𒁺𒆕,𒆠𒁺𒆕,,
šitenₓ,𒆠𒈗,,,𒆠𒈗,,𒆠𒈗。𒋥,,
šiti,𒋃,,,𒋃,𒋃,𒋃,,
šitim,𒁶,,𒁶,𒁶,𒁶,𒁶,,
šitim2,,,,,𒋃,,,
šitim₂,𒋃,,,𒋃,,𒋃,,
šiz,𒋀,,,𒋀,𒋀,𒋀,,
šizbu,𒂵,,,𒂵,𒂵,𒂵,,
šiš,𒋀,,𒋀,𒋀,𒋀,𒋀,,
šiš2,,,,,𒋁,,,
šiššalₓ,,,,,,𒔌𒔌,,
šiš₂,𒋁,,,𒋁,,𒋁,,
šiḫ,,,,,𒆤。𒋚,,,
šiḫ2,,,,,𒆤,,,
šiṣ,𒋀,,,𒋀,𒋀,𒋀,,
šiṭ,𒋃,,,𒋃,𒋃,𒋃,,
šiṭ2,,,,,𒆐,,,
šiṭ3,,,,,𒋺,,,
ši₂,𒋛,,,𒋛,,𒋛,,
ši₃,𒋝,,,𒋝,,𒋝,,
ši₄,𒂠,,,𒂠,,𒂠,,
ši₅,𒆪,,,𒆪,,𒆪,,
ši₆,𒋆,,,𒋆,,𒋆,,
ši₇,𒅊,,,𒅊,,𒅊,,
šiₓ,𒆃,,,𒆃,,𒅆𒂟。𒅗。𒅝。𒆃。𒊺。𒋜,,
šu,𒋗,,𒋗,𒋗,𒋗,𒋗,,
šu!,,,𒋗,,,,,
šu&šu@180,,𒋘,,𒋘,,,,
šu-gi,𒋗𒄀,,,𒋗𒄀,,𒋗𒄀,,
šu-u,𒋗𒌋,,,𒋗𒌋,,𒋗𒌋,,
šu.an,,𒋗𒀭,,𒋗𒀭,𒋗𒀭,,,
šu.bad,,𒋗𒁁,,𒋗𒁁,𒋗𒁁,,,
šu.bu,,𒋗𒁍,,𒋗𒁍,𒋗𒁍,,,
šu.bulug3,,,,,𒋗𒉽𒉽,,,
šu.di.eš,,,,,𒋗𒁲,,,
šu.di.u.u.u,,𒋗𒁲𒌋𒌋𒌋,,𒋗𒁲𒌋𒌋𒌋,,,,
šu.dim₂,,𒋗𒁶,,𒋗𒁶,,,,
šu.diš,,𒋗𒁹,,𒋗𒁹,𒋗𒁹,,,
šu.diš.eš,,,,,𒋗𒁹𒌍,,,
šu.eren.me,,𒋗𒂞𒈨,,𒋗𒂞𒈨,,,,
šu.ga,,𒋗𒂵,,𒋗𒂵,𒋗𒂵,,,
šu.gan,,𒋗𒃶,,𒋗𒃶,𒋗𒃶,,,
šu.gan₂@t,,𒋗𒃸,,𒋗𒃸,,,,
šu.gar,,𒋗𒃻,,𒋗𒃻,,,,
šu.gar.tur.lal,,𒋗𒃻𒌉𒇲,,𒋗𒃻𒌉𒇲,,,,
šu.gar.tur.lal.bi,,𒋗𒃻𒌉𒇲𒁉,,𒋗𒃻𒌉𒇲𒁉,,,,
šu.gi,,𒋗𒄀,,𒋗𒄀,,,,
šu.gi%gi,,𒋗𒄃,,𒋗𒄃,,,,
šu.gim,,,,,𒋗𒁶,,,
šu.ha,,𒋗𒄩,,𒋗𒄩,,,,
šu.kad₄,,𒋗𒆒,,𒋗𒆒,,,,
šu.kal,,𒋗𒆗,,𒋗𒆗,𒋗𒄨,,,
šu.kar2,,,,,𒋗𒃸,,,
šu.lagab,,𒋗𒆸,,𒋗𒆸,,,,
šu.lagab.na,,𒋗𒆸𒈾,,𒋗𒆸𒈾,𒋗𒆸𒈾,,,
šu.lal.tur,,𒋗𒇲𒌉,,𒋗𒇲𒌉,,,,
šu.lu2,,,,,𒋗𒇽,,,
šu.lugal,,𒋗𒈗,,𒋗𒈗,𒋗𒈗,,,
šu.lul,,𒋗𒈜,,𒋗𒈜,𒋗𒈜,,,
šu.lu₂,,𒋗𒇽,,𒋗𒇽,,,,
šu.me.eren,,𒋗𒈨𒂞,,𒋗𒈨𒂞,,,,
šu.min,,𒋗𒈫,,𒋗𒈫,𒋗𒈫,,,
šu.min.me.u.u.u,,𒋗𒈫𒈨𒌋𒌋𒌋,,𒋗𒈫𒈨𒌋𒌋𒌋,,,,
šu.min.meš,,,,,𒋗𒈫𒈨𒌍,,,
šu.naga,,𒋗𒉀,,𒋗𒉀,𒋗𒉀,,,
šu.nig2.tur.lal,,,,,𒋗𒃻𒌉𒇲,,,
šu.nig2.tur.lal.bi,,,,,𒋗𒃻𒌉𒇲𒁉,,,
šu.pap.pap,,𒋗𒉽𒉽,,𒋗𒉽𒉽,,,,
šu.si.di,,𒋗𒋛𒁲,,𒋗𒋛𒁲,,,,
šu.tur,,𒋗𒌉,,𒋗𒌉,,,,
šu.u,,𒋗𒌋,,𒋗𒌋,,,,
šu10,,,,,𒈬,,,
šu11,,,,,𒋢,,,
šu12,,,,,𒆃,,,
šu13,,,,,𒁉,,,
šu14,,,,,𒋳,,,
šu15,,,,,𒋧。𒍮,,,
šu16,,,,,𒌋𒌓,,,
šu2,,,𒋙,,𒋙,,,
šu2.aš2,,,,,𒋙𒀾,,,
šu2.dun4,,,,,𒋙𒂈,,,
šu2.eš,,,,,𒋙𒌍,,,
šu2.mul,,,,,𒋙𒀯,,,
šu2.naga,,,,,𒋙𒉀,,,
šu2.ne,,,,,𒋙𒉈,,,
šu2.uršeššig,,,,,𒋙𒌪,,,
šu2.še.ku.gag,,,,,𒊾,,,
šu3,,,,,𒂠,,,
šu4,,,,,𒌋,,,
šu4.dul5,,,,,𒌋𒌆,,,
šu4.ga,,,,,𒌋𒂵,,,
šu4.gan,,,,,𒌋𒃶,,,
šu4.sag,,,,,𒌋𒊕,,,
šu4.uršeššig,,,,,𒌋𒌪,,,
šu5,,,,,𒇟,,,
šu6,,,,,𒇠,,,
šu7,,,,,𒃻。𒋜,,,
šu@c,,,,,,𒋗,,
šu[m,,,𒋳,,,,,
šuaₓ,,,,,,None。𒃰X,,
šub,𒊒,,𒊒,𒊒,𒊒,𒊒,,
šub2,,,,,𒆃,,,
šub3,,,,,𒁲。𒉺𒅁,,,
šub4,,,,,𒈰,,,
šub5,,,,,𒍤𒆸,,,
šub6,,,,,𒋃,,,
šub7,,,,,𒍝𒈽,,,
šub8,,,,,𒍝𒈹,,,
šuba,𒍝𒈽,,𒍝𒈽,𒍝𒈽,𒍝𒈽,𒍝𒈽,,
šuba2,,,𒍝𒈹,,𒍝𒈹,,,
šuba3,,,,,𒈹𒍝,,,
šuba4,,,,,𒈹,,,
šuba5,,,,,𒊒,,,
šubar,𒋚,,,𒋚,,𒋚,,
šubartin,𒋙,,,𒋙,𒋙,𒋙,,
šuba₂,𒍝𒈹,,,𒍝𒈹,,𒍝𒈹,,
šuba₃,𒈹𒍝,,,𒈹𒍝,,𒈹𒍝,,
šuba₄,𒈹,,𒈹,𒈹,,,,
šuba₄?,,,,,,𒈹,,
šuba₅,𒊒,,,𒊒,,𒊒,,
šubaₓ,𒍝𒀭𒈽,,,𒍝𒀭𒈽,,𒇴𒊕。𒈲。𒈲𒊭。𒍝𒀭𒈽,,
šubaₓ?,,,,,,𒌑𒍝𒈹,,
šubba,,,,,,None,,
šubtu,𒆜𒆸,,,𒆜𒆸,,,,
šubtu3,,,,,𒆜𒆸,,,
šubtu5,,,,,𒆜𒇥,,,
šubtu6,,,,,𒆝,,,
šubtu7,,,,,𒆞,,,
šubtum₃,𒆜𒆸,,,𒆜𒆸,,𒆜𒆸,,
šubtum₄,,X𒁻X,,X𒁻X,,XX,,
šubtum₅,𒆜𒇥,,,𒆜𒇥,,𒆜𒇥,,
šubtum₆,𒆝,,,𒆝,,𒆝,,
šubtum₇,𒆞,,,𒆞,,𒆞,,
šubtumₓ,𒆜,,,𒆜,,𒆜。𒆜X,,
šubtu₃,𒆜𒆸,,,𒆜𒆸,,𒆜𒆸,,
šubtu₄,,,,,,XX,,
šubtu₅,𒆜𒇥,,,𒆜𒇥,,𒆜𒇥,,
šubtu₆,𒆝,,,𒆝,,𒆝,,
šubtu₇,𒆞,,,𒆞,,𒆞,,
šubul,𒀭,,,𒀭,𒀭,𒀭,,
šubun,𒆠𒁉𒃻,,,𒆠𒁉𒃻,𒆠𒁉𒃻,𒆠𒁉𒃻,,
šubur,𒋚,,𒋚,𒋚,𒋚,𒋚,,
šubur2,,,,,𒀴,,,
šubura,𒋚,,,𒋚,𒋚,𒋚,,
šubur₂,𒀴,,,𒀴,,,,
šubur₂?,,,,,,𒀴,,
šubuₓ,𒍝𒈹,,,𒍝𒈹,,𒌑𒍝𒈹。𒍝𒈹,,
šub×zi&zi,,𒊒𒍤,,𒊒𒍤,,,,
šub₃,𒉺𒅁,,,𒉺𒅁,,𒉺𒅁,,
šub₄,𒈰,,,𒈰,,𒈰,,
šub₅,𒍤𒆸,,,𒍤𒆸,,𒍤𒂠。𒍤𒆸,,
šub₆,𒋃,,,𒋃,,𒋃,,
šub₇,𒍝𒈽,,,𒍝𒈽,,𒍝𒈽,,
šub₈,𒍝𒈹,,,𒍝𒈹,,𒍝𒈹,,
šubₓ,𒍤𒀀,,,𒍤𒀀,,𒀀𒍤。𒅢。𒍝𒈹𒁲。𒍤𒀀,,
šud,𒋤,,𒋤,𒋤,𒋤,𒋤,,
šud2,,,,,𒁍,,,
šud3,,,𒆃,,𒆃,,,
šud4,,,,,𒋃,,,
šud;,,,𒋤,,,,,
šudaminₓ,𒑛,,,𒑛,,,,
šudaminₓ?,,,,,,𒑛,,
šudaₓ,𒑚,,,𒑚,,󰁰,,
šudaₓ?,,,,,,𒑚,,
šude3,,,,,𒆃,,,
šude₃,𒆃,,,𒆃,,,,
šude₃?,,,,,,𒆃,,
šudu3,,,𒆃,,𒆃,,,
šudug,𒄀𒉻,,,𒄀𒉻,𒉻,𒄀𒉻,,
šudug2,,,,,𒄴𒈨,,,
šuduggaₓ,,,,,,𒇂,,
šudul,𒋙,,𒋙,𒋙,𒋙𒂈,𒋙𒂈,,
šudul2,,,,,𒌋𒌆,,,
šudul3,,,,,𒋙𒌪。𒌋𒌪,,,
šudul4,,,,,𒂈,,,
šudul5,,,,,𒌪,,,
šudul6,,,,,𒌋𒆤,,,
šudul;,,,𒋙,,,,,
šudulu,𒋙,,,𒋙,𒋙𒂈,𒋙𒂈,,
šudul₂,𒌋𒌆,,,𒌋𒌆,,𒌋𒌆,,
šudul₃,𒋙𒌪,,,𒋙𒌪,,𒋙𒌪,,
šudul₄,𒌪,,,𒌪,,𒂈,,
šudul₅,𒌪,,,𒌪,,𒌪,,
šudul₆,𒌋𒆤,,,𒌋𒆤,,𒌋𒆤,,
šudulₓ,,,,,,𒃻𒌆。𒌨,,
šudum,𒋃,,,𒋃,𒋃,𒋃,,
šudun,𒋙,,𒋙,𒋙,𒋙𒂈,𒋙𒂈,,
šudun2,,,,,𒌋𒌆,,,
šudun3,,,,,𒋙𒌪。𒌋𒌪,,,
šudun4,,,,,𒂈,,,
šudun5,,,,,𒌪,,,
šudun6,,,,,𒌋𒆤,,,
šudun₂,𒌋𒌆,,,𒌋𒌆,,𒌋𒌆,,
šudun₃,𒋙𒌪,,,𒋙𒌪,,𒋙𒌪,,
šudun₄,𒂈,,,𒂈,,𒂈,,
šudun₅,𒌪,,,𒌪,,𒌪,,
šuduyuₓ,,,,,,𒈰,,
šudu₃,𒆃,,,𒆃,,𒆃,,
šuduₓ,,,,,,𒅗𒋗,,
šud₂,𒁍,,,𒁍,,𒁍,,
šud₃,𒆃,,𒆃,𒆃,,𒆃,,
šud₄,𒋃,,,𒋃,,𒋃,,
šudₓ,𒅗𒋗,,,𒅗𒋗,,𒅗。𒅗𒋗,,
šug,𒉻,,,𒉻,𒉻,𒉻,,
šugalanzuₓ,,,,,,𒂗𒃣𒁶,,
šugbar,𒋗𒆗,,,𒋗𒆗,𒋗𒄨,,,
šugbar?,,,,,,𒋗𒆗,,
šugi,𒋗𒄃,,,𒋗𒄃,,𒋗𒄃,,
šugmaš,𒋗𒆗,,,𒋗𒆗,𒋗𒄨,,,
šugmaš?,,,,,,𒋗𒆗,,
šugur,𒈗,,,𒈗,,𒈗,,
šugurₓ,𒒦,,,𒒦,,𒒥,,
šuh,𒈽,,,𒈽,,𒈽,,
šuhub,𒋙𒀯,,𒋙𒀯,𒋙𒀯,,𒀯𒁇。𒁇𒀯。𒋙𒀭。𒋙𒀯,,
šuhub₂,𒋙𒀯,,,𒋙𒀯,,𒀯,,
šuhub₄,𒋗𒁲𒌋𒌋𒌋,,,𒋗𒁲𒌋𒌋𒌋,,𒋗𒁲𒌍,,
šuhubₓ,𒀭𒀯,,,𒀭𒀯,,𒀭𒀯,,
šuhuš,𒁼,,,𒁼,,𒁼,,
šuhuš₂,𒌮,,,𒌮,,𒌮,,
šuh₂,𒋚,,,𒋚,,𒋚,,
šuk,𒉻,,𒉻,𒉻,𒉻,𒉻,,
šuk2,,,,,𒈮,,,
šuk3,,,,,𒆹,,,
šukal,𒈛,,,𒈛,𒈛,𒈛,,
šukbar,𒋗𒆗,,,𒋗𒆗,,,,
šukbar?,,,,,,𒋗𒆗,,
šukkal,𒈛,,,𒈛,𒈛,𒈛,,
šukra,𒋗𒃸,,,𒋗𒃸,𒋗𒃸,𒋗𒃸,,
šuku,𒉻,,𒉻,𒉻,𒉻,𒉻,,
šukud₂,,𒋗𒄩,,𒋗𒄩,,𒋗𒄩,,
šukud₃,,𒋗𒄩,,𒋗𒄩,,𒋗𒄫,,
šukudₓ,𒋗𒄩,𒋗𒄩,,,,,,
šukum,,𒄞,,𒄞,𒄞,,,
šukumₓ,𒇒,,,𒇒,,𒇒,,
šukun3,,,,,𒉻,,,
šukun₃,𒉻,,,𒉻,,𒉻,,
šukur,𒅆𒆕,,,𒅆𒆕,𒅆𒆕,𒅆𒆕,,
šukur2,,,,,𒉻,,,
šukur₂,𒉻,,,𒉻,,𒉻,,
šukurₓ,,,,,,𒒥,,
šuku₂,,𒋗𒄩,,𒋗𒄩,,𒋗𒄩,,
šuku₃,,𒋗𒄩,,𒋗𒄩,,𒋗𒄫,,
šuk₂,𒈮,,,𒈮,,𒈮,,
šuk₃,𒆹,,,𒆹,,𒆹,,
šukₓ,𒈽,,,𒈽,,𒈽,,
šul,𒂄,,𒂄,𒂄,𒂄,𒂄,,
šul2,,,,,𒉌,,,
šul3,,,,,𒁲,,,
šullat,𒅂,,,𒅂,𒁁,𒅂,,
šullat2,,,,,𒉺,,,
šullat₂,𒉺,,,𒉺,,𒉺,,
šullatₓ,,,,,,𒉺𒉺,,
šuluₓ,,,,,,𒂄,,
šul₃,𒁲,,,𒁲,,𒁲,,
šum,𒋳,,𒋳,𒋳,𒋳,𒋳,,
šum2,,,𒋧,,𒋧,,,
šum3,,,𒈬,,𒈬,,,
šum4,,,,,𒁁,,,
šum5,,,,,𒁔,,,
šuma,,,,,𒁁,,,
šumati,𒈬𒈨𒌋𒌋𒌋,,,𒈬𒈨𒌋𒌋𒌋,,𒈬𒎌,,
šumer,,,,,𒆠𒂗𒄀。𒆠𒅔𒄀,,,
šumgamme,𒋳𒃵𒈨,,,𒋳𒃵𒈨,,𒋳𒃵𒈨,,
šumma,,,,,𒁁,,,
šumu,𒈬,,,𒈬,𒈬,𒈬,,
šumu2,,,,,𒋧,,,
šumu3,,,,,𒈬。𒋳,,,
šumug,,,,,𒁾,,,
šumugₓ,𒌝,,,𒌝,,𒌝,,
šumun,𒌀,,,𒌀,𒁁,𒌀,,
šumunda,𒇰,,,𒇰,𒇰𒊬,𒇰,,
šumunₓ,𒇰,,,𒇰,,𒇰,,
šumu₂,𒋧,,,𒋧,,𒋧,,
šumu₃,𒋳,,,𒋳,,𒋳,,
šumuₓ,,,,,,𒁁,,
šumāti,,,,,𒈬𒈨𒌍,,,
šum₂,𒋧,,,𒋧,,𒋧,,
šum₃,𒈬,,,𒈬,,𒈬,,
šum₄,𒌀,,,𒌀,,𒌀,,
šum₅,𒁔,,,𒁔,,𒁔,,
šun,𒊿,,𒊿,𒊿,𒊿,𒊿,,
šun2,,,,,𒀯,,,
šun3,,,,,𒄢,,,
šun4,,,,,𒋧,,,
šun;,,,𒊿,,,,,
šunigin,𒋗𒃸,,,𒋗𒃸,,𒋗𒃸,,
šuniŋin,,,,,,𒋗𒃸,,
šun₂,𒀯,,,𒀯,,𒀯,,
šun₃,𒄢,,,𒄢,,𒄢,,
šun₄,𒋧,,,𒋧,,𒋧,,
šuoverinvertedšu,,,,,𒋘,,,
šup,𒊒,,𒊒,𒊒,𒊒,𒊒,,
šup2,,,𒀸,,𒀸,,,
šup3,,,,,𒀸。𒉺𒅁,,,
šup₂,𒀸,,,𒀸,,𒀸,,
šup₃,𒉺𒅁,,,𒉺𒅁,,𒉺𒅁,,
šuq,𒉻,,,𒉻,𒉻,𒉻,,
šuquₓ,𒋏,,,𒋏,,𒋏,,
šur,𒋩,,𒋩,𒋩,𒋩,𒋩,,
šur2,,,𒊨,,𒊨,,,
šur3,,,𒋓,,𒋓,,,
šur4,,,,,𒇳𒊬,,,
šur5,,,,,𒇲𒆸,,,
šur6,,,,,𒇳𒆸,,,
šurim,𒇇,,𒇇,𒇇,𒇇,𒇇,,
šurim3,,,,,𒇆。𒇇,,,
šurim₃,𒇆,,,𒇆,,𒇆,,
šurimₓ,𒋠𒀸,,,𒋠𒀸,,𒋠𒀸,,
šurin4,,,,,𒁨,,,
šurin5,,,,,𒁬,,,
šurin₄,𒁨,,,𒁨,,,,
šurin₄?,,,,,,𒁨,,
šurin₅,𒁬,,,𒁬,,𒁬,,
šuripak,𒋢𒆳𒊒,,,𒋢𒆳𒊒,𒋢𒆳𒊒,𒋢𒆳𒊒,,
šuripak2,,,,,𒇵𒊒,,,
šuripak₂,𒇶,,,𒇶,,𒇶,,
šurippak,𒋢𒆳𒊒,,,𒋢𒆳𒊒,𒋢𒆳𒊒,𒋢𒆳𒊒,,
šurippak2,,,,,𒇵𒊒,,,
šurippak₂,𒇶,,,𒇶,,𒇶,,
šurmen,𒋗𒈨𒂞,,,𒋗𒈨𒂞,,𒋗𒈨𒂞,,
šurmenₓ,𒋗𒂞𒈨,,,𒋗𒂞𒈨,,𒂞。𒂞𒋗𒈨。𒋗𒂞𒈨,,
šurmin,𒋗𒈨𒂞,,,𒋗𒈨𒂞,,𒋗𒈨𒂞,,
šuru,𒇇,,,𒇇,𒇇,𒇇,,
šuru2,,,,,𒇣,,,
šuru3,,,,,𒇆。𒇇,,,
šuru6,,,,,𒄽。𒋺,,,
šurum,𒇇,,,𒇇,𒇇,𒇇,,
šurum3,,,,,𒇆。𒇇,,,
šurum6,,,,,𒋺,,,
šurum₃,𒇆,,,𒇆,,𒇆,,
šurum₆,𒋺,,,𒋺,,𒋺,,
šurum₇,𒉔,,,𒉔,,𒉔,,
šurumₓ,𒍀,,,𒍀,,𒉣𒇬。𒋠𒀸。𒍀,,
šurun,𒇇,,,𒇇,𒇇,𒇇,,
šurun2,,,,,𒇣,,,
šurun3,,,𒇆,,𒇆。𒇇,,,
šurun4,,,𒁨,,𒁨,,,
šurun5,,,,,𒁬,,,
šurun₂,𒇣,,,𒇣,,𒇣,,
šurun₃,𒇆,,,𒇆,,𒇆,,
šurun₄,𒁨,,,𒁨,,𒁨,,
šurun₅,𒁬,,,𒁬,,,,
šurun₅?,,,,,,𒁬,,
šurunₓ,𒋠𒀸,,,𒋠𒀸,,𒋠𒀸,,
šurupak,𒋢𒆳𒊒,,,𒋢𒆳𒊒,𒋢𒆳𒊒,𒋢𒆳𒊒,,
šurupak2,,,,,𒇵𒊒,,,
šurupak₂,𒇶,,,𒇶,,𒇶,,
šuruppag,𒋢𒆳𒊒,,𒋢𒆳𒊒,𒋢𒆳𒊒,,𒋢𒆳𒊒,,
šuruppak,𒋢𒆳𒊒,,,𒋢𒆳𒊒,𒋢𒆳𒊒,𒋢𒆳𒊒,,
šuruppak2,,,,,𒇵𒊒,,,
šuruppak₂,𒇶,,,𒇶,,𒇶,,
šuruppakₓ,𒋢,,,𒋢,,𒋢X。𒋢𒇴𒆳𒊒,,
šuru₂,𒇣,,,𒇣,,𒇣,,
šuru₃,𒇆,,,𒇆,,𒇆,,
šuru₆,𒋺,,,𒋺,,𒋺,,
šuruₓ,𒋠𒀸,,,𒋠𒀸,,𒂊。𒂊𒋤𒄽。𒂊𒌈。𒇲。𒋠𒀸,,
šur₂,𒊨,,,𒊨,,𒊨,,
šur₂⁻,,,,,,𒊨,,
šur₃,𒋓,,,𒋓,,𒋓,,
šur₄,𒇳𒊬,,𒇳𒊬,𒇳𒊬,,𒇳𒊬,,
šur₅,𒇲𒆸,,,𒇲𒆸,,𒇲𒆸,,
šur₆,𒇳𒆸,,,𒇳𒆸,,,,
šur₆?,,,,,,𒇳𒆸,,
šurₓ,𒇲,,,𒇲,,𒇲。󰁦,,
šusbu,𒈽,,,𒈽,,𒈽,,
šut,𒋤,,,𒋤,𒋤,𒋤,,
šut2,,,,,𒁍,,,
šuta,,,,,𒇟,,,
šutug,𒉻,,,𒉻,𒉻,𒉻,,
šutug2,,,,,𒄴𒈨,,,
šutug₂,𒄴𒈨,,,𒄴𒈨,,𒄴𒈨,,
šutugₓ,𒉻,,,𒉻,,𒉻𒌓,,
šutul,𒋙,,,𒋙,𒋙𒂈,𒋙𒂈,,
šutul2,,,,,𒌋𒌆,,,
šutul3,,,,,𒋙𒌪。𒌋𒌪,,,
šutul4,,,,,𒂈,,,
šutul5,,,,,𒌪,,,
šutul6,,,,,𒌋𒆤,,,
šutul₂,𒌋𒌆,,,𒌋𒌆,,𒌋𒌆,,
šutul₃,𒋙𒌪,,,𒋙𒌪,,𒋙𒌪,,
šutul₄,𒂈,,,𒂈,,𒂈,,
šutul₅,𒌪,,,𒌪,,𒌪,,
šutul₆,𒌋𒆤,,,𒌋𒆤,,𒌋𒆤,,
šutulₓ,𒌋𒌪,,,𒌋𒌪,,𒌋𒌪,,
šutum,𒄀𒈾𒀊𒌋𒄞,,𒄀𒈾𒀊𒌋𒄞,𒄀𒈾𒀊𒌋𒄞,𒄀𒈾𒀊𒌌,𒄀𒈾𒀊𒌌,,
šutum2,,,,,𒄀𒈾𒀊𒌈,,,
šutum₂,𒄀𒈾𒀊𒌋𒄞,,,𒄀𒈾𒀊𒌋𒄞,,𒄀𒈾𒀊𒌈,,
šutum₃,𒋃,,,𒋃,,𒋃,,
šutumₓ,𒈪𒈾𒀊𒌋𒄞,,,𒈪𒈾𒀊𒌋𒄞,,𒂍𒄀𒈾𒀊𒄭。𒂍𒄀𒈾𒀊𒌈。𒂍𒄀𒈾𒀊𒌌。𒂍𒄀𒈾𒌈。𒄀𒈾𒀊𒈾𒌈。𒄄𒈾𒀊𒌈。𒆠𒈾𒀊𒌈。𒈪𒈾𒀊𒌋𒄞,,
šutun,,,,,𒋙𒂈,,,
šutun2,,,,,𒌋𒌆,,,
šutun3,,,,,𒋙𒌪。𒌋𒌪,,,
šutun4,,,,,𒂈,,,
šutun5,,,,,𒌪,,,
šutun6,,,,,𒌋𒆤,,,
šutun₄,𒂈,,,𒂈,,𒂈,,
šutun₅,𒌪,,,𒌪,,𒌪,,
šutur,𒈤,,,𒈤,𒈤,𒈤,,
šuturu,,,,,𒈤,,,
šuwati,𒈬𒈨𒌋𒌋𒌋,,,𒈬𒈨𒌋𒌋𒌋,,𒈬𒎌,,
šuwāti,,,,,𒈬𒈨𒌍,,,
šuz,𒋤,,,𒋤,𒋤,𒋤,,
šuzbu,,,,,𒈽,,,
šuzi,𒌨,,,𒌨,𒌨,𒌨,,
šuziₓ,,,,,,None,,
šu×zi&zi,,𒋗𒍤,,𒋗𒍤,,,,
šuāti,,,,,𒈬𒈨𒌍,,,
šuš,𒌋,,𒌋,𒌋,𒌋,𒌋,,
šuš2,,,,,𒋙,,,
šuš3,,,,,𒅖,,,
šuš4,,,,,𒋳,,,
šuš5,,,𒇟,,𒇟,,,
šuš6,,,𒇠,,𒇠,,,
šušana,𒑚,,𒑚,𒑚,𒑚,𒑚,,
šušana2,,,,,𒌋𒌋,,,
šušanaku,𒌋𒌋,,,𒌋𒌋,,𒎙,,
šušana₂,𒌋𒌋,,,𒌋𒌋,,𒎙,,
šušanaₓ,,,,,,𒋙𒊭,,
šušbar,𒀨,,,𒀨,𒀨,𒀨,,
šušgim,𒄞,,,𒄞,𒄞,𒄞,,
šušin,𒈹𒂞,,,𒈹𒂞,,𒈹𒂞。𒈹𒋁,,
šušina,𒈹𒂞,,,𒈹𒂞,,𒈹𒂞,,
šušinak,𒈹𒂞,,,𒈹𒂞,,𒈹𒂞,,
šušinakₓ,𒈽,,,𒈽,,𒈽,,
šušinₓ,,,,,,𒊺𒉇,,
šušmaš,𒀨,,,𒀨,𒀨,𒀨,,
šušru,𒉽𒉽.X,𒉽𒉽。𒉽𒉽.X,,𒉽𒉽,,𒉽𒉽X,,
šušu,𒋥,,,𒋥,,𒋥,,
šušudi,𒆃,,,𒆃,,𒆃,,
šušum,𒈹𒂞,,,𒈹𒂞,,𒈹𒂞,,
šušumx,,,,,𒈹𒂞,,,
šušun,,𒈹𒂞,,𒈹𒂞,,𒈹𒂞,,
šušur,𒀼,,𒀼,𒀼,𒍭,𒀼,,
šušur2,,,𒀽,,𒀽,,,
šušurum,𒉕,,,𒉕,,𒉕,,
šušur₂,𒀽,,,𒀽,,𒀽,,
šušuₓ,𒍝𒈽𒂞,,,𒍝𒈽𒂞,,𒈹𒋠𒇴。𒈽𒋠𒇴。𒋠𒇴。𒍝𒈽𒂞,,
šuššanₓ,𒑚,,,𒑚,,𒑚,,
šuššub,𒉽𒉽.X,𒉽𒉽。𒉽𒉽.X,,𒉽𒉽,,𒉽𒉽X,,
šuš₂,𒋙,,,𒋙,,𒋙,,
šuš₃,𒅖,,,𒅖,,𒅖,,
šuš₄,𒋳,,,𒋳,,𒋳,,
šuš₅,𒇟,,,𒇟,,𒇟,,
šuš₆,𒇠,,,𒇠,,𒇠,,
šušₓ,𒊺𒉇,,,𒊺𒉇,,𒊺𒉇,,
šuḫ,,,,,𒈽,,,
šuḫ2,,,,,𒋚,,,
šuḫub,,,,,𒋙𒀯,,,
šuḫub2,,,,,𒀯,,,
šuṭ,𒋤,,,𒋤,𒋤,𒋤,,
šuṭ2,,,,,𒁍,,,
šu–d,,,𒋗 𒀭,,,,,
šu₁₀,𒈬,,,𒈬,,𒈬,,
šu₁₁,𒋢,,,𒋢,,𒋢,,
šu₁₂,𒆃,,,𒆃,,𒆃,,
šu₁₃,𒁉,,,𒁉,,𒁉,,
šu₁₄,𒋳,,,𒋳,,𒋳,,
šu₁₅,𒍮,,,𒍮,,,,
šu₁₅?,,,,,,𒍮,,
šu₁₆,𒌋𒌓,,,𒌋𒌓,,𒌋𒌓,,
šu₁₇,𒅎𒋙,,,𒅎𒋙,,𒅎𒋙,,
šu₂,𒋙,,𒋙,𒋙,,𒋙,,
šu₂.3xan,,𒋙𒀯,,𒋙𒀯,,,,
šu₂.3×an,,𒋙𒀯,,𒋙𒀯,,,,
šu₂.an,,𒋙𒀭,,𒋙𒀭,,,,
šu₂.an.hi×gad,,𒋙𒀭𒄲,,𒋙𒀭𒄲,,,,
šu₂.aš₂,,𒋙𒀾,,𒋙𒀾,,,,
šu₂.bad,,𒋙𒁁,,𒋙𒁁,,,,
šu₂.dun₃@g@g@s,,𒋙,,𒋙,,,,
šu₂.naga,,𒋙𒉀,,𒋙𒉀,,,,
šu₂.ne,,𒋙𒉈,,𒋙𒉈,,,,
šu₂.u.u.u,,𒋙𒌋𒌋𒌋,,𒋙𒌋𒌋𒌋,,,,
šu₂.ur@s,,𒋙𒌪,,𒋙𒌪,,,,
šu₃,𒂠,,,𒂠,,𒂠,,
šu₄,𒌋,,,𒌋,,𒌋,,
šu₅,𒇟,,,𒇟,,𒇟,,
šu₆,𒇠,,,𒇠,,𒇠,,
šu₇,𒃻,,,𒃻,,,,
šu₇?,,,,,,𒃻,,
šuₓ,𒋺,,,𒋺,,𒁺𒁺。𒁺𒁺𒁺𒁺。𒁻𒁻。𒁽𒁽。𒇽。𒊒。𒋘。𒋤。𒋺。𒍣𒍣𒀀,,
šà,,,𒊮,,,,,
šàkir,,,𒌼,,,,,
šàm,,,𒉓,,,,,
šá,,,𒃻,,,,,
šá],,,𒃻,,,,,
šáb,,,𒊮,,,,,
šáh,,,𒂄,,,,,
šám,,,𒉚,,,,,
šár,,,𒊹,,,,,
šára,,,𒇋,,,,,
šè,,,𒂠,,,,,
šèr,,,𒂡,,,,,
šèĝ,,,𒀀𒀭,,,,,
šé,,,𒋛,,,,,
šék,,,𒋠,,,,,
šér,,,𒁍,,,,,
šéš,,,𒋁,,,,,
šì,,,𒋝,,,,,
šìr,,,𒂡,,,,,
šìta,,,𒋥,,,,,
šíta,,,𒂷𒄑,,,,,
šùd,,,𒆃,,,,,
šùdu,,,𒆃,,,,,
šùl,,,𒁲,,,,,
šú,,,𒋙,,,,,
šú],,,𒋙,,,,,
šúm,,,𒋧,,,,,
šúr,,,𒊨,,,,,
šútum,,,𒄀𒈾𒀊𒌈,,,,,
šúšur,,,𒀽,,,,,
šēdu,𒌜,,,𒌜,,,,
šēru,,,,,𒍜,,,
šīram,,,,,𒍜,,,
šīri,,,,,𒍜,,,
šīrim,,,,,𒍜,,,
šīru,,,,,𒍜,,,
šīrum,,,,,𒍜,,,
šūšu,,,,,𒈹𒋁,,,
šūšum,,,,,𒈹𒋁,,,
ʾ,𒀪,,𒀪,𒀪,,𒀪,,
ʾa,𒀪,,𒀪,𒀪,,𒀪,,
ʾa₃,𒂍,,,𒂍,,𒂍,,
ʾa₄,𒄩,,,𒄩,,𒄩,,
ʾa₅,𒉌,,,𒉌,,𒉌,,
ʾe,𒀪,,𒀪,𒀪,,𒀪,,
ʾeₓ,,,,,,𒂗,,
ʾi,𒀪,,𒀪,𒀪,,𒀪,,
ʾi₃,𒄭,,,𒄭,,𒄭,,
ʾu,𒀪,,𒀪,𒀪,,𒀪,,
ʾu₃,𒇆,,,𒇆,,𒇆,,
ʾu₄,𒀀,,,𒀀,,𒀀,,
ʾu₅,𒄷,,,𒄷,,𒄷,,
ʾuₓ,,,,,,𒂗,,
ʾì,,,𒄭,,,,,
ʿa5,,,,,𒉌,,,
ḫa,,,𒄩,,𒄩,,,
ḫa.a,,,,,𒄩𒀀,,,
ḫa2,,,,,𒄭𒀀,,,
ḫa3,,,,,𒌋,,,
ḫa4,,,,,𒄭,,,
ḫa5,,,,,𒌓,,,
ḫa6,,,,,𒄫,,,
ḫa8,,,,,𒋖𒄑,,,
ḫa@g,,,𒄫,,,,,
ḫa@t,,,𒄪,,,,,
ḫab,,,𒆸,,𒆸,,,
ḫab2,,,,,𒇥,,,
ḫaba,,,,,𒆸,,,
ḫabrud,,,,,𒆢,,,
ḫabrud2,,,,,𒆡,,,
ḫabrud3,,,,,𒊰,,,
ḫabrud4,,,,,𒊵,,,
ḫabruda,,,,,𒆢,,,
ḫabruda2,,,,,𒆡,,,
ḫabruda3,,,,,𒊰,,,
ḫabruda4,,,,,𒊵,,,
ḫab₂,,,𒇥,,,,,
ḫad,,,,,𒉺,,,
ḫad2,,,,,𒌓,,,
ḫad3,,,,,𒊷,,,
ḫad4,,,,,𒆒。𒆓,,,
ḫada,,,,,𒁬,,,
ḫagunû,,,,,𒄫,,,
ḫaia,,,,,𒉄,,,
ḫaiu,,,,,𒉄,,,
ḫal,,,𒄬,,𒄬,,,
ḫal2,,,,,𒍮,,,
ḫala,,,,,𒄬,,,
ḫalba,,,,,𒈻,,,
ḫalba2,,,,,𒍝𒈹𒁲,,,
ḫalba3,,,,,𒍝𒈽。𒍝𒈽𒁲,,,
ḫalba4,,,,,𒇳𒄬,,,
ḫalba5,,,,,𒇳𒍇,,,
ḫalba6,,,,,𒀀𒈹𒁲,,,
ḫalbi,,,,,𒈻,,,
ḫalbi2,,,,,𒍝𒈹𒁲,,,
ḫalbi3,,,,,𒍝𒈽。𒍝𒈽𒁲,,,
ḫalbi4,,,,,𒇳𒄬,,,
ḫalbi5,,,,,𒇳𒍇,,,
ḫalbi6,,,,,𒀀𒈹𒁲,,,
ḫalbu,,,,,𒈻,,,
ḫalbu2,,,,,𒍝𒈹𒁲,,,
ḫalbu3,,,,,𒍝𒈽𒁲,,,
ḫalbu4,,,,,𒇳𒄬,,,
ḫalbu5,,,,,𒇳𒍇,,,
ḫalbu6,,,,,𒀀𒈹𒁲,,,
ḫalib,,,,,𒅆𒆳,,,
ḫalubba,,,,,𒃑,,,
ḫaman,,,,,𒉺,,,
ḫamanzer,,,,,𒋠𒉺𒅁,,,
ḫamanzir,,,,,𒋠𒉺𒅁,,,
ḫamun,,,,,𒉃,,,
ḫanbruda,,,,,𒆢,,,
ḫanbruda2,,,,,𒆡,,,
ḫanburuda,,,,,𒆡。𒆢,,,
ḫanburuda2,,,,,𒆡,,,
ḫaniš,,,,,𒁁,,,
ḫaniš2,,,,,𒈗,,,
ḫaniš3,,,,,𒉺,,,
ḫanzalub,,,,,𒊮𒄀,,,
ḫap,,,,,𒆸,,,
ḫap2,,,,,𒇥,,,
ḫar,,,𒄯,,𒄯,,,
ḫar.du,,,,,𒄯𒁺,,,
ḫar.gu7,,,,,𒄯𒅥,,,
ḫar.sag,,,,,𒄯𒊕,,,
ḫar.sag.sar,,,,,𒄯𒊕𒊬,,,
ḫar.ḫar,,,,,𒄯𒄯,,,
ḫar2,,,,,𒄞,,,
ḫar3,,,,,𒇽𒆸。𒈊,,,
ḫar4,,,,,𒁚,,,
ḫar6,,,,,𒁹,,,
ḫara,,,,,𒄯,,,
ḫara2,,,,,𒄞,,,
ḫara3,,,,,𒇽𒆸。𒈊,,,
ḫara4,,,,,𒁚,,,
ḫara5,,,,,𒁦。𒁬,,,
ḫaru,,,,,𒁚。𒄯,,,
ḫaru4,,,,,𒁚,,,
ḫarub,,,,,𒁬,,,
ḫaršu,,,,,𒌓𒅗𒈦,,,
ḫas,,,,,𒋻,,,
ḫas2,,,,,𒉺,,,
ḫas3,,,,,𒍨,,,
ḫat,,,𒉺,,𒉺,,,
ḫata,,,,,𒉺,,,
ḫatenû,,,,,𒄪,,,
ḫaz,,,,,𒋻,,,
ḫaz2,,,,,𒉺,,,
ḫazabur,,,,,𒌑,,,
ḫaś3,,,,,𒍨,,,
ḫaš,,,𒋻,,𒋻,,,
ḫaš2,,,,,𒍨,,,
ḫaš3,,,,,𒌓,,,
ḫaš4,,,,,𒍮,,,
ḫašhur,,,𒈢,,,,,
ḫašḫur,,,𒈢,,𒈢,,,
ḫaḫad,,,,,𒌓𒌓,,,
ḫaṣ,,,,,𒋻,,,
ḫaṣ2,,,,,𒉺,,,
ḫaṭ,,,,,𒉺,,,
ḫe,,,𒄭,,𒄭,,,
ḫe2,,,𒃶,,𒃶,,,
ḫegal,,,,,𒂼,,,
ḫenbur,,,,,𒆕,,,
ḫenbur2,,,,,𒊺𒆕,,,
ḫendur,,,,,𒉺,,,
ḫenzer,,,,,𒅆𒁴,,,
ḫenzir,,,,,𒅆𒁴,,,
ḫer,,,,,𒂡,,,
ḫeš,,,,,𒌓,,,
ḫeš2,,,,,𒍨,,,
ḫeš5,,,,,𒇽𒃷。𒇽𒃸。𒈂,,,
ḫe₂,,,𒃶,,,,,
ḫi,,,𒄭,,𒄭,,,
ḫi.a,,,,,𒄭𒀀,,,
ḫi.aš,,,,,𒄮,,,
ḫi.bad,,,,,𒄭𒁁,,,
ḫi.ga,,,,,𒄭𒂵,,,
ḫi.gir3,,,,,𒄭𒄊,,,
ḫi2,,,,,𒃶,,,
ḫibira,,,,,𒀤,,,
ḫibis,,,,,𒌉𒁹,,,
ḫibis2,,,,,𒀨,,,
ḫibiz,,,,,𒌉𒁹,,,
ḫibiz2,,,,,𒀨,,,
ḫil,,,,,𒄃,,,
ḫil2,,,,,𒀸,,,
ḫilib,,,,,𒅆𒆳,,,
ḫilib2,,,,,𒉀,,,
ḫilibu,,,,,𒂌,,,
ḫir,,,𒆟,,𒂡,,,
ḫir2,,,𒄯,,𒄯,,,
ḫir4,,,,,𒆷,,,
ḫir5,,,,,𒄮,,,
ḫirim,,,,,𒆠𒄨,,,
ḫirin,,,,,𒆠𒄨,,,
ḫirin2,,,,,𒆯,,,
ḫixaš,,,,,𒄮,,,
ḫixaš2,,,,,𒄯,,,
ḫixbad,,,,,𒄰。𒆚,,,
ḫixgad,,,,,𒄲,,,
ḫixkin,,,,,𒄳,,,
ḫixnun,,,,,𒄴,,,
ḫixpa.nun.u?,,,,,𒇱,,,
ḫixu,,,,,𒄶,,,
ḫixše,,,,,𒄵,,,
ḫiš,,,𒌓,,𒌓,,,
ḫiš2,,,,,𒍨,,,
ḫiš3,,,,,𒂟,,,
ḫiš4,,,,,𒄭𒄊,,,
ḫu,,,𒄷,,𒄷,,,
ḫu.erim,,,,,𒄷𒂟,,,
ḫu.na2,,,,,𒄷𒈿,,,
ḫu.si,,,,,𒄷𒋛,,,
ḫu.še,,,,,𒄷𒊺,,,
ḫu.še.erim,,,,,𒄷𒊺𒂟,,,
ḫu3,,,,,𒌋,,,
ḫu4,,,,,𒄯,,,
ḫu5,,,,,𒈝,,,
ḫub,,,𒄽,,𒄽,,,
ḫub2,,,,,𒄸,,,
ḫub2.du,,,,,𒄸𒁺,,,
ḫub2xan,,,,,𒄹,,,
ḫub2xkaskal,,,,,𒄻,,,
ḫub2xliš,,,,,𒄼,,,
ḫub2xud,,,,,𒄽,,,
ḫub2xḫal,,,,,𒄺,,,
ḫubur,,,,,𒉸,,,
ḫubḫub,,,,,𒋄,,,
ḫubḫub2,,,,,𒋅,,,
ḫub₂,,,𒄸,,,,,
ḫud,,,,,𒉺,,,
ḫud2,,,,,𒌓,,,
ḫud3,,,,,𒄰,,,
ḫud4,,,,,𒊷,,,
ḫudbu,,,,,𒑐𒆕,,,
ḫug,,,,,𒂠,,,
ḫugunû,,,,,𒁯,,,
ḫul,,,𒅆𒌨,,𒅆𒌨,,,
ḫul2,,,𒄾,,𒄾,,,
ḫul3,,,,,𒄒,,,
ḫul4,,,𒅆𒌪,,𒅆𒌪,,,
ḫulpad,,,,,𒅆𒌨𒊒𒃻,,,
ḫulu,,,,,𒅆𒌨,,,
ḫulum,,,,,𒁧,,,
ḫulum2,,,,,𒊜,,,
ḫulum3,,,,,𒁠,,,
ḫuluḫ,,,,,𒈛,,,
ḫum,,,𒈝,,𒈝,,,
ḫumuzer,,,,,𒋠𒉺𒅁,,,
ḫumuzir,,,,,𒋠𒉺𒅁,,,
ḫumuḫ,,,,,𒇦,,,
ḫun,,,𒂠,,𒂠,,,
ḫunin,,,,,𒁠,,,
ḫup,,,,,𒄽,,,
ḫup2,,,,,𒄸,,,
ḫur,,,𒄯,,𒄯。𒆳,,,
ḫur;,,,𒄯,,,,,
ḫursag,,,,,𒑐𒂅,,,
ḫuru,,,,,𒄯,,,
ḫus,,,𒈝,,𒈝,,,
ḫus2,,,,,𒋻,,,
ḫut2ḫuṭ2,,,,,𒌓,,,
ḫuz,,,,,𒈝,,,
ḫuĝ,,,𒂠,,,,,
ḫuš,,,𒄭𒄊,,𒄭𒄊,,,
ḫuš2,,,,,𒄊,,,
ḫuša,,,,,𒄭𒄊,,,
ḫuḫud,,,,,𒌓𒌓,,,
ḫáš,,,𒍨,,,,,
ḫé,,,𒃶,,,,,
ḫír,,,𒄯,,,,,
ḫúb,,,𒄸,,,,,
ḫúl,,,𒄾,,,,,
ṣ,,,ṣ,,,,,
ṣ[ar],,,𒇡,,,,,
ṣ]e,,,𒍢,,,,,
ṣa,𒍝,,𒍝,𒍝,𒍝,𒍝,,
ṣa ṣe ṣi ṣu,,,𒍝 𒍢 𒍢 𒍮,,,,,
ṣa2,,,,,𒉌,,,
ṣa3,,,,,𒀭,,,
ṣab,𒂟,,𒂟,𒂟,𒂟,𒂟,,
ṣah,𒉈,,,𒉈,,𒉈,,
ṣah₂,𒆤,,,𒆤,,𒆤,,
ṣak,𒍠,,,𒍠,𒍠,𒍠,,
ṣal,𒉌,,𒉌,𒉌,𒉌,𒉌,,
ṣalam,,,,,,𒊨,,
ṣalmu,𒊨,,,𒊨,,,,
ṣalₓ,,,,,,𒊩,,
ṣap,𒂟,,,𒂟,𒂟,𒂟,,
ṣapa,𒂟,,,𒂟,𒂟,𒂟,,
ṣar,𒇡,,𒇡,𒇡,𒇡,𒇡,,
ṣar2,,,,,𒀫,,,
ṣar3,,,,,𒈲,,,
ṣara,𒇡,,,𒇡,𒇡,𒇡,,
ṣar₂,𒀫,,,𒀫,,𒀫,,
ṣar₃,,,,,,𒈲,,
ṣaḫ,,,,,𒉈,,,
ṣaḫ2,,,,,𒆤。𒋚,,,
ṣa₃,𒀭,,,𒀭,,𒀭,,
ṣe,𒍢,,𒍢,𒍢,𒍢,𒍢,,
ṣe2,,,,,𒍣,,,
ṣeh,𒋚,,,𒋚,,𒋚,,
ṣeh₂,𒉈,,,𒉈,,𒉈,,
ṣep,𒍦,,,𒍦,,𒍦,,
ṣer,𒈲,,,𒈲,𒈲,𒈲,,
ṣeri,,,,,𒂔,,,
ṣeru,,,,,𒂔,,,
ṣeḫ,,,,,𒋚,,,
ṣeḫ2,,,,,𒉈,,,
ṣe₂,𒍣,,,𒍣,,𒍣,,
ṣi,𒍢,,𒍢,𒍢,𒍢,𒍢,,
ṣi2,,,𒍣,,𒍣,,,
ṣi3,,,,,𒋛,,,
ṣi9,,,,,𒂠,,,
ṣib,𒍦,,𒍦,𒍦,𒍦,𒍦,,
ṣib2,,,,,𒍨,,,
ṣibi,𒍦,,,𒍦,𒍦,𒍦,,
ṣib₂,𒍨,,,𒍨,,𒍨,,
ṣil,𒉣,,𒉣,𒉣,𒉣,𒉣,,
ṣil2,,,,,𒈪,,,
ṣil3,,,,,𒋻,,,
ṣil4,,,,,𒄑𒈪,,,
ṣillu,𒀭𒊨,,,𒀭𒊨,,,,
ṣil₂,𒈪,,,𒈪,,𒈪,,
ṣil₃,𒀭𒊨,,,𒀭𒊨,,𒀭𒊨,,
ṣil₄,𒄑𒈪,,,𒄑𒈪,,𒄑𒈪,,
ṣim,𒍮,,,𒍮,𒍮,𒍮,,
ṣin,𒌍,,,𒌍,𒌍,𒌍,,
ṣip,𒍦,,,𒍦,𒍦,𒍦,,
ṣip2,,,,,𒍨,,,
ṣir,𒈲,,𒈲,𒈲,𒈲,𒈲,,
ṣiri,,,,,𒈲,,,
ṣiḫ,,,,,𒋚,,,
ṣiḫ2,,,,,𒉈,,,
ṣiṣ,𒁁,,,𒁁,𒁁,𒁁,,
ṣi₂,𒍣,,,𒍣,,𒍣,,
ṣi₃,𒋛,,,𒋛,,𒋛,,
ṣi₉,𒂠,,,𒂠,,𒂠,,
ṣu,𒍮,,𒍮,𒍮,𒍮,𒍮,,
ṣu2,,,𒍪,,𒍪,,,
ṣum,𒍮,,𒍮,𒍮,𒍮,𒍮,,
ṣur,𒀫,,𒀫,𒀫,𒀫,𒀫,,
ṣur2,,,,,𒈲。𒊨,,,
ṣuru,𒀫,,,𒀫,𒀫,𒀫,,
ṣurṣub,𒂁,,,𒂁,,𒂁,,
ṣurṣub₂,𒆗,,,𒆗,,𒆗,,
ṣur₂,𒈲,,,𒈲,,𒈲,,
ṣu₂,𒍪,,,𒍪,,𒍪,,
ṣé,,,𒍣,,,,,
ṣí,,,𒍣,,,,,
ṣú,,,𒍪,,,,,
ṣúr,,,𒈲,,,,,
ṣābu,𒂟,,,𒂟,,,,
ṣītu,𒌓,,,𒌓,,,,
ṭa,𒁕,,𒁕,𒁕,𒁕,𒁕,,
ṭa ṭe ṭi ṭu,,,𒁕 𒁲 𒁲 𒂅,,,,,
ṭa2,,,,,𒋫。𒋬,,,
ṭa3,,,𒄭,,𒄭,,,
ṭa4,,,,,𒁮,,,
ṭab,𒋰,,,𒋰,,𒋰,,
ṭab3,,,,,𒁳,,,
ṭab4,,,,,𒍏,,,
ṭab6,,,,,𒄭,,,
ṭab₃,𒁳,,,𒁳,,𒁳,,
ṭab₆,𒄭,,,𒄭,,𒄭,,
ṭad,,,,,𒋺,,,
ṭah,𒈭,,,𒈭,,𒈭,,
ṭah₂,𒃮,,,𒃮,,𒃮,,
ṭak,𒁖,,,𒁖,𒁖,,,
ṭak?,,,,,,𒁖,,
ṭal,𒊑,,𒊑,𒊑,𒊑,𒊑,,
ṭam,𒁮,,𒁮,𒁮,𒁮,𒁮,,
ṭam2,,,,,𒌓,,,
ṭam₂,𒌓,,,𒌓,,𒌓,,
ṭan,𒆗,,,𒆗,𒄨,𒆗,,
ṭap,𒋰,,,𒋰,,𒋰,,
ṭap₃,𒁳,,,𒁳,,𒁳,,
ṭar,𒋻,,𒋻,𒋻,𒋻,𒋻,,
ṭar2,,,,,𒁯,,,
ṭar3,,,,,𒁰,,,
ṭar₂,𒁯,,,𒁯,,𒁯,,
ṭar₃,𒁰,,,𒁰,,𒁰,,
ṭat,𒋺,,,𒋺,𒋺,𒋺,,
ṭaš,𒌨,,,𒌨,,𒌨,,
ṭaḫ,,,,,𒈭,,,
ṭaḫ2,,,,,𒂃,,,
ṭa₂,𒋫,,,𒋫,,𒋫,,
ṭa₃,𒄭,,,𒄭,,𒄭,,
ṭa₄,𒁮,,,𒁮,,𒁮,,
ṭe,𒁲,,𒁲,𒁲,𒁲,𒁲,,
ṭe2,,,,,𒊹,,,
ṭe3,,,,,𒉈,,,
ṭe4,,,𒋼,,𒋼,,,
ṭe5,,,,,𒌣,,,
ṭe6,,,,,𒋾,,,
ṭeb,𒁳,,,𒁳,,𒁳,,
ṭel,,,,,,𒁁,,
ṭem,𒁴,,,𒁴,,𒁴,,
ṭem2,,,,,𒁶,,,
ṭem₂,𒁶,,,𒁶,,𒁶,,
ṭen,𒁷,,,𒁷,,𒁷,,
ṭep,𒁳,,,𒁳,𒁳,𒁳,,
ṭer,𒋛𒀀,,𒋛𒀀,𒋛𒀀,𒋛𒀀,𒋛𒀀,,
ṭer₅,𒌁,,,𒌁,,𒌁,,
ṭe₂,𒄭,,,𒄭,,𒎗,,
ṭe₃,𒉈,,,𒉈,,𒉈,,
ṭe₄,𒋼,,𒋼,𒋼,,𒋼,,
ṭe₅,𒌤,,,𒌤,,𒌤,,
ṭe₆,𒋾,,,𒋾,,𒋾,,
ṭi,𒁲,,𒁲,𒁲,𒁲,𒁲,,
ṭi2,,,,,𒊹,,,
ṭi3,,,𒋾,,𒋾,,,
ṭi4,,,,,𒋼,,,
ṭi5,,,,,𒉈,,,
ṭi6,,,,,𒉿,,,
ṭib,𒁳,,,𒁳,𒁳,𒁳,,
ṭib2,,,,,𒄭,,,
ṭibₓ,,,,,,𒄭,,
ṭil,𒀸,,,𒀸,𒀸,𒀸,,
ṭil2,,,,,𒁁,,,
ṭil₂,𒁁,,,𒁁,,𒁁,,
ṭim,𒁴,,,𒁴,𒁴,𒁴,,
ṭim2,,,,,𒁶,,,
ṭim₂,𒁶,,,𒁶,,𒁶,,
ṭin,𒁷,,,𒁷,𒁷,,,
ṭin?,,,,,,𒁷,,
ṭip,𒁳,,,𒁳,𒁳,𒁳,,
ṭir,𒋛𒀀,,𒋛𒀀,𒋛𒀀,𒋛𒀀,𒋛𒀀,,
ṭir2,,,,,𒋻,,,
ṭir3,,,,,𒋩,,,
ṭir4,,,,,𒁯,,,
ṭir5,,,,,𒌁,,,
ṭir₂,𒋻,,,𒋻,,𒋻,,
ṭir₃,𒋩,,,𒋩,,𒋩,,
ṭir₄,𒁯,,,𒁯,,𒁯,,
ṭir₅,𒌁,,,𒌁,,𒌁,,
ṭiš,𒁹,,𒁹,𒁹,𒁹,𒁹,,
ṭi₂,𒄭,,,𒄭,,𒎗,,
ṭi₃,𒋾,,,𒋾,,𒋾,,
ṭi₄,𒋼,,,𒋼,,𒋼,,
ṭi₅,𒉈,,,𒉈,,𒉈,,
ṭiₓ,,,,,,𒁴。𒌤,,
ṭu,𒂅,,𒂅,𒂅,𒂅,𒂅,,
ṭu2,,,𒌅,,𒌅,,,
ṭu3,,,𒁺,,𒁺,,,
ṭu4,,,𒌈,,𒌈,,,
ṭu5,,,,,𒂃,,,
ṭu6,,,,,𒅗,,,
ṭub,𒁾,,,𒁾,𒁾,𒁾,,
ṭub2,,,,,𒂀,,,
ṭub₂,𒂀,,,𒂀,,𒂀,,
ṭug,,,,,𒂁,,,
ṭuh,𒃮,,,𒃮,,𒃮,,
ṭuk,,,,,𒂁,,,
ṭul,𒇥,,,𒇥,𒇥,𒇥,,
ṭul3,,,,,𒇯。𒌋𒌆,,,
ṭul₃,𒇯,,,𒇯,,𒇯,,
ṭul₄,𒌪,,,𒌪,,𒌪,,
ṭum,𒌈,,,𒌈,𒌈,𒌈,,
ṭum2,,,,,𒁴,,,
ṭun,,,,,𒂅,,,
ṭup,𒁾,,𒁾,𒁾,𒁾,𒁾,,
ṭup2,,,,,𒂀,,,
ṭur,𒄙,,𒄙,𒄙,𒄙,𒄙,,
ṭur2,,,,,𒆪,,,
ṭur3,,,,,𒌉,,,
ṭur4,,,,,𒄒,,,
ṭur5,,,,,𒀀,,,
ṭur6,,,,,𒋻,,,
ṭuru,𒄙,,,𒄙,,𒄙,,
ṭur₂,𒂉,,,𒂉,,𒂉,,
ṭur₃,𒌉,,,𒌉,,𒌉,,
ṭur₄,𒄒,,,𒄒,,𒄒,,
ṭur₅,𒀀,,,𒀀,,𒀀,,
ṭuš,𒆪,,,𒆪,𒆪,𒆪,,
ṭuḫ,,,,,𒂃,,,
ṭu₂,𒌅,,,𒌅,,𒌅,,
ṭu₃,𒁺,,,𒁺,,𒁺,,
ṭu₄,𒌈,,,𒌈,,𒌈,,
ṭu₅,𒃮,,,𒃮,,𒃮,,
ṭu₆,𒅲,,,𒅲,,𒅲,,
ṭà,,,𒄭,,,,,
ṭár,,,𒁯,,,,,
ṭè,,,𒉈,,,,,
ṭì,,,𒋾,,,,,
ṭí,,,𒄭,,,,,
ṭù,,,𒁺,,,,,
ṭú,,,𒌅,,,,,
ṭēmu,𒅗𒄭,,,𒅗𒄭,,,,
‘u3,,,𒇆,,,,,
’,,,𒀪,,,,,
’a,,,,,𒀪,,,
’a2,,,,,𒄴,,,
’a3,,,,,𒂍,,,
’a4,,,,,𒀀。𒄩,,,
’e,,,,,𒀪,,,
’e2,,,,,𒄴,,,
’e3,,,,,𒂍,,,
’e4,,,,,𒀀,,,
’i,,,𒀪,,𒀪,,,
’i2,,,,,𒄴,,,
’i3,,,,,𒄭,,,
’i4,,,,,𒀀,,,
’u,,,𒀪,,𒀪,,,
’u2,,,,,𒇇,,,
’u3,,,,,𒄴。𒇇,,,
’u4,,,,,𒀀,,,
’u5,,,,,𒄷,,,
“bi”,,,,,𒑙,,,
“pa”,,,,,𒑐,,,
⸢an⸣,,,𒀭,,,,,
⸢bi⸣,,,𒁉,,,,,
⸢en⸣,,,𒂗,,,,,
⸢ki⸣,,,𒆠,,,,,
⸢maḫ⸣,,,𒈤,,,,,
⸢ni⸣,,,𒉌,,,,,
⸢nu⸣,,,𒉡,,,,,
⸢til⸣,,,𒌀,,,,,
