oslid,csign,Actual,csignLabel,validLabel(T_F),cdli_label
o0000505,http://www.wikidata.org/entity/Q87557082,𒑰,𒑰,T,
o0000506,http://www.wikidata.org/entity/Q87557084,𒑱,𒑱,T,
o0000507,http://www.wikidata.org/entity/Q87557086,𒑲,𒑲,T,
o0000508,http://www.wikidata.org/entity/Q87557088,𒑳,𒑳,T,
o0002681,http://www.wikidata.org/entity/Q87556941,𒐲,𒐲,T,
o0002682,http://www.wikidata.org/entity/Q87556943,𒐳,𒐳,T,
o0002849,http://www.wikidata.org/entity/Q87557041,𒑚,𒑚,T,
o0002826,http://www.wikidata.org/entity/Q87557042,𒑛,𒑛,T,
o0000283,http://www.wikidata.org/entity/Q87557044,𒑜,𒑜,T,
o0000181,http://www.wikidata.org/entity/Q87557046,𒑝,𒑝,T,
o0000182,http://www.wikidata.org/entity/Q87557048,𒑞,𒑞,T,
o0000183,http://www.wikidata.org/entity/Q87557050,𒑟,𒑟,T,
o0000184,http://www.wikidata.org/entity/Q87557052,𒑠,𒑠,T,
o0000185,http://www.wikidata.org/entity/Q87557054,𒑡,𒑡,T,
o0000186,http://www.wikidata.org/entity/Q87557055,𒑢,𒑢,T,
o0000562,http://www.wikidata.org/entity/Q87556945,𒐴,𒑘,F,
o0000008,http://www.wikidata.org/entity/Q87556927,𒐬,𒑘,F,
o0000007,http://www.wikidata.org/entity/Q87556872,𒐕,𒑘,F,
o0000006,http://www.wikidata.org/entity/Q87556890,𒐞,𒑘,F,
o0000005,http://www.wikidata.org/entity/Q87557027,𒑘,𒑘,T,
o0000003,http://www.wikidata.org/entity/Q87557009,𒑏,𒑘,F,
o0023035,http://www.wikidata.org/entity/Q16207549,𒑙,𒐖,F,
o0000481,http://www.wikidata.org/entity/Q87557023,𒑖,𒑖,T,
o0000019,http://www.wikidata.org/entity/Q87556910,𒐣,𒐖,F,
o0000018,http://www.wikidata.org/entity/Q87556931,𒐭,𒐖,F,
o0000017,http://www.wikidata.org/entity/Q87556874,𒐖,𒐖,T,
o0000016,http://www.wikidata.org/entity/Q87556891,𒐟,𒐖,F,
o0000015,http://www.wikidata.org/entity/Q87557029,𒑙,𒐖,F,
o0000012,http://www.wikidata.org/entity/Q87556949,𒐵,𒐖,F,
o0000011,http://www.wikidata.org/entity/Q87557010,𒑐,𒐖,F,
o0000010,http://www.wikidata.org/entity/Q87556997,𒑊,𒐖,F,
o0000009,http://www.wikidata.org/entity/Q87556830,𒐀,𒐖,F,
o0000859,http://www.wikidata.org/entity/Q87556961,𒐺,𒐠,F,
o0000480,http://www.wikidata.org/entity/Q87557025,𒑗,𒑗,T,
o0000033,http://www.wikidata.org/entity/Q87556914,𒐥,𒐠,F,
o0000032,http://www.wikidata.org/entity/Q87556912,𒐤,𒐠,F,
o0000031,http://www.wikidata.org/entity/Q87556934,𒐯,𒐠,F,
o0000030,http://www.wikidata.org/entity/Q87556932,𒐮,𒐠,F,
o0000029,http://www.wikidata.org/entity/Q87556876,𒐗,𒐠,F,
o0000028,http://www.wikidata.org/entity/Q87556893,𒐠,𒐠,T,
o0000027,http://www.wikidata.org/entity/Q87556848,𒐈,𒐠,F,
o0000026,http://www.wikidata.org/entity/Q87556954,𒐷,𒐠,F,
o0000025,http://www.wikidata.org/entity/Q87556951,𒐶,𒐠,F,
o0000024,http://www.wikidata.org/entity/Q87557012,𒑑,𒐠,F,
o0000023,http://www.wikidata.org/entity/Q87556963,𒐻,𒐠,F,
o0000021,http://www.wikidata.org/entity/Q87557000,𒑋,𒐠,F,
o0000020,http://www.wikidata.org/entity/Q87556833,𒐁,𒐠,F,
o0000429,http://www.wikidata.org/entity/Q87556973,𒐿,𒐏,F,
o0000428,http://www.wikidata.org/entity/Q87556970,𒐾,𒐏,F,
o0000427,http://www.wikidata.org/entity/Q87556965,𒐼,𒐏,F,
o0000046,http://www.wikidata.org/entity/Q87556916,𒐦,𒐏,F,
o0000045,http://www.wikidata.org/entity/Q87556936,𒐰,𒐏,F,
o0000043,http://www.wikidata.org/entity/Q87556861,𒐏,𒐏,T,
o0000042,http://www.wikidata.org/entity/Q87556879,𒐘,𒐏,F,
o0000041,http://www.wikidata.org/entity/Q87556895,𒐡,𒐏,F,
o0000040,http://www.wikidata.org/entity/Q87556849,𒐉,𒐏,F,
o0000039,http://www.wikidata.org/entity/Q87556955,𒐸,𒐏,F,
o0000038,http://www.wikidata.org/entity/Q87557017,𒑓,𒐏,F,
o0000037,http://www.wikidata.org/entity/Q87557016,𒑒,𒐏,F,
o0000036,http://www.wikidata.org/entity/Q87556968,𒐽,𒐏,F,
o0000035,http://www.wikidata.org/entity/Q87557002,𒑌,𒐏,F,
o0000034,http://www.wikidata.org/entity/Q87556835,𒐂,𒐏,F,
o0000058,http://www.wikidata.org/entity/Q87556917,𒐧,𒐃,F,
o0000057,http://www.wikidata.org/entity/Q87556939,𒐱,𒐃,F,
o0000055,http://www.wikidata.org/entity/Q87556863,𒐐,𒐃,F,
o0000054,http://www.wikidata.org/entity/Q87556881,𒐙,𒐃,F,
o0000053,http://www.wikidata.org/entity/Q87556896,𒐢,𒐃,F,
o0000052,http://www.wikidata.org/entity/Q87556851,𒐊,𒐃,F,
o0000051,http://www.wikidata.org/entity/Q87556959,𒐹,𒐃,F,
o0000050,http://www.wikidata.org/entity/Q87557022,𒑕,𒐃,F,
o0000049,http://www.wikidata.org/entity/Q87557019,𒑔,𒐃,F,
o0000048,http://www.wikidata.org/entity/Q87557005,𒑍,𒐃,F,
o0000047,http://www.wikidata.org/entity/Q87556838,𒐃,𒐃,T,
o0000065,http://www.wikidata.org/entity/Q87556919,𒐨,𒐑,F,
o0000064,http://www.wikidata.org/entity/Q87556865,𒐑,𒐑,T,
o0000063,http://www.wikidata.org/entity/Q87556882,𒐚,𒐑,F,
o0000062,http://www.wikidata.org/entity/Q87556853,𒐋,𒐑,F,
o0000061,http://www.wikidata.org/entity/Q87556974,𒑀,𒐑,F,
o0000060,http://www.wikidata.org/entity/Q87557007,𒑎,𒐑,F,
o0000059,http://www.wikidata.org/entity/Q87556840,𒐄,𒐑,F,
o0025653,http://www.wikidata.org/entity/Q87556982,𒑃,𒐒,F,
o0025651,http://www.wikidata.org/entity/Q87556980,𒑂,𒐒,F,
o0000073,http://www.wikidata.org/entity/Q87556921,𒐩,𒐒,F,
o0000072,http://www.wikidata.org/entity/Q87556867,𒐒,𒐒,T,
o0000071,http://www.wikidata.org/entity/Q87556884,𒐛,𒐒,F,
o0000068,http://www.wikidata.org/entity/Q87556855,𒐌,𒐒,F,
o0000067,http://www.wikidata.org/entity/Q87556978,𒑁,𒐒,F,
o0000066,http://www.wikidata.org/entity/Q87556841,𒐅,𒐒,F,
o0000590,http://www.wikidata.org/entity/Q87556986,𒑅,𒐍,F,
o0000145,http://www.wikidata.org/entity/Q87556984,𒑄,𒐍,F,
o0000078,http://www.wikidata.org/entity/Q87556923,𒐪,𒐍,F,
o0000077,http://www.wikidata.org/entity/Q87556868,𒐓,𒐍,F,
o0000076,http://www.wikidata.org/entity/Q87556886,𒐜,𒐍,F,
o0000075,http://www.wikidata.org/entity/Q87556857,𒐍,𒐍,T,
o0000074,http://www.wikidata.org/entity/Q87556843,𒐆,𒐍,F,
o0000250,http://www.wikidata.org/entity/Q87556989,𒑆,𒐝,F,
o0000086,http://www.wikidata.org/entity/Q87556926,𒐫,𒐝,F,
o0000085,http://www.wikidata.org/entity/Q87556870,𒐔,𒐝,F,
o0000084,http://www.wikidata.org/entity/Q87556888,𒐝,𒐝,T,
o0000083,http://www.wikidata.org/entity/Q87556995,𒑉,𒐝,F,
o0000082,http://www.wikidata.org/entity/Q87556993,𒑈,𒐝,F,
o0000081,http://www.wikidata.org/entity/Q87556990,𒑇,𒐝,F,
o0000080,http://www.wikidata.org/entity/Q87556858,𒐎,𒐝,F,
o0000079,http://www.wikidata.org/entity/Q87556845,𒐇,𒐝,F,
o0027505,http://www.wikidata.org/entity/Q124821835,𒀀@g,CUNEIFORM SIGN A GUNU (𒀀@g),,A@g
o0027507,http://www.wikidata.org/entity/Q124821884,𒀀@t,CUNEIFORM SIGN A TENU (𒀀@t),,A@t
o0027203,http://www.wikidata.org/entity/Q125123185,𒀀×𒀭,CUNEIFORM SIGN A TIMES AN (𒀀 × 𒀭),,A×AN
,http://www.wikidata.org/entity/Q123155076,𒀀×𒂗,CUNEIFORM SIGN A TIMES EN (𒀀 × 𒂗),,A×EN
o0021754,http://www.wikidata.org/entity/Q125124418,𒀀×𒆬,CUNEIFORM SIGN A TIMES KU3 (𒀀 × 𒆬),,A×KU3
,http://www.wikidata.org/entity/Q123155129,𒀀×𒋚,CUNEIFORM SIGN A TIMES SHUBUR (𒀀 × 𒋚),,A×SZUBUR
,http://www.wikidata.org/entity/Q123155146,𒀀×𒌋,CUNEIFORM SIGN A TIMES U (𒀀 × 𒌋),,A×U
,http://www.wikidata.org/entity/Q123300335,𒀀×ZATU672,CUNEIFORM SIGN A TIMES ZATU 672 (𒀀 × ZATU 672),,A×ZATU672
o0000744,http://www.wikidata.org/entity/Q121509869,𒀊×𒀀,CUNEIFORM SIGN AB TIMES A (𒀊 × 𒀀),,AB×A
o0018586,http://www.wikidata.org/entity/Q125123254,𒀊×𒁹,CUNEIFORM SIGN AB TIMES DISH (𒀊 × 𒁹),,AB×DISZ
o0031583,http://www.wikidata.org/entity/Q125123245,𒀊×𒆠,CUNEIFORM SIGN AB TIMES KI (𒀊 × 𒆠),,AB×KI
o0027731,http://www.wikidata.org/entity/Q125123222,𒀊×𒀸@t,CUNEIFORM SIGN AB TIMES LAK178 (𒀊 × 𒀸@t),,AB×LAK178
o0025711,http://www.wikidata.org/entity/Q122759140,𒀊×𒌋,CUNEIFORM SIGN AB TIMES U (𒀊 × 𒌋),,AB×U
o0000091,http://www.wikidata.org/entity/Q124821765,𒀖@t,CUNEIFORM SIGN AB2 TENU (𒀖@t),,AB2@t
o0221962,http://www.wikidata.org/entity/Q125123290,𒀖×𒀫@t,CUNEIFORM SIGN AB2 TIMES AMAR TENU (𒀖 × 𒀫@t),,AB2×AMAR@t
o0037873,http://www.wikidata.org/entity/Q125124060,𒀖×𒀿,CUNEIFORM SIGN AB2 TIMES ASHGAB (𒀖 × 𒀿),,AB2×ASZGAB
o0037877,http://www.wikidata.org/entity/Q125123303,𒀖×𒂁,CUNEIFORM SIGN AB2 TIMES DUG (𒀖 × 𒂁),,AB2×DUG
o0000768,http://www.wikidata.org/entity/Q125124047,𒀖×𒃷,CUNEIFORM SIGN AB2 TIMES GAN2 (𒀖 × 𒃷),,AB2×GAN2
o0031855,http://www.wikidata.org/entity/Q125123963,𒀖×𒄖,CUNEIFORM SIGN AB2 TIMES GU (𒀖 × 𒄖),,AB2×GU
o0023033,http://www.wikidata.org/entity/Q125123981,𒀖×𒄞,CUNEIFORM SIGN AB2 TIMES GUD (𒀖 × 𒄞),,AB2×GUD
o0037878,http://www.wikidata.org/entity/Q125124335,𒀖×𒅊,CUNEIFORM SIGN AB2 TIMES IGI GUNU (𒀖 × 𒅊),,AB2×IGI
o0037880,http://www.wikidata.org/entity/Q125123997,𒀖×𒆑,CUNEIFORM SIGN AB2 TIMES KAD3 (𒀖 × 𒆑),,AB2×KAD3
o0031857,http://www.wikidata.org/entity/Q125124017,𒀖×𒆷,CUNEIFORM SIGN AB2 TIMES LA (𒀖 × 𒆷),,AB2×LA
o0031859,http://www.wikidata.org/entity/Q125124067,𒀖×𒈖,CUNEIFORM SIGN AB2 TIMES LU3 (𒀖 × 𒈖),,AB2×LU3
o0027927,http://www.wikidata.org/entity/Q125124112,𒀖×𒈬,CUNEIFORM SIGN AB2 TIMES MU (𒀖 × 𒈬),,AB2×MU
o0037882,http://www.wikidata.org/entity/Q125124119,𒀖×𒉈,CUNEIFORM SIGN AB2 TIMES NE (𒀖 × 𒉈),,AB2×NE
o0031865,http://www.wikidata.org/entity/Q125124126,𒀖×𒉌,CUNEIFORM SIGN AB2 TIMES NI (𒀖 × 𒉌),,AB2×NI
o0027929,http://www.wikidata.org/entity/Q125124148,𒀖×𒊺,CUNEIFORM SIGN AB2 TIMES SHE (𒀖 × 𒊺),,AB2×SZE
o0037884,http://www.wikidata.org/entity/Q125124142,𒀖×𒋡,CUNEIFORM SIGN AB2 TIMES SILA3 (𒀖 × 𒋡),,AB2×SILA3
o0023034,http://www.wikidata.org/entity/Q125124174,𒀖×𒋰,CUNEIFORM SIGN AB2 TIMES TAB (𒀖 × 𒋰),,AB2×TAB
,http://www.wikidata.org/entity/Q123155182,𒀖×𒋻,CUNEIFORM SIGN AB2 TIMES TAR (𒀖 × 𒋻),,AB2×TAR
o0037886,http://www.wikidata.org/entity/Q125124275,𒀖×𒌑,CUNEIFORM SIGN AB2 TIMES U2 (𒀖 × 𒌑),,AB2×U2
,http://www.wikidata.org/entity/Q123119491,𒀖𒋺,CUNEIFORM SIGN AB2.KID2 (𒀖 & 𒋺),,AB2.KID2
o0000758,http://www.wikidata.org/entity/Q123089114,𒀖𒆪,CUNEIFORM SIGN AB2.KU (𒀖 & 𒆪),,AB2.KU
o0000763,http://www.wikidata.org/entity/Q122936986,𒀖𒊮,CUNEIFORM SIGN AB2.SHA3 (𒀖 & 𒊮),,AB2.SZA3
o0002137,http://www.wikidata.org/entity/Q123087636,𒉣𒈨,CUNEIFORM SIGN ABGAL_X (𒉣 & 𒈨),,
o0002132,http://www.wikidata.org/entity/Q123300383,𒉣𒈨×𒁺,CUNEIFORM SIGN ABRIG ((𒉣 & 𒈨) × 𒁺),,
o0002508,http://www.wikidata.org/entity/Q123119273,𒌓𒉣,CUNEIFORM SIGN ADAB (𒌓 & 𒉣),,
o0001489,http://www.wikidata.org/entity/Q120302151,𒅆𒁾,CUNEIFORM SIGN AGRIG (𒅆 & 𒁾),,
o0001459,http://www.wikidata.org/entity/Q120276281,𒄴𒆜,CUNEIFORM SIGN AH.KASKAL (𒄴 & 𒆜),,
o0001461,http://www.wikidata.org/entity/Q120276423,𒄴𒈨,CUNEIFORM SIGN AH.ME (𒄴 & 𒈨),,
o0031901,http://www.wikidata.org/entity/Q120276601,𒄴𒈨𒌋,CUNEIFORM SIGN AH.ME.U (𒄴 & 𒈨 & 𒌋),,
o0000778,http://www.wikidata.org/entity/Q125124367,𒀝×𒋖,CUNEIFORM SIGN AK TIMES SHITA (𒀝 × 𒋖),,
o0001190,http://www.wikidata.org/entity/Q120270914,𒃰𒋺𒋛,CUNEIFORM SIGN AKKIL (𒃰 & 𒋺 & 𒋛),,
o0027532,http://www.wikidata.org/entity/Q122915271,𒀠@s,CUNEIFORM SIGN AL SHESHIG (𒀠@s),,
o0000655,http://www.wikidata.org/entity/Q122417479,𒀀𒀭,CUNEIFORM SIGN AM3 (𒀀 & 𒀭),,
o0000098,http://www.wikidata.org/entity/Q124821898,𒀫@t,CUNEIFORM SIGN AMAR TENU (𒀫@t),,
,http://www.wikidata.org/entity/Q123155310,𒀖×𒀫,CUNEIFORM SIGN AMAR TIMES TAR (𒀖 × 𒀫),,
o0000837,http://www.wikidata.org/entity/Q122923797,𒀲×𒊩,CUNEIFORM SIGN ANSHE TIMES SAL (𒀲 × 𒊩),,
o0002481,http://www.wikidata.org/entity/Q122530215,𒌓𒀕,CUNEIFORM SIGN ARARMA (𒌓 & 𒀕),,
o0002482,http://www.wikidata.org/entity/Q123182915,𒌓𒀊,CUNEIFORM SIGN ARARMA2 (𒌓 & 𒀊),,
o0000862,http://www.wikidata.org/entity/Q120353881,𒀸𒋩,CUNEIFORM SIGN ASH & SUR (𒀸 & 𒋩),,
o0223363,http://www.wikidata.org/entity/Q122935071,𒀸@t,CUNEIFORM SIGN ASH TENU (𒀸@t),,
o0027589,http://www.wikidata.org/entity/Q122937603,𒀸×𒀸@t,CUNEIFORM SIGN ASH TIMES ASH TENU,,
o0025681,http://www.wikidata.org/entity/Q125124385,𒀸×𒁁,CUNEIFORM SIGN ASH TIMES BAD (𒀸 × 𒁁),,
,http://www.wikidata.org/entity/Q123226036,𒁁/𒁁,CUNEIFORM SIGN BAD OVER BAD  (𒁁 / 𒁁),,
o0027692,http://www.wikidata.org/entity/Q122937863,𒁁×𒀸@t,CUNEIFORM SIGN BAD TIMES ASH TENU (𒁁 × 𒀸@t),,
o0000906,http://www.wikidata.org/entity/Q122925369,𒁇×𒀭,CUNEIFORM SIGN BAR TIMES AN (𒁇 × 𒀭),,
o0037934,http://www.wikidata.org/entity/Q125124438,𒁇×𒂁,CUNEIFORM SIGN BAR TIMES DUG (𒁇 × 𒂁),,
o0018859,http://www.wikidata.org/entity/Q122915326,𒁇×𒋰,CUNEIFORM SIGN BAR TIMES TAB (𒁇 × 𒋰),,
,http://www.wikidata.org/entity/Q123159505,𒁉×𒀸,CUNEIFORM SIGN BI TIMES ASH (𒁉 × 𒀸),,
,http://www.wikidata.org/entity/Q123159537,𒁉×𒊺,CUNEIFORM SIGN BI TIMES SHE (𒁉 × 𒊺),,
o0001383,http://www.wikidata.org/entity/Q122416691,𒄑𒉋,CUNEIFORM SIGN BIL3 (𒄑 & 𒉋),,
o0000127,http://www.wikidata.org/entity/Q124821927,𒁍@t,CUNEIFORM SIGN BU TENU (𒁍@t),,
,http://www.wikidata.org/entity/Q123300440,𒁍×𒁍×𒈿,CUNEIFORM SIGN BU TIMES BU TIMES NA2 (𒁍 × 𒁍 × 𒈿),,
o0031571,http://www.wikidata.org/entity/Q125124448,𒁍×𒂟,CUNEIFORM SIGN BU TIMES ERIN2 (𒁍 × 𒂟),,
,http://www.wikidata.org/entity/Q123155351,𒁍𒀀,CUNEIFORM SIGN BU.A (𒁍 & 𒀀),,
,http://www.wikidata.org/entity/Q123172059,𒁍𒇯,CUNEIFORM SIGN BU.DU6 (𒁍 & 𒇯),,
o0002231,http://www.wikidata.org/entity/Q120264817,𒉽𒉽,CUNEIFORM SIGN BULUG3 (𒉽 & 𒉽),,
o0000130,http://www.wikidata.org/entity/Q121502119,𒉆𒂟,CUNEIFORM SIGN BURU5 (𒉆 & 𒂟),,
o0028140,http://www.wikidata.org/entity/Q125124464,𒁕×𒄕,CUNEIFORM SIGN DA TIMES GISH TENU (𒁕 × 𒄕),,
o0031721,http://www.wikidata.org/entity/Q125124496,𒁖×𒉽,CUNEIFORM SIGN DAG TIMES PAP (𒁖 × 𒉽),,
o0001583,http://www.wikidata.org/entity/Q123172071,𒁍𒆜,CUNEIFORM SIGN DANNA (𒁍 & 𒆜),,
,http://www.wikidata.org/entity/Q123182977,𒁰×𒃸,CUNEIFORM SIGN DARA3 TIMES KAR2 (𒁰 × 𒃸),,
o0027179,http://www.wikidata.org/entity/Q125124509,𒁰×𒈠,CUNEIFORM SIGN DARA3 TIMES MA (𒁰 × 𒈠),,
,http://www.wikidata.org/entity/Q123172114,𒁰×𒊺,CUNEIFORM SIGN DARA3 TIMES SHE (𒁰 × 𒊺),,
,http://www.wikidata.org/entity/Q122808413,𒁴@g,CUNEIFORM SIGN DIM GUNU (𒁴@g),,
o0031646,http://www.wikidata.org/entity/Q125124536,𒁴×𒆕,CUNEIFORM SIGN DIM TIMES KAK (𒁴 × 𒆕),,
o0031873,http://www.wikidata.org/entity/Q125124540,𒁴×𒆳,CUNEIFORM SIGN DIM TIMES KUR (𒁴 × 𒆳),,
o0000977,http://www.wikidata.org/entity/Q125124549,𒁴×𒈦,CUNEIFORM SIGN DIM TIMES MASH (𒁴 × 𒈦),,
o0221963,http://www.wikidata.org/entity/Q125124562,𒁶×𒋢,CUNEIFORM SIGN DIM2 TIMES SU (𒁶 × 𒋢),,
,http://www.wikidata.org/entity/Q120273095,𒊐𒃵,CUNEIFORM SIGN DIM3 (𒊐 &  𒃵),,
o0002257,http://www.wikidata.org/entity/Q120272251,𒊐𒃶,CUNEIFORM SIGN DIM8 (𒊐 &  𒃶),,
o0001915,http://www.wikidata.org/entity/Q120273352,𒈗𒃶,CUNEIFORM SIGN DIM9 (𒈗 & 𒃶),,
o0002006,http://www.wikidata.org/entity/Q120271552,𒈣𒈮,CUNEIFORM SIGN DIMGUL (𒈣 & 𒈮),,
o0027171,http://www.wikidata.org/entity/Q123155535,𒁷@t,CUNEIFORM SIGN DIN TENU (𒁷@t),,
o0031792,http://www.wikidata.org/entity/Q125124577,𒁷×𒊺,CUNEIFORM SIGN DIN TIMES SHE (𒁷 × 𒊺),,
o0002337,http://www.wikidata.org/entity/Q120271766,𒋛𒀀,CUNEIFORM SIGN DIR (𒋛 & 𒀀),,
o0031874,http://www.wikidata.org/entity/Q125124591,𒁹×𒀀,CUNEIFORM SIGN DISH TIMES A (𒁹 × 𒀀),,
,http://www.wikidata.org/entity/Q123168219,𒂁×𒄭@g,CUNEIFORM SIGN DU TIMES HI GUNU (𒂁 × 𒄭@g),,
,http://www.wikidata.org/entity/Q122937055,𒁺×𒆜,CUNEIFORM SIGN DU TIMES KASKAL (𒁺 × 𒆜),,
,http://www.wikidata.org/entity/Q123155555,𒁾×𒁹,CUNEIFORM SIGN DUB TIMES DISH (𒁾 × 𒁹),,
o0001000,http://www.wikidata.org/entity/Q125124616,𒁾×𒆸,CUNEIFORM SIGN DUB TIMES LAGAB (𒁾 × 𒆸),,
,http://www.wikidata.org/entity/Q123155574,𒂁×𒀖,CUNEIFORM SIGN DUG TIMES AB2 (𒂁 × 𒀖),,
,http://www.wikidata.org/entity/Q123226091,𒂁×𒀸×𒆬,CUNEIFORM SIGN DUG TIMES ASH TIMES KU3 (𒂁 × 𒀸 × 𒆬),,
,http://www.wikidata.org/entity/Q123155584,𒂁×𒁀,CUNEIFORM SIGN DUG TIMES BA (𒂁 × 𒁀),,
,http://www.wikidata.org/entity/Q123172286,𒂁×𒁆,CUNEIFORM SIGN DUG TIMES BALAG (𒂁 × 𒁆),,
o0027945,http://www.wikidata.org/entity/Q125093358,𒂁×𒁾,CUNEIFORM SIGN DUG TIMES DUB (𒂁 × 𒁾),,
,http://www.wikidata.org/entity/Q123168263,𒂁×𒃴,CUNEIFORM SIGN DUG TIMES GALAM (𒂁 × 𒃴),,
,http://www.wikidata.org/entity/Q123155829,𒂁×𒉀,CUNEIFORM SIGN DUG TIMES NAGA (𒂁 × 𒉀),,
,http://www.wikidata.org/entity/Q123155881,𒂁×𒊓,CUNEIFORM SIGN DUG TIMES SA (𒂁 × 𒊓),,
,http://www.wikidata.org/entity/Q123262574,𒂁×𒊓×𒄀,CUNEIFORM SIGN DUG TIMES SA TIMES GI (𒂁 × 𒊓 × 𒄀),,
,http://www.wikidata.org/entity/Q123226133,𒂁×𒊺×𒉇,CUNEIFORM SIGN DUG TIMES SHE TIMES NAM2 (𒂁 × 𒊺 × 𒉇),,
o0027949,http://www.wikidata.org/entity/Q125097120,𒂁×𒋚,CUNEIFORM SIGN DUG TIMES SHUBUR (𒂁 × 𒋚),,
,http://www.wikidata.org/entity/Q123155932,𒂁×𒋠,CUNEIFORM SIGN DUG TIMES SIG2 (𒂁 × 𒋠),,
,http://www.wikidata.org/entity/Q123155941,𒂁×𒋦,CUNEIFORM SIGN DUG TIMES SUHUR (𒂁 × 𒋦),,
,http://www.wikidata.org/entity/Q123155990,𒂁×𒋺,CUNEIFORM SIGN DUG TIMES TAK4 (𒂁 × 𒋺),,
,http://www.wikidata.org/entity/Q123155998,𒂁×𒋾,CUNEIFORM SIGN DUG TIMES TI (𒂁 × 𒋾),,
,http://www.wikidata.org/entity/Q123156008,𒂁×𒌑,CUNEIFORM SIGN DUG TIMES U2 (𒂁 × 𒌑),,
,http://www.wikidata.org/entity/Q123262595,𒂁×ZATU764,CUNEIFORM SIGN DUG TIMES ZATU 764 (𒂁 × ZATU 764),,
o0027513,http://www.wikidata.org/entity/Q124833764,𒂃@g,CUNEIFORM SIGN DUH GUNU (𒂃@g),,
o0002468,http://www.wikidata.org/entity/Q120301012,𒌋𒌆,CUNEIFORM SIGN DUL (𒌋 & 𒌆),,
o0000159,http://www.wikidata.org/entity/Q124821959,𒂄@g,CUNEIFORM SIGN DUN GUNU (𒂄@g),,
,http://www.wikidata.org/entity/Q123261259,𒄙,CUNEIFORM SIGN DUR (𒄙),,
o0001850,http://www.wikidata.org/entity/Q123088313,𒇯𒁺,CUNEIFORM SIGN E11 (𒇯 & 𒁺),,
o0037902,http://www.wikidata.org/entity/Q125092567,𒂍×𒀭,CUNEIFORM SIGN E2 TIMES AN (𒂍 × 𒀭),,
o0021192,http://www.wikidata.org/entity/Q122915001,𒂍×𒀸@t,CUNEIFORM SIGN E2 TIMES ASH TENU (𒂍 × 𒀸@t),,
o0001155,http://www.wikidata.org/entity/Q125092622,𒂍×𒁁,CUNEIFORM SIGN E2 TIMES BAD (𒂍 × 𒁁),,
o0027957,http://www.wikidata.org/entity/Q125092682,𒂍×𒈫,CUNEIFORM SIGN E2 TIMES MIN (𒂍 × 𒈫),,
o0031650,http://www.wikidata.org/entity/Q125125738,𒂍×𒊮,CUNEIFORM SIGN E2 TIMES SHA3 (𒂍 × 𒊮),,
o0002488,http://www.wikidata.org/entity/Q122416425,𒌓𒁺,CUNEIFORM SIGN E3 (𒌓 & 𒁺),,
o0002300,http://www.wikidata.org/entity/Q120353287,𒊩𒂠,CUNEIFORM SIGN EGI2 (𒊩 & 𒂠),,
o0000169,http://www.wikidata.org/entity/Q125125689,𒂕@g,CUNEIFORM SIGN EGIR GUNU (𒂕@g),,
o0027661,http://www.wikidata.org/entity/Q122900943,ELLES092,CUNEIFORM SIGN ELLES092,,
o0027663,http://www.wikidata.org/entity/Q122901034,ELLES151,CUNEIFORM SIGN ELLES151,,
o0027664,http://www.wikidata.org/entity/Q122901047,ELLES163,CUNEIFORM SIGN ELLES163,,
o0027666,http://www.wikidata.org/entity/Q122901103,ELLES164,CUNEIFORM SIGN ELLES164,,
o0027668,http://www.wikidata.org/entity/Q122901112,ELLES177,CUNEIFORM SIGN ELLES177,,
o0027670,http://www.wikidata.org/entity/Q122901283,ELLES179,CUNEIFORM SIGN ELLES179,,
o0027672,http://www.wikidata.org/entity/Q122901292,ELLES185,CUNEIFORM SIGN ELLES185,,
o0027674,http://www.wikidata.org/entity/Q122901305,ELLES189,CUNEIFORM SIGN ELLES189,,
o0025799,http://www.wikidata.org/entity/Q122901319,ELLES257,CUNEIFORM SIGN ELLES257,,
o0025800,http://www.wikidata.org/entity/Q122901331,ELLES270,CUNEIFORM SIGN ELLES270,,
o0025802,http://www.wikidata.org/entity/Q122901457,ELLES278,CUNEIFORM SIGN ELLES278,,
o0027676,http://www.wikidata.org/entity/Q122901465,ELLES296,CUNEIFORM SIGN ELLES296,,
o0027678,http://www.wikidata.org/entity/Q122901486,ELLES301,CUNEIFORM SIGN ELLES301,,
o0027680,http://www.wikidata.org/entity/Q122901499,ELLES307b,CUNEIFORM SIGN ELLES307b,,
o0027682,http://www.wikidata.org/entity/Q122901510,ELLES312,CUNEIFORM SIGN ELLES312,,
o0027684,http://www.wikidata.org/entity/Q122901530,ELLES313,CUNEIFORM SIGN ELLES313,,
o0000171,http://www.wikidata.org/entity/Q122901540,ELLES316,CUNEIFORM SIGN ELLES316,,
o0027686,http://www.wikidata.org/entity/Q122901552,ELLES324,CUNEIFORM SIGN ELLES324,,
o0027688,http://www.wikidata.org/entity/Q122901563,ELLES330,CUNEIFORM SIGN ELLES330,,
o0027690,http://www.wikidata.org/entity/Q122901577,ELLES358,CUNEIFORM SIGN ELLES358,,
,http://www.wikidata.org/entity/Q123156200,𒂗@g,CUNEIFORM SIGN EN GUNU (𒂗@g),,
o0027595,http://www.wikidata.org/entity/Q122914887,𒂗×𒀀,CUNEIFORM SIGN EN TIMES A (𒂗 × 𒀀),,
o0018869,http://www.wikidata.org/entity/Q125093013,𒂗×𒆳,CUNEIFORM SIGN EN TIMES KUR (𒂗 × 𒆳),,
o0108739,http://www.wikidata.org/entity/Q125125808,𒂗×𒈦,CUNEIFORM SIGN EN TIMES MASH (𒂗 × 𒈦),,
,http://www.wikidata.org/entity/Q123156185,𒂗×𒉣,CUNEIFORM SIGN EN TIMES NUN (𒂗 × 𒉣),,
o0001084,http://www.wikidata.org/entity/Q125092867,𒂗×𒌋,CUNEIFORM SIGN EN TIMES U (𒂗 × 𒌋),,
,http://www.wikidata.org/entity/Q123226331,𒂗×𒌓,CUNEIFORM SIGN EN TIMES UDU (𒂗 × 𒌓),,
o0002812,http://www.wikidata.org/entity/Q120349352,𒋙𒀭,CUNEIFORM SIGN EN2 (𒋙 & 𒀭),,
o0001063,http://www.wikidata.org/entity/Q123262643,𒂗×𒈨×𒈬,CUNEIFORM SIGN ENDIB (𒂗 × 𒈨 × 𒈬),,
o0001059,http://www.wikidata.org/entity/Q123262660,𒂗×𒈨×𒄀,CUNEIFORM SIGN ENGIZ (𒂗 × 𒈨 × 𒄀),,
o0000685,http://www.wikidata.org/entity/Q122417472,𒀀𒅆,CUNEIFORM SIGN ER2 (𒀀 & 𒅆),,
o0027953,http://www.wikidata.org/entity/Q125125835,𒂞×𒆜,CUNEIFORM SIGN EREN TIMES KASKAL (𒂞 × 𒆜),,
o0002066,http://www.wikidata.org/entity/Q122416728,𒉈𒊒,CUNEIFORM SIGN ERIM2 (𒉈 & 𒊒),,
o0000179,http://www.wikidata.org/entity/Q124867217,𒂠@t,CUNEIFORM SIGN ESH2 TENU (𒂠@t),,
o0027974,http://www.wikidata.org/entity/Q123226372,𒂷𒄑,CUNEIFORM SIGN ESHDA (𒂷 & 𒄑),,
,http://www.wikidata.org/entity/Q123226423,𒂷𒄑×𒋻,CUNEIFORM SIGN ESHDA TIMES TAR ((𒂷 & 𒄑) × 𒋻),,
o0002659,http://www.wikidata.org/entity/Q123118599,𒍠𒄩,CUNEIFORM SIGN ESHSAD (𒍠 & 𒄩),,
o0031836,http://www.wikidata.org/entity/Q124823175,𒂡@s,CUNEIFORM SIGN EZEN SHESHIG (𒂡@s),,
o0027790,http://www.wikidata.org/entity/Q125125848,𒂡×𒂅,CUNEIFORM SIGN EZEN TIMES DUN3 (𒂡 × 𒂅),,
,http://www.wikidata.org/entity/Q123156347,𒂡×𒂗,CUNEIFORM SIGN EZEN TIMES EN (𒂡 × 𒂗),,
o0187962,http://www.wikidata.org/entity/Q122915123,𒂡×𒄬,CUNEIFORM SIGN EZEN TIMES HAL (𒂡 × 𒄬),,
,http://www.wikidata.org/entity/Q123156356,𒂡×𒆏,CUNEIFORM SIGN EZEN TIMES KAB (𒂡 × 𒆏),,
,http://www.wikidata.org/entity/Q123156366,𒂡×𒉏,CUNEIFORM SIGN EZEN TIMES NIM (𒂡 × 𒉏),,
,http://www.wikidata.org/entity/Q123156380,𒂡×𒂇,CUNEIFORM SIGN EZEN TIMES NIMGIR (𒂡 × 𒂇),,
,http://www.wikidata.org/entity/Q123156388,𒂡×𒋥,CUNEIFORM SIGN EZEN TIMES RAD (𒂡 × 𒋥),,
,http://www.wikidata.org/entity/Q123301232,𒂡×𒌑×𒀀,CUNEIFORM SIGN EZEN TIMES U2 TIMES A (𒂡 × 𒌑 × 𒀀),,
,http://www.wikidata.org/entity/Q123226551,𒂵×𒌋,CUNEIFORM SIGN GA TIMES U (𒂵 × 𒌋),,
,http://www.wikidata.org/entity/Q123226572,𒂵×𒓯,CUNEIFORM SIGN GA TIMES ZATU 753 (𒂵 × 𒓯),,
o0001171,http://www.wikidata.org/entity/Q122924776,𒂵𒆜,CUNEIFORM SIGN GA.KASKAL (𒂵 & 𒆜),,
,http://www.wikidata.org/entity/Q123156536,𒂷×𒀊,CUNEIFORM SIGN GA2 TIMES AB (𒂷 × 𒀊),,
,http://www.wikidata.org/entity/Q123226587,𒂷×𒁁×𒁹,CUNEIFORM SIGN GA2 TIMES BAD TIMES DISH (𒂷 × 𒁁 × 𒁹),,
o0027970,http://www.wikidata.org/entity/Q125092351,𒂷×𒁴,CUNEIFORM SIGN GA2 TIMES DIM (𒂷 × 𒁴),,
o0027791,http://www.wikidata.org/entity/Q125092406,𒂷×𒃵,CUNEIFORM SIGN GA2 TIMES GAM (𒂷 × 𒃵),,
,http://www.wikidata.org/entity/Q123262705,𒂷×𒄫,CUNEIFORM SIGN GA2 TIMES GIR (𒂷 × 𒄫),,
,http://www.wikidata.org/entity/Q123156840,𒂷×𒄕,CUNEIFORM SIGN GA2 TIMES GISH TENU (𒂷 × 𒄕),,
,http://www.wikidata.org/entity/Q123301285,𒂷×𒄞×𒂠,CUNEIFORM SIGN GA2 TIMES GU4 TIMES SHE3 (𒂷 × 𒄞 × 𒂠),,
,http://www.wikidata.org/entity/Q122937571,𒂷×𒄩𒄩,CUNEIFORM SIGN GA2 TIMES HA.HA (𒂷 × (𒄩 & 𒄩)),,
,http://www.wikidata.org/entity/Q123156980,𒂷×𒄭,CUNEIFORM SIGN GA2 TIMES HI (𒂷 × 𒄭),,
,http://www.wikidata.org/entity/Q123226614,𒂷×𒄭×𒋦,CUNEIFORM SIGN GA2 TIMES HI TIMES SUHUR (𒂷 × 𒄭 × 𒋦),,
o0027976,http://www.wikidata.org/entity/Q125092462,𒂷×𒅍,CUNEIFORM SIGN GA2 TIMES IL2 (𒂷 × 𒅍),,
,http://www.wikidata.org/entity/Q123157520,𒂷×𒆬,CUNEIFORM SIGN GA2 TIMES KU3 (𒂷 × 𒆬),,
,http://www.wikidata.org/entity/Q123157541,𒂷×𒆳,CUNEIFORM SIGN GA2 TIMES KUR (𒂷 × 𒆳),,
o0022953,http://www.wikidata.org/entity/Q122915030,𒂷×𒇷,CUNEIFORM SIGN GA2 TIMES LI (𒂷 × 𒇷),,
,http://www.wikidata.org/entity/Q123157557,𒂷×𒈦,CUNEIFORM SIGN GA2 TIMES MASH (𒂷 × 𒈦),,
,http://www.wikidata.org/entity/Q123157569,𒂷×𒉀,CUNEIFORM SIGN GA2 TIMES NAGA (𒂷 × 𒉀),,
,http://www.wikidata.org/entity/Q123157580,𒂷×𒉌,CUNEIFORM SIGN GA2 TIMES NI (𒂷 × 𒉌),,
,http://www.wikidata.org/entity/Q121508538,𒂷×𒉡,CUNEIFORM SIGN GA2 TIMES NU (𒂷 × 𒉡),,
,http://www.wikidata.org/entity/Q122937935,𒂷×𒊩𒆳,CUNEIFORM SIGN GA2 TIMES SAL.KUR (𒂷 × (𒊩 & 𒆳)),,
,http://www.wikidata.org/entity/Q121508668,𒂷×𒋙,CUNEIFORM SIGN GA2 TIMES SHU2 (𒂷 × 𒋙),,
o0027693,http://www.wikidata.org/entity/Q122937980,𒂷×𒋡,CUNEIFORM SIGN GA2 TIMES SILA3 (𒂷 × 𒋡),,
,http://www.wikidata.org/entity/Q123157589,𒂷×𒋦,CUNEIFORM SIGN GA2 TIMES SUHUR (𒂷 × 𒋦),,
,http://www.wikidata.org/entity/Q123157622,𒂷×𒋨,CUNEIFORM SIGN GA2 TIMES SUMASH (𒂷 × 𒋨),,
o0000192,http://www.wikidata.org/entity/Q124856470,𒃮@t,CUNEIFORM SIGN GABA TENU (𒃮@t),,
,http://www.wikidata.org/entity/Q123157674,𒃰@g,CUNEIFORM SIGN GAD GUNU (𒃰@g),,
o0001191,http://www.wikidata.org/entity/Q120270760,𒃰𒋺,CUNEIFORM SIGN GAD.KID2 (𒃰 & 𒋺),,
o0002450,http://www.wikidata.org/entity/Q120279053,𒌋𒁵,CUNEIFORM SIGN GAKKUL (𒌋 & 𒁵),,
o0002449,http://www.wikidata.org/entity/Q120278755,𒌋𒁴,CUNEIFORM SIGN GAKKUL3 (𒌋 & 𒁴),,
o0002610,http://www.wikidata.org/entity/Q123118572,𒍑𒆪,CUNEIFORM SIGN GALA (𒍑 & 𒆪),,
,http://www.wikidata.org/entity/Q123160119,𒃴@g,CUNEIFORM SIGN GALAM GUNU (𒃴@g),,
o0000198,http://www.wikidata.org/entity/Q122915428,𒃶@s,CUNEIFORM SIGN GAN SHESHIG (𒃶@s),,
,http://www.wikidata.org/entity/Q123226789,𒃶×𒄑×𒁷,CUNEIFORM SIGN GAN TIMES GISH TIMES DIN (𒃶 × 𒄑 × 𒁷),,
,http://www.wikidata.org/entity/Q123157707,𒃶×𒆸,CUNEIFORM SIGN GAN TIMES LAGAB (𒃶 × 𒆸),,
,http://www.wikidata.org/entity/Q123157732,𒃶×𒉈,CUNEIFORM SIGN GAN TIMES NE (𒃶 × 𒉈),,
,http://www.wikidata.org/entity/Q123157757,𒃶×𒊺,CUNEIFORM SIGN GAN TIMES SHE (𒃶 × 𒊺),,
o0000200,http://www.wikidata.org/entity/Q124972219,𒃷@g,CUNEIFORM SIGN GAN2 GUNU (𒃷@g),,
o0000203,http://www.wikidata.org/entity/Q123157800,𒃻@g,CUNEIFORM SIGN GAR GUNU (𒃻@g),,
o0002136,http://www.wikidata.org/entity/Q123087797,𒉣𒈨𒋳,CUNEIFORM SIGN GASHAM (𒉣 & 𒈨 & 𒋳),,
o0002304,http://www.wikidata.org/entity/Q120352664,𒊩𒆳,CUNEIFORM SIGN GEME2 (𒊩 & 𒆳),,
,http://www.wikidata.org/entity/Q123226848,𒄀/𒄀/𒄀×𒋠,CUNEIFORM SIGN GI OVER GI OVER GI TIMES SIG2 ((𒄀 / 𒄀 / 𒄀) × 𒋠),,
,http://www.wikidata.org/entity/Q123226891,𒄀/𒄀×𒂠,CUNEIFORM SIGN GI OVER GI TIMES SHE3 (𒄀 / 𒄀 × 𒂠),,
,http://www.wikidata.org/entity/Q123227010,𒄀×𒄕,CUNEIFORM SIGN GI TIMES GISH TENU (𒄀 × 𒄕),,
,http://www.wikidata.org/entity/Q123157846,𒄀×𒉇,CUNEIFORM SIGN GI TIMES NAM2 (𒄀 × 𒉇),,
,http://www.wikidata.org/entity/Q123157864,𒄀×𒋠,CUNEIFORM SIGN GI TIMES SIG2 (𒄀 × 𒋠),,
,http://www.wikidata.org/entity/Q123227019,𒄀𒆸,CUNEIFORM SIGN GI.LAGAB (𒄀 & 𒆸),,
o0002813,http://www.wikidata.org/entity/Q120351367,𒋙𒀾,CUNEIFORM SIGN GIBIL2 (𒋙 & 𒀾),,
o0002065,http://www.wikidata.org/entity/Q123301405,𒄀×𒉈,CUNEIFORM SIGN GIBIL6 (𒄀 × 𒉈),,
o0002000,http://www.wikidata.org/entity/Q120269859,𒈦𒌋,CUNEIFORM SIGN GIDIM2 (𒈦 & 𒌋),,
,http://www.wikidata.org/entity/Q123262721,𒄫@g,CUNEIFORM SIGN GIR GUNU (𒄫@g),,
,http://www.wikidata.org/entity/Q123157936,𒄊@g,CUNEIFORM SIGN GIR3 GUNU (𒄊@g),,
o0221866,http://www.wikidata.org/entity/Q123301433,𒄊×𒊺,CUNEIFORM SIGN GIR3 TIMES SHE (𒄊 × 𒊺),,
o0002446,http://www.wikidata.org/entity/Q120279982,𒌋𒀜,CUNEIFORM SIGN GIR4 (𒌋 & 𒀜),,
,http://www.wikidata.org/entity/Q123262786,𒄑×𒇲,CUNEIFORM SIGN GISH TIMES LA2 (𒄑 × 𒇲),,
,http://www.wikidata.org/entity/Q123301720,𒉿𒉀,CUNEIFORM SIGN GIZZAL_X (𒉿 & 𒉀),,
o0027538,http://www.wikidata.org/entity/Q122937184,𒄘@s,CUNEIFORM SIGN GU2 SHESHIG (𒄘@s),,
o0027605,http://www.wikidata.org/entity/Q122937195,𒄘×𒉺,CUNEIFORM SIGN GU2 TIMES PA (𒄘 × 𒉺),,
o0027603,http://www.wikidata.org/entity/Q122915246,𒄘×𒉽,CUNEIFORM SIGN GU2 TIMES PAP (𒄘 × 𒉽),,
,http://www.wikidata.org/entity/Q122937157,𒄘𒉭,CUNEIFORM SIGN GU2.NUNUZ (𒄘 & 𒉭),,
o0000223,http://www.wikidata.org/entity/Q124858418,𒄞@s,CUNEIFORM SIGN GUD SHESHIG (𒄞@s),,
o0001421,http://www.wikidata.org/entity/Q122937886,𒄞×𒁁,CUNEIFORM SIGN GUD TIMES BAD (𒄞 × 𒁁),,
o0037892,http://www.wikidata.org/entity/Q124858565,𒄞×𒉽,CUNEIFORM SIGN GUD TIMES PAP (𒄞 × 𒉽),,
o0002643,http://www.wikidata.org/entity/Q120349250,𒍝𒄢,CUNEIFORM SIGN GUG (𒍝 & 𒄢),,
,http://www.wikidata.org/entity/Q123158004,𒈖×𒋡,CUNEIFORM SIGN GUG2 TIMES SILA3 (𒈖 × 𒋡),,
,http://www.wikidata.org/entity/Q123158013,𒈖×𒌉,CUNEIFORM SIGN GUG2 TIMES TUR (𒈖 × 𒌉),,
o0001909,http://www.wikidata.org/entity/Q123089333,𒇻𒄾,CUNEIFORM SIGN GUKKAL (𒇻 & 𒄾),,
,http://www.wikidata.org/entity/Q123262802,𒇻𒄾×𒄭@g,CUNEIFORM SIGN GUKKAL TIMES HI GUNU ((𒇻 & 𒄾) × 𒄭@g),,
,http://www.wikidata.org/entity/Q123158111,𒄣@n,CUNEIFORM SIGN GUM NUTILLU (𒄣@n),,
o0001427,http://www.wikidata.org/entity/Q120271361,𒄘𒌧,CUNEIFORM SIGN GUN (𒄘 & 𒌧),,
,http://www.wikidata.org/entity/Q123158155,𒄨×𒋻,CUNEIFORM SIGN GURUSH TIMES TAR (𒄨 × 𒋻),,
o0001768,http://www.wikidata.org/entity/Q123118662,𒆬𒄀,CUNEIFORM SIGN GUSHKIG (𒆬 & 𒄀),,
,http://www.wikidata.org/entity/Q122947692,𒄫×𒅆𒇻,CUNEIFORM SIGN HA GUNU TIMES IGI.LU (𒄫 × (𒅆 & 𒇻)),,
,http://www.wikidata.org/entity/Q123158024,𒄭@g,CUNEIFORM SIGN HI GUNU (𒄭@g),,
o0001449,http://www.wikidata.org/entity/Q122936823,𒄭×𒀾𒄭×𒀾,CUNEIFORM SIGN HI TIMES ASH2.HI TIMES ASH2 (𒄭 × (𒀾 & 𒄭) × 𒀾),,
o0027609,http://www.wikidata.org/entity/Q122914875,𒄭×𒄬,CUNEIFORM SIGN HI TIMES HAL (𒄭 × 𒄬),,
o0022963,http://www.wikidata.org/entity/Q125097132,𒄭×𒄭,CUNEIFORM SIGN HI TIMES HI (𒄭 × 𒄭),,
o0027992,http://www.wikidata.org/entity/Q124980330,𒄭×𒉺,CUNEIFORM SIGN HI TIMES PA (𒄭 × 𒉺),,
o0027990,http://www.wikidata.org/entity/Q124980316,𒄭×𒉽,CUNEIFORM SIGN HI TIMES PAP (𒄭 × 𒉽),,
o0018513,http://www.wikidata.org/entity/Q124980301,𒄭×𒊬,CUNEIFORM SIGN HI TIMES SAR (𒄭 × 𒊬),,
,http://www.wikidata.org/entity/Q123262829,𒄭×ZATU707,CUNEIFORM SIGN HI TIMES ZATU 707 (𒄭 × ZATU 707),,
o0001443,http://www.wikidata.org/entity/Q122811328,𒄭𒀀,CUNEIFORM SIGN HI.A (𒄭 & 𒀀),,
o0027607,http://www.wikidata.org/entity/Q122924604,𒄭𒋦,CUNEIFORM SIGN HI.SUHUR (𒄭 & 𒋦),,
o0027540,http://www.wikidata.org/entity/Q122808427,𒄷@g,CUNEIFORM SIGN HU GUNU (𒄷@g),,
,http://www.wikidata.org/entity/Q123302196,𒄷𒃡,CUNEIFORM SIGN HU.UR3 (𒄷 & 𒃡),,
o0001516,http://www.wikidata.org/entity/Q120303475,𒅆𒌨,CUNEIFORM SIGN HUL (𒅆 & 𒌨),,
o0001515,http://www.wikidata.org/entity/Q120303812,𒅆𒌪,CUNEIFORM SIGN HUL4 (𒅆 & 𒌪),,
o0000858,http://www.wikidata.org/entity/Q120275832,𒀼𒋰,CUNEIFORM SIGN IA9 (𒀼 &  𒋰),,
o0000697,http://www.wikidata.org/entity/Q122417286,𒀀𒇉,CUNEIFORM SIGN ID2 (𒀀 & 𒇉),,
o0001993,http://www.wikidata.org/entity/Q120269385,𒈦𒄘𒃼,CUNEIFORM SIGN IDIGNA (𒈦 & 𒄘 &  𒃼),,
o0223361,http://www.wikidata.org/entity/Q123055614,𒅆𒆸,CUNEIFORM SIGN IGI.NIGIN (𒅆 & 𒆸),,
o0027612,http://www.wikidata.org/entity/Q122924635,𒅆𒋦,CUNEIFORM SIGN IGI.SUHUR (𒅆 & 𒋦),,
o0001586,http://www.wikidata.org/entity/Q120273826,𒆜𒆳,CUNEIFORM SIGN ILLAT (𒆜 & 𒆳),,
,http://www.wikidata.org/entity/Q123227115,𒅔×𒀀,CUNEIFORM SIGN IN TIMES A (𒅔 × 𒀀),,
,http://www.wikidata.org/entity/Q120348480,𒐈𒎙,CUNEIFORM SIGN ISZSZEBU (𒐈 & 𒎙),,
o0001590,http://www.wikidata.org/entity/Q120273608,𒆜𒌚,CUNEIFORM SIGN ITI3 (𒆜 & 𒌚),,
o0027996,http://www.wikidata.org/entity/Q125116618,𒅗×𒀸,CUNEIFORM SIGN KA TIMES ASH (𒅗 × 𒀸),,
o0018515,http://www.wikidata.org/entity/Q124980069,𒅗×𒁄,CUNEIFORM SIGN KA TIMES BAL (𒅗 × 𒁄),,
o0001619,http://www.wikidata.org/entity/Q124979991,𒅗×𒁺,CUNEIFORM SIGN KA TIMES DU (𒅗 × 𒁺),,
o0001618,http://www.wikidata.org/entity/Q124979851,𒅗×𒂀,CUNEIFORM SIGN KA TIMES DUB2 (𒅗 × 𒂀),,
o0001629,http://www.wikidata.org/entity/Q124979718,𒅗×𒂷,CUNEIFORM SIGN KA TIMES GA2 (𒅗 × 𒂷),,
o0023053,http://www.wikidata.org/entity/Q125116602,𒅗×𒆪,CUNEIFORM SIGN KA TIMES KU (𒅗 × 𒆪),,
o0028000,http://www.wikidata.org/entity/Q125116593,𒅗×𒈦,CUNEIFORM SIGN KA TIMES MASH (𒅗 × 𒈦),,
o0022976,http://www.wikidata.org/entity/Q124979594,𒅗×𒈩,CUNEIFORM SIGN KA TIMES MES (𒅗 × 𒈩),,
o0031905,http://www.wikidata.org/entity/Q124979044,𒅗×𒈬,CUNEIFORM SIGN KA TIMES MU (𒅗 × 𒈬),,
o0027727,http://www.wikidata.org/entity/Q124979213,𒅗×𒈾,CUNEIFORM SIGN KA TIMES NA (𒅗 × 𒈾),,
o0027613,http://www.wikidata.org/entity/Q122914929,𒅗×𒉎,CUNEIFORM SIGN KA TIMES NI2 (𒅗 × 𒉎),,
o0018516,http://www.wikidata.org/entity/Q124979316,𒅗×𒊩,CUNEIFORM SIGN KA TIMES SAL (𒅗 × 𒊩),,
o0028002,http://www.wikidata.org/entity/Q125116581,𒅗×𒊹,CUNEIFORM SIGN KA TIMES SHAR2 (𒅗 × 𒊹),,
o0023054,http://www.wikidata.org/entity/Q125116439,𒅗×𒋛,CUNEIFORM SIGN KA TIMES SI (𒅗 × 𒋛),,
o0031577,http://www.wikidata.org/entity/Q124979464,𒅗×𒋰,CUNEIFORM SIGN KA TIMES TAB (𒅗 × 𒋰),,
o0001642,http://www.wikidata.org/entity/Q125116454,𒅗×𒋺,CUNEIFORM SIGN KA TIMES TAK4 (𒅗 × 𒋺),,
o0018517,http://www.wikidata.org/entity/Q124979394,𒅗×𒋼,CUNEIFORM SIGN KA TIMES TE (𒅗 ×𒋼),,
o0018577,http://www.wikidata.org/entity/Q125116470,𒅗×𒍏,CUNEIFORM SIGN KA TIMES URUDA (𒅗 × 𒍏),,
o0022977,http://www.wikidata.org/entity/Q125097147,𒅗×𒍜,CUNEIFORM SIGN KA TIMES UZU (𒅗 × 𒍜),,
o0027542,http://www.wikidata.org/entity/Q122937039,𒆏@g,CUNEIFORM SIGN KAB GUNU (𒆏@g),,
,http://www.wikidata.org/entity/Q123159488,𒆏×𒁹,CUNEIFORM SIGN KAB TIMES DISH (𒆏 × 𒁹),,
o0001573,http://www.wikidata.org/entity/Q122947584,𒆕𒄑,CUNEIFORM SIGN KAK.GISH (𒆕 &  𒄑),,
o0002412,http://www.wikidata.org/entity/Q121300333,𒋼𒀀,CUNEIFORM SIGN KAR (𒋼 & 𒀀),,
o0000276,http://www.wikidata.org/entity/Q124822624,𒁉@g,CUNEIFORM SIGN KASH GUNU (𒁉@g),,
o0001585,http://www.wikidata.org/entity/Q120274220,𒆜𒄴,CUNEIFORM SIGN KASKAL.AH (𒆜 & 𒄴),,
o0001583,http://www.wikidata.org/entity/Q120273981,𒆜𒁍,CUNEIFORM SIGN KASKAL.BU (𒆜 & 𒁍),,
o0001584,http://www.wikidata.org/entity/Q122935338,𒆜𒂵,CUNEIFORM SIGN KASKAL.GA (𒆜 & 𒂵),,
o0001587,http://www.wikidata.org/entity/Q120274372,𒆜𒆸,CUNEIFORM SIGN KASKAL.LAGAB (𒆜 & 𒆸),,
o0022978,http://www.wikidata.org/entity/Q125116492,𒆟×𒀀,CUNEIFORM SIGN KESH2 TIMES A (𒆟 × 𒀀),,
o0002811,http://www.wikidata.org/entity/Q120350444,𒋙𒀭𒄲,CUNEIFORM SIGN KESH3 (𒋙 & 𒀭 & 𒄲),,
o0002403,http://www.wikidata.org/entity/Q121507864,𒋺×𒅎,CUNEIFORM SIGN KID2 TIMES IM (𒋺 × 𒅎),,
o0001712,http://www.wikidata.org/entity/Q122674134,𒆠𒈫,CUNEIFORM SIGN KIMIN (𒆠 & 𒈫),,
o0001739,http://www.wikidata.org/entity/Q125116550,𒆥×𒌓,CUNEIFORM SIGN KIN TIMES UD (𒆥 × 𒌓),,
o0001211,http://www.wikidata.org/entity/Q123159546,𒃲𒌺,CUNEIFORM SIGN KINGAL (𒃲 & 𒌺),,
,http://www.wikidata.org/entity/Q125116511,𒆦×𒉽,CUNEIFORM SIGN KISAL TIMES PAP (𒆦 × 𒉽),,
o0027615,http://www.wikidata.org/entity/Q122914856,𒆦×𒌓,CUNEIFORM SIGN KISAL TIMES UD (𒆦 × 𒌓),,
o0002619,http://www.wikidata.org/entity/Q122859908,𒌑𒄉,CUNEIFORM SIGN KISHIK (𒌑 & 𒄉),,
,http://www.wikidata.org/entity/Q123301750,𒁍×𒌦,CUNEIFORM SIGN KITI (𒁍 × 𒌦),,
o0002809,http://www.wikidata.org/entity/Q120350667,𒋙𒀯,CUNEIFORM SIGN KUNGA (𒋙 & 𒀯),,
o0000906,http://www.wikidata.org/entity/Q120269076,𒁇𒀭,CUNEIFORM SIGN KUNGA2 (𒁇 &  𒀭),,
o0001492,http://www.wikidata.org/entity/Q120303999,𒅆𒃻,CUNEIFORM SIGN KURUM7 (𒅆 & 𒃻),,
o0002465,http://www.wikidata.org/entity/Q120300730,𒌋𒄊/𒊊,CUNEIFORM SIGN KUSHU (𒌋 & 𒄊 /  𒊊),,
o0001766,http://www.wikidata.org/entity/Q122924041,𒆵×𒊩,CUNEIFORM SIGN KUSHU2 TIMES SAL (𒆵 × 𒊩),,
o0027565,http://www.wikidata.org/entity/Q124821625,𒇲@t,CUNEIFORM SIGN LA2 TENU (𒇲@t),,
o0001803,http://www.wikidata.org/entity/Q125122416,𒆸×𒀸,CUNEIFORM SIGN LAGAB TIMES ASH (𒆸 × 𒀸),,
o0027697,http://www.wikidata.org/entity/Q122938827,𒆸×𒀾,CUNEIFORM SIGN LAGAB TIMES ASH2 (𒆸 × 𒀾),,
,http://www.wikidata.org/entity/Q123159569,𒆸×𒍎,CUNEIFORM SIGN LAGAB TIMES BANSHUR (𒆸 × 𒍎),,
o0023058,http://www.wikidata.org/entity/Q125122429,𒆸×𒁇,CUNEIFORM SIGN LAGAB TIMES BAR (𒆸 × 𒁇),,
,http://www.wikidata.org/entity/Q123158273,𒆸×𒇯,CUNEIFORM SIGN LAGAB TIMES DU6 (𒆸 × 𒇯),,
o0018500,http://www.wikidata.org/entity/Q125122589,𒆸×𒃲,CUNEIFORM SIGN LAGAB TIMES GAL (𒆸 × 𒃲),,
o0027617,http://www.wikidata.org/entity/Q122914844,𒆸×𒃷,CUNEIFORM SIGN LAGAB TIMES GAN2 (𒆸 × 𒃷),,
o0028008,http://www.wikidata.org/entity/Q125122604,𒆸×𒄥,CUNEIFORM SIGN LAGAB TIMES GUR (𒆸 × 𒄥),,
,http://www.wikidata.org/entity/Q123158295,𒆸×𒄭,CUNEIFORM SIGN LAGAB TIMES HI (𒆸 × 𒄭),,
o0028010,http://www.wikidata.org/entity/Q125122615,𒆸×𒅆,CUNEIFORM SIGN LAGAB TIMES IGI (𒆸 × 𒅆),,
,http://www.wikidata.org/entity/Q123159601,𒆸×𒆵,CUNEIFORM SIGN LAGAB TIMES KUSHU2 (𒆸 × 𒆵),,
,http://www.wikidata.org/entity/Q123158304,𒆸×𒈨,CUNEIFORM SIGN LAGAB TIMES ME (𒆸 × 𒈨),,
o0031942,http://www.wikidata.org/entity/Q124978387,𒆸×𒈬,CUNEIFORM SIGN LAGAB TIMES MU (𒆸 × 𒈬),,
,http://www.wikidata.org/entity/Q123159606,𒆸×𒉣,CUNEIFORM SIGN LAGAB TIMES NUN (𒆸 × 𒉣),,
o0221968,http://www.wikidata.org/entity/Q123158310,𒆸×𒉺,CUNEIFORM SIGN LAGAB TIMES PA (𒆸 × 𒉺),,
o0027723,http://www.wikidata.org/entity/Q124978309,𒆸×𒉽,CUNEIFORM SIGN LAGAB TIMES PAP (𒆸 × 𒉽),,
,http://www.wikidata.org/entity/Q123159608,𒆸×𒊭,CUNEIFORM SIGN LAGAB TIMES SHA (𒆸 × 𒊭),,
o0001840,http://www.wikidata.org/entity/Q125122623,𒆸×𒊺,CUNEIFORM SIGN LAGAB TIMES SHE (𒆸 × 𒊺),,
o0023059,http://www.wikidata.org/entity/Q123159610,𒆸×𒋖,CUNEIFORM SIGN LAGAB TIMES SHITA (𒆸 × 𒋖),,
o0027619,http://www.wikidata.org/entity/Q122914827,𒆸×𒋗,CUNEIFORM SIGN LAGAB TIMES SHU (𒆸 × 𒋗),,
,http://www.wikidata.org/entity/Q123159631,𒆸×𒋻,CUNEIFORM SIGN LAGAB TIMES TAR (𒆸 × 𒋻),,
,http://www.wikidata.org/entity/Q122937105,𒆸×𒌀,CUNEIFORM SIGN LAGAB TIMES TIL (𒆸 × 𒌀),,
o0031578,http://www.wikidata.org/entity/Q125122631,𒆸×𒌇,CUNEIFORM SIGN LAGAB TIMES TUK (𒆸 × 𒌇),,
o0028012,http://www.wikidata.org/entity/Q124978416,𒆸×𒍝,CUNEIFORM SIGN LAGAB TIMES ZA (𒆸 × 𒍝),,
,http://www.wikidata.org/entity/Q123165174,𒆸×𒓯,CUNEIFORM SIGN LAGAB TIMES ZATU 753 (𒆸 × 𒓯),,
,http://www.wikidata.org/entity/Q123289028,𒆸×ZATU766,CUNEIFORM SIGN LAGAB TIMES ZATU 766 (𒆸 × ZATU 766),,
o0037865,http://www.wikidata.org/entity/Q124980659,𒇬×𒃻,CUNEIFORM SIGN LAGAR TIMES GAR (𒇬 × 𒃻),,
o0037869,http://www.wikidata.org/entity/Q124980637,𒇬×𒈦,CUNEIFORM SIGN LAGAR TIMES MASH (𒇬 × 𒈦),,
o0037867,http://www.wikidata.org/entity/Q124980699,𒇬×𒊩,CUNEIFORM SIGN LAGAR TIMES SAL (𒇬 × 𒊩),,
o0031948,http://www.wikidata.org/entity/Q124980719,𒇬×𒋺,CUNEIFORM SIGN LAGAR TIMES TAK4 (𒇬 × 𒋺),,
o0221969,http://www.wikidata.org/entity/Q124980751,𒇬×𒍝,CUNEIFORM SIGN LAGAR TIMES ZA (𒇬 × 𒍝),,
o0000313,http://www.wikidata.org/entity/Q122923351,LAK013,CUNEIFORM SIGN LAK-013,,
o0000321,http://www.wikidata.org/entity/Q122923320,LAK020,CUNEIFORM SIGN LAK-020,,
o0000344,http://www.wikidata.org/entity/Q122915558,LAK027,CUNEIFORM SIGN LAK-027,,
o0000345,http://www.wikidata.org/entity/Q122915566,LAK028,CUNEIFORM SIGN LAK-028,,
o0000362,http://www.wikidata.org/entity/Q122915572,LAK037,CUNEIFORM SIGN LAK-037,,
o0025810,http://www.wikidata.org/entity/Q122905411,LAK046a,CUNEIFORM SIGN LAK-046a,,
,http://www.wikidata.org/entity/Q122917058,LAK077,CUNEIFORM SIGN LAK-077,,
o0000310,http://www.wikidata.org/entity/Q122902110,LAK093,CUNEIFORM SIGN LAK-093,,
o0025817,http://www.wikidata.org/entity/Q122902133,LAK099,CUNEIFORM SIGN LAK-099,,
o0000312,http://www.wikidata.org/entity/Q122902170,LAK120,CUNEIFORM SIGN LAK-120,,
o0000315,http://www.wikidata.org/entity/Q122902320,LAK132,CUNEIFORM SIGN LAK-132,,
o0025818,http://www.wikidata.org/entity/Q122902327,LAK141,CUNEIFORM SIGN LAK-141,,
o0000317,http://www.wikidata.org/entity/Q122902381,LAK151,CUNEIFORM SIGN LAK-151,,
o0000320,http://www.wikidata.org/entity/Q122902390,LAK195,CUNEIFORM SIGN LAK-195,,
o0025729,http://www.wikidata.org/entity/Q122902411,LAK202,CUNEIFORM SIGN LAK-202,,
o0025822,http://www.wikidata.org/entity/Q122902481,LAK203,CUNEIFORM SIGN LAK-203,,
o0221917,http://www.wikidata.org/entity/Q122902494,LAK205,CUNEIFORM SIGN LAK-205,,
o0000325,http://www.wikidata.org/entity/Q122904676,LAK213,CUNEIFORM SIGN LAK-213,,
o0000328,http://www.wikidata.org/entity/Q122902707,LAK222,CUNEIFORM SIGN LAK-222,,
o0000331,http://www.wikidata.org/entity/Q122903428,LAK231,CUNEIFORM SIGN LAK-231,,
o0025731,http://www.wikidata.org/entity/Q122903443,LAK234,CUNEIFORM SIGN LAK-234,,
,http://www.wikidata.org/entity/Q122923759,LAK239,CUNEIFORM SIGN LAK-239,,
o0000334,http://www.wikidata.org/entity/Q122903470,LAK241,CUNEIFORM SIGN LAK-241,,
,http://www.wikidata.org/entity/Q122947709,LAK244,CUNEIFORM SIGN LAK-244,,
o0000336,http://www.wikidata.org/entity/Q122903487,LAK246,CUNEIFORM SIGN LAK-246,,
o0025828,http://www.wikidata.org/entity/Q122903507,LAK248b,CUNEIFORM SIGN LAK-248b,,
o0000339,http://www.wikidata.org/entity/Q122903556,LAK252,CUNEIFORM SIGN LAK-252,,
o0025860,http://www.wikidata.org/entity/Q122903565,LAK256,CUNEIFORM SIGN LAK-256,,
o0000340,http://www.wikidata.org/entity/Q122903605,LAK262,CUNEIFORM SIGN LAK-262,,
o0000346,http://www.wikidata.org/entity/Q122903630,LAK286,CUNEIFORM SIGN LAK-286,,
o0000347,http://www.wikidata.org/entity/Q122903637,LAK287,CUNEIFORM SIGN LAK-287,,
o0000348,http://www.wikidata.org/entity/Q122903648,LAK298,CUNEIFORM SIGN LAK-298,,
o0000351,http://www.wikidata.org/entity/Q122903659,LAK315,CUNEIFORM SIGN LAK-315,,
,http://www.wikidata.org/entity/Q122923878,LAK332,CUNEIFORM SIGN LAK-332,,
o0000354,http://www.wikidata.org/entity/Q122903675,LAK336,CUNEIFORM SIGN LAK-336,,
o0025839,http://www.wikidata.org/entity/Q122903685,LAK340,CUNEIFORM SIGN LAK-340,,
o0025841,http://www.wikidata.org/entity/Q122903697,LAK363,CUNEIFORM SIGN LAK-363,,
o0000361,http://www.wikidata.org/entity/Q122936812,LAK369,CUNEIFORM SIGN LAK-369,,
o0025842,http://www.wikidata.org/entity/Q122936853,LAK380,CUNEIFORM SIGN LAK-380,,
o0000366,http://www.wikidata.org/entity/Q122903710,LAK387,CUNEIFORM SIGN LAK-387,,
o0025844,http://www.wikidata.org/entity/Q122903783,LAK407,CUNEIFORM SIGN LAK-407,,
o0000370,http://www.wikidata.org/entity/Q122903791,LAK408,CUNEIFORM SIGN LAK-408,,
o0000371,http://www.wikidata.org/entity/Q122903809,LAK409,CUNEIFORM SIGN LAK-409,,
o0000372,http://www.wikidata.org/entity/Q122903835,LAK410,CUNEIFORM SIGN LAK-410,,
o0025846,http://www.wikidata.org/entity/Q122903846,LAK416,CUNEIFORM SIGN LAK-416,,
o0025848,http://www.wikidata.org/entity/Q122903855,LAK431,CUNEIFORM SIGN LAK-431,,
o0027544,http://www.wikidata.org/entity/Q122903862,LAK444,CUNEIFORM SIGN LAK-444,,
o0027545,http://www.wikidata.org/entity/Q122903870,LAK445,CUNEIFORM SIGN LAK-445,,
o0000376,http://www.wikidata.org/entity/Q122903880,LAK453,CUNEIFORM SIGN LAK-453,,
o0027547,http://www.wikidata.org/entity/Q122903892,LAK456,CUNEIFORM SIGN LAK-456,,
o0000381,http://www.wikidata.org/entity/Q122903953,LAK471,CUNEIFORM SIGN LAK-471,,
o0221890,http://www.wikidata.org/entity/Q122903967,LAK496,CUNEIFORM SIGN LAK-496,,
o0000388,http://www.wikidata.org/entity/Q122915296,LAK498,CUNEIFORM SIGN LAK-498,,
o0000391,http://www.wikidata.org/entity/Q122905391,LAK500,CUNEIFORM SIGN LAK-500,,
o0027548,http://www.wikidata.org/entity/Q123248014,LAK508,CUNEIFORM SIGN LAK-508,,
o0000394,http://www.wikidata.org/entity/Q122915257,LAK526,CUNEIFORM SIGN LAK-526,,
o0000396,http://www.wikidata.org/entity/Q122904466,LAK539,CUNEIFORM SIGN LAK-539,,
o0025735,http://www.wikidata.org/entity/Q122904445,LAK546,CUNEIFORM SIGN LAK-546,,
o0000398,http://www.wikidata.org/entity/Q122904243,LAK558,CUNEIFORM SIGN LAK-558,,
o0000399,http://www.wikidata.org/entity/Q122915148,LAK605,CUNEIFORM SIGN LAK-605,,
o0000401,http://www.wikidata.org/entity/Q122904325,LAK607,CUNEIFORM SIGN LAK-607,,
o0000406,http://www.wikidata.org/entity/Q122904299,LAK638,CUNEIFORM SIGN LAK-638,,
o0027550,http://www.wikidata.org/entity/Q122904282,LAK643,CUNEIFORM SIGN LAK-643,,
o0000407,http://www.wikidata.org/entity/Q122904289,LAK646,CUNEIFORM SIGN LAK-646,,
o0000410,http://www.wikidata.org/entity/Q122915021,LAK708,CUNEIFORM SIGN LAK-708,,
o0025852,http://www.wikidata.org/entity/Q122904088,LAK712,CUNEIFORM SIGN LAK-712,,
o0027551,http://www.wikidata.org/entity/Q122904097,LAK722,CUNEIFORM SIGN LAK-722,,
o0000414,http://www.wikidata.org/entity/Q122904108,LAK748,CUNEIFORM SIGN LAK-748,,
o0000416,http://www.wikidata.org/entity/Q122904123,LAK764,CUNEIFORM SIGN LAK-764,,
o0018528,http://www.wikidata.org/entity/Q122904132,LAK765,CUNEIFORM SIGN LAK-765,,
o0027553,http://www.wikidata.org/entity/Q122904139,LAK773,CUNEIFORM SIGN LAK-773,,
o0000417,http://www.wikidata.org/entity/Q122904151,LAK774,CUNEIFORM SIGN LAK-774,,
o0021461,http://www.wikidata.org/entity/Q122904176,LAK779,CUNEIFORM SIGN LAK-779,,
,http://www.wikidata.org/entity/Q122938817,LAK786,CUNEIFORM SIGN LAK-786,,
o0027557,http://www.wikidata.org/entity/Q122904188,LAK804,CUNEIFORM SIGN LAK-804,,
o0027559,http://www.wikidata.org/entity/Q122904202,LAK805,CUNEIFORM SIGN LAK-805,,
o0027561,http://www.wikidata.org/entity/Q122904209,LAK806,CUNEIFORM SIGN LAK-806,,
o0000419,http://www.wikidata.org/entity/Q122904218,LAK811,CUNEIFORM SIGN LAK-811,,
o0000420,http://www.wikidata.org/entity/Q122904223,LAK812,CUNEIFORM SIGN LAK-812,,
o0025858,http://www.wikidata.org/entity/Q122904233,LAK821,CUNEIFORM SIGN LAK-821,,
o0027709,http://www.wikidata.org/entity/Q124980818,𒇲×𒁹,CUNEIFORM SIGN LAL TIMES DISH  (𒇲 × 𒁹),,
o0027628,http://www.wikidata.org/entity/Q122914779,𒇲×𒆸,CUNEIFORM SIGN LAL TIMES LAGAB (𒇲 × 𒆸),,
o0001889,http://www.wikidata.org/entity/Q122925330,𒇲𒉌,CUNEIFORM SIGN LAL.NI (𒇲 & 𒉌),,
o0001890,http://www.wikidata.org/entity/Q122925353,𒇲𒊬,CUNEIFORM SIGN LAL.SAR (𒇲 & 𒊬),,
o0027630,http://www.wikidata.org/entity/Q121512050,𒇳×𒁺,CUNEIFORM SIGN LAL2 TIMES DU (𒇳 × 𒁺),,
,http://www.wikidata.org/entity/Q123165568,𒇳×𒂡,CUNEIFORM SIGN LAL2 TIMES EZEN (𒇳 × 𒂡),,
o0031802,http://www.wikidata.org/entity/Q121512291,𒇳×𒆸,CUNEIFORM SIGN LAL2 TIMES LAGAB (𒇳 × 𒆸),,
o0031804,http://www.wikidata.org/entity/Q121512192,𒇳×𒊬,CUNEIFORM SIGN LAL2 TIMES SAR (𒇳 × 𒊬),,
,http://www.wikidata.org/entity/Q120349239,𒑖𒉽,CUNEIFORM SIGN LAL2 VARIANT (𒑖 & 𒉽),,
o0001495,http://www.wikidata.org/entity/Q120303163,𒅆𒂠,CUNEIFORM SIGN LIBIR (𒅆 & 𒂠),,
o0002819,http://www.wikidata.org/entity/Q120351811,𒋙𒌍,CUNEIFORM SIGN LIL3 (𒋙 & 𒌍),,
o0002818,http://www.wikidata.org/entity/Q120351274,𒋙𒉈,CUNEIFORM SIGN LIL5 (𒋙 & 𒉈),,
,http://www.wikidata.org/entity/Q121510846,𒈕@sg,CUNEIFORM SIGN LU2 SHESHIG GUNU (𒈕@sg),,
,http://www.wikidata.org/entity/Q123159640,𒇽×𒉿,CUNEIFORM SIGN LU2 TIMES GESHTU (𒇽 × 𒉿),,
o0031580,http://www.wikidata.org/entity/Q124978816,𒇽×𒅖,CUNEIFORM SIGN LU2 TIMES ISH (𒇽 × 𒅖),,
o0028029,http://www.wikidata.org/entity/Q124978881,𒇽×𒇸,CUNEIFORM SIGN LU2 TIMES LIL (𒇽 × 𒇸),,
o0001986,http://www.wikidata.org/entity/Q124978846,𒇽×𒊮,CUNEIFORM SIGN LU2 TIMES SHA3 (𒇽 × 𒊮),,
o0001922,http://www.wikidata.org/entity/Q124978974,𒈜×𒊺,CUNEIFORM SIGN LUL TIMES SHE (𒈜 × 𒊺),,
o0001925,http://www.wikidata.org/entity/Q120353698,𒈞𒋙,CUNEIFORM SIGN LUM OVER LUM & SHU2 (𒈞 & 𒋙),,
,http://www.wikidata.org/entity/Q123159645,𒈠×𒀀,CUNEIFORM SIGN MA TIMES A (𒈠 × 𒀀),,
o0000447,http://www.wikidata.org/entity/Q124824309,𒈤@g,CUNEIFORM SIGN MAH GUNU (𒈤@g),,
,http://www.wikidata.org/entity/Q123159652,𒈤×𒇻𒄾,CUNEIFORM SIGN MAH TIMES GUKKAL (𒈤 × (𒇻 & 𒄾)),,
,http://www.wikidata.org/entity/Q123159660,𒈤×𒄩,CUNEIFORM SIGN MAH TIMES HA (𒈤 × 𒄩),,
,http://www.wikidata.org/entity/Q123159665,𒈤×𒈦,CUNEIFORM SIGN MAH TIMES MASH (𒈤 × 𒈦),,
,http://www.wikidata.org/entity/Q123159750,𒈤×𒊩,CUNEIFORM SIGN MAH TIMES SAL (𒈤 × 𒊩),,
,http://www.wikidata.org/entity/Q123227218,𒈤×𒋡×𒌢,CUNEIFORM SIGN MAH TIMES SILA3 TIMES UMBIN (𒈤 × 𒋡 × 𒌢),,
,http://www.wikidata.org/entity/Q123159759,𒈤×𒌆,CUNEIFORM SIGN MAH TIMES TUG2 (𒈤 × 𒌆),,
,http://www.wikidata.org/entity/Q123159799,𒈤×𒍚,CUNEIFORM SIGN MAH TIMES UD5 (𒈤 × 𒍚),,
,http://www.wikidata.org/entity/Q123159837,𒈤×𒌨,CUNEIFORM SIGN MAH TIMES UR (𒈤 × 𒌨),,
,http://www.wikidata.org/entity/Q123159862,𒈤×𒁭,CUNEIFORM SIGN MAH TIMES UTUA (𒈤 × 𒁭),,
,http://www.wikidata.org/entity/Q123227274,𒈥×𒆸×𒂠,CUNEIFORM SIGN MAR TIMES LAGAB TIMES SHE3 (𒈥 × 𒆸 × 𒂠),,
,http://www.wikidata.org/entity/Q123159889,𒈥×𒊺,CUNEIFORM SIGN MAR TIMES SHE (𒈥 × 𒊺),,
,http://www.wikidata.org/entity/Q123227319,𒈦𒃷,CUNEIFORM SIGN MASH.GAN2 (𒈦 & 𒃷),,
o0001999,http://www.wikidata.org/entity/Q120270029,𒈦𒎙,CUNEIFORM SIGN MASH.MAN (𒈦 & 𒎙),,
o0027568,http://www.wikidata.org/entity/Q122933330,𒈧@g,CUNEIFORM SIGN MASH2 GUNU (𒈧@g),,
o0002177,http://www.wikidata.org/entity/Q122434048,𒉺𒁽,CUNEIFORM SIGN MASHKIM (𒉺 & 𒁽),,
o0002385,http://www.wikidata.org/entity/Q120271934,𒋰𒆲,CUNEIFORM SIGN MEGIDDA2 (𒋰 & 𒆲),,
,http://www.wikidata.org/entity/Q120348147,𒈫𒌍,CUNEIFORM SIGN MIN & U U U (𒈫 & 𒌍),,
o0037936,http://www.wikidata.org/entity/Q124980445,𒈫×𒅆,CUNEIFORM SIGN MIN TIMES IGI (𒈫 × 𒅆),,
o0001466,http://www.wikidata.org/entity/Q120270213,𒄷𒄭,CUNEIFORM SIGN MUD (𒄷 & 𒄭),,
o0031846,http://www.wikidata.org/entity/Q123159919,𒉯@g,CUNEIFORM SIGN MUD3 GUNU (𒉯@g),,
,http://www.wikidata.org/entity/Q120306085,𒋁𒋦,CUNEIFORM SIGN MUNSHUB2 (𒋁 & 𒋦),,
,http://www.wikidata.org/entity/Q121511782,𒊩𒌇,CUNEIFORM SIGN MUNUS & TUK (𒊩 & 𒌇),,
o0002310,http://www.wikidata.org/entity/Q120353112,𒊩𒇬,CUNEIFORM SIGN MUNUS.LAGAR (𒊩 & 𒇬),,
o0027570,http://www.wikidata.org/entity/Q122923551,𒊩𒇬@g,CUNEIFORM SIGN MURUB2 GUNU (𒊩𒇬@g),,
o0001061,http://www.wikidata.org/entity/Q123302167,𒂗×𒈨×𒇬,CUNEIFORM SIGN MURUB3 (𒂗 × 𒈨 × 𒇬),,
o0000465,http://www.wikidata.org/entity/Q124821574,𒈲@t,CUNEIFORM SIGN MUSH TENU (𒈲@t),,
o0199003,http://www.wikidata.org/entity/Q124980470,𒈲×𒃰,CUNEIFORM SIGN MUSH TIMES GAD (𒈲 × 𒃰),,
o0028033,http://www.wikidata.org/entity/Q125092205,𒈹×𒈹,CUNEIFORM SIGN MUSH3 TIMES MUSH3 (𒈹 × 𒈹),,
o0221895,http://www.wikidata.org/entity/Q124978278,𒈹×𒉺,CUNEIFORM SIGN MUSH3 TIMES PA (𒈹 × 𒉺),,
o0002331,http://www.wikidata.org/entity/Q123088664,𒊩𒍑𒁲,CUNEIFORM SIGN MUSSA (𒊩 & 𒍑 & 𒁲),,
,http://www.wikidata.org/entity/Q123270885,N1,CUNEIFORM SIGN N-1,,
,http://www.wikidata.org/entity/Q123271027,N1@g,CUNEIFORM SIGN N-1 GUNU,,
,http://www.wikidata.org/entity/Q123271425,N10,CUNEIFORM SIGN N-10,,
,http://www.wikidata.org/entity/Q123271505,N11,CUNEIFORM SIGN N-11,,
,http://www.wikidata.org/entity/Q123271647,N12,CUNEIFORM SIGN N-12,,
,http://www.wikidata.org/entity/Q123271658,N13,CUNEIFORM SIGN N-13,,
o0025756,http://www.wikidata.org/entity/Q123271668,N14,CUNEIFORM SIGN N-14,,
,http://www.wikidata.org/entity/Q123273483,N14@g,CUNEIFORM SIGN N-14 GUNU,,
,http://www.wikidata.org/entity/Q123271697,N15,CUNEIFORM SIGN N-15,,
,http://www.wikidata.org/entity/Q123273421,N16,CUNEIFORM SIGN N-16,,
,http://www.wikidata.org/entity/Q123273424,N17,CUNEIFORM SIGN N-17,,
,http://www.wikidata.org/entity/Q123273436,N18,CUNEIFORM SIGN N-18,,
o0027447,http://www.wikidata.org/entity/Q123273446,N19,CUNEIFORM SIGN N-19,,
,http://www.wikidata.org/entity/Q123270916,N2,CUNEIFORM SIGN N-2,,
,http://www.wikidata.org/entity/Q123273467,N20,CUNEIFORM SIGN N-20,,
o0025762,http://www.wikidata.org/entity/Q123273500,N22,CUNEIFORM SIGN N-22,,
o0027449,http://www.wikidata.org/entity/Q123273528,N24,CUNEIFORM SIGN N-24,,
,http://www.wikidata.org/entity/Q123273539,N25,CUNEIFORM SIGN N-25,,
,http://www.wikidata.org/entity/Q123273545,N26,CUNEIFORM SIGN N-26,,
,http://www.wikidata.org/entity/Q123273550,N27,CUNEIFORM SIGN N-27,,
,http://www.wikidata.org/entity/Q123273559,N28,CUNEIFORM SIGN N-28,,
,http://www.wikidata.org/entity/Q123273577,N29,CUNEIFORM SIGN N-29,,
,http://www.wikidata.org/entity/Q123270956,N3,CUNEIFORM SIGN N-3,,
,http://www.wikidata.org/entity/Q123273586,N30,CUNEIFORM SIGN N-30,,
,http://www.wikidata.org/entity/Q123273595,N31,CUNEIFORM SIGN N-31,,
,http://www.wikidata.org/entity/Q123273606,N32,CUNEIFORM SIGN N-32,,
,http://www.wikidata.org/entity/Q123273612,N33,CUNEIFORM SIGN N-33,,
o0027451,http://www.wikidata.org/entity/Q123273625,N34,CUNEIFORM SIGN N-34,,
,http://www.wikidata.org/entity/Q123273716,N34@g,CUNEIFORM SIGN N-34 GUNU,,
,http://www.wikidata.org/entity/Q123273727,N34@t1,CUNEIFORM SIGN N-34 TENU VARIANT 1,,
,http://www.wikidata.org/entity/Q123274226,N34@t2,CUNEIFORM SIGN N-34 TENU VARIANT 2,,
,http://www.wikidata.org/entity/Q123273653,N35,CUNEIFORM SIGN N-35,,
o0027453,http://www.wikidata.org/entity/Q123273663,N36,CUNEIFORM SIGN N-36,,
,http://www.wikidata.org/entity/Q123273675,N37,CUNEIFORM SIGN N-37,,
,http://www.wikidata.org/entity/Q123274138,N39a@g,CUNEIFORM SIGN N-39a GUNU,,
o0027445,http://www.wikidata.org/entity/Q123270982,N4,CUNEIFORM SIGN N-4,,
,http://www.wikidata.org/entity/Q123273745,N40,CUNEIFORM SIGN N-40,,
,http://www.wikidata.org/entity/Q123273772,N41,CUNEIFORM SIGN N-41,,
,http://www.wikidata.org/entity/Q123273828,N42,CUNEIFORM SIGN N-42,,
,http://www.wikidata.org/entity/Q123274341,N44,CUNEIFORM SIGN N-44,,
o0025767,http://www.wikidata.org/entity/Q123274400,N45,CUNEIFORM SIGN N-45,,
o0027459,http://www.wikidata.org/entity/Q123274558,N46,CUNEIFORM SIGN N-46,,
,http://www.wikidata.org/entity/Q123274574,N47,CUNEIFORM SIGN N-47,,
o0027463,http://www.wikidata.org/entity/Q123274581,N48,CUNEIFORM SIGN N-48,,
,http://www.wikidata.org/entity/Q123274602,N49,CUNEIFORM SIGN N-49,,
,http://www.wikidata.org/entity/Q123271015,N5,CUNEIFORM SIGN N-5,,
o0025769,http://www.wikidata.org/entity/Q123274606,N50,CUNEIFORM SIGN N-50,,
,http://www.wikidata.org/entity/Q123274618,N51,CUNEIFORM SIGN N-51,,
,http://www.wikidata.org/entity/Q123274646,N51@g,CUNEIFORM SIGN N-51 GUNU,,
,http://www.wikidata.org/entity/Q123274655,N53,CUNEIFORM SIGN N-53,,
o0027469,http://www.wikidata.org/entity/Q123274669,N54,CUNEIFORM SIGN N-54,,
,http://www.wikidata.org/entity/Q123274678,N55,CUNEIFORM SIGN N-55,,
,http://www.wikidata.org/entity/Q123274693,N56,CUNEIFORM SIGN N-56,,
o0025701,http://www.wikidata.org/entity/Q123274729,N57,CUNEIFORM SIGN N-57,,
o0027175,http://www.wikidata.org/entity/Q123274827,N58,CUNEIFORM SIGN N-58,,
,http://www.wikidata.org/entity/Q123294227,N59,CUNEIFORM SIGN N-59,,
,http://www.wikidata.org/entity/Q123294276,N60,CUNEIFORM SIGN N-60,,
,http://www.wikidata.org/entity/Q123271035,N7,CUNEIFORM SIGN N-7,,
o0025703,http://www.wikidata.org/entity/Q123271396,N8,CUNEIFORM SIGN N-8,,
,http://www.wikidata.org/entity/Q123271406,N9,CUNEIFORM SIGN N-9,,
o0031952,http://www.wikidata.org/entity/Q124978210,𒉀×𒀀,CUNEIFORM SIGN NAGA TIMES A (𒉀 × 𒀀),,
o0002056,http://www.wikidata.org/entity/Q124978239,𒉀×𒁹,CUNEIFORM SIGN NAGA TIMES DISH (𒉀 × 𒁹),,
,http://www.wikidata.org/entity/Q123159959,𒉇@g,CUNEIFORM SIGN NAM2 GUNU (𒉇@g),,
o0027201,http://www.wikidata.org/entity/Q124821650,𒉇@t,CUNEIFORM SIGN NAM2 TENU (𒉇@t),,
o0002740,http://www.wikidata.org/entity/Q121506878,𒋀𒆠,CUNEIFORM SIGN NANNA (𒋀 & 𒆠),,
,http://www.wikidata.org/entity/Q122923500,𒉈×𒆜,CUNEIFORM SIGN NE TIMES KASKAL (𒉈 × 𒆜),,
,http://www.wikidata.org/entity/Q122923665,𒉈×𒉽,CUNEIFORM SIGN NE TIMES PAP (𒉈 × 𒉽),,
o0001787,http://www.wikidata.org/entity/Q120305042,𒇧𒇧,CUNEIFORM SIGN NENNI (𒇧 & 𒇧),,
,http://www.wikidata.org/entity/Q123302447,𒄊×𒀊,CUNEIFORM SIGN NERGAL_X (𒄊 × 𒀊),,
,http://www.wikidata.org/entity/Q123159968,𒉌@g,CUNEIFORM SIGN NI GUNU (𒉌@g),,
,http://www.wikidata.org/entity/Q123260165,𒉌@g×𒄭@g,CUNEIFORM SIGN NI GUNU TIMES HI GUNU (𒉌@g  × 𒄭@g),,
o0031832,http://www.wikidata.org/entity/Q124978039,𒉌×𒄑,CUNEIFORM SIGN NI TIMES GISH (𒉌 × 𒄑),,
o0002076,http://www.wikidata.org/entity/Q122937244,𒉌𒌇,CUNEIFORM SIGN NI.TUK (𒉌 & 𒌇),,
o0002216,http://www.wikidata.org/entity/Q123089274,𒉻𒀭𒈹,CUNEIFORM SIGN NIDBA (𒉻 & 𒀭 & 𒈹),,
o0002327,http://www.wikidata.org/entity/Q120353484,𒊩𒌨,CUNEIFORM SIGN NIG (𒊩 & 𒌨),,
o0001772,http://www.wikidata.org/entity/Q120304566,𒆸𒆸,CUNEIFORM SIGN NIGIN (𒆸 & 𒆸),,
o0002472,http://www.wikidata.org/entity/Q120299003,𒌋𒌓𒆤,CUNEIFORM SIGN NIGIN3 (𒌋 & 𒌓 & 𒆤),,
o0002473,http://www.wikidata.org/entity/Q120280220,𒌋𒌓,CUNEIFORM SIGN NIGIN4 (𒌋 & 𒌓),,
o0038003,http://www.wikidata.org/entity/Q124978149,𒉏×𒂵,CUNEIFORM SIGN NIM TIMES GA (𒉏 × 𒂵),,
o0002323,http://www.wikidata.org/entity/Q120352447,𒊩𒌆,CUNEIFORM SIGN NIN (𒊩 & 𒌆),,
o0002305,http://www.wikidata.org/entity/Q120352183,𒊩𒆪,CUNEIFORM SIGN NIN9 (𒊩 & 𒆪),,
o0027883,http://www.wikidata.org/entity/Q122912562,𒉒×𒁹𒁹,CUNEIFORM SIGN NINDA2 TIMES 2(DISH) (𒉒 × 𒁹𒁹),,
o0027636,http://www.wikidata.org/entity/Q125116963,𒉒×𒀼,CUNEIFORM SIGN NINDA2 TIMES 3(ASH) (𒉒 × 𒀼),,
,http://www.wikidata.org/entity/Q123159978,𒉒×𒁀,CUNEIFORM SIGN NINDA2 TIMES BA (𒉒 × 𒁀),,
o0002099,http://www.wikidata.org/entity/Q124978174,𒉒×𒁾,CUNEIFORM SIGN NINDA2 TIMES DUB (𒉒 × 𒁾),,
,http://www.wikidata.org/entity/Q123159983,𒉒×𒂡,CUNEIFORM SIGN NINDA2 TIMES EZEN (𒉒 × 𒂡),,
,http://www.wikidata.org/entity/Q123159988,𒉒×𒃻,CUNEIFORM SIGN NINDA2 TIMES GAR (𒉒 × 𒃻),,
,http://www.wikidata.org/entity/Q123165638,𒉒×𒄴𒈨,CUNEIFORM SIGN NINDA2 TIMES GUDU4 (𒉒 × (𒄴 & 𒈨)),,
o0002110,http://www.wikidata.org/entity/Q122917091,𒉒×𒆰,CUNEIFORM SIGN NINDA2 TIMES KUL (𒉒 × 𒆰),,
,http://www.wikidata.org/entity/Q123160006,𒉒×𒈥,CUNEIFORM SIGN NINDA2 TIMES MAR (𒉒 × 𒈥),,
o0002108,http://www.wikidata.org/entity/Q124977599,𒉒×𒈪,CUNEIFORM SIGN NINDA2 TIMES MI (𒉒 × 𒈪),,
o0002119,http://www.wikidata.org/entity/Q124977717,𒉒×𒋃,CUNEIFORM SIGN NINDA2 TIMES SHID (𒉒 × 𒋃),,
o0021451,http://www.wikidata.org/entity/Q124977873,𒉒×𒋆,CUNEIFORM SIGN NINDA2 TIMES SHIM (𒉒 × 𒋆),,
o0027713,http://www.wikidata.org/entity/Q124972925,𒉒×𒌉,CUNEIFORM SIGN NINDA2 TIMES TUR (𒉒 × 𒌉),,
o0002115,http://www.wikidata.org/entity/Q124977970,𒉒×𒌑,CUNEIFORM SIGN NINDA2 TIMES U2 (𒉒 × 𒌑),,
,http://www.wikidata.org/entity/Q123165759,𒉒×𒌓,CUNEIFORM SIGN NINDA2 TIMES UD (𒉒 × 𒌓),,
,http://www.wikidata.org/entity/Q123227403,𒉒×𒌓×𒋻,CUNEIFORM SIGN NINDA2 TIMES UDU TIMES TAR (𒉒 × 𒌓 × 𒋻),,
,http://www.wikidata.org/entity/Q123260103,𒉪×𒀭,CUNEIFORM SIGN NIR TIMES AN (𒉪 × 𒀭),,
,http://www.wikidata.org/entity/Q123160015,𒉡@g,CUNEIFORM SIGN NU GUNU (𒉡@g),,
o0018543,http://www.wikidata.org/entity/Q125116938,𒉡×𒌋,CUNEIFORM SIGN NU TIMES U (𒉡 × 𒌋),,
o0002665,http://www.wikidata.org/entity/Q120266638,𒍤𒆸,CUNEIFORM SIGN NUMUN2 (𒍤 & 𒆸),,
,http://www.wikidata.org/entity/Q123165797,𒉣×𒀀,CUNEIFORM SIGN NUN TIMES A (𒉣 × 𒀀),,
o0002208,http://www.wikidata.org/entity/Q120275077,𒉺𒌆,CUNEIFORM SIGN NUSKA (𒉺 & 𒌆),,
o0002221,http://www.wikidata.org/entity/Q120266031,𒉽𒂊,CUNEIFORM SIGN PA5 (𒉽 & 𒂊),,
o0002225,http://www.wikidata.org/entity/Q120265753,𒉽𒅖,CUNEIFORM SIGN PA6 (𒉽 & 𒅖),,
o0001511,http://www.wikidata.org/entity/Q120301824,𒅆𒊒,CUNEIFORM SIGN PAD3 (𒅆 & 𒊒),,
o0027638,http://www.wikidata.org/entity/Q122935201,𒊊× 𒉺𒆸,CUNEIFORM SIGN PIRIG TIMES PA.LAGAB (𒊊 × (𒉺 & 𒆸)),,
o0027640,http://www.wikidata.org/entity/Q122912664,𒊊×𒊺,CUNEIFORM SIGN PIRIG TIMES SHE (𒊊 × 𒊺),,
o0002222,http://www.wikidata.org/entity/Q120265199,𒉽𒄬,CUNEIFORM SIGN PUSH2 (𒉽 & 𒄬),,
o0002191,http://www.wikidata.org/entity/Q122526761,𒉺𒄸𒁺,CUNEIFORM SIGN RIG7 (𒉺 & 𒄸 & 𒁺),,
o0025689,http://www.wikidata.org/entity/Q125088903,𒊒×𒆳,CUNEIFORM SIGN RU TIMES KUR (𒊒 × 𒆳),,
o0001469,http://www.wikidata.org/entity/Q120270450,𒄷𒈿,CUNEIFORM SIGN SA4 (𒄷 & 𒈿),,
o0221971,http://www.wikidata.org/entity/Q125116646,𒊨×𒈫,CUNEIFORM SIGN SAG GUNU TIMES MIN (𒊨 × 𒈫),,
,http://www.wikidata.org/entity/Q123260074,𒔮×𒉿,CUNEIFORM SIGN SAG TIMES GESHTU (𒔮 × 𒉿),,
o0022998,http://www.wikidata.org/entity/Q125089197,𒊕×𒅅,CUNEIFORM SIGN SAG TIMES IG (𒊕 × 𒅅),,
o0022999,http://www.wikidata.org/entity/Q125089664,𒊕×𒆪,CUNEIFORM SIGN SAG TIMES KU (𒊕 × 𒆪),,
o0023000,http://www.wikidata.org/entity/Q125089487,𒊕×𒇴,CUNEIFORM SIGN SAG TIMES LAM (𒊕 × 𒇴),,
,http://www.wikidata.org/entity/Q123165818,𒊕×𒈠,CUNEIFORM SIGN SAG TIMES MA (𒊕 × 𒈠),,
o0028047,http://www.wikidata.org/entity/Q125089024,𒊕×𒈦,CUNEIFORM SIGN SAG TIMES MASH (𒊕 × 𒈦),,
o0028048,http://www.wikidata.org/entity/Q125089737,𒊕×𒈫,CUNEIFORM SIGN SAG TIMES MIN (𒊕 × 𒈫),,
o0027642,http://www.wikidata.org/entity/Q122914753,𒊕×𒉌,CUNEIFORM SIGN SAG TIMES NI (𒊕 × 𒉌),,
o0031625,http://www.wikidata.org/entity/Q125089327,𒊕×𒉽,CUNEIFORM SIGN SAG TIMES PAP (𒊕 × 𒉽),,
o0027525,http://www.wikidata.org/entity/Q125089864,𒊕×𒊬,CUNEIFORM SIGN SAG TIMES SAR (𒊕 × 𒊬),,
o0031790,http://www.wikidata.org/entity/Q125089791,𒊕×𒍝,CUNEIFORM SIGN SAG TIMES ZA (𒊕 × 𒍝),,
o0002466,http://www.wikidata.org/entity/Q120279846,𒌋𒊕,CUNEIFORM SIGN SAGSHU (𒌋 & 𒊕),,
o0002304,http://www.wikidata.org/entity/Q122917031,𒊩×𒆳,CUNEIFORM SIGN SAL TIMES KUR (𒊩 × 𒆳),,
o0027643,http://www.wikidata.org/entity/Q122937223,𒊩𒀾,CUNEIFORM SIGN SAL.ASH2 (𒊩 & 𒀾),,
,http://www.wikidata.org/entity/Q123165831,𒊬×𒄩,CUNEIFORM SIGN SAR TIMES HA (𒊬 × 𒄩),,
o0027715,http://www.wikidata.org/entity/Q125116662,𒊬×𒌑,CUNEIFORM SIGN SAR TIMES U2 (𒊬 × 𒌑),,
o0027644,http://www.wikidata.org/entity/Q122923716,𒊬×𒍩,CUNEIFORM SIGN SAR TIMES ZIZ2 (𒊬 × 𒍩),,
,http://www.wikidata.org/entity/Q123160126,𒊭@g,CUNEIFORM SIGN SHA GUNU (𒊭@g),,
,http://www.wikidata.org/entity/Q123227531,𒊭×𒄭@g,CUNEIFORM SIGN SHA TIMES HI GUNU (𒊭 × 𒄭@g),,
o0002193,http://www.wikidata.org/entity/Q120274927,𒉺𒅁,CUNEIFORM SIGN SHAB (𒉺 & 𒅁),,
o0002170,http://www.wikidata.org/entity/Q122434367,𒉺𒀠,CUNEIFORM SIGN SHABRA (𒉺 & 𒀠),,
o0002456,http://www.wikidata.org/entity/Q120279987,𒌋𒃶,CUNEIFORM SIGN SHAGAN (𒌋 & 𒃶),,
o0001344,http://www.wikidata.org/entity/Q123259464,𒄊×𒀴,CUNEIFORM SIGN SHAGINA (𒄊 × 𒀴),,
o0027651,http://www.wikidata.org/entity/Q122914966,𒊹×𒄩,CUNEIFORM SIGN SHAR2 TIMES HA (𒊹 × 𒄩),,
o0002728,http://www.wikidata.org/entity/Q121511631,𒊺𒋦,CUNEIFORM SIGN SHE & SUHUR (𒊺 & 𒋦),,
o0022909,http://www.wikidata.org/entity/Q124822191,𒊺@t,CUNEIFORM SIGN SHE TENU (𒊺@t),,
,http://www.wikidata.org/entity/Q123167543,𒊺×𒄯,CUNEIFORM SIGN SHE TIMES KIN2 (𒊺 × 𒄯),,
o0002724,http://www.wikidata.org/entity/Q123227594,𒊺×𒉇,CUNEIFORM SIGN SHE TIMES NAM2 (𒊺 × 𒉇),,
,http://www.wikidata.org/entity/Q123167563,𒂠@t,CUNEIFORM SIGN SHE3 TENU (𒂠@t),,
,http://www.wikidata.org/entity/Q123305666,𒊺𒈖,CUNEIFORM SIGN SHELU (𒊺 & 𒈖),,
o0027580,http://www.wikidata.org/entity/Q122915419,𒋁@g,CUNEIFORM SIGN SHESH2 GUNU (𒋁@g),,
o0002453,http://www.wikidata.org/entity/Q120278438,𒌋𒂘,CUNEIFORM SIGN SHIBIR (𒌋 & 𒂘),,
o0027582,http://www.wikidata.org/entity/Q122915053,𒋆@g,CUNEIFORM SIGN SHIM GUNU (𒋆@g),,
,http://www.wikidata.org/entity/Q122937138,𒋆@g×𒆵,CUNEIFORM SIGN SHIM GUNU TIMES KUSHU2 (𒋆@g × 𒆵),,
o0027655,http://www.wikidata.org/entity/Q122915045,𒋆@g×𒉿,CUNEIFORM SIGN SHIM GUNU TIMES PI (𒋆@g × 𒉿),,
o0002758,http://www.wikidata.org/entity/Q122915069,𒋆×𒉿,CUNEIFORM SIGN SHIM TIMES PI (𒋆 × 𒉿),,
,http://www.wikidata.org/entity/Q123259394,𒓮×𒉌,CUNEIFORM SIGN SHITA GUNU TIMES NI (𒓮 × 𒉌),,
o0002843,http://www.wikidata.org/entity/Q124822096,𒋖@t,CUNEIFORM SIGN SHITA TENU (𒋖@t),,
,http://www.wikidata.org/entity/Q123167638,𒋖×𒋗,CUNEIFORM SIGN SHITA TIMES SHU (𒋖 × 𒋗),,
,http://www.wikidata.org/entity/Q123287177,𒋖×ZATU659,CUNEIFORM SIGN SHITA TIMES ZATU 659 (𒋖 × ZATU 659),,
o0023027,http://www.wikidata.org/entity/Q120274725,𒋖𒄑,CUNEIFORM SIGN SHITA2 (𒋖 & 𒄑),,
o0027499,http://www.wikidata.org/entity/Q124822165,𒋗@s,CUNEIFORM SIGN SHU SHESHIG (𒋗@s),,
o0002847,http://www.wikidata.org/entity/Q124822179,𒋗@t,CUNEIFORM SIGN SHU TENU (𒋗@t),,
o0002820,http://www.wikidata.org/entity/Q120352006,𒋙𒌪,CUNEIFORM SIGN SHU2 & UR SHESHIG (𒋙 & 𒌪),,
,http://www.wikidata.org/entity/Q123259189,𒋙×𒂗,CUNEIFORM SIGN SHU2 TIMES EN (𒋙 × 𒂗),,
,http://www.wikidata.org/entity/Q123259169,𒋙×𒌓,CUNEIFORM SIGN SHU2 TIMES UD (𒋙 × 𒌓),,
o0000369,http://www.wikidata.org/entity/Q122936968,𒋙𒂍,CUNEIFORM SIGN SHU2.E2 (𒋙 & 𒂍),,
o0002775,http://www.wikidata.org/entity/Q123250686,𒋗𒃸,CUNEIFORM SIGN SHUNIGIN (𒋗 & 𒃸),,
,http://www.wikidata.org/entity/Q123165897,𒋛×𒄞,CUNEIFORM SIGN SI TIMES GU4 (𒋛 × 𒄞),,
,http://www.wikidata.org/entity/Q123165921,𒋛×𒂠,CUNEIFORM SIGN SI TIMES SHE3 (𒋛 × 𒂠),,
,http://www.wikidata.org/entity/Q123165963,𒋠×𒌋,CUNEIFORM SIGN SIG2 TIMES U (𒋠 × 𒌋),,
o0001492,http://www.wikidata.org/entity/Q120302799,𒅆𒂟,CUNEIFORM SIGN SIG5 (𒅆 & 𒂟),,
o0001188,http://www.wikidata.org/entity/Q120271196,𒃰𒋺𒄑,CUNEIFORM SIGN SIG8 (𒃰 & 𒋺 & 𒄑),,
o0002360,http://www.wikidata.org/entity/Q125116676,𒋠×𒉣,CUNEIFORM SIGN SIK2 TIMES NUN (𒋠 × 𒉣),,
,http://www.wikidata.org/entity/Q123166608,𒋡×𒀀,CUNEIFORM SIGN SILA3 TIMES A (𒋡 × 𒀀),,
,http://www.wikidata.org/entity/Q123166613,𒋡×𒂁,CUNEIFORM SIGN SILA3 TIMES DUG (𒋡 × 𒂁),,
,http://www.wikidata.org/entity/Q123166670,𒋡×𒂵,CUNEIFORM SIGN SILA3 TIMES GA (𒋡 × 𒂵),,
,http://www.wikidata.org/entity/Q123166677,𒋡×𒃻,CUNEIFORM SIGN SILA3 TIMES GAR (𒋡 × 𒃻),,
,http://www.wikidata.org/entity/Q123166689,𒋡×𒂶,CUNEIFORM SIGN SILA3 TIMES GARA2 (𒋡 × 𒂶),,
,http://www.wikidata.org/entity/Q123166704,𒋡×𒉿,CUNEIFORM SIGN SILA3 TIMES GESHTU (𒋡 × 𒉿),,
,http://www.wikidata.org/entity/Q123166713,𒋡×𒄭,CUNEIFORM SIGN SILA3 TIMES HI (𒋡 × 𒄭),,
,http://www.wikidata.org/entity/Q123166726,𒋡×𒄭@g,CUNEIFORM SIGN SILA3 TIMES HI GUNU (𒋡 × 𒄭@g),,
,http://www.wikidata.org/entity/Q123166740,𒋡×𒅁,CUNEIFORM SIGN SILA3 TIMES IB (𒋡 × 𒅁),,
,http://www.wikidata.org/entity/Q123166797,𒋡×𒁉,CUNEIFORM SIGN SILA3 TIMES KASH (𒋡 × 𒁉),,
,http://www.wikidata.org/entity/Q123166807,𒋡×𒆳,CUNEIFORM SIGN SILA3 TIMES KUR (𒋡 × 𒆳),,
,http://www.wikidata.org/entity/Q123166812,𒋡×𒈦,CUNEIFORM SIGN SILA3 TIMES MASH (𒋡 × 𒈦),,
,http://www.wikidata.org/entity/Q123166855,𒋡×𒉀,CUNEIFORM SIGN SILA3 TIMES NAGA (𒋡 × 𒉀),,
,http://www.wikidata.org/entity/Q123166860,𒋡×𒉌,CUNEIFORM SIGN SILA3 TIMES NI (𒋡 × 𒉌),,
,http://www.wikidata.org/entity/Q123259937,𒋡×𒈠,CUNEIFORM SIGN SILA3 TIMES PESH3 (𒋡 × 𒈠),,
o0027489,http://www.wikidata.org/entity/Q123166900,𒋡×𒊺,CUNEIFORM SIGN SILA3 TIMES SHE (𒋡 × 𒊺),,
,http://www.wikidata.org/entity/Q123166918,𒋡×𒋗,CUNEIFORM SIGN SILA3 TIMES SHU (𒋡 × 𒋗),,
,http://www.wikidata.org/entity/Q123166925,𒋡×𒋙,CUNEIFORM SIGN SILA3 TIMES SHU2 (𒋡 × 𒋙),,
,http://www.wikidata.org/entity/Q123166896,𒋡×𒋧,CUNEIFORM SIGN SILA3 TIMES SUM (𒋡 × 𒋧),,
,http://www.wikidata.org/entity/Q123166938,𒋡×𒍚,CUNEIFORM SIGN SILA3 TIMES UD5 (𒋡 × 𒍚),,
,http://www.wikidata.org/entity/Q123289477,𒋡×ZATU687,CUNEIFORM SIGN SILA3 TIMES ZATU 687 (𒋡 × ZATU 687),,
o0002198,http://www.wikidata.org/entity/Q120275213,𒉺𒇻,CUNEIFORM SIGN SIPA (𒉺 & 𒇻),,
,http://www.wikidata.org/entity/Q123259685,𒋢×𒁹,CUNEIFORM SIGN SU TIMES DISH (𒋢 × 𒁹),,
o0002371,http://www.wikidata.org/entity/Q122936619,𒋢𒆳𒊒,CUNEIFORM SIGN SU.KUR.RU (𒋢 & 𒆳 & 𒊒),,
o0152702,http://www.wikidata.org/entity/Q124821685,𒋤@g,CUNEIFORM SIGN SUD GUNU (𒋤@g),,
,http://www.wikidata.org/entity/Q123160028,𒋥@g,CUNEIFORM SIGN SUD2 GUNU (𒋥@g),,
o0000538,http://www.wikidata.org/entity/Q124821713,𒋨@g,CUNEIFORM SIGN SUMASH GUNU (𒋨@g),,
o0002002,http://www.wikidata.org/entity/Q122587426,𒈣𒅊,CUNEIFORM SIGN SUR10 (𒈣 & 𒅊),,
o0002041,http://www.wikidata.org/entity/Q123304264,𒈹𒂞,CUNEIFORM SIGN SUSA (𒈹 & 𒂞),,
o0002817,http://www.wikidata.org/entity/Q120350764,𒋙𒉀,CUNEIFORM SIGN SZEG8 (𒋙 & 𒉀),,
o0002816,http://www.wikidata.org/entity/Q120351595,𒋙𒂈,CUNEIFORM SIGN SZUDUN (𒋙 & 𒂈),,
o0002406,http://www.wikidata.org/entity/Q125090085,𒋫×𒃻,CUNEIFORM SIGN TA TIMES GAR (𒋫 × 𒃻),,
o0002409,http://www.wikidata.org/entity/Q125116744,𒋫×𒊺,CUNEIFORM SIGN TA TIMES SHE (𒋫 × 𒊺),,
o0000545,http://www.wikidata.org/entity/Q124822244,𒋰@t,CUNEIFORM SIGN TAB TENU (𒋰@t),,
o0000552,http://www.wikidata.org/entity/Q124822221,𒋼@s,CUNEIFORM SIGN TE SHESHIG (𒋼@s),,
o0002414,http://www.wikidata.org/entity/Q122936835,𒋼𒈨,CUNEIFORM SIGN TE.ME (𒋼 & 𒈨),,
o0002798,http://www.wikidata.org/entity/Q123088120,𒋗𒉀,CUNEIFORM SIGN TU5 (𒋗 & 𒉀),,
,http://www.wikidata.org/entity/Q123167764,𒌆@g,CUNEIFORM SIGN TUG2 GUNU (𒌆@g),,
,http://www.wikidata.org/entity/Q123227852,𒌆@g×𒁁/𒁁,CUNEIFORM SIGN TUG2 GUNU TIMES BAD OVER BAD (𒌆@g × 𒁁 / 𒁁),,
,http://www.wikidata.org/entity/Q123227818,𒌆×𒁁/𒁁,CUNEIFORM SIGN TUG2 TIMES BAD OVER BAD (𒌆 × 𒁁 / 𒁁 ),,
o0002055,http://www.wikidata.org/entity/Q120352933,𒉄𒍞,CUNEIFORM SIGN TUGUL (𒉄 & 𒍞),,
o0002424,http://www.wikidata.org/entity/Q125116755,𒌇×𒌓,CUNEIFORM SIGN TUK TIMES UD (𒌇 × 𒌓),,
o0027193,http://www.wikidata.org/entity/Q125090329,𒌈×𒀀,CUNEIFORM SIGN TUM TIMES A (𒌈 × 𒀀),,
o0018549,http://www.wikidata.org/entity/Q125091065,𒌉×𒉣,CUNEIFORM SIGN TUR TIMES NUN (𒌉 × 𒉣),,
o0018550,http://www.wikidata.org/entity/Q125091179,𒌉×𒍣,CUNEIFORM SIGN TUR TIMES ZI (𒌉 × 𒍣),,
o0002125,http://www.wikidata.org/entity/Q121467709,𒉣𒇬,CUNEIFORM SIGN TUR3 (𒉣 & 𒇬),,
o0002448,http://www.wikidata.org/entity/Q120279699,𒌋𒁯,CUNEIFORM SIGN U.DAR (𒌋 & 𒁯),,
o0002457,http://www.wikidata.org/entity/Q121302193,𒌋𒂵,CUNEIFORM SIGN U.GA (𒌋 & 𒂵),,
o0002460,http://www.wikidata.org/entity/Q120279469,𒌋𒄥,CUNEIFORM SIGN U.GUR (𒌋 & 𒄥),,
o0002462,http://www.wikidata.org/entity/Q121302163,𒌋𒆤,CUNEIFORM SIGN U.KID (𒌋 & 𒆤),,
o0002477,http://www.wikidata.org/entity/Q122937009,𒌋𒊭,CUNEIFORM SIGN U.SHA (𒌋 & 𒊭),,
,http://www.wikidata.org/entity/Q120300483,𒌋𒐴,CUNEIFORM SIGN U.U-GUNU (𒌋 & 𒐴),,
o0027572,http://www.wikidata.org/entity/Q124822296,𒌑@t,CUNEIFORM SIGN U2 TENU (𒌑@t),,
o0001470,http://www.wikidata.org/entity/Q121507191,𒄷𒋛,CUNEIFORM SIGN U5 (𒄷 & 𒋛),,
o0001496,http://www.wikidata.org/entity/Q120302402,𒅆𒂍,CUNEIFORM SIGN U6 (𒅆 & 𒂍),,
,http://www.wikidata.org/entity/Q123167896,𒌓×𒁾,CUNEIFORM SIGN UD TIMES DUB (𒌓 × 𒁾),,
o0028061,http://www.wikidata.org/entity/Q125122664,𒌓×𒄑,CUNEIFORM SIGN UD TIMES GISH (𒌓 × 𒄑),,
,http://www.wikidata.org/entity/Q122947612,𒌓×𒉽,CUNEIFORM SIGN UD TIMES PAP (𒌓 × 𒉽),,
,http://www.wikidata.org/entity/Q123167940,𒌓×𒋙,CUNEIFORM SIGN UD TIMES SHU2 (𒌓 × 𒋙),,
o0221951,http://www.wikidata.org/entity/Q125122677,𒌓×𒌀,CUNEIFORM SIGN UD TIMES TIL (𒌓 × 𒌀),,
,http://www.wikidata.org/entity/Q122936763,𒌓𒅗𒀸,CUNEIFORM SIGN UD.KA.ASH (𒌓 & 𒅗 & 𒀸),,
o0002509,http://www.wikidata.org/entity/Q120275994,𒌓𒊩𒄸,CUNEIFORM SIGN UD.MUNUS.HUB2 (𒌓 & 𒊩 &  𒄸),,
,http://www.wikidata.org/entity/Q123089390,𒌓𒊭,CUNEIFORM SIGN UD.SHA (𒌓 & 𒊭),,
,http://www.wikidata.org/entity/Q123167958,𒌓×𒋻,CUNEIFORM SIGN UDU TIMES TAR (𒌓 × 𒋻),,
o0002464,http://www.wikidata.org/entity/Q120278114,𒌋𒈬,CUNEIFORM SIGN UDUN (𒌋 & 𒈬),,
,http://www.wikidata.org/entity/Q123258971,𒇻𒍑,CUNEIFORM SIGN UDUNITA (𒇻 & 𒍑),,
o0002461,http://www.wikidata.org/entity/Q120276734,𒌋𒅗,CUNEIFORM SIGN UGU (𒌋 & 𒅗),,
o0002524,http://www.wikidata.org/entity/Q121508999,𒌝𒈨,CUNEIFORM SIGN UM & ME (𒌝 & 𒈨),,
o0031986,http://www.wikidata.org/entity/Q125122821,𒌝×𒆰,CUNEIFORM SIGN UM TIMES KUL (𒌝 × 𒆰),,
o0002525,http://www.wikidata.org/entity/Q125122693,𒌢×𒇻,CUNEIFORM SIGN UMBIN TIMES LU (𒌢 × 𒇻),,
o0001375,http://www.wikidata.org/entity/Q123119365,𒄑𒆵,CUNEIFORM SIGN UMMA (𒄑 & 𒆵),,
o0028065,http://www.wikidata.org/entity/Q125122708,𒌣×𒀭,CUNEIFORM SIGN UMUM TIMES AN (𒌣 × 𒀭),,
o0002528,http://www.wikidata.org/entity/Q125122700,𒌣×𒄩,CUNEIFORM SIGN UMUM TIMES HA (𒌣 × 𒄩),,
,http://www.wikidata.org/entity/Q123167974,𒀕@s,CUNEIFORM SIGN UNUG SHESHIG (𒀕@s),,
,http://www.wikidata.org/entity/Q123287146,𒀕𒀀,CUNEIFORM SIGN UNUG.A (𒀕 & 𒀀),,
,http://www.wikidata.org/entity/Q123167988,𒌨@g,CUNEIFORM SIGN UR GUNU (𒌨@g),,
o0002581,http://www.wikidata.org/entity/Q125122844,𒌨×𒀀,CUNEIFORM SIGN UR TIMES A (𒌨 × 𒀀),,
o0002580,http://www.wikidata.org/entity/Q125122853,𒌨×𒀠,CUNEIFORM SIGN UR TIMES AL (𒌨 × 𒀠),,
o0221972,http://www.wikidata.org/entity/Q125122860,𒌨×𒁹,CUNEIFORM SIGN UR TIMES DISH (𒌨 × 𒁹),,
o0221874,http://www.wikidata.org/entity/Q125122868,𒌨×𒆜,CUNEIFORM SIGN UR TIMES KASKAL (𒌨 × 𒆜),,
o0002582,http://www.wikidata.org/entity/Q125123081,𒌨×𒈫,CUNEIFORM SIGN UR TIMES MIN (𒌨 × 𒈫),,
o0021445,http://www.wikidata.org/entity/Q125123084,𒌨×𒊕,CUNEIFORM SIGN UR TIMES SAG (𒌨 × 𒊕),,
o0023018,http://www.wikidata.org/entity/Q125123091,𒌨×𒋗,CUNEIFORM SIGN UR TIMES SHU (𒌨 × 𒋗),,
o0000586,http://www.wikidata.org/entity/Q124867523,𒌫@g,CUNEIFORM SIGN UR2 GUNU (𒌫@g),,
,http://www.wikidata.org/entity/Q123168008,𒌫×𒀸,CUNEIFORM SIGN UR2 TIMES ASH (𒌫 × 𒀸),,
,http://www.wikidata.org/entity/Q123168024,𒌫×𒋻,CUNEIFORM SIGN UR2 TIMES TAR (𒌫 × 𒋻),,
o0002736,http://www.wikidata.org/entity/Q123287123,𒋀𒀊,CUNEIFORM SIGN URI5 (𒋀 & 𒀊),,
,http://www.wikidata.org/entity/Q123227898,𒌷×𒀫,CUNEIFORM SIGN URU TIMES AMAR (𒌷 × 𒀫),,
o0028068,http://www.wikidata.org/entity/Q125123122,𒌷×𒄭,CUNEIFORM SIGN URU TIMES HI (𒌷 × 𒄭),,
,http://www.wikidata.org/entity/Q123227941,𒌷×𒌦,CUNEIFORM SIGN URU TIMES KALAM (𒌷 × 𒌦),,
o0028069,http://www.wikidata.org/entity/Q125123133,𒌷×𒈦,CUNEIFORM SIGN URU TIMES MASH (𒌷 × 𒈦),,
,http://www.wikidata.org/entity/Q123228020,𒌷×𒂇,CUNEIFORM SIGN URU TIMES NIMGIR (𒌷 × 𒂇),,
o0028070,http://www.wikidata.org/entity/Q125123145,𒌷×𒊩,CUNEIFORM SIGN URU TIMES SAL (𒌷 × 𒊩),,
o0018846,http://www.wikidata.org/entity/Q125123162,𒌷×𒋁,CUNEIFORM SIGN URU TIMES SHESH2 (𒌷 × 𒋁),,
o0021757,http://www.wikidata.org/entity/Q125123154,𒌷×𒌀,CUNEIFORM SIGN URU TIMES TIL (𒌷 × 𒌀),,
o0027647,http://www.wikidata.org/entity/Q122915157,𒌷×𒌑@t,CUNEIFORM SIGN URU TIMES U2 TENU (𒌷 × 𒌑@t),,
,http://www.wikidata.org/entity/Q123168060,𒍏@g,CUNEIFORM SIGN URUDA GUNU (𒍏@g),,
o0199005,http://www.wikidata.org/entity/Q125123166,𒍏×𒋗,CUNEIFORM SIGN URUDA TIMES SHU (𒍏 × 𒋗),,
,http://www.wikidata.org/entity/Q120275399,𒄝𒆕,CUNEIFORM SIGN USAN2.GAG (𒄝 &  𒆕),,
o0027493,http://www.wikidata.org/entity/Q123250303,𒍑×𒋻,CUNEIFORM SIGN USH TIMES TAR (𒍑 × 𒋻),,
o0001195,http://www.wikidata.org/entity/Q123286946,𒃲𒁔,CUNEIFORM SIGN USHUMGAL (𒃲 & 𒁔),,
o0002497,http://www.wikidata.org/entity/Q123034767,𒌓𒅗𒁇,CUNEIFORM SIGN ZABAR (𒌓 & 𒅗 & 𒁇),,
,http://www.wikidata.org/entity/Q123250254,ZATU619,CUNEIFORM SIGN ZATU 619,,
,http://www.wikidata.org/entity/Q123250247,ZATU620,CUNEIFORM SIGN ZATU 620,,
,http://www.wikidata.org/entity/Q123250239,ZATU621,CUNEIFORM SIGN ZATU 621,,
,http://www.wikidata.org/entity/Q123250221,ZATU622,CUNEIFORM SIGN ZATU 622,,
,http://www.wikidata.org/entity/Q123250207,ZATU624,CUNEIFORM SIGN ZATU 624,,
,http://www.wikidata.org/entity/Q123250187,ZATU625,CUNEIFORM SIGN ZATU 625,,
,http://www.wikidata.org/entity/Q123250182,ZATU626,CUNEIFORM SIGN ZATU 626,,
,http://www.wikidata.org/entity/Q123250177,ZATU627,CUNEIFORM SIGN ZATU 627,,
,http://www.wikidata.org/entity/Q123250172,ZATU628,CUNEIFORM SIGN ZATU 628,,
,http://www.wikidata.org/entity/Q123250164,ZATU629,CUNEIFORM SIGN ZATU 629,,
,http://www.wikidata.org/entity/Q123250158,ZATU630,CUNEIFORM SIGN ZATU 630,,
,http://www.wikidata.org/entity/Q123250152,ZATU631,CUNEIFORM SIGN ZATU 631,,
,http://www.wikidata.org/entity/Q123250147,ZATU632,CUNEIFORM SIGN ZATU 632,,
,http://www.wikidata.org/entity/Q123250141,ZATU633,CUNEIFORM SIGN ZATU 633,,
,http://www.wikidata.org/entity/Q123250133,ZATU634,CUNEIFORM SIGN ZATU 634,,
,http://www.wikidata.org/entity/Q123250131,ZATU635,CUNEIFORM SIGN ZATU 635,,
,http://www.wikidata.org/entity/Q123250031,ZATU636,CUNEIFORM SIGN ZATU 636,,
,http://www.wikidata.org/entity/Q123250024,ZATU637,CUNEIFORM SIGN ZATU 637,,
,http://www.wikidata.org/entity/Q123250016,ZATU638,CUNEIFORM SIGN ZATU 638,,
,http://www.wikidata.org/entity/Q123250009,ZATU639,CUNEIFORM SIGN ZATU 639,,
,http://www.wikidata.org/entity/Q123250001,ZATU640,CUNEIFORM SIGN ZATU 640,,
,http://www.wikidata.org/entity/Q123249994,ZATU641,CUNEIFORM SIGN ZATU 641,,
,http://www.wikidata.org/entity/Q123249853,ZATU642,CUNEIFORM SIGN ZATU 642,,
,http://www.wikidata.org/entity/Q123249846,ZATU643,CUNEIFORM SIGN ZATU 643,,
,http://www.wikidata.org/entity/Q123249840,ZATU645,CUNEIFORM SIGN ZATU 645,,
,http://www.wikidata.org/entity/Q123249834,ZATU646,CUNEIFORM SIGN ZATU 646,,
,http://www.wikidata.org/entity/Q123249828,ZATU647,CUNEIFORM SIGN ZATU 647,,
,http://www.wikidata.org/entity/Q123249820,ZATU648,CUNEIFORM SIGN ZATU 648,,
,http://www.wikidata.org/entity/Q123249749,ZATU649,CUNEIFORM SIGN ZATU 649,,
,http://www.wikidata.org/entity/Q123249757,ZATU650,CUNEIFORM SIGN ZATU 650,,
,http://www.wikidata.org/entity/Q123249676,ZATU651,CUNEIFORM SIGN ZATU 651,,
,http://www.wikidata.org/entity/Q123249498,ZATU651@g,CUNEIFORM SIGN ZATU 651 GUNU,,
,http://www.wikidata.org/entity/Q123249658,ZATU652,CUNEIFORM SIGN ZATU 652,,
,http://www.wikidata.org/entity/Q123249531,ZATU654,CUNEIFORM SIGN ZATU 654,,
,http://www.wikidata.org/entity/Q123249522,ZATU655,CUNEIFORM SIGN ZATU 655,,
,http://www.wikidata.org/entity/Q123249514,ZATU656,CUNEIFORM SIGN ZATU 656,,
,http://www.wikidata.org/entity/Q123249510,ZATU657,CUNEIFORM SIGN ZATU 657,,
,http://www.wikidata.org/entity/Q123249488,ZATU659,CUNEIFORM SIGN ZATU 659,,
,http://www.wikidata.org/entity/Q123249484,ZATU660,CUNEIFORM SIGN ZATU 660,,
,http://www.wikidata.org/entity/Q123249428,ZATU661,CUNEIFORM SIGN ZATU 661,,
,http://www.wikidata.org/entity/Q123249421,ZATU662,CUNEIFORM SIGN ZATU 662,,
,http://www.wikidata.org/entity/Q123249402,ZATU664,CUNEIFORM SIGN ZATU 664,,
,http://www.wikidata.org/entity/Q123249399,ZATU665,CUNEIFORM SIGN ZATU 665,,
,http://www.wikidata.org/entity/Q123249394,ZATU666,CUNEIFORM SIGN ZATU 666,,
,http://www.wikidata.org/entity/Q123249387,ZATU667,CUNEIFORM SIGN ZATU 667,,
,http://www.wikidata.org/entity/Q123249381,ZATU668,CUNEIFORM SIGN ZATU 668,,
,http://www.wikidata.org/entity/Q123249351,ZATU669,CUNEIFORM SIGN ZATU 669,,
,http://www.wikidata.org/entity/Q123249345,ZATU670,CUNEIFORM SIGN ZATU 670,,
,http://www.wikidata.org/entity/Q123249339,ZATU672,CUNEIFORM SIGN ZATU 672,,
,http://www.wikidata.org/entity/Q123249333,ZATU673,CUNEIFORM SIGN ZATU 673,,
,http://www.wikidata.org/entity/Q123249328,ZATU674,CUNEIFORM SIGN ZATU 674,,
,http://www.wikidata.org/entity/Q123249320,ZATU675,CUNEIFORM SIGN ZATU 675,,
,http://www.wikidata.org/entity/Q123249316,ZATU676,CUNEIFORM SIGN ZATU 676,,
,http://www.wikidata.org/entity/Q123249310,ZATU677,CUNEIFORM SIGN ZATU 677,,
,http://www.wikidata.org/entity/Q123249300,ZATU678,CUNEIFORM SIGN ZATU 678,,
,http://www.wikidata.org/entity/Q123249294,ZATU679,CUNEIFORM SIGN ZATU 679,,
,http://www.wikidata.org/entity/Q123249286,ZATU680,CUNEIFORM SIGN ZATU 680,,
,http://www.wikidata.org/entity/Q123249280,ZATU681,CUNEIFORM SIGN ZATU 681,,
,http://www.wikidata.org/entity/Q123249273,ZATU682,CUNEIFORM SIGN ZATU 682,,
,http://www.wikidata.org/entity/Q123249266,ZATU683,CUNEIFORM SIGN ZATU 683,,
,http://www.wikidata.org/entity/Q123249261,ZATU684,CUNEIFORM SIGN ZATU 684,,
,http://www.wikidata.org/entity/Q123249248,ZATU685,CUNEIFORM SIGN ZATU 685,,
,http://www.wikidata.org/entity/Q123249231,ZATU687,CUNEIFORM SIGN ZATU 687,,
,http://www.wikidata.org/entity/Q123249204,ZATU688,CUNEIFORM SIGN ZATU 688,,
,http://www.wikidata.org/entity/Q123249164,ZATU689,CUNEIFORM SIGN ZATU 689,,
,http://www.wikidata.org/entity/Q123249135,ZATU690,CUNEIFORM SIGN ZATU 690,,
,http://www.wikidata.org/entity/Q123249126,ZATU691,CUNEIFORM SIGN ZATU 691,,
,http://www.wikidata.org/entity/Q123249119,ZATU692,CUNEIFORM SIGN ZATU 692,,
,http://www.wikidata.org/entity/Q123249109,ZATU693,CUNEIFORM SIGN ZATU 693,,
,http://www.wikidata.org/entity/Q123249093,ZATU694,CUNEIFORM SIGN ZATU 694,,
,http://www.wikidata.org/entity/Q123249036,ZATU695,CUNEIFORM SIGN ZATU 695,,
,http://www.wikidata.org/entity/Q123249007,ZATU696,CUNEIFORM SIGN ZATU 696,,
,http://www.wikidata.org/entity/Q123248983,ZATU697,CUNEIFORM SIGN ZATU 697,,
,http://www.wikidata.org/entity/Q123248930,ZATU698,CUNEIFORM SIGN ZATU 698,,
,http://www.wikidata.org/entity/Q123248912,ZATU699,CUNEIFORM SIGN ZATU 699,,
,http://www.wikidata.org/entity/Q123248899,ZATU700,CUNEIFORM SIGN ZATU 700,,
,http://www.wikidata.org/entity/Q123248851,ZATU701,CUNEIFORM SIGN ZATU 701,,
,http://www.wikidata.org/entity/Q123248836,ZATU702,CUNEIFORM SIGN ZATU 702,,
,http://www.wikidata.org/entity/Q123248825,ZATU703,CUNEIFORM SIGN ZATU 703,,
,http://www.wikidata.org/entity/Q123248793,ZATU704,CUNEIFORM SIGN ZATU 704,,
,http://www.wikidata.org/entity/Q123248786,ZATU705,CUNEIFORM SIGN ZATU 705,,
,http://www.wikidata.org/entity/Q123248778,ZATU706,CUNEIFORM SIGN ZATU 706,,
,http://www.wikidata.org/entity/Q123248748,ZATU707,CUNEIFORM SIGN ZATU 707,,
,http://www.wikidata.org/entity/Q123248728,ZATU708,CUNEIFORM SIGN ZATU 708,,
,http://www.wikidata.org/entity/Q123248723,ZATU709,CUNEIFORM SIGN ZATU 709,,
,http://www.wikidata.org/entity/Q123248715,ZATU710,CUNEIFORM SIGN ZATU 710,,
,http://www.wikidata.org/entity/Q123248704,ZATU711,CUNEIFORM SIGN ZATU 711,,
,http://www.wikidata.org/entity/Q123248693,ZATU712,CUNEIFORM SIGN ZATU 712,,
,http://www.wikidata.org/entity/Q123248650,ZATU713,CUNEIFORM SIGN ZATU 713,,
,http://www.wikidata.org/entity/Q123248644,ZATU714,CUNEIFORM SIGN ZATU 714,,
,http://www.wikidata.org/entity/Q123248633,ZATU715,CUNEIFORM SIGN ZATU 715,,
,http://www.wikidata.org/entity/Q123248583,ZATU716,CUNEIFORM SIGN ZATU 716,,
,http://www.wikidata.org/entity/Q123248575,ZATU717,CUNEIFORM SIGN ZATU 717,,
,http://www.wikidata.org/entity/Q123248528,ZATU718,CUNEIFORM SIGN ZATU 718,,
,http://www.wikidata.org/entity/Q123248521,ZATU719,CUNEIFORM SIGN ZATU 719,,
,http://www.wikidata.org/entity/Q123248506,ZATU720,CUNEIFORM SIGN ZATU 720,,
,http://www.wikidata.org/entity/Q123248463,ZATU721,CUNEIFORM SIGN ZATU 721,,
,http://www.wikidata.org/entity/Q123248450,ZATU722,CUNEIFORM SIGN ZATU 722,,
,http://www.wikidata.org/entity/Q123248442,ZATU723,CUNEIFORM SIGN ZATU 723,,
,http://www.wikidata.org/entity/Q123248107,ZATU724,CUNEIFORM SIGN ZATU 724,,
,http://www.wikidata.org/entity/Q123248084,ZATU726,CUNEIFORM SIGN ZATU 726,,
,http://www.wikidata.org/entity/Q123248059,ZATU727,CUNEIFORM SIGN ZATU 727,,
,http://www.wikidata.org/entity/Q123248053,ZATU728,CUNEIFORM SIGN ZATU 728,,
,http://www.wikidata.org/entity/Q123248005,ZATU730,CUNEIFORM SIGN ZATU 730,,
,http://www.wikidata.org/entity/Q123247998,ZATU731,CUNEIFORM SIGN ZATU 731,,
,http://www.wikidata.org/entity/Q123247992,ZATU732,CUNEIFORM SIGN ZATU 732,,
,http://www.wikidata.org/entity/Q123247984,ZATU733,CUNEIFORM SIGN ZATU 733,,
,http://www.wikidata.org/entity/Q123247973,ZATU734,CUNEIFORM SIGN ZATU 734,,
,http://www.wikidata.org/entity/Q123247957,ZATU735,CUNEIFORM SIGN ZATU 735,,
,http://www.wikidata.org/entity/Q123247865,ZATU736,CUNEIFORM SIGN ZATU 736,,
,http://www.wikidata.org/entity/Q123247816,ZATU737,CUNEIFORM SIGN ZATU 737,,
,http://www.wikidata.org/entity/Q123247792,ZATU738,CUNEIFORM SIGN ZATU 738,,
,http://www.wikidata.org/entity/Q123247780,ZATU740,CUNEIFORM SIGN ZATU 740,,
,http://www.wikidata.org/entity/Q123247681,ZATU742,CUNEIFORM SIGN ZATU 742,,
,http://www.wikidata.org/entity/Q123247669,ZATU744,CUNEIFORM SIGN ZATU 744,,
,http://www.wikidata.org/entity/Q123244120,ZATU745,CUNEIFORM SIGN ZATU 745,,
,http://www.wikidata.org/entity/Q123244107,ZATU746,CUNEIFORM SIGN ZATU 746,,
,http://www.wikidata.org/entity/Q123244032,ZATU748,CUNEIFORM SIGN ZATU 748,,
,http://www.wikidata.org/entity/Q123244025,ZATU749,CUNEIFORM SIGN ZATU 749,,
,http://www.wikidata.org/entity/Q123240736,ZATU750,CUNEIFORM SIGN ZATU 750,,
,http://www.wikidata.org/entity/Q123240721,ZATU751,CUNEIFORM SIGN ZATU 751,,
,http://www.wikidata.org/entity/Q123240716,ZATU752,CUNEIFORM SIGN ZATU 752,,
,http://www.wikidata.org/entity/Q123240698,ZATU754,CUNEIFORM SIGN ZATU 754,,
,http://www.wikidata.org/entity/Q123240684,ZATU755,CUNEIFORM SIGN ZATU 755,,
,http://www.wikidata.org/entity/Q123240671,ZATU756,CUNEIFORM SIGN ZATU 756,,
,http://www.wikidata.org/entity/Q123240663,ZATU757,CUNEIFORM SIGN ZATU 757,,
,http://www.wikidata.org/entity/Q123240651,ZATU758,CUNEIFORM SIGN ZATU 758,,
,http://www.wikidata.org/entity/Q123240642,ZATU759,CUNEIFORM SIGN ZATU 759,,
,http://www.wikidata.org/entity/Q123240639,ZATU760,CUNEIFORM SIGN ZATU 760,,
,http://www.wikidata.org/entity/Q123240568,ZATU761,CUNEIFORM SIGN ZATU 761,,
,http://www.wikidata.org/entity/Q123240526,ZATU762,CUNEIFORM SIGN ZATU 762,,
,http://www.wikidata.org/entity/Q123240466,ZATU763,CUNEIFORM SIGN ZATU 763,,
,http://www.wikidata.org/entity/Q123240462,ZATU764,CUNEIFORM SIGN ZATU 764,,
,http://www.wikidata.org/entity/Q123240401,ZATU765,CUNEIFORM SIGN ZATU 765,,
,http://www.wikidata.org/entity/Q123240382,ZATU766,CUNEIFORM SIGN ZATU 766,,
,http://www.wikidata.org/entity/Q123240378,ZATU767,CUNEIFORM SIGN ZATU 767,,
,http://www.wikidata.org/entity/Q123240362,ZATU768,CUNEIFORM SIGN ZATU 768,,
,http://www.wikidata.org/entity/Q123240352,ZATU769,CUNEIFORM SIGN ZATU 769,,
,http://www.wikidata.org/entity/Q123239815,ZATU770,CUNEIFORM SIGN ZATU 770,,
,http://www.wikidata.org/entity/Q123239806,ZATU771,CUNEIFORM SIGN ZATU 771,,
o0002661,http://www.wikidata.org/entity/Q120268631,𒍤𒀀,CUNEIFORM SIGN ZI OVER ZI & A (𒍤 & 𒀀),,
o0002663,http://www.wikidata.org/entity/Q120268108,𒍤𒂠,CUNEIFORM SIGN ZI OVER ZI & ESH2 (𒍤 & 𒂠),,
o0001582,http://www.wikidata.org/entity/Q120274525,𒆜𒐋,CUNEIFORM SIGN ZIKURA (𒆜 & 𒐋),,
o0002674,http://www.wikidata.org/entity/Q122924547,𒍪𒀊,CUNEIFORM SIGN ZU.AB (𒍪 & 𒀊),,
o0221953,http://www.wikidata.org/entity/Q125116922,𒍮×𒆜,CUNEIFORM SIGN ZUM TIMES KASKAL (𒍮 × 𒆜),,
o0002678,http://www.wikidata.org/entity/Q125116911,𒍮×𒆸,CUNEIFORM SIGN ZUM TIMES LAGAB (𒍮 × 𒆸),,
o0000393,http://www.wikidata.org/entity/Q125116901,𒍮×𒌆,CUNEIFORM SIGN ZUM TIMES TUG2 (𒍮 × 𒌆),,
o0000087,http://www.wikidata.org/entity/Q87554995,𒀀,𒀀,T,
o0000845,http://www.wikidata.org/entity/Q87554997,𒀁,𒀁,T,
o0000846,http://www.wikidata.org/entity/Q87554999,𒀂,𒀂,T,
o0000847,http://www.wikidata.org/entity/Q87555001,𒀃,𒀃,,
o0000848,http://www.wikidata.org/entity/Q87555003,𒀄,𒀄,,
o0000849,http://www.wikidata.org/entity/Q87555005,𒀅,𒀅,,
o0000850,http://www.wikidata.org/entity/Q87555007,𒀆,𒀆,,
o0000851,http://www.wikidata.org/entity/Q87555010,𒀇,𒀇,,
o0000852,http://www.wikidata.org/entity/Q87555012,𒀈,𒀈,,
o0000112,http://www.wikidata.org/entity/Q20639233,𒀉,𒀉,,
o0000088,http://www.wikidata.org/entity/Q87555015,𒀊,𒀊,,
o0000745,http://www.wikidata.org/entity/Q87555017,𒀋,𒀋,,
o0000746,http://www.wikidata.org/entity/Q87555019,𒀌,𒀌,,
o0000747,http://www.wikidata.org/entity/Q87555021,𒀍,𒀍,,
o0000748,http://www.wikidata.org/entity/Q87555022,𒀎,𒀎,,
o0000749,http://www.wikidata.org/entity/Q87555024,𒀏,𒀏,,
o0000750,http://www.wikidata.org/entity/Q87555026,𒀐,𒀐,,
o0000751,http://www.wikidata.org/entity/Q87555028,𒀑,𒀑,,
o0000752,http://www.wikidata.org/entity/Q87555029,𒀒,𒀒,,
o0000755,http://www.wikidata.org/entity/Q87555034,𒀓,𒀓,,
o0000743,http://www.wikidata.org/entity/Q87555035,𒀔,𒀔,,
o0000089,http://www.wikidata.org/entity/Q87555037,𒀕,𒀕,,
o0000090,http://www.wikidata.org/entity/Q87555039,𒀖,𒀖,,
o0000765,http://www.wikidata.org/entity/Q87555041,𒀗,𒀗,,
o0000767,http://www.wikidata.org/entity/Q87555043,𒀘,𒀘,,
o0000764,http://www.wikidata.org/entity/Q87555045,𒀙,𒀙,,
o0000771,http://www.wikidata.org/entity/Q87555047,𒀚,𒀚,,
o0000770,http://www.wikidata.org/entity/Q87555050,𒀛,𒀛,,
o0000092,http://www.wikidata.org/entity/Q87555052,𒀜,𒀜,,
o0000093,http://www.wikidata.org/entity/Q87555054,𒀝,𒀝,,
o0000777,http://www.wikidata.org/entity/Q87555057,𒀞,𒀞,,
o0000777,http://www.wikidata.org/entity/Q87555059,𒀟,𒀟,,
o0000094,http://www.wikidata.org/entity/Q87555061,𒀠,𒀠,,
o0000782,http://www.wikidata.org/entity/Q87555064,𒀡,𒀡,,
o0000783,http://www.wikidata.org/entity/Q87555066,𒀢,𒀢,,
o0000784,http://www.wikidata.org/entity/Q87555068,𒀣,𒀣,,
o0000785,http://www.wikidata.org/entity/Q87555070,𒀤,𒀤,,
o0000786,http://www.wikidata.org/entity/Q87555072,𒀥,𒀥,,
o0000787,http://www.wikidata.org/entity/Q87555074,𒀦,𒀦,,
o0000790,http://www.wikidata.org/entity/Q87555076,𒀧,𒀧,,
o0000789,http://www.wikidata.org/entity/Q87555078,𒀨,𒀨,,
o0000095,http://www.wikidata.org/entity/Q87555079,𒀩,𒀩,,
o0000096,http://www.wikidata.org/entity/Q87555081,𒀪,𒀪,,
o0000097,http://www.wikidata.org/entity/Q87555083,𒀫,𒀫,,
o0000795,http://www.wikidata.org/entity/Q87555086,𒀬,𒀬,,
o0000099,http://www.wikidata.org/entity/Q87555087,𒀭,𒀭,,
o0000796,http://www.wikidata.org/entity/Q87555089,𒀮,𒀮,,
o0000642,http://www.wikidata.org/entity/Q87555091,𒀯,𒀯,,
o0000620,http://www.wikidata.org/entity/Q87555094,𒀰,𒀰,,
o0000643,http://www.wikidata.org/entity/Q87555096,𒀱,𒀱,,
o0000101,http://www.wikidata.org/entity/Q87555099,𒀲,𒀲,,
o0000102,http://www.wikidata.org/entity/Q87555101,𒀳,𒀳,,
o0000103,http://www.wikidata.org/entity/Q87555102,𒀴,𒀴,,
o0000843,http://www.wikidata.org/entity/Q87555104,𒀵,𒀵,,
o0000104,http://www.wikidata.org/entity/Q87555106,𒀶,𒀶,,
o0028284,http://www.wikidata.org/entity/Q87555108,𒀷,𒀷,,
o0000104,http://www.wikidata.org/entity/Q87555110,𒀸,𒀸,T,
o0000108,http://www.wikidata.org/entity/Q87555112,𒀹,𒀹,,
o0000107,http://www.wikidata.org/entity/Q87555113,𒀺,𒀺,,
o0000860,http://www.wikidata.org/entity/Q87555116,𒀻,𒀻,,
o0000859,http://www.wikidata.org/entity/Q87555117,𒀼,𒀼,,
o0000853,http://www.wikidata.org/entity/Q87555120,𒀽,𒀽,,
o0000110,http://www.wikidata.org/entity/Q87555122,𒀾,𒀾,,
o0000109,http://www.wikidata.org/entity/Q87555124,𒀿,𒀿,,
o0000113,http://www.wikidata.org/entity/Q87555126,𒁀,𒁀,,
o0000114,http://www.wikidata.org/entity/Q87555128,𒁁,𒁁,T,
o0000116,http://www.wikidata.org/entity/Q87555131,𒁂,𒁂,,
o0000117,http://www.wikidata.org/entity/Q87555133,𒁃,𒁃,,
o0000118,http://www.wikidata.org/entity/Q87555136,𒁄,𒁄,,
o0000901,http://www.wikidata.org/entity/Q87555138,𒁅,𒁅,,
o0000119,http://www.wikidata.org/entity/Q87555140,𒁆,𒁆,,
o0000120,http://www.wikidata.org/entity/Q87555142,𒁇,𒁇,,
o0000121,http://www.wikidata.org/entity/Q87555144,𒁈,𒁈,,
o0000122,http://www.wikidata.org/entity/Q87555146,𒁉,𒁉,,
o0000926,http://www.wikidata.org/entity/Q87555147,𒁊,𒁊,,
o0000927,http://www.wikidata.org/entity/Q87555149,𒁋,𒁋,,
o0000928,http://www.wikidata.org/entity/Q87555151,𒁌,𒁌,,
o0000124,http://www.wikidata.org/entity/Q87555153,𒁍,𒁍,,
o0000930,http://www.wikidata.org/entity/Q87555155,𒁎,𒁎,,
o0000931,http://www.wikidata.org/entity/Q87555157,𒁏,𒁏,,
o0000929,http://www.wikidata.org/entity/Q87555159,𒁐,𒁐,,
o0000128,http://www.wikidata.org/entity/Q87555160,𒁑,𒁑,,
o0000937,http://www.wikidata.org/entity/Q87555161,𒁒,𒁒,,
o0000129,http://www.wikidata.org/entity/Q87555162,𒁓,𒁓,,
o0000131,http://www.wikidata.org/entity/Q87555163,𒁔,𒁔,,
o0000132,http://www.wikidata.org/entity/Q87555170,𒁕,𒁕,,
o0000133,http://www.wikidata.org/entity/Q87555171,𒁖,𒁖,,
o0000943,http://www.wikidata.org/entity/Q87555173,𒁗,𒁗,,
o0000950,http://www.wikidata.org/entity/Q87555175,𒁘,𒁘,,
o0000951,http://www.wikidata.org/entity/Q87555178,𒁙,𒁙,,
o0000952,http://www.wikidata.org/entity/Q87555181,𒁚,𒁚,,
o0000953,http://www.wikidata.org/entity/Q87555182,𒁛,𒁛,,
o0000944,http://www.wikidata.org/entity/Q87555184,𒁜,𒁜,,
o0000955,http://www.wikidata.org/entity/Q87555186,𒁝,𒁝,,
o0000954,http://www.wikidata.org/entity/Q87555188,𒁞,𒁞,,
o0000956,http://www.wikidata.org/entity/Q87555189,𒁟,𒁟,,
o0000957,http://www.wikidata.org/entity/Q87555192,𒁠,𒁠,,
o0000958,http://www.wikidata.org/entity/Q87555194,𒁡,𒁡,,
o0000945,http://www.wikidata.org/entity/Q87555196,𒁢,𒁢,,
o0000959,http://www.wikidata.org/entity/Q87555198,𒁣,𒁣,,
o0000960,http://www.wikidata.org/entity/Q87555201,𒁤,𒁤,,
o0000962,http://www.wikidata.org/entity/Q87555202,𒁥,𒁥,,
o0000946,http://www.wikidata.org/entity/Q87555205,𒁦,𒁦,,
o0000961,http://www.wikidata.org/entity/Q87555208,𒁧,𒁧,,
o0000963,http://www.wikidata.org/entity/Q87555210,𒁨,𒁨,,
o0000947,http://www.wikidata.org/entity/Q87555213,𒁩,𒁩,,
o0000964,http://www.wikidata.org/entity/Q87555214,𒁪,𒁪,,
o0000965,http://www.wikidata.org/entity/Q87555216,𒁫,𒁫,,
o0000948,http://www.wikidata.org/entity/Q87555218,𒁬,𒁬,,
o0000967,http://www.wikidata.org/entity/Q87555220,𒁭,𒁭,,
o0000134,http://www.wikidata.org/entity/Q87555221,𒁮,𒁮,,
o0000135,http://www.wikidata.org/entity/Q87555223,𒁯,𒁯,,
o0000136,http://www.wikidata.org/entity/Q87555225,𒁰,𒁰,,
o0000137,http://www.wikidata.org/entity/Q87555227,𒁱,𒁱,,
o0000139,http://www.wikidata.org/entity/Q87555229,𒁲,𒁲,,
o0000140,http://www.wikidata.org/entity/Q87555230,𒁳,𒁳,,
o0000141,http://www.wikidata.org/entity/Q87555232,𒁴,𒁴,,
o0000978,http://www.wikidata.org/entity/Q87555234,𒁵,𒁵,,
o0000143,http://www.wikidata.org/entity/Q87555236,𒁶,𒁶,,
o0000144,http://www.wikidata.org/entity/Q87555237,𒁷,𒁷,,
o0000981,http://www.wikidata.org/entity/Q87555239,𒁸,𒁸,,
o0000145,http://www.wikidata.org/entity/Q87555241,𒁹,𒁹,,
o0000149,http://www.wikidata.org/entity/Q87555243,𒁺,𒁺,,
o0000989,http://www.wikidata.org/entity/Q87555245,𒁻,𒁻,,
o0000150,http://www.wikidata.org/entity/Q87555246,𒁼,𒁼,,
o0000152,http://www.wikidata.org/entity/Q87555248,𒁽,𒁽,,
o0000153,http://www.wikidata.org/entity/Q87555250,𒁾,𒁾,,
o0000999,http://www.wikidata.org/entity/Q87555252,𒁿,𒁿,,
o0000154,http://www.wikidata.org/entity/Q87555253,𒂀,𒂀,,
o0000155,http://www.wikidata.org/entity/Q87555255,𒂁,𒂁,,
o0000156,http://www.wikidata.org/entity/Q87555257,𒂂,𒂂,,
o0000157,http://www.wikidata.org/entity/Q87555258,𒂃,𒂃,,
o0000158,http://www.wikidata.org/entity/Q87555260,𒂄,𒂄,,
o0000160,http://www.wikidata.org/entity/Q87555262,𒂅,𒂅,,
o0000161,http://www.wikidata.org/entity/Q87555264,𒂆,𒂆,,
o0000162,http://www.wikidata.org/entity/Q87555265,𒂇,𒂇,,
o0000164,http://www.wikidata.org/entity/Q87555267,𒂈,𒂈,,
o0000165,http://www.wikidata.org/entity/Q87555269,𒂉,𒂉,,
o0000166,http://www.wikidata.org/entity/Q87555271,𒂊,𒂊,,
o0001123,http://www.wikidata.org/entity/Q87555273,𒂋,𒂋,,
o0001040,http://www.wikidata.org/entity/Q87555274,𒂌,𒂌,,
o0000180,http://www.wikidata.org/entity/Q87555276,𒂍,𒂍,,
o0001154,http://www.wikidata.org/entity/Q87555278,𒂎,𒂎,,
o0001156,http://www.wikidata.org/entity/Q87555281,𒂏,𒂏,,
o0001158,http://www.wikidata.org/entity/Q87555282,𒂐,𒂐,,
o0001160,http://www.wikidata.org/entity/Q87555284,𒂑,𒂑,,
o0001162,http://www.wikidata.org/entity/Q87555286,𒂒,𒂒,,
o0001161,http://www.wikidata.org/entity/Q87555288,𒂓,𒂓,,
o0000167,http://www.wikidata.org/entity/Q87555289,𒂔,𒂔,,
o0000168,http://www.wikidata.org/entity/Q87555291,𒂕,𒂕,,
o0000170,http://www.wikidata.org/entity/Q87555293,𒂖,𒂖,,
o0000173,http://www.wikidata.org/entity/Q87555295,𒂗,𒂗,,
o0001079,http://www.wikidata.org/entity/Q87555296,𒂘,𒂘,,
o0001078,http://www.wikidata.org/entity/Q87555298,𒂙,𒂙,,
o0001083,http://www.wikidata.org/entity/Q87555300,𒂚,𒂚,,
o0001048,http://www.wikidata.org/entity/Q87555302,𒂛,𒂛,,
o0001077,http://www.wikidata.org/entity/Q87555305,𒂜,𒂜,,
o0000646,http://www.wikidata.org/entity/Q87555307,𒂝,𒂝,,
o0000174,http://www.wikidata.org/entity/Q87555308,𒂞,𒂞,,
o0000175,http://www.wikidata.org/entity/Q87555310,𒂟,𒂟,,
o0000178,http://www.wikidata.org/entity/Q87555313,𒂠,𒂠,,
o0000177,http://www.wikidata.org/entity/Q87555314,𒂡,𒂡,,
o0001102,http://www.wikidata.org/entity/Q87555316,𒂢,𒂢,,
o0001099,http://www.wikidata.org/entity/Q87555319,𒂣,𒂣,,
o0001100,http://www.wikidata.org/entity/Q87555321,𒂤,𒂤,,
o0001104,http://www.wikidata.org/entity/Q87555323,𒂥,𒂥,,
o0001104,http://www.wikidata.org/entity/Q87555324,𒂦,𒂦,,
o0001106,http://www.wikidata.org/entity/Q87555326,𒂧,𒂧,,
o0001105,http://www.wikidata.org/entity/Q87555329,𒂨,𒂨,,
o0001109,http://www.wikidata.org/entity/Q87555331,𒂩,𒂩,,
o0001110,http://www.wikidata.org/entity/Q87555334,𒂫,𒂫,,
o0001111,http://www.wikidata.org/entity/Q87555336,𒂬,𒂬,,
o0000644,http://www.wikidata.org/entity/Q87555338,𒂭,𒂭,,
o0001112,http://www.wikidata.org/entity/Q87555340,𒂮,𒂮,,
o0001114,http://www.wikidata.org/entity/Q87555342,𒂯,𒂯,,
o0001113,http://www.wikidata.org/entity/Q87555344,𒂰,𒂰,,
o0001115,http://www.wikidata.org/entity/Q87555345,𒂱,𒂱,,
o0001116,http://www.wikidata.org/entity/Q87555347,𒂲,𒂲,,
o0001119,http://www.wikidata.org/entity/Q87555348,𒂳,𒂳,,
o0001118,http://www.wikidata.org/entity/Q87555350,𒂴,𒂴,,
o0000187,http://www.wikidata.org/entity/Q87555352,𒂵,𒂵,,
o0000188,http://www.wikidata.org/entity/Q87555354,𒂶,𒂶,,
o0000206,http://www.wikidata.org/entity/Q87555355,𒂷,𒂷,,
o0001246,http://www.wikidata.org/entity/Q87555357,𒂸,𒂸,,
o0001246,http://www.wikidata.org/entity/Q87555359,𒂹,𒂹,,
o0001249,http://www.wikidata.org/entity/Q87555360,𒂺,𒂺,,
o0001286,http://www.wikidata.org/entity/Q87555364,𒂼,𒂼,,
o0001287,http://www.wikidata.org/entity/Q87555365,𒂽,𒂽,,
o0001251,http://www.wikidata.org/entity/Q87555367,𒂾,𒂾,,
o0001288,http://www.wikidata.org/entity/Q87555370,𒂿,𒂿,,
o0001252,http://www.wikidata.org/entity/Q87555371,𒃀,𒃀,,
o0001291,http://www.wikidata.org/entity/Q87555374,𒃁,𒃁,,
o0001253,http://www.wikidata.org/entity/Q87555377,𒃂,𒃂,,
o0001292,http://www.wikidata.org/entity/Q87555379,𒃃,𒃃,,
o0001295,http://www.wikidata.org/entity/Q87555380,𒃄,𒃄,,
o0001294,http://www.wikidata.org/entity/Q87555382,𒃅,𒃅,,
o0001296,http://www.wikidata.org/entity/Q87555385,𒃆,𒃆,,
o0001297,http://www.wikidata.org/entity/Q87555386,𒃇,𒃇,,
o0001256,http://www.wikidata.org/entity/Q87555388,𒃈,𒃈,,
o0001299,http://www.wikidata.org/entity/Q87555390,𒃉,𒃉,,
o0001300,http://www.wikidata.org/entity/Q87555393,𒃊,𒃊,,
o0001302,http://www.wikidata.org/entity/Q87555395,𒃋,𒃋,,
o0001303,http://www.wikidata.org/entity/Q87555397,𒃌,𒃌,,
o0001305,http://www.wikidata.org/entity/Q87555399,𒃍,𒃍,,
o0001306,http://www.wikidata.org/entity/Q87555401,𒃎,𒃎,,
o0001261,http://www.wikidata.org/entity/Q87555403,𒃏,𒃏,,
o0001260,http://www.wikidata.org/entity/Q87555404,𒃐,𒃐,,
o0001263,http://www.wikidata.org/entity/Q87555406,𒃑,𒃑,,
o0001307,http://www.wikidata.org/entity/Q87555408,𒃒,𒃒,,
o0001264,http://www.wikidata.org/entity/Q87555410,𒃓,𒃓,,
o0001265,http://www.wikidata.org/entity/Q87555412,𒃔,𒃔,,
o0001308,http://www.wikidata.org/entity/Q87555414,𒃕,𒃕,,
o0001309,http://www.wikidata.org/entity/Q87555415,𒃖,𒃖,,
o0001266,http://www.wikidata.org/entity/Q87555417,𒃗,𒃗,,
o0001310,http://www.wikidata.org/entity/Q87555419,𒃘,𒃘,,
o0001311,http://www.wikidata.org/entity/Q87555422,𒃙,𒃙,,
o0001312,http://www.wikidata.org/entity/Q87555423,𒃚,𒃚,,
o0001267,http://www.wikidata.org/entity/Q87555425,𒃛,𒃛,,
o0001269,http://www.wikidata.org/entity/Q87555427,𒃜,𒃜,,
o0001314,http://www.wikidata.org/entity/Q87555428,𒃝,𒃝,,
o0001271,http://www.wikidata.org/entity/Q87555430,𒃞,𒃞,,
o0001316,http://www.wikidata.org/entity/Q87555432,𒃟,𒃟,,
o0001320,http://www.wikidata.org/entity/Q87555433,𒃠,𒃠,,
o0001319,http://www.wikidata.org/entity/Q87555435,𒃡,𒃡,,
o0001321,http://www.wikidata.org/entity/Q87555437,𒃢,𒃢,,
o0001322,http://www.wikidata.org/entity/Q87555439,𒃣,𒃣,,
o0001323,http://www.wikidata.org/entity/Q87555441,𒃤,𒃤,,
o0001330,http://www.wikidata.org/entity/Q87555442,𒃥,𒃥,,
o0001276,http://www.wikidata.org/entity/Q87555444,𒃦,𒃦,,
o0001331,http://www.wikidata.org/entity/Q87555446,𒃧,𒃧,,
o0001324,http://www.wikidata.org/entity/Q87555447,𒃨,𒃨,,
o0001325,http://www.wikidata.org/entity/Q87555450,𒃩,𒃩,,
o0001327,http://www.wikidata.org/entity/Q87555452,𒃪,𒃪,,
o0001326,http://www.wikidata.org/entity/Q87555454,𒃫,𒃫,,
o0001275,http://www.wikidata.org/entity/Q87555456,𒃬,𒃬,,
o0001244,http://www.wikidata.org/entity/Q87555458,𒃭,𒃭,,
o0000190,http://www.wikidata.org/entity/Q87555460,𒃮,𒃮,,
o0001181,http://www.wikidata.org/entity/Q87555462,𒃯,𒃯,,
o0000193,http://www.wikidata.org/entity/Q87555464,𒃰,𒃰,,
o0001183,http://www.wikidata.org/entity/Q87555465,𒃱,𒃱,,
o0000194,http://www.wikidata.org/entity/Q87555467,𒃲,𒃲,,
o0001201,http://www.wikidata.org/entity/Q87555470,𒃳,𒃳,,
o0000195,http://www.wikidata.org/entity/Q87555472,𒃴,𒃴,,
o0000196,http://www.wikidata.org/entity/Q87555473,𒃵,𒃵,,
o0000197,http://www.wikidata.org/entity/Q87555475,𒃶,𒃶,,
o0000199,http://www.wikidata.org/entity/Q87555477,𒃷,𒃷,,
o0000201,http://www.wikidata.org/entity/Q87555480,𒃸,𒃸,,
o0001217,http://www.wikidata.org/entity/Q87555481,𒃹,𒃹,,
o0001216,http://www.wikidata.org/entity/Q87555483,𒃺,𒃺,,
o0000202,http://www.wikidata.org/entity/Q87555485,𒃻,𒃻,,
o0000204,http://www.wikidata.org/entity/Q87555487,𒃼,𒃼,,
o0000205,http://www.wikidata.org/entity/Q87555489,𒃽,𒃽,,
o0000208,http://www.wikidata.org/entity/Q87555491,𒃾,𒃾,,
o0001333,http://www.wikidata.org/entity/Q87555493,𒃿,𒃿,,
o0000210,http://www.wikidata.org/entity/Q87555494,𒄀,𒄀,,
o0001358,http://www.wikidata.org/entity/Q87555496,𒄁,𒄁,,
o0001360,http://www.wikidata.org/entity/Q87555499,𒄂,𒄂,,
o0001335,http://www.wikidata.org/entity/Q87555501,𒄃,𒄃,,
o0000219,http://www.wikidata.org/entity/Q87555503,𒄄,𒄄,,
o0001409,http://www.wikidata.org/entity/Q87555504,𒄅,𒄅,,
o0001408,http://www.wikidata.org/entity/Q87555508,𒄆,𒄆,,
o0000211,http://www.wikidata.org/entity/Q87555510,𒄇,𒄇,,
o0000213,http://www.wikidata.org/entity/Q87555512,𒄈,𒄈,,
o0000214,http://www.wikidata.org/entity/Q87555514,𒄉,𒄉,,
o0000215,http://www.wikidata.org/entity/Q87555516,𒄊,𒄊,,
o0001349,http://www.wikidata.org/entity/Q87555518,𒄋,𒄋,,
o0001351,http://www.wikidata.org/entity/Q87555520,𒄌,𒄌,,
o0001352,http://www.wikidata.org/entity/Q87555522,𒄍,𒄍,,
o0001350,http://www.wikidata.org/entity/Q87555524,𒄎,𒄎,,
o0001353,http://www.wikidata.org/entity/Q87555526,𒄏,𒄏,,
o0000216,http://www.wikidata.org/entity/Q87555528,𒄐,𒄐,,
o0000217,http://www.wikidata.org/entity/Q87555530,𒄑,𒄑,,
o0001363,http://www.wikidata.org/entity/Q87555533,𒄒,𒄒,,
o0001406,http://www.wikidata.org/entity/Q87555535,𒄓,𒄓,,
o0001407,http://www.wikidata.org/entity/Q87555538,𒄔,𒄔,,
o0000218,http://www.wikidata.org/entity/Q87555540,𒄕,𒄕,,
o0000221,http://www.wikidata.org/entity/Q87555542,𒄖,𒄖,,
o0001412,http://www.wikidata.org/entity/Q87555544,𒄗,𒄗,,
o0000230,http://www.wikidata.org/entity/Q87555547,𒄘,𒄘,,
o0001431,http://www.wikidata.org/entity/Q87555549,𒄙,𒄙,,
o0001432,http://www.wikidata.org/entity/Q87555551,𒄚,𒄚,,
o0001433,http://www.wikidata.org/entity/Q87555552,𒄛,𒄛,,
o0001428,http://www.wikidata.org/entity/Q87555554,𒄜,𒄜,,
o0000231,http://www.wikidata.org/entity/Q87555556,𒄝,𒄝,,
o0000222,http://www.wikidata.org/entity/Q87555559,𒄞,𒄞,,
o0001419,http://www.wikidata.org/entity/Q87555560,𒄟,𒄟,,
o0001422,http://www.wikidata.org/entity/Q87555563,𒄠,𒄠,,
o0001414,http://www.wikidata.org/entity/Q87555565,𒄡,𒄡,,
o0000224,http://www.wikidata.org/entity/Q87555566,𒄢,𒄢,,
o0000225,http://www.wikidata.org/entity/Q87555568,𒄣,𒄣,,
o0001424,http://www.wikidata.org/entity/Q87555571,𒄤,𒄤,,
o0000226,http://www.wikidata.org/entity/Q87555573,𒄥,𒄥,,
o0000229,http://www.wikidata.org/entity/Q87555575,𒄦,𒄦,,
o0000227,http://www.wikidata.org/entity/Q87555577,𒄧,𒄧,,
o0000228,http://www.wikidata.org/entity/Q87555579,𒄨,𒄨,,
o0000232,http://www.wikidata.org/entity/Q16840671,𒄩,𒄩,,
o0000234,http://www.wikidata.org/entity/Q87555583,𒄪,𒄪,,
o0000233,http://www.wikidata.org/entity/Q87555585,𒄫,𒄫,,
o0000236,http://www.wikidata.org/entity/Q87555588,𒄬,𒄬,,
o0000237,http://www.wikidata.org/entity/Q87555589,𒄭,𒄭,,
o0001447,http://www.wikidata.org/entity/Q87555592,𒄮,𒄮,,
o0001452,http://www.wikidata.org/entity/Q87555594,𒄯,𒄯,,
o0001453,http://www.wikidata.org/entity/Q87555597,𒄰,𒄰,,
o0001454,http://www.wikidata.org/entity/Q87555599,𒄱,𒄱,,
o0001455,http://www.wikidata.org/entity/Q87555601,𒄲,𒄲,,
o0001456,http://www.wikidata.org/entity/Q87555602,𒄳,𒄳,,
o0001462,http://www.wikidata.org/entity/Q87555604,𒄴,𒄴,,
o0001464,http://www.wikidata.org/entity/Q87555606,𒄵,𒄵,,
o0028114,http://www.wikidata.org/entity/Q87555609,𒄶,𒄶,,
o0000239,http://www.wikidata.org/entity/Q87555612,𒄷,𒄷,,
o0000240,http://www.wikidata.org/entity/Q87555613,𒄸,𒄸,,
o0001473,http://www.wikidata.org/entity/Q87555616,𒄹,𒄹,,
o0001474,http://www.wikidata.org/entity/Q87555618,𒄺,𒄺,,
o0001475,http://www.wikidata.org/entity/Q87555620,𒄻,𒄻,,
o0001476,http://www.wikidata.org/entity/Q87555622,𒄼,𒄼,,
o0001477,http://www.wikidata.org/entity/Q87555624,𒄽,𒄽,,
o0000241,http://www.wikidata.org/entity/Q87555626,𒄾,𒄾,,
o0000242,http://www.wikidata.org/entity/Q87555628,𒄿,𒄿,,
o0001478,http://www.wikidata.org/entity/Q87555630,𒅀,𒅀,,
o0000244,http://www.wikidata.org/entity/Q87555632,𒅁,𒅁,,
o0000245,http://www.wikidata.org/entity/Q87555633,𒅂,𒅂,,
o0001482,http://www.wikidata.org/entity/Q87555636,𒅃,𒅃,,
o0000645,http://www.wikidata.org/entity/Q87555638,𒅄,𒅄,,
o0000246,http://www.wikidata.org/entity/Q87555640,𒅅,𒅅,,
o0000247,http://www.wikidata.org/entity/Q87555641,𒅆,𒅆,,
o0001487,http://www.wikidata.org/entity/Q87555643,𒅇,𒅇,,
o0001510,http://www.wikidata.org/entity/Q87555645,𒅈,𒅈,,
o0001483,http://www.wikidata.org/entity/Q87555648,𒅉,𒅉,,
o0000248,http://www.wikidata.org/entity/Q87555649,𒅊,𒅊,,
o0000249,http://www.wikidata.org/entity/Q87555651,𒅋,𒅋,,
o0001524,http://www.wikidata.org/entity/Q87555654,𒅌,𒅌,,
o0000252,http://www.wikidata.org/entity/Q87555655,𒅍,𒅍,,
o0000254,http://www.wikidata.org/entity/Q87555658,𒅎,𒅎,,
o0001549,http://www.wikidata.org/entity/Q87555660,𒅏,𒅏,,
o0001529,http://www.wikidata.org/entity/Q87555663,𒅐,𒅐,,
o0001548,http://www.wikidata.org/entity/Q87555664,𒅑,𒅑,,
o0000649,http://www.wikidata.org/entity/Q87555667,𒅒,𒅒,,
o0000255,http://www.wikidata.org/entity/Q87555669,𒅓,𒅓,,
o0000256,http://www.wikidata.org/entity/Q87555671,𒅔,𒅔,,
o0000257,http://www.wikidata.org/entity/Q87555672,𒅕,𒅕,,
o0000259,http://www.wikidata.org/entity/Q87555674,𒅖,𒅖,,
o0000260,http://www.wikidata.org/entity/Q16851276,𒅗,𒅗,,
o0001611,http://www.wikidata.org/entity/Q87555678,𒅘,𒅘,,
o0001610,http://www.wikidata.org/entity/Q87555679,𒅙,𒅙,,
o0001593,http://www.wikidata.org/entity/Q87555681,𒅚,𒅚,,
o0001612,http://www.wikidata.org/entity/Q87555683,𒅛,𒅛,,
o0001613,http://www.wikidata.org/entity/Q87555684,𒅜,𒅜,,
o0001614,http://www.wikidata.org/entity/Q87555686,𒅝,𒅝,,
o0002555,http://www.wikidata.org/entity/Q87555688,𒅞,𒅞,,
o0001616,http://www.wikidata.org/entity/Q87555690,𒅟,𒅟,,
o0000777,http://www.wikidata.org/entity/Q87555691,𒅠,𒅠,,
o0001622,http://www.wikidata.org/entity/Q87555693,𒅡,𒅡,,
o0001628,http://www.wikidata.org/entity/Q87555695,𒅢,𒅢,,
o0001624,http://www.wikidata.org/entity/Q87555697,𒅣,𒅣,,
o0001626,http://www.wikidata.org/entity/Q87555699,𒅤,𒅤,,
o0001627,http://www.wikidata.org/entity/Q87555700,𒅥,𒅥,,
o0001594,http://www.wikidata.org/entity/Q87555702,𒅦,𒅦,,
o0001631,http://www.wikidata.org/entity/Q87555704,𒅧,𒅧,,
o0001630,http://www.wikidata.org/entity/Q87555705,𒅨,𒅨,,
o0001595,http://www.wikidata.org/entity/Q87555709,𒅩,𒅩,,
o0001632,http://www.wikidata.org/entity/Q87555712,𒅪,𒅪,,
o0001635,http://www.wikidata.org/entity/Q87555714,𒅫,𒅫,,
o0001634,http://www.wikidata.org/entity/Q87555716,𒅬,𒅬,,
o0002566,http://www.wikidata.org/entity/Q87555718,𒅭,𒅭,,
o0001638,http://www.wikidata.org/entity/Q87555719,𒅮,𒅮,,
o0001639,http://www.wikidata.org/entity/Q87555722,𒅯,𒅯,,
o0001643,http://www.wikidata.org/entity/Q87555724,𒅰,𒅰,,
o0001641,http://www.wikidata.org/entity/Q87555727,𒅱,𒅱,,
o0001645,http://www.wikidata.org/entity/Q87555730,𒅲,𒅲,,
o0001647,http://www.wikidata.org/entity/Q87555732,𒅳,𒅳,,
o0001648,http://www.wikidata.org/entity/Q87555734,𒅴,𒅴,,
o0001598,http://www.wikidata.org/entity/Q87555736,𒅵,𒅵,,
o0001601,http://www.wikidata.org/entity/Q87555739,𒅶,𒅶,,
o0001603,http://www.wikidata.org/entity/Q87555741,𒅷,𒅷,,
o0002282,http://www.wikidata.org/entity/Q87555742,𒅸,𒅸,,
o0001604,http://www.wikidata.org/entity/Q87555744,𒅹,𒅹,,
o0001650,http://www.wikidata.org/entity/Q87555747,𒅺,𒅺,,
o0001651,http://www.wikidata.org/entity/Q87555749,𒅻,𒅻,,
o0001653,http://www.wikidata.org/entity/Q87555752,𒅼,𒅼,,
o0001654,http://www.wikidata.org/entity/Q87555754,𒅽,𒅽,,
o0001656,http://www.wikidata.org/entity/Q87555756,𒅾,𒅾,,
o0001655,http://www.wikidata.org/entity/Q87555757,𒅿,𒅿,,
o0001645,http://www.wikidata.org/entity/Q87555759,𒆀,𒆀,,
o0001674,http://www.wikidata.org/entity/Q87555761,𒆁,𒆁,,
o0001675,http://www.wikidata.org/entity/Q87555762,𒆂,𒆂,,
o0001676,http://www.wikidata.org/entity/Q87555763,𒆃,𒆃,,
o0001657,http://www.wikidata.org/entity/Q87555764,𒆄,𒆄,,
o0001658,http://www.wikidata.org/entity/Q87555766,𒆅,𒆅,,
o0001659,http://www.wikidata.org/entity/Q87555768,𒆆,𒆆,,
o0001666,http://www.wikidata.org/entity/Q87555770,𒆇,𒆇,,
o0001668,http://www.wikidata.org/entity/Q87555772,𒆈,𒆈,,
o0001662,http://www.wikidata.org/entity/Q87555774,𒆉,𒆉,,
o0001663,http://www.wikidata.org/entity/Q87555776,𒆊,𒆊,,
o0001667,http://www.wikidata.org/entity/Q87555777,𒆋,𒆋,,
o0001671,http://www.wikidata.org/entity/Q87555779,𒆌,𒆌,,
o0000277,http://www.wikidata.org/entity/Q87555781,𒆍,𒆍,,
o0001677,http://www.wikidata.org/entity/Q87555784,𒆎,𒆎,,
o0000263,http://www.wikidata.org/entity/Q87555785,𒆏,𒆏,,
o0000265,http://www.wikidata.org/entity/Q87555788,𒆐,𒆐,,
o0000266,http://www.wikidata.org/entity/Q87555790,𒆑,𒆑,,
o0000267,http://www.wikidata.org/entity/Q87555792,𒆒,𒆒,,
o0000319,http://www.wikidata.org/entity/Q87555793,𒆓,𒆓,,
o0000268,http://www.wikidata.org/entity/Q87555793,𒆓,𒆓,,
o0001571,http://www.wikidata.org/entity/Q87555795,𒆔,𒆔,,
o0000269,http://www.wikidata.org/entity/Q87555797,𒆕,𒆕,,
o0001575,http://www.wikidata.org/entity/Q87555799,𒆖,𒆖,,
o0000270,http://www.wikidata.org/entity/Q87555801,𒆗,𒆗,,
o0001578,http://www.wikidata.org/entity/Q87555802,𒆘,𒆘,,
o0001576,http://www.wikidata.org/entity/Q87555805,𒆙,𒆙,,
o0000272,http://www.wikidata.org/entity/Q87555807,𒆚,𒆚,,
o0000273,http://www.wikidata.org/entity/Q87555809,𒆛,𒆛,,
o0000275,http://www.wikidata.org/entity/Q87555811,𒆜,𒆜,,
o0001581,http://www.wikidata.org/entity/Q87555813,𒆝,𒆝,,
o0000625,http://www.wikidata.org/entity/Q87555814,𒆞,𒆞,,
o0000278,http://www.wikidata.org/entity/Q87555817,𒆟,𒆟,,
o0000279,http://www.wikidata.org/entity/Q87555819,𒆠,𒆠,,
o0001741,http://www.wikidata.org/entity/Q87555821,𒆡,𒆡,,
o0001743,http://www.wikidata.org/entity/Q87555823,𒆢,𒆢,,
o0001742,http://www.wikidata.org/entity/Q87555826,𒆣,𒆣,,
o0000281,http://www.wikidata.org/entity/Q87555828,𒆤,𒆤,,
o0000282,http://www.wikidata.org/entity/Q87555831,𒆥,𒆥,,
o0000284,http://www.wikidata.org/entity/Q87555835,𒆦,𒆦,,
o0000286,http://www.wikidata.org/entity/Q87555836,𒆧,𒆧,,
o0000285,http://www.wikidata.org/entity/Q87555841,𒆨,𒆨,,
o0001740,http://www.wikidata.org/entity/Q87555843,𒆩,𒆩,,
o0000289,http://www.wikidata.org/entity/Q87555846,𒆪,𒆪,,
o0001746,http://www.wikidata.org/entity/Q87555847,𒆫,𒆫,,
o0000296,http://www.wikidata.org/entity/Q87555850,𒆬,𒆬,,
o0000297,http://www.wikidata.org/entity/Q87555853,𒆭,𒆭,,
o0000297,http://www.wikidata.org/entity/Q87555856,𒆮,𒆮,,
o0000299,http://www.wikidata.org/entity/Q87555859,𒆯,𒆯,,
o0000291,http://www.wikidata.org/entity/Q87555860,𒆰,𒆰,,
o0000292,http://www.wikidata.org/entity/Q87555863,𒆱,𒆱,,
o0000293,http://www.wikidata.org/entity/Q87555865,𒆲,𒆲,,
o0000294,http://www.wikidata.org/entity/Q87555867,𒆳,𒆳,,
o0001762,http://www.wikidata.org/entity/Q87555868,𒆴,𒆴,,
o0000295,http://www.wikidata.org/entity/Q87555871,𒆵,𒆵,,
o0000300,http://www.wikidata.org/entity/Q87555874,𒆶,𒆶,,
o0000305,http://www.wikidata.org/entity/Q87555876,𒆷,𒆷,,
o0000306,http://www.wikidata.org/entity/Q87555879,𒆸,𒆸,,
o0001800,http://www.wikidata.org/entity/Q87555881,𒆹,𒆹,,
o0001775,http://www.wikidata.org/entity/Q87555885,𒆺,𒆺,,
o0001776,http://www.wikidata.org/entity/Q87555886,𒆻,𒆻,,
o0001777,http://www.wikidata.org/entity/Q87555888,𒆼,𒆼,,
o0001798,http://www.wikidata.org/entity/Q87555891,𒆽,𒆽,,
o0001799,http://www.wikidata.org/entity/Q87555894,𒆾,𒆾,,
o0001802,http://www.wikidata.org/entity/Q87555896,𒆿,𒆿,,
o0001804,http://www.wikidata.org/entity/Q87555898,𒇀,𒇀,,
o0001805,http://www.wikidata.org/entity/Q87555900,𒇁,𒇁,,
o0001806,http://www.wikidata.org/entity/Q87555901,𒇂,𒇂,,
o0001807,http://www.wikidata.org/entity/Q87555903,𒇃,𒇃,,
o0001809,http://www.wikidata.org/entity/Q87555905,𒇄,𒇄,,
o0001808,http://www.wikidata.org/entity/Q87555908,𒇅,𒇅,,
o0001811,http://www.wikidata.org/entity/Q87555910,𒇆,𒇆,,
o0001778,http://www.wikidata.org/entity/Q87555911,𒇇,𒇇,,
o0001815,http://www.wikidata.org/entity/Q87555913,𒇈,𒇈,,
o0001814,http://www.wikidata.org/entity/Q87555914,𒇉,𒇉,,
o0001816,http://www.wikidata.org/entity/Q87555917,𒇊,𒇊,,
o0001817,http://www.wikidata.org/entity/Q87555919,𒇋,𒇋,,
o0001818,http://www.wikidata.org/entity/Q87555922,𒇌,𒇌,,
o0001781,http://www.wikidata.org/entity/Q87555923,𒇍,𒇍,,
o0023056,http://www.wikidata.org/entity/Q87555925,𒇎,𒇎,,
o0001820,http://www.wikidata.org/entity/Q87555928,𒇏,𒇏,,
o0001819,http://www.wikidata.org/entity/Q87555931,𒇐,𒇐,,
o0001822,http://www.wikidata.org/entity/Q87555934,𒇑,𒇑,,
o0001821,http://www.wikidata.org/entity/Q87555935,𒇒,𒇒,,
o0001783,http://www.wikidata.org/entity/Q87555938,𒇓,𒇓,,
o0001823,http://www.wikidata.org/entity/Q87555940,𒇔,𒇔,,
o0001801,http://www.wikidata.org/entity/Q87555942,𒇕,𒇕,,
o0001828,http://www.wikidata.org/entity/Q87555944,𒇖,𒇖,,
o0001827,http://www.wikidata.org/entity/Q87555946,𒇗,𒇗,,
o0001800,http://www.wikidata.org/entity/Q87555948,𒇘,𒇘,,
o0001784,http://www.wikidata.org/entity/Q87555950,𒇙,𒇙,,
o0001830,http://www.wikidata.org/entity/Q87555952,𒇚,𒇚,,
o0001831,http://www.wikidata.org/entity/Q87555953,𒇛,𒇛,,
o0001791,http://www.wikidata.org/entity/Q87555956,𒇜,𒇜,,
o0001794,http://www.wikidata.org/entity/Q87555958,𒇝,𒇝,,
o0001794,http://www.wikidata.org/entity/Q87555960,𒇞,𒇞,,
o0001843,http://www.wikidata.org/entity/Q87555962,𒇟,𒇟,,
o0001795,http://www.wikidata.org/entity/Q87555963,𒇠,𒇠,,
o0001832,http://www.wikidata.org/entity/Q87555965,𒇡,𒇡,,
o000183,http://www.wikidata.org/entity/Q87555967,𒇢,𒇢,,
o0001834,http://www.wikidata.org/entity/Q87555968,𒇣,𒇣,,
o0001785,http://www.wikidata.org/entity/Q87555970,𒇤,𒇤,,
o0001838,http://www.wikidata.org/entity/Q87555973,𒇥,𒇥,,
o0001786,http://www.wikidata.org/entity/Q87555975,𒇦,𒇦,,
o0001788,http://www.wikidata.org/entity/Q87555977,𒇧,𒇧,,
o0001789,http://www.wikidata.org/entity/Q87555978,𒇨,𒇨,,
o0001836,http://www.wikidata.org/entity/Q87555980,𒇩,𒇩,,
o0001839,http://www.wikidata.org/entity/Q87555982,𒇪,𒇪,,
o0000650,http://www.wikidata.org/entity/Q87555984,𒇫,𒇫,,
o0000307,http://www.wikidata.org/entity/Q87555985,𒇬,𒇬,,
o0001853,http://www.wikidata.org/entity/Q87555987,𒇭,𒇭,,
o0001851,http://www.wikidata.org/entity/Q87555989,𒇮,𒇮,,
o0000308,http://www.wikidata.org/entity/Q87555990,𒇯,𒇯,,
o0001847,http://www.wikidata.org/entity/Q87555993,𒇰,𒇰,,
o0000309,http://www.wikidata.org/entity/Q87555996,𒇱,𒇱,,
o0000422,http://www.wikidata.org/entity/Q87555998,𒇲,𒇲,,
o0000423,http://www.wikidata.org/entity/Q87556000,𒇳,𒇳,,
o0000424,http://www.wikidata.org/entity/Q87556001,𒇴,𒇴,,
o0001906,http://www.wikidata.org/entity/Q87556003,𒇵,𒇵,,
o0001904,http://www.wikidata.org/entity/Q87556005,𒇶,𒇶,,
o0000425,http://www.wikidata.org/entity/Q87556007,𒇷,𒇷,,
o0000426,http://www.wikidata.org/entity/Q87556009,𒇸,𒇸,,
o0000430,http://www.wikidata.org/entity/Q87556011,𒇹,𒇹,,
o0000431,http://www.wikidata.org/entity/Q87556012,𒇺,𒇺,,
o0000433,http://www.wikidata.org/entity/Q22906609,𒇻,𒇻,,
o0001928,http://www.wikidata.org/entity/Q87556017,𒇼,𒇼,,
o0000439,http://www.wikidata.org/entity/Q87556019,𒇽,𒇽,,
o0001964,http://www.wikidata.org/entity/Q87556020,𒇾,𒇾,,
o0001967,http://www.wikidata.org/entity/Q87556023,𒇿,𒇿,,
o0001971,http://www.wikidata.org/entity/Q87556025,𒈀,𒈀,,
o0001970,http://www.wikidata.org/entity/Q87556027,𒈁,𒈁,,
o0001973,http://www.wikidata.org/entity/Q87556029,𒈂,𒈂,,
o0001975,http://www.wikidata.org/entity/Q87556032,𒈃,𒈃,,
o0001976,http://www.wikidata.org/entity/Q87556034,𒈄,𒈄,,
o0001977,http://www.wikidata.org/entity/Q87556036,𒈅,𒈅,,
o0001977,http://www.wikidata.org/entity/Q87556038,𒈆,𒈆,,
o0001958,http://www.wikidata.org/entity/Q87556039,𒈇,𒈇,,
o0001979,http://www.wikidata.org/entity/Q87556041,𒈈,𒈈,,
o0001959,http://www.wikidata.org/entity/Q87556044,𒈉,𒈉,,
o0001980,http://www.wikidata.org/entity/Q87556046,𒈊,𒈊,,
o0001960,http://www.wikidata.org/entity/Q87556047,𒈋,𒈋,,
o0001981,http://www.wikidata.org/entity/Q87556049,𒈌,𒈌,,
o0001982,http://www.wikidata.org/entity/Q87556051,𒈍,𒈍,,
o0001962,http://www.wikidata.org/entity/Q87556053,𒈎,𒈎,,
o0001963,http://www.wikidata.org/entity/Q87556054,𒈏,𒈏,,
o0001985,http://www.wikidata.org/entity/Q87556056,𒈐,𒈐,,
o0000441,http://www.wikidata.org/entity/Q87556058,𒈑,𒈑,,
o0001953,http://www.wikidata.org/entity/Q87556061,𒈒,𒈒,,
o0001953,http://www.wikidata.org/entity/Q87556063,𒈓,𒈓,,
o0000651,http://www.wikidata.org/entity/Q87556065,𒈔,𒈔,,
o0000440,http://www.wikidata.org/entity/Q87556068,𒈕,𒈕,,
o0000443,http://www.wikidata.org/entity/Q87556070,𒈖,𒈖,,
o0000434,http://www.wikidata.org/entity/Q87556071,𒈗,𒈗,,
o0001912,http://www.wikidata.org/entity/Q87556073,𒈘,𒈘,,
o0001912,http://www.wikidata.org/entity/Q87556076,𒈙,𒈙,,
o0000435,http://www.wikidata.org/entity/Q87556078,𒈚,𒈚,,
o0000436,http://www.wikidata.org/entity/Q87556079,𒈛,𒈛,,
o0000437,http://www.wikidata.org/entity/Q87556081,𒈜,𒈜,,
o0000438,http://www.wikidata.org/entity/Q87556083,𒈝,𒈝,,
o0001926,http://www.wikidata.org/entity/Q87556085,𒈞,𒈞,,
o0001924,http://www.wikidata.org/entity/Q87556087,𒈟,𒈟,,
o0000444,http://www.wikidata.org/entity/Q87556088,𒈠,𒈠,,
o0001989,http://www.wikidata.org/entity/Q87556090,𒈡,𒈡,,
o0000445,http://www.wikidata.org/entity/Q87556093,𒈢,𒈢,,
o0000452,http://www.wikidata.org/entity/Q87556095,𒈣,𒈣,,
o0000446,http://www.wikidata.org/entity/Q87556097,𒈤,𒈤,,
o0000448,http://www.wikidata.org/entity/Q87556098,𒈥,𒈥,,
o0000449,http://www.wikidata.org/entity/Q87556100,𒈦,𒈦,,
o0000451,http://www.wikidata.org/entity/Q87556102,𒈧,𒈧,,
o0000453,http://www.wikidata.org/entity/Q87556104,𒈨,𒈨,,
o0000454,http://www.wikidata.org/entity/Q87556105,𒈩,𒈩,,
o0000455,http://www.wikidata.org/entity/Q87556107,𒈪,𒈪,,
o0000456,http://www.wikidata.org/entity/Q87556110,𒈫,𒈫,,
o0000457,http://www.wikidata.org/entity/Q87556112,𒈬,𒈬,,
o0002016,http://www.wikidata.org/entity/Q87556114,𒈭,𒈭,,
o0000458,http://www.wikidata.org/entity/Q87556115,𒈮,𒈮,,
o0000459,http://www.wikidata.org/entity/Q87556117,𒈯,𒈯,,
o0000460,http://www.wikidata.org/entity/Q87556119,𒈰,𒈰,,
o0000461,http://www.wikidata.org/entity/Q87556121,𒈱,𒈱,,
o0000463,http://www.wikidata.org/entity/Q87556122,𒈲,𒈲,,
o0002032,http://www.wikidata.org/entity/Q87556124,𒈳,𒈳,,
o0002033,http://www.wikidata.org/entity/Q87556127,𒈴,𒈴,,
o0002035,http://www.wikidata.org/entity/Q87556129,𒈵,𒈵,,
o0002024,http://www.wikidata.org/entity/Q87556130,𒈶,𒈶,,
o0002025,http://www.wikidata.org/entity/Q87556132,𒈷,𒈷,,
o0002021,http://www.wikidata.org/entity/Q87556134,𒈸,𒈸,,
o0000466,http://www.wikidata.org/entity/Q87556136,𒈹,𒈹,,
o0002040,http://www.wikidata.org/entity/Q87556138,𒈺,𒈺,,
o0002040,http://www.wikidata.org/entity/Q87556139,𒈻,𒈻,,
o0002040,http://www.wikidata.org/entity/Q87556141,𒈼,𒈼,,
o0000467,http://www.wikidata.org/entity/Q87556143,𒈽,𒈽,,
o0000469,http://www.wikidata.org/entity/Q87556145,𒈾,𒈾,,
o0000476,http://www.wikidata.org/entity/Q87556146,𒈿,𒈿,,
o0000470,http://www.wikidata.org/entity/Q87556148,𒉀,𒉀,,
o0000471,http://www.wikidata.org/entity/Q87556150,𒉁,𒉁,,
o0002057,http://www.wikidata.org/entity/Q87556151,𒉂,𒉂,,
o0002052,http://www.wikidata.org/entity/Q87556154,𒉃,𒉃,,
o0000473,http://www.wikidata.org/entity/Q87556156,𒉄,𒉄,,
o0000474,http://www.wikidata.org/entity/Q87556160,𒉆,𒉆,,
o0000475,http://www.wikidata.org/entity/Q87556162,𒉇,𒉇,,
o0000477,http://www.wikidata.org/entity/Q87556164,𒉈,𒉈,,
o0002070,http://www.wikidata.org/entity/Q87556166,𒉉,𒉉,,
o0002071,http://www.wikidata.org/entity/Q87556168,𒉊,𒉊,,
o0000478,http://www.wikidata.org/entity/Q87556169,𒉋,𒉋,,
o0000479,http://www.wikidata.org/entity/Q87556171,𒉌,𒉌,,
o0002120,http://www.wikidata.org/entity/Q87556173,𒉍,𒉍,,
o0000486,http://www.wikidata.org/entity/Q87556176,𒉎,𒉎,,
o0000482,http://www.wikidata.org/entity/Q87556177,𒉏,𒉏,,
o0002081,http://www.wikidata.org/entity/Q87556179,𒉐,𒉐,,
o0002080,http://www.wikidata.org/entity/Q87556181,𒉑,𒉑,,
o0000483,http://www.wikidata.org/entity/Q87556183,𒉒,𒉒,,
o0002095,http://www.wikidata.org/entity/Q87556184,𒉓,𒉓,,
o0002096,http://www.wikidata.org/entity/Q87556186,𒉔,𒉔,,
o0002083,http://www.wikidata.org/entity/Q87556188,𒉕,𒉕,,
o0002102,http://www.wikidata.org/entity/Q87556190,𒉖,𒉖,,
o0002085,http://www.wikidata.org/entity/Q87556192,𒉗,𒉗,,
o0002109,http://www.wikidata.org/entity/Q87556193,𒉘,𒉘,,
o0002111,http://www.wikidata.org/entity/Q87556195,𒉙,𒉙,,
o0002118,http://www.wikidata.org/entity/Q87556197,𒉚,𒉚,,
o0002118,http://www.wikidata.org/entity/Q87556198,𒉛,𒉛,,
o0002093,http://www.wikidata.org/entity/Q87556201,𒉜,𒉜,,
o0002094,http://www.wikidata.org/entity/Q87556203,𒉝,𒉝,,
o0002088,http://www.wikidata.org/entity/Q87556204,𒉞,𒉞,,
o0002114,http://www.wikidata.org/entity/Q87556206,𒉟,𒉟,,
o0000485,http://www.wikidata.org/entity/Q87556208,𒉠,𒉠,,
o0000487,http://www.wikidata.org/entity/Q87556210,𒉡,𒉡,,
o0000491,http://www.wikidata.org/entity/Q87556211,𒉢,𒉢,,
o0000492,http://www.wikidata.org/entity/Q87556424,𒋔,𒋔,,
o0002163,http://www.wikidata.org/entity/Q87556426,𒋕,𒋕,,
o0000488,http://www.wikidata.org/entity/Q87556213,𒉣,𒉣,,
o0002126,http://www.wikidata.org/entity/Q87556215,𒉤,𒉤,,
o0002129,http://www.wikidata.org/entity/Q87556216,𒉥,𒉥,,
o0002129,http://www.wikidata.org/entity/Q87556218,𒉦,𒉦,,
o0000630,http://www.wikidata.org/entity/Q87556220,𒉧,𒉧,,
o0002130,http://www.wikidata.org/entity/Q87556222,𒉨,𒉨,,
o0000489,http://www.wikidata.org/entity/Q87556224,𒉩,𒉩,,
o0002123,http://www.wikidata.org/entity/Q87556225,𒉪,𒉪,,
o0002122,http://www.wikidata.org/entity/Q87556227,𒉫,𒉫,,
o0002121,http://www.wikidata.org/entity/Q87556229,𒉬,𒉬,,
o0000490,http://www.wikidata.org/entity/Q87556231,𒉭,𒉭,,
o0002146,http://www.wikidata.org/entity/Q87556233,𒉮,𒉮,,
o0002147,http://www.wikidata.org/entity/Q87556235,𒉯,𒉯,,
o0002148,http://www.wikidata.org/entity/Q87556238,𒉰,𒉰,,
o0002149,http://www.wikidata.org/entity/Q87556239,𒉱,𒉱,,
o0002150,http://www.wikidata.org/entity/Q87556242,𒉲,𒉲,,
o0002151,http://www.wikidata.org/entity/Q87556244,𒉳,𒉳,,
o0002152,http://www.wikidata.org/entity/Q87556246,𒉴,𒉴,,
o0002153,http://www.wikidata.org/entity/Q87556248,𒉵,𒉵,,
o0002154,http://www.wikidata.org/entity/Q87556250,𒉶,𒉶,,
o0002155,http://www.wikidata.org/entity/Q87556252,𒉷,𒉷,,
o0002162,http://www.wikidata.org/entity/Q87556254,𒉸,𒉸,,
o0002161,http://www.wikidata.org/entity/Q87556256,𒉹,𒉹,,
o0000497,http://www.wikidata.org/entity/Q87556257,𒉺,𒉺,,
o0000498,http://www.wikidata.org/entity/Q87556259,𒉻,𒉻,,
o0000499,http://www.wikidata.org/entity/Q87556261,𒉼,𒉼,,
o0000500,http://www.wikidata.org/entity/Q87556262,𒉽,𒉽,,
o0000501,http://www.wikidata.org/entity/Q87556264,𒉾,𒉾,,
o0000502,http://www.wikidata.org/entity/Q87556267,𒉿,𒉿,,
o0002247,http://www.wikidata.org/entity/Q87556269,𒊀,𒊀,,
o0002246,http://www.wikidata.org/entity/Q87556270,𒊁,𒊁,,
o0002248,http://www.wikidata.org/entity/Q87556272,𒊂,𒊂,,
o0002249,http://www.wikidata.org/entity/Q87556274,𒊃,𒊃,,
o0002250,http://www.wikidata.org/entity/Q87556275,𒊄,𒊄,,
o0002252,http://www.wikidata.org/entity/Q87556277,𒊅,𒊅,,
o0002251,http://www.wikidata.org/entity/Q87556279,𒊆,𒊆,,
o0002253,http://www.wikidata.org/entity/Q87556282,𒊇,𒊇,,
o0002254,http://www.wikidata.org/entity/Q87556284,𒊈,𒊈,,
o0002235,http://www.wikidata.org/entity/Q87556286,𒊉,𒊉,,
o0000503,http://www.wikidata.org/entity/Q87556288,𒊊,𒊊,,
o0002243,http://www.wikidata.org/entity/Q87556289,𒊋,𒊋,,
o0002244,http://www.wikidata.org/entity/Q87556291,𒊌,𒊌,,
o0002245,http://www.wikidata.org/entity/Q87556293,𒊍,𒊍,,
o0002242,http://www.wikidata.org/entity/Q87556295,𒊎,𒊎,,
o0000510,http://www.wikidata.org/entity/Q87556297,𒊏,𒊏,,
o0000511,http://www.wikidata.org/entity/Q87556298,𒊐,𒊐,,
o0000514,http://www.wikidata.org/entity/Q87556300,𒊑,𒊑,,
o0000516,http://www.wikidata.org/entity/Q87556302,𒊒,𒊒,,
o0000517,http://www.wikidata.org/entity/Q87556305,𒊓,𒊓,,
o0000520,http://www.wikidata.org/entity/Q87556306,𒊔,𒊔,,
o0000518,http://www.wikidata.org/entity/Q87556308,𒊕,𒊕,,
o0002272,http://www.wikidata.org/entity/Q87556309,𒊖,𒊖,,
o0002274,http://www.wikidata.org/entity/Q87556311,𒊗,𒊗,,
o0002273,http://www.wikidata.org/entity/Q87556313,𒊘,𒊘,,
o0002277,http://www.wikidata.org/entity/Q87556315,𒊙,𒊙,,
o0002279,http://www.wikidata.org/entity/Q87556316,𒊚,𒊚,,
o0002280,http://www.wikidata.org/entity/Q87556318,𒊛,𒊛,,
o0002281,http://www.wikidata.org/entity/Q87556320,𒊜,𒊜,,
o0002282,http://www.wikidata.org/entity/Q87556322,𒊝,𒊝,,
o0002283,http://www.wikidata.org/entity/Q87556323,𒊞,𒊞,,
o0002284,http://www.wikidata.org/entity/Q87556325,𒊟,𒊟,,
o0002293,http://www.wikidata.org/entity/Q87556327,𒊠,𒊠,,
o0000211,http://www.wikidata.org/entity/Q87556329,𒊡,𒊡,,
o0002292,http://www.wikidata.org/entity/Q87556331,𒊢,𒊢,,
o0002287,http://www.wikidata.org/entity/Q87556333,𒊣,𒊣,,
o0002288,http://www.wikidata.org/entity/Q87556335,𒊤,𒊤,,
o0002289,http://www.wikidata.org/entity/Q87556337,𒊥,𒊥,,
o0002291,http://www.wikidata.org/entity/Q87556339,𒊦,𒊦,,
o0002263,http://www.wikidata.org/entity/Q87556342,𒊧,𒊧,,
o0000519,http://www.wikidata.org/entity/Q87556344,𒊨,𒊨,,
o0000522,http://www.wikidata.org/entity/Q87556346,𒊩,𒊩,,
o0002309,http://www.wikidata.org/entity/Q87556347,𒊪,𒊪,,
o0000523,http://www.wikidata.org/entity/Q87556349,𒊫,𒊫,,
o0000524,http://www.wikidata.org/entity/Q87556352,𒊬,𒊬,,
o0002824,http://www.wikidata.org/entity/Q22908417,𒊭,𒊭,,
o0002828,http://www.wikidata.org/entity/Q87556356,𒊮,𒊮,,
o0002695,http://www.wikidata.org/entity/Q87556358,𒊯,𒊯,,
o0002696,http://www.wikidata.org/entity/Q87556360,𒊰,𒊰,,
o0002697,http://www.wikidata.org/entity/Q87556361,𒊱,𒊱,,
o0002698,http://www.wikidata.org/entity/Q87556363,𒊲,𒊲,,
o0002703,http://www.wikidata.org/entity/Q87556365,𒊳,𒊳,,
o0002701,http://www.wikidata.org/entity/Q87556366,𒊴,𒊴,,
o0002702,http://www.wikidata.org/entity/Q87556368,𒊵,𒊵,,
o0002694,http://www.wikidata.org/entity/Q87556370,𒊶,𒊶,,
o0002829,http://www.wikidata.org/entity/Q87556372,𒊷,𒊷,,
o0002825,http://www.wikidata.org/entity/Q87556375,𒊸,𒊸,,
o0002827,http://www.wikidata.org/entity/Q87556376,𒊹,𒊹,,
o0002831,http://www.wikidata.org/entity/Q87556378,𒊺,𒊺,,
o0002714,http://www.wikidata.org/entity/Q87556380,𒊻,𒊻,,
o0002705,http://www.wikidata.org/entity/Q87556382,𒊼,𒊼,,
o0002708,http://www.wikidata.org/entity/Q87556384,𒊽,𒊽,,
o0002832,http://www.wikidata.org/entity/Q87556385,𒊾,𒊾,,
o0002833,http://www.wikidata.org/entity/Q87556387,𒊿,𒊿,,
o0002834,http://www.wikidata.org/entity/Q87556389,𒋀,𒋀,,
o0002836,http://www.wikidata.org/entity/Q87556391,𒋁,𒋁,,
o0002835,http://www.wikidata.org/entity/Q87556393,𒋂,𒋂,,
o0002837,http://www.wikidata.org/entity/Q87556395,𒋃,𒋃,,
o0002743,http://www.wikidata.org/entity/Q87556397,𒋄,𒋄,,
o0002744,http://www.wikidata.org/entity/Q87556398,𒋅,𒋅,,
o0002838,http://www.wikidata.org/entity/Q87556400,𒋆,𒋆,,
o0002748,http://www.wikidata.org/entity/Q87556402,𒋇,𒋇,,
o0002749,http://www.wikidata.org/entity/Q87556404,𒋈,𒋈,,
o0002750,http://www.wikidata.org/entity/Q87556405,𒋉,𒋉,,
o0002751,http://www.wikidata.org/entity/Q87556407,𒋊,𒋊,,
o0002752,http://www.wikidata.org/entity/Q87556408,𒋋,𒋋,,
o0002754,http://www.wikidata.org/entity/Q87556410,𒋌,𒋌,,
o0002753,http://www.wikidata.org/entity/Q87556412,𒋍,𒋍,,
o0002755,http://www.wikidata.org/entity/Q87556414,𒋎,𒋎,,
o0002756,http://www.wikidata.org/entity/Q87556415,𒋏,𒋏,,
o0002757,http://www.wikidata.org/entity/Q87556417,𒋐,𒋐,,
o0002759,http://www.wikidata.org/entity/Q87556419,𒋑,𒋑,,
o0002839,http://www.wikidata.org/entity/Q87556420,𒋒,𒋒,,
o0002840,http://www.wikidata.org/entity/Q87556422,𒋓,𒋓,,
o0002842,http://www.wikidata.org/entity/Q87556427,𒋖,𒋖,,
o0002845,http://www.wikidata.org/entity/Q87556429,𒋗,𒋗,,
o0002764,http://www.wikidata.org/entity/Q87556431,𒋘,𒋘,,
o0002850,http://www.wikidata.org/entity/Q87556433,𒋙,𒋙,,
o0002848,http://www.wikidata.org/entity/Q87556435,𒋚,𒋚,,
o0000525,http://www.wikidata.org/entity/Q87556437,𒋛,𒋛,,
o000052,http://www.wikidata.org/entity/Q87556439,𒋜,𒋜,,
o0000527,http://www.wikidata.org/entity/Q87556442,𒋝,𒋝,,
o0000528,http://www.wikidata.org/entity/Q87556443,𒋞,𒋞,,
o0002344,http://www.wikidata.org/entity/Q87556445,𒋟,𒋟,,
o0000529,http://www.wikidata.org/entity/Q87556447,𒋠,𒋠,,
o0000530,http://www.wikidata.org/entity/Q87556449,𒋡,𒋡,,
o0000531,http://www.wikidata.org/entity/Q87556450,𒋢,𒋢,,
o0002367,http://www.wikidata.org/entity/Q87556452,𒋣,𒋣,,
o0000532,http://www.wikidata.org/entity/Q87556455,𒋤,𒋤,,
o0000534,http://www.wikidata.org/entity/Q87556457,𒋥,𒋥,,
o0000535,http://www.wikidata.org/entity/Q87556460,𒋦,𒋦,,
o0000536,http://www.wikidata.org/entity/Q87556461,𒋧,𒋧,,
o0000537,http://www.wikidata.org/entity/Q87556465,𒋨,𒋨,,
o0000539,http://www.wikidata.org/entity/Q87556466,𒋩,𒋩,,
o0000540,http://www.wikidata.org/entity/Q87556468,𒋪,𒋪,,
o0000541,http://www.wikidata.org/entity/Q87556470,𒋫,𒋫,,
o0000543,http://www.wikidata.org/entity/Q87556471,𒋬,𒋬,,
o0002407,http://www.wikidata.org/entity/Q87556473,𒋭,𒋭,,
o0002408,http://www.wikidata.org/entity/Q87556475,𒋮,𒋮,,
o0000542,http://www.wikidata.org/entity/Q87556477,𒋯,𒋯,,
o0000544,http://www.wikidata.org/entity/Q87556478,𒋰,𒋰,,
o0002382,http://www.wikidata.org/entity/Q87556480,𒋱,𒋱,,
o0000546,http://www.wikidata.org/entity/Q87556484,𒋳,𒋳,,
o0002396,http://www.wikidata.org/entity/Q87556487,𒋵,𒋵,,
o0002400,http://www.wikidata.org/entity/Q87556488,𒋶,𒋶,,
o0002401,http://www.wikidata.org/entity/Q87556489,𒋷,𒋷,,
o0002398,http://www.wikidata.org/entity/Q87556490,𒋸,𒋸,,
o0002399,http://www.wikidata.org/entity/Q87556491,𒋹,𒋹,,
o0000547,http://www.wikidata.org/entity/Q87556492,𒋺,𒋺,,
o0000548,http://www.wikidata.org/entity/Q87556493,𒋻,𒋻,,
o0000550,http://www.wikidata.org/entity/Q87556494,𒋼,𒋼,,
o0000551,http://www.wikidata.org/entity/Q87556495,𒋽,𒋽,,
o0000553,http://www.wikidata.org/entity/Q87556496,𒋾,𒋾,,
o0000554,http://www.wikidata.org/entity/Q87556498,𒋿,𒋿,,
o0000555,http://www.wikidata.org/entity/Q87556501,𒌀,𒌀,,
o0002726,http://www.wikidata.org/entity/Q87556503,𒌁,𒌁,,
o0000640,http://www.wikidata.org/entity/Q87556504,𒌂,𒌂,,
o0000639,http://www.wikidata.org/entity/Q87556506,𒌃,𒌃,,
o0000635,http://www.wikidata.org/entity/Q87556508,𒌄,𒌄,,
o0000556,http://www.wikidata.org/entity/Q87556511,𒌅,𒌅,,
o0000557,http://www.wikidata.org/entity/Q87556512,𒌆,𒌆,,
o0000558,http://www.wikidata.org/entity/Q87556515,𒌇,𒌇,,
o0000559,http://www.wikidata.org/entity/Q87556517,𒌈,𒌈,,
o0000560,http://www.wikidata.org/entity/Q17063175,𒌉,𒌉,,
o0002431,http://www.wikidata.org/entity/Q87556520,𒌊,𒌊,,
o0000561,http://www.wikidata.org/entity/Q87556522,𒌋,𒌋,,
o0002459,http://www.wikidata.org/entity/Q87556524,𒌌,𒌌,,
o0002471,http://www.wikidata.org/entity/Q87556527,𒌍,𒌍,,
o0002441,http://www.wikidata.org/entity/Q87556530,𒌎,𒌎,,
o0002442,http://www.wikidata.org/entity/Q87556531,𒌏,𒌏,,
o0002444,http://www.wikidata.org/entity/Q87556534,𒌐,𒌐,,
o0000599,http://www.wikidata.org/entity/Q87556536,𒌑,𒌑,,
o0000564,http://www.wikidata.org/entity/Q87556538,𒌒,𒌒,,
o0000565,http://www.wikidata.org/entity/Q87556540,𒌓,𒌓,,
o0002500,http://www.wikidata.org/entity/Q87556541,𒌔,𒌔,,
o0002521,http://www.wikidata.org/entity/Q87556544,𒌕,𒌕,,
o0002522,http://www.wikidata.org/entity/Q87556546,𒌖,𒌖,,
o0002520,http://www.wikidata.org/entity/Q87556548,𒌗,𒌗,,
o0002519,http://www.wikidata.org/entity/Q87556549,𒌘,𒌘,,
o0000567,http://www.wikidata.org/entity/Q87556552,𒌙,𒌙,,
o0000569,http://www.wikidata.org/entity/Q87556554,𒌚,𒌚,,
o0002516,http://www.wikidata.org/entity/Q87556556,𒌛,𒌛,,
o0000570,http://www.wikidata.org/entity/Q87556558,𒌜,𒌜,,
o0000571,http://www.wikidata.org/entity/Q87556559,𒌝,𒌝,,
o0002532,http://www.wikidata.org/entity/Q87556561,𒌞,𒌞,,
o0002531,http://www.wikidata.org/entity/Q87556563,𒌟,𒌟,,
o0002535,http://www.wikidata.org/entity/Q87556565,𒌠,𒌠,,
o0002534,http://www.wikidata.org/entity/Q87556568,𒌡,𒌡,,
o0000572,http://www.wikidata.org/entity/Q87556570,𒌢,𒌢,,
o0000573,http://www.wikidata.org/entity/Q87556573,𒌣,𒌣,,
o0000138,http://www.wikidata.org/entity/Q87556575,𒌤,𒌤,,
o0002530,http://www.wikidata.org/entity/Q87556577,𒌥,𒌥,,
o0000574,http://www.wikidata.org/entity/Q87556578,𒌦,𒌦,,
o0000575,http://www.wikidata.org/entity/Q87556580,𒌧,𒌧,,
o0000576,http://www.wikidata.org/entity/Q87556582,𒌨,𒌨,,
o0002536,http://www.wikidata.org/entity/Q87556584,𒌩,𒌩,,
o0000578,http://www.wikidata.org/entity/Q87556586,𒌪,𒌪,,
o0000585,http://www.wikidata.org/entity/Q87556588,𒌫,𒌫,,
o0002583,http://www.wikidata.org/entity/Q87556591,𒌬,𒌬,,
o0002584,http://www.wikidata.org/entity/Q87556594,𒌭,𒌭,,
o0002588,http://www.wikidata.org/entity/Q87556596,𒌮,𒌮,,
o0002591,http://www.wikidata.org/entity/Q87556599,𒌯,𒌯,,
o0002595,http://www.wikidata.org/entity/Q87556601,𒌰,𒌰,,
o0002597,http://www.wikidata.org/entity/Q87556603,𒌱,𒌱,,
o0002586,http://www.wikidata.org/entity/Q87556606,𒌲,𒌲,,
o0002587,http://www.wikidata.org/entity/Q87556607,𒌳,𒌳,,
o0000588,http://www.wikidata.org/entity/Q87556610,𒌴,𒌴,,
o0000579,http://www.wikidata.org/entity/Q87556612,𒌵,𒌵,,
o0000581,http://www.wikidata.org/entity/Q87556614,𒌶,𒌶,,
o0000582,http://www.wikidata.org/entity/Q87556617,𒌷,𒌷,,
o0002553,http://www.wikidata.org/entity/Q87556618,𒌸,𒌸,,
o0002554,http://www.wikidata.org/entity/Q87556621,𒌹,𒌹,,
o0002555,http://www.wikidata.org/entity/Q87556623,𒌺,𒌺,,
o0002557,http://www.wikidata.org/entity/Q87556626,𒌻,𒌻,,
o0002563,http://www.wikidata.org/entity/Q87556628,𒌼,𒌼,,
o0002560,http://www.wikidata.org/entity/Q87556629,𒌽,𒌽,,
o0002561,http://www.wikidata.org/entity/Q87556631,𒌾,𒌾,,
o0002562,http://www.wikidata.org/entity/Q87556634,𒌿,𒌿,,
o0002564,http://www.wikidata.org/entity/Q87556636,𒍀,𒍀,,
o0002565,http://www.wikidata.org/entity/Q87556638,𒍁,𒍁,,
o0002566,http://www.wikidata.org/entity/Q87556640,𒍂,𒍂,,
o0002567,http://www.wikidata.org/entity/Q87556641,𒍃,𒍃,,
o0002568,http://www.wikidata.org/entity/Q87556643,𒍄,𒍄,,
o0002569,http://www.wikidata.org/entity/Q87556645,𒍅,𒍅,,
o0002571,http://www.wikidata.org/entity/Q87556648,𒍆,𒍆,,
o0002572,http://www.wikidata.org/entity/Q87556650,𒍇,𒍇,,
o0002573,http://www.wikidata.org/entity/Q87556653,𒍈,𒍈,,
o0002579,http://www.wikidata.org/entity/Q87556655,𒍉,𒍉,,
o0002574,http://www.wikidata.org/entity/Q87556658,𒍊,𒍊,,
o0002576,http://www.wikidata.org/entity/Q87556660,𒍋,𒍋,,
o0002552,http://www.wikidata.org/entity/Q87556662,𒍌,𒍌,,
o0002577,http://www.wikidata.org/entity/Q87556664,𒍍,𒍍,,
o0002578,http://www.wikidata.org/entity/Q87556666,𒍎,𒍎,,
o0000584,http://www.wikidata.org/entity/Q87556667,𒍏,𒍏,,
o0002545,http://www.wikidata.org/entity/Q87556670,𒍐,𒍐,,
o0000595,http://www.wikidata.org/entity/Q87556672,𒍑,𒍑,,
o0002614,http://www.wikidata.org/entity/Q87556673,𒍒,𒍒,,
o0002616,http://www.wikidata.org/entity/Q87556675,𒍓,𒍓,,
o0002615,http://www.wikidata.org/entity/Q87556677,𒍔,𒍔,,
o0002617,http://www.wikidata.org/entity/Q87556679,𒍕,𒍕,,
o0000597,http://www.wikidata.org/entity/Q87556683,𒍖,𒍖,,
o0000598,http://www.wikidata.org/entity/Q87556685,𒍗,𒍗,,
o0000596,http://www.wikidata.org/entity/Q87556687,𒍘,𒍘,,
o0000591,http://www.wikidata.org/entity/Q87556689,𒍙,𒍙,,
o0000594,http://www.wikidata.org/entity/Q87556692,𒍚,𒍚,,
o0002602,http://www.wikidata.org/entity/Q87556695,𒍛,𒍛,,
o0000592,http://www.wikidata.org/entity/Q87556696,𒍜,𒍜,,
o0000603,http://www.wikidata.org/entity/Q87556699,𒍝,𒍝,,
o0000604,http://www.wikidata.org/entity/Q87556700,𒍞,𒍞,,
o0000619,http://www.wikidata.org/entity/Q87556702,𒍟,𒍟,,
o0000605,http://www.wikidata.org/entity/Q87556705,𒍠,𒍠,,
o0000172,http://www.wikidata.org/entity/Q87556708,𒍡,𒍡,,
o0000608,http://www.wikidata.org/entity/Q87556711,𒍢,𒍢,,
o0000609,http://www.wikidata.org/entity/Q87556712,𒍣,𒍣,,
o0002660,http://www.wikidata.org/entity/Q87556715,𒍤,𒍤,,
o0000613,http://www.wikidata.org/entity/Q87556717,𒍥,𒍥,,
o0000870,http://www.wikidata.org/entity/Q87556719,𒍦,𒍦,,
o0000869,http://www.wikidata.org/entity/Q87556721,𒍧,𒍧,,
o0000611,http://www.wikidata.org/entity/Q87556723,𒍨,𒍨,,
o0000612,http://www.wikidata.org/entity/Q87556726,𒍩,𒍩,,
o0000614,http://www.wikidata.org/entity/Q87556728,𒍪,𒍪,,
o0000618,http://www.wikidata.org/entity/Q87556729,𒍫,𒍫,,
o0002680,http://www.wikidata.org/entity/Q87556731,𒍬,𒍬,,
o0000616,http://www.wikidata.org/entity/Q87556733,𒍭,𒍭,,
o0000617,http://www.wikidata.org/entity/Q87556735,𒍮,𒍮,,
o0000274,http://www.wikidata.org/entity/Q87556736,𒍯,𒍯,,
o0000754,http://www.wikidata.org/entity/Q87556738,𒍰,𒍰,,
o0032011,http://www.wikidata.org/entity/Q87556741,𒍱,𒍱,,
o0032013,http://www.wikidata.org/entity/Q87556743,𒍲,𒍲,,
o0032015,http://www.wikidata.org/entity/Q87556745,𒍳,𒍳,,
o0032005,http://www.wikidata.org/entity/Q87556748,𒍴,𒍴,,
o0032017,http://www.wikidata.org/entity/Q87556751,𒍵,𒍵,,
o0025700,http://www.wikidata.org/entity/Q87556752,𒍶,𒍶,,
o0001114,http://www.wikidata.org/entity/Q87556754,𒍷,𒍷,,
o0001121,http://www.wikidata.org/entity/Q87556757,𒍸,𒍸,,
o0021744,http://www.wikidata.org/entity/Q87556759,𒍹,𒍹,,
o0221935,http://www.wikidata.org/entity/Q87556761,𒍺,𒍺,T,
o0000209,http://www.wikidata.org/entity/Q87556763,𒍻,𒍻,,
o0000212,http://www.wikidata.org/entity/Q87556765,𒍼,𒍼,,
o0001444,http://www.wikidata.org/entity/Q87556767,𒍽,𒍽,,
o0032019,http://www.wikidata.org/entity/Q87556769,𒍾,𒍾,,
o0001608,http://www.wikidata.org/entity/Q87556771,𒍿,𒍿,,
o0001633,http://www.wikidata.org/entity/Q87556773,𒎀,𒎀,,
o0027998,http://www.wikidata.org/entity/Q87556776,𒎁,𒎁,,
o0001636,http://www.wikidata.org/entity/Q87556777,𒎂,𒎂,,
o0001646,http://www.wikidata.org/entity/Q87556780,𒎃,𒎃,,
o0001652,http://www.wikidata.org/entity/Q87556782,𒎄,𒎄,,
o0032023,http://www.wikidata.org/entity/Q87556784,𒎅,𒎅,,
o0002576,http://www.wikidata.org/entity/Q87556786,𒎆,𒎆,,
o0001665,http://www.wikidata.org/entity/Q87556789,𒎇,𒎇,,
o0032025,http://www.wikidata.org/entity/Q87556791,𒎈,𒎈,,
o0001957,http://www.wikidata.org/entity/Q87556792,𒎉,𒎉,,
o0021745,http://www.wikidata.org/entity/Q87556795,𒎊,𒎊,,
o0001987,http://www.wikidata.org/entity/Q87556797,𒎋,𒎋,,
o0002011,http://www.wikidata.org/entity/Q87556799,𒎌,𒎌,,
o0002639,http://www.wikidata.org/entity/Q87556800,𒎍,𒎍,,
o0002079,http://www.wikidata.org/entity/Q87556803,𒎎,𒎎,,
o0002323,http://www.wikidata.org/entity/Q87556805,𒎏,𒎏,,
o0002305,http://www.wikidata.org/entity/Q87556808,𒎐,𒎐,,
o0002097,http://www.wikidata.org/entity/Q87556810,𒎑,𒎑,,
o0023070,http://www.wikidata.org/entity/Q87556811,𒎒,𒎒,,
o0000492,http://www.wikidata.org/entity/Q87556813,𒎓,𒎓,,
o0032007,http://www.wikidata.org/entity/Q87556815,𒎔,𒎔,,
o0032009,http://www.wikidata.org/entity/Q87556818,𒎕,𒎕,,
o0032027,http://www.wikidata.org/entity/Q87556820,𒎖,𒎖,,
o0027220,http://www.wikidata.org/entity/Q87556822,𒎗,𒎗,,
o0028066,http://www.wikidata.org/entity/Q87556824,𒎘,𒎘,,
o0002475,http://www.wikidata.org/entity/Q87556828,𒎙,𒎙,,
o0000753,http://www.wikidata.org/entity/Q87557092,𒒀,𒒀,,
o0000756,http://www.wikidata.org/entity/Q87557094,𒒁,𒒁,,
o0000775,http://www.wikidata.org/entity/Q87557096,𒒂,𒒂,,
o0000897,http://www.wikidata.org/entity/Q87557098,𒒃,𒒃,,
o0000898,http://www.wikidata.org/entity/Q87557100,𒒄,𒒄,,
o0000899,http://www.wikidata.org/entity/Q87557103,𒒅,𒒅,,
o0000900,http://www.wikidata.org/entity/Q87557104,𒒆,𒒆,,
o0000622,http://www.wikidata.org/entity/Q87557106,𒒇,𒒇,,
o0000971,http://www.wikidata.org/entity/Q87557109,𒒈,𒒈,,
o0000969,http://www.wikidata.org/entity/Q87557111,𒒉,𒒉,,
o0000976,http://www.wikidata.org/entity/Q87557112,𒒊,𒒊,,
o0000975,http://www.wikidata.org/entity/Q87557114,𒒋,𒒋,,
o0000979,http://www.wikidata.org/entity/Q87557116,𒒌,𒒌,,
o0001009,http://www.wikidata.org/entity/Q87557118,𒒍,𒒍,,
o0001011,http://www.wikidata.org/entity/Q87557120,𒒎,𒒎,,
o0001010,http://www.wikidata.org/entity/Q87557122,𒒏,𒒏,,
o0001012,http://www.wikidata.org/entity/Q87557123,𒒐,𒒐,,
o0001013,http://www.wikidata.org/entity/Q87557125,𒒑,𒒑,,
o0001014,http://www.wikidata.org/entity/Q87557127,𒒒,𒒒,,
o0001015,http://www.wikidata.org/entity/Q87557128,𒒓,𒒓,,
o0001017,http://www.wikidata.org/entity/Q87557129,𒒔,𒒔,,
o0001016,http://www.wikidata.org/entity/Q87557130,𒒕,𒒕,,
o0001018,http://www.wikidata.org/entity/Q87557131,𒒖,𒒖,,
o0001019,http://www.wikidata.org/entity/Q87557132,𒒗,𒒗,,
o0001020,http://www.wikidata.org/entity/Q87557134,𒒘,𒒘,,
o0002753,http://www.wikidata.org/entity/Q87557135,𒒙,𒒙,,
o0001022,http://www.wikidata.org/entity/Q87557137,𒒚,𒒚,,
o0001023,http://www.wikidata.org/entity/Q87557139,𒒛,𒒛,,
o0001024,http://www.wikidata.org/entity/Q87557142,𒒜,𒒜,,
o0001006,http://www.wikidata.org/entity/Q87557143,𒒝,𒒝,,
o0001025,http://www.wikidata.org/entity/Q87557145,𒒞,𒒞,,
o0001026,http://www.wikidata.org/entity/Q87557147,𒒟,𒒟,,
o0001007,http://www.wikidata.org/entity/Q87557149,𒒠,𒒠,,
o0001008,http://www.wikidata.org/entity/Q87557150,𒒡,𒒡,,
o0001027,http://www.wikidata.org/entity/Q87557152,𒒢,𒒢,,
o0001028,http://www.wikidata.org/entity/Q87557154,𒒣,𒒣,,
o0001029,http://www.wikidata.org/entity/Q87557155,𒒤,𒒤,,
o0001030,http://www.wikidata.org/entity/Q87557158,𒒥,𒒥,,
o0001031,http://www.wikidata.org/entity/Q87557160,𒒦,𒒦,,
o0001033,http://www.wikidata.org/entity/Q87557162,𒒧,𒒧,,
o0001032,http://www.wikidata.org/entity/Q87557164,𒒨,𒒨,,
o0001157,http://www.wikidata.org/entity/Q87557166,𒒩,𒒩,,
o0001159,http://www.wikidata.org/entity/Q87557168,𒒪,𒒪,,
o0001086,http://www.wikidata.org/entity/Q87557169,𒒫,𒒫,,
o0001124,http://www.wikidata.org/entity/Q87557171,𒒬,𒒬,,
o0001091,http://www.wikidata.org/entity/Q87557174,𒒭,𒒭,,
o0001092,http://www.wikidata.org/entity/Q87557176,𒒮,𒒮,,
o0001093,http://www.wikidata.org/entity/Q87557178,𒒯,𒒯,,
o0001095,http://www.wikidata.org/entity/Q87557180,𒒰,𒒰,,
o0001094,http://www.wikidata.org/entity/Q87557181,𒒱,𒒱,,
o0001097,http://www.wikidata.org/entity/Q87557182,𒒲,𒒲,,
o0001096,http://www.wikidata.org/entity/Q87557184,𒒳,𒒳,,
o0001098,http://www.wikidata.org/entity/Q87557187,𒒴,𒒴,,
o0001117,http://www.wikidata.org/entity/Q87557188,𒒵,𒒵,,
o0001289,http://www.wikidata.org/entity/Q87557190,𒒶,𒒶,,
o0001293,http://www.wikidata.org/entity/Q87557194,𒒷,𒒷,,
o0001254,http://www.wikidata.org/entity/Q87557196,𒒸,𒒸,,
o0001255,http://www.wikidata.org/entity/Q87557198,𒒹,𒒹,,
o0001301,http://www.wikidata.org/entity/Q87557200,𒒺,𒒺,,
o0001304,http://www.wikidata.org/entity/Q87557201,𒒻,𒒻,,
o0001258,http://www.wikidata.org/entity/Q87557203,𒒼,𒒼,,
o0001259,http://www.wikidata.org/entity/Q87557205,𒒽,𒒽,,
o0001246,http://www.wikidata.org/entity/Q87557207,𒒾,𒒾,,
o0001268,http://www.wikidata.org/entity/Q87557209,𒒿,𒒿,,
o0001313,http://www.wikidata.org/entity/Q87557210,𒓀,𒓀,,
o0001270,http://www.wikidata.org/entity/Q87557213,𒓁,𒓁,,
o0001315,http://www.wikidata.org/entity/Q87557215,𒓂,𒓂,,
o0001317,http://www.wikidata.org/entity/Q87557217,𒓃,𒓃,,
o0001318,http://www.wikidata.org/entity/Q87557219,𒓄,𒓄,,
o0001272,http://www.wikidata.org/entity/Q87557222,𒓅,𒓅,,
o0001273,http://www.wikidata.org/entity/Q87557224,𒓆,𒓆,,
o0001332,http://www.wikidata.org/entity/Q87557226,𒓇,𒓇,,
o0001329,http://www.wikidata.org/entity/Q87557228,𒓈,𒓈,,
o0000191,http://www.wikidata.org/entity/Q87557230,𒓉,𒓉,,
o0001334,http://www.wikidata.org/entity/Q87557232,𒓊,𒓊,,
o0001405,http://www.wikidata.org/entity/Q87557234,𒓋,𒓋,,
o0001429,http://www.wikidata.org/entity/Q87557235,𒓌,𒓌,,
o0001418,http://www.wikidata.org/entity/Q87557237,𒓍,𒓍,,
o0000235,http://www.wikidata.org/entity/Q87557239,𒓎,𒓎,,
o0000624,http://www.wikidata.org/entity/Q87557241,𒓏,𒓏,,
o0001617,http://www.wikidata.org/entity/Q87557243,𒓐,𒓐,,
o0001640,http://www.wikidata.org/entity/Q87557245,𒓑,𒓑,,
o0001605,http://www.wikidata.org/entity/Q87557247,𒓒,𒓒,,
o0001664,http://www.wikidata.org/entity/Q87557248,𒓓,𒓓,,
o0001790,http://www.wikidata.org/entity/Q87557251,𒓔,𒓔,,
o0000349,http://www.wikidata.org/entity/Q87557253,𒓕,𒓕,,
o0000322,http://www.wikidata.org/entity/Q87557256,𒓖,𒓖,,
o0000338,http://www.wikidata.org/entity/Q87557258,𒓗,𒓗,,
o0000350,http://www.wikidata.org/entity/Q87557259,𒓘,𒓘,,
o0000390,http://www.wikidata.org/entity/Q87557261,𒓙,𒓙,,
o0000551,http://www.wikidata.org/entity/Q87557263,𒓚,𒓚,,
o0002456,http://www.wikidata.org/entity/Q87557264,𒓛,𒓛,,
o0025789,http://www.wikidata.org/entity/Q87557266,𒓜,𒓜,,
o0000418,http://www.wikidata.org/entity/Q87557268,𒓝,𒓝,,
o0001886,http://www.wikidata.org/entity/Q87557270,𒓞,𒓞,,
o0000421,http://www.wikidata.org/entity/Q87557273,𒓟,𒓟,,
o0000314,http://www.wikidata.org/entity/Q87557274,𒓠,𒓠,,
o0000316,http://www.wikidata.org/entity/Q87557276,𒓡,𒓡,,
o0000323,http://www.wikidata.org/entity/Q87557278,𒓢,𒓢,,
o0000326,http://www.wikidata.org/entity/Q87557280,𒓣,𒓣,,
o0000327,http://www.wikidata.org/entity/Q87557284,𒓤,𒓤,,
o0000329,http://www.wikidata.org/entity/Q87557286,𒓥,𒓥,,
o0000330,http://www.wikidata.org/entity/Q87557289,𒓦,𒓦,,
o0000332,http://www.wikidata.org/entity/Q87557292,𒓧,𒓧,,
o0000342,http://www.wikidata.org/entity/Q87557293,𒓨,𒓨,,
o0000343,http://www.wikidata.org/entity/Q87557295,𒓩,𒓩,,
o0000355,http://www.wikidata.org/entity/Q87557297,𒓪,𒓪,,
o0000356,http://www.wikidata.org/entity/Q87557299,𒓫,𒓫,,
o0000357,http://www.wikidata.org/entity/Q87557302,𒓬,𒓬,,
o0000363,http://www.wikidata.org/entity/Q87557303,𒓭,𒓭,,
o0002477,http://www.wikidata.org/entity/Q87557305,𒓮,𒓮,,
o0000368,http://www.wikidata.org/entity/Q87557307,𒓯,𒓯,,
o0000373,http://www.wikidata.org/entity/Q87557309,𒓰,𒓰,,
o0002142,http://www.wikidata.org/entity/Q87557310,𒓱,𒓱,,
o0001857,http://www.wikidata.org/entity/Q87557312,𒓲,𒓲,,
o0001858,http://www.wikidata.org/entity/Q87557314,𒓳,𒓳,,
o0001854,http://www.wikidata.org/entity/Q87557317,𒓴,𒓴,,
o0001855,http://www.wikidata.org/entity/Q87557319,𒓵,𒓵,,
o0001856,http://www.wikidata.org/entity/Q87557322,𒓶,𒓶,,
o0002152,http://www.wikidata.org/entity/Q87557323,𒓷,𒓷,,
o0000377,http://www.wikidata.org/entity/Q87557325,𒓸,𒓸,,
o0000380,http://www.wikidata.org/entity/Q87557327,𒓹,𒓹,,
o0000382,http://www.wikidata.org/entity/Q87557329,𒓺,𒓺,,
o0000384,http://www.wikidata.org/entity/Q87557331,𒓻,𒓻,,
o0000385,http://www.wikidata.org/entity/Q87557332,𒓼,𒓼,,
o0000777,http://www.wikidata.org/entity/Q87557334,𒓽,𒓽,,
o0000387,http://www.wikidata.org/entity/Q87557336,𒓾,𒓾,,
o0000397,http://www.wikidata.org/entity/Q87557337,𒓿,𒓿,,
o0000402,http://www.wikidata.org/entity/Q87557339,𒔀,𒔀,,
o0000403,http://www.wikidata.org/entity/Q87557342,𒔁,𒔁,,
o0001865,http://www.wikidata.org/entity/Q87557344,𒔂,𒔂,,
o0001866,http://www.wikidata.org/entity/Q87557345,𒔃,𒔃,,
o0001105,http://www.wikidata.org/entity/Q87557347,𒔄,𒔄,,
o0001867,http://www.wikidata.org/entity/Q87557349,𒔅,𒔅,,
o0001868,http://www.wikidata.org/entity/Q87557350,𒔆,𒔆,,
o0001870,http://www.wikidata.org/entity/Q87557353,𒔇,𒔇,,
o0001871,http://www.wikidata.org/entity/Q87557355,𒔈,𒔈,,
o0001874,http://www.wikidata.org/entity/Q87557358,𒔉,𒔉,,
o0001872,http://www.wikidata.org/entity/Q87557359,𒔊,𒔊,,
o0001873,http://www.wikidata.org/entity/Q87557362,𒔋,𒔋,,
o0000405,http://www.wikidata.org/entity/Q87557365,𒔌,𒔌,,
o0002572,http://www.wikidata.org/entity/Q87557368,𒔍,𒔍,,
o0001877,http://www.wikidata.org/entity/Q87557370,𒔎,𒔎,,
o0001878,http://www.wikidata.org/entity/Q87557372,𒔏,𒔏,,
o0002566,http://www.wikidata.org/entity/Q87557373,𒔐,𒔐,,
o0001879,http://www.wikidata.org/entity/Q87557377,𒔑,𒔑,,
o0001882,http://www.wikidata.org/entity/Q87557379,𒔒,𒔒,,
o0001875,http://www.wikidata.org/entity/Q87557381,𒔓,𒔓,,
o0001876,http://www.wikidata.org/entity/Q87557383,𒔔,𒔔,,
o0001883,http://www.wikidata.org/entity/Q87557384,𒔕,𒔕,,
o0002578,http://www.wikidata.org/entity/Q87557386,𒔖,𒔖,,
o0000411,http://www.wikidata.org/entity/Q87557388,𒔗,𒔗,,
o0000415,http://www.wikidata.org/entity/Q87557390,𒔘,𒔘,,
o0001955,http://www.wikidata.org/entity/Q87557392,𒔙,𒔙,,
o0001968,http://www.wikidata.org/entity/Q87557394,𒔚,𒔚,,
o0001974,http://www.wikidata.org/entity/Q87557396,𒔛,𒔛,,
o0001983,http://www.wikidata.org/entity/Q87557398,𒔜,𒔜,,
o0001961,http://www.wikidata.org/entity/Q87557400,𒔝,𒔝,,
o0001984,http://www.wikidata.org/entity/Q87557402,𒔞,𒔞,,
o0002015,http://www.wikidata.org/entity/Q87557404,𒔟,𒔟,,
o0000628,http://www.wikidata.org/entity/Q87557406,𒔠,𒔠,,
o0000629,http://www.wikidata.org/entity/Q87557408,𒔡,𒔡,,
o0002098,http://www.wikidata.org/entity/Q87557410,𒔢,𒔢,,
o0002101,http://www.wikidata.org/entity/Q87557411,𒔣,𒔣,,
o0002103,http://www.wikidata.org/entity/Q87557413,𒔤,𒔤,,
o0002104,http://www.wikidata.org/entity/Q87557416,𒔥,𒔥,,
o0002105,http://www.wikidata.org/entity/Q87557418,𒔦,𒔦,,
o0002106,http://www.wikidata.org/entity/Q87557420,𒔧,𒔧,,
o0002107,http://www.wikidata.org/entity/Q87557423,𒔨,𒔨,,
o0002086,http://www.wikidata.org/entity/Q87557425,𒔩,𒔩,,
o0002113,http://www.wikidata.org/entity/Q87557427,𒔪,𒔪,,
o0002087,http://www.wikidata.org/entity/Q87557429,𒔫,𒔫,,
o0002112,http://www.wikidata.org/entity/Q87557432,𒔬,𒔬,,
o0002271,http://www.wikidata.org/entity/Q87557434,𒔭,𒔭,,
o0002276,http://www.wikidata.org/entity/Q87557436,𒔮,𒔮,,
o0001673,http://www.wikidata.org/entity/Q87557438,𒔯,𒔯,,
o0002286,http://www.wikidata.org/entity/Q87557441,𒔰,𒔰,,
o0002830,http://www.wikidata.org/entity/Q87557443,𒔱,𒔱,,
o0002709,http://www.wikidata.org/entity/Q87557446,𒔲,𒔲,,
o0000634,http://www.wikidata.org/entity/Q87557448,𒔳,𒔳,,
o0002724,http://www.wikidata.org/entity/Q87557451,𒔴,𒔴,,
o0002335,http://www.wikidata.org/entity/Q87557452,𒔵,𒔵,,
o0002815,http://www.wikidata.org/entity/Q87557455,𒔶,𒔶,,
o0002807,http://www.wikidata.org/entity/Q87557458,𒔷,𒔷,,
o0002365,http://www.wikidata.org/entity/Q87557460,𒔸,𒔸,,
o0002285,http://www.wikidata.org/entity/Q87557462,𒔹,𒔹,,
o0002429,http://www.wikidata.org/entity/Q87557463,𒔺,𒔺,,
o0002428,http://www.wikidata.org/entity/Q87557466,𒔻,𒔻,,
o0000587,http://www.wikidata.org/entity/Q87557468,𒔼,𒔼,,
o0002596,http://www.wikidata.org/entity/Q87557469,𒔽,𒔽,,
o0002556,http://www.wikidata.org/entity/Q87557471,𒔾,𒔾,,
o0002570,http://www.wikidata.org/entity/Q87557473,𒔿,𒔿,,
o0000583,http://www.wikidata.org/entity/Q87557476,𒕀,𒕀,,
o0000607,http://www.wikidata.org/entity/Q87557478,𒕁,𒕁,,
o0002673,http://www.wikidata.org/entity/Q87557481,𒕂,𒕂,,
o0002679,http://www.wikidata.org/entity/Q87557483,𒕃,𒕃,,